# Blender v2.79 (sub 0) OBJ File: 'darkcastle.blend'
# www.blender.org
mtllib darkcastle.mtl
o Ground
v 388.160034 -39.462769 -445.171265
v 388.160034 -39.462769 323.485229
v -380.496460 -39.462769 323.485168
v -380.496246 -39.462769 -445.171448
vt 0.000000 0.000000
vt 1.000000 0.000000
vt 1.000000 1.000000
vt 0.000000 1.000000
vn 0.0000 1.0000 0.0000
usemtl Ground
s off
f 1/1/1 4/2/1 3/3/1 2/4/1
o Castle_Catle
v -4.521651 -38.247280 49.958473
v 12.200859 -38.247280 49.958473
v -4.629870 -38.254292 50.125900
v 12.309076 -38.254292 50.125900
v -4.639801 -38.262691 50.324966
v 12.319008 -38.262691 50.324966
v -4.548780 -38.270218 50.502319
v 12.227987 -38.270218 50.502319
v -4.381196 -38.274864 50.610443
v 12.060404 -38.274864 50.610443
v -4.181956 -38.275383 50.620354
v 11.861162 -38.275383 50.620354
v -4.004445 -38.271637 50.529411
v 11.683651 -38.271637 50.529411
v -3.896224 -38.264622 50.361984
v 11.575430 -38.264622 50.361984
v -3.886293 -38.256226 50.162918
v 11.565500 -38.256226 50.162918
v -3.977315 -38.248699 49.985558
v 11.656523 -38.248699 49.985558
v -4.144897 -38.244049 49.877441
v 11.824104 -38.244049 49.877441
v -4.344138 -38.243534 49.867523
v 12.023344 -38.243534 49.867523
v -4.521651 -37.823933 49.958221
v 12.200859 -37.823933 49.958221
v -4.629870 -37.823933 50.125801
v 12.309076 -37.823933 50.125801
v -4.639801 -37.823933 50.325035
v 12.319008 -37.823933 50.325035
v -4.548780 -37.823933 50.502541
v 12.227987 -37.823933 50.502541
v -4.381196 -37.823933 50.610748
v 12.060404 -37.823933 50.610748
v -4.181956 -37.823933 50.620682
v 11.861162 -37.823933 50.620682
v -4.004445 -37.823933 50.529663
v 11.683651 -37.823933 50.529663
v -3.896224 -37.823933 50.362083
v 11.575430 -37.823933 50.362083
v -3.886293 -37.823933 50.162849
v 11.565500 -37.823933 50.162849
v -3.977315 -37.823933 49.985344
v 11.656523 -37.823933 49.985344
v -4.144897 -37.823933 49.877121
v 11.824104 -37.823933 49.877121
v -4.344138 -37.823933 49.867195
v 12.023344 -37.823933 49.867195
v -4.406457 -36.695431 50.197113
v 12.085665 -36.695431 50.197113
v -4.798254 -37.409298 50.069191
v 12.477461 -37.409298 50.069191
v -4.654846 -37.670593 50.116013
v 12.334053 -37.670593 50.116013
v -4.540090 -37.763226 50.153481
v 12.219297 -37.763226 50.153481
v -4.363831 -37.821453 50.131683
v 12.043037 -37.821453 50.131683
v -4.457744 -37.763226 50.027084
v 12.136951 -37.763226 50.027084
v -4.538391 -37.670593 49.937256
v 12.217598 -37.670593 49.937256
v -4.600273 -37.549877 49.868324
v 12.279480 -37.549877 49.868324
v -4.639173 -37.409298 49.824997
v 12.318380 -37.409298 49.824997
v -4.652442 -37.258442 49.810219
v 12.331650 -37.258442 49.810219
v -4.639173 -37.107582 49.824997
v 12.318380 -37.107582 49.824997
v -4.600273 -36.967007 49.868324
v 12.279480 -36.967007 49.868324
v -4.538390 -36.846287 49.937256
v 12.217596 -36.846287 49.937256
v -4.457744 -36.753658 50.027084
v 12.136951 -36.753658 50.027084
v -4.363831 -36.695431 50.131683
v 12.043037 -36.695431 50.131683
v -4.263048 -36.675568 50.243942
v 11.942255 -36.675568 50.243942
v -4.294200 -36.695431 50.096329
v 11.973408 -36.695431 50.096329
v -4.323230 -36.753658 49.958786
v 12.002438 -36.753658 49.958786
v -4.348159 -36.846287 49.840668
v 12.027367 -36.846287 49.840668
v -4.367285 -36.967007 49.750038
v 12.046494 -36.967007 49.750038
v -4.379311 -37.107582 49.693062
v 12.058517 -37.107582 49.693062
v -4.383413 -37.258442 49.673630
v 12.062620 -37.258442 49.673630
v -4.379311 -37.409298 49.693062
v 12.058517 -37.409298 49.693062
v -4.367285 -37.549877 49.750038
v 12.046494 -37.549877 49.750038
v -4.348159 -37.670593 49.840668
v 12.027367 -37.670593 49.840668
v -4.323230 -37.763226 49.958786
v 12.002438 -37.763226 49.958786
v -4.294200 -37.821453 50.096329
v 11.973408 -37.821453 50.096329
v -4.216223 -37.821453 50.100533
v 11.895430 -37.821453 50.100533
v -4.172590 -37.763226 49.966904
v 11.851797 -37.763226 49.966904
v -4.135120 -37.670593 49.852142
v 11.814327 -37.670593 49.852142
v -4.106370 -37.549877 49.764091
v 11.785578 -37.549877 49.764091
v -4.088296 -37.409298 49.708733
v 11.767504 -37.409298 49.708733
v -4.082132 -37.258442 49.689857
v 11.761339 -37.258442 49.689857
v -4.088296 -37.107582 49.708733
v 11.767504 -37.107582 49.708733
v -4.106370 -36.967007 49.764091
v 11.785578 -36.967007 49.764091
v -4.135120 -36.846287 49.852142
v 11.814327 -36.846287 49.852142
v -4.172590 -36.753658 49.966904
v 11.851797 -36.753658 49.966904
v -4.216223 -36.695431 50.100533
v 11.895430 -36.695431 50.100533
v -4.150793 -36.695431 50.143158
v 11.830000 -36.695431 50.143158
v -4.046188 -36.753658 50.049240
v 11.725395 -36.753658 50.049240
v -3.956362 -36.846287 49.968597
v 11.635569 -36.846287 49.968597
v -3.887436 -36.967007 49.906715
v 11.566643 -36.967007 49.906715
v -3.844106 -37.107582 49.867821
v 11.523314 -37.107582 49.867821
v -3.829328 -37.258442 49.854546
v 11.508534 -37.258442 49.854546
v -3.844106 -37.409298 49.867821
v 11.523314 -37.409298 49.867821
v -3.887436 -37.549877 49.906715
v 11.566643 -37.549877 49.906715
v -3.956362 -37.670593 49.968597
v 11.635569 -37.670593 49.968597
v -4.046188 -37.763226 50.049240
v 11.725395 -37.763226 50.049240
v -4.150793 -37.821453 50.143158
v 11.830000 -37.821453 50.143158
v -4.115441 -37.821453 50.212791
v 11.794649 -37.821453 50.212791
v -3.977894 -37.763226 50.183762
v 11.657101 -37.763226 50.183762
v -3.859777 -37.670593 50.158836
v 11.538984 -37.670593 50.158836
v -3.769145 -37.549877 50.139702
v 11.448352 -37.549877 50.139702
v -3.712172 -37.409298 50.127678
v 11.391378 -37.409298 50.127678
v -3.692738 -37.258442 50.123581
v 11.371944 -37.258442 50.123581
v -3.712172 -37.107582 50.127678
v 11.391378 -37.107582 50.127678
v -3.769145 -36.967007 50.139702
v 11.448352 -36.967007 50.139702
v -3.859778 -36.846287 50.158836
v 11.538984 -36.846287 50.158836
v -3.977894 -36.753658 50.183762
v 11.657101 -36.753658 50.183762
v -4.115441 -36.695431 50.212791
v 11.794649 -36.695431 50.212791
v -4.119641 -36.695431 50.290764
v 11.798848 -36.695431 50.290764
v -3.986006 -36.753658 50.334396
v 11.665213 -36.753658 50.334396
v -3.871251 -36.846287 50.371872
v 11.550457 -36.846287 50.371872
v -3.783196 -36.967007 50.400627
v 11.462402 -36.967007 50.400627
v -3.727844 -37.107582 50.418694
v 11.407051 -37.107582 50.418694
v -3.708962 -37.258442 50.424858
v 11.388169 -37.258442 50.424858
v -3.727844 -37.409298 50.418694
v 11.407051 -37.409298 50.418694
v -3.783196 -37.549877 50.400627
v 11.462402 -37.549877 50.400627
v -3.871251 -37.670593 50.371872
v 11.550457 -37.670593 50.371872
v -3.986006 -37.763226 50.334396
v 11.665213 -37.763226 50.334396
v -4.119641 -37.821453 50.290764
v 11.798848 -37.821453 50.290764
v -4.162266 -37.821453 50.356194
v 11.841473 -37.821453 50.356194
v -4.068352 -37.763226 50.460800
v 11.747559 -37.763226 50.460800
v -3.987706 -37.670593 50.550629
v 11.666912 -37.670593 50.550629
v -3.925825 -37.549877 50.619553
v 11.605032 -37.549877 50.619553
v -3.886923 -37.409298 50.662888
v 11.566130 -37.409298 50.662888
v -3.873654 -37.258442 50.677658
v 11.552860 -37.258442 50.677658
v -3.886923 -37.107582 50.662888
v 11.566130 -37.107582 50.662888
v -3.925825 -36.967007 50.619553
v 11.605032 -36.967007 50.619553
v -3.987706 -36.846287 50.550629
v 11.666912 -36.846287 50.550629
v -4.068352 -36.753658 50.460800
v 11.747559 -36.753658 50.460800
v -4.162266 -36.695431 50.356194
v 11.841473 -36.695431 50.356194
v -4.231895 -36.695431 50.391548
v 11.911102 -36.695431 50.391548
v -4.202867 -36.753658 50.529099
v 11.882074 -36.753658 50.529099
v -4.177939 -36.846287 50.647209
v 11.857145 -36.846287 50.647209
v -4.158811 -36.967007 50.737846
v 11.838018 -36.967007 50.737846
v -4.146786 -37.107582 50.794823
v 11.825993 -37.107582 50.794823
v -4.142684 -37.258442 50.814255
v 11.821892 -37.258442 50.814255
v -4.146786 -37.409298 50.794823
v 11.825993 -37.409298 50.794823
v -4.158811 -37.549877 50.737846
v 11.838018 -37.549877 50.737846
v -4.177939 -37.670593 50.647209
v 11.857145 -37.670593 50.647209
v -4.202867 -37.763226 50.529099
v 11.882074 -37.763226 50.529099
v -4.231895 -37.821453 50.391548
v 11.911102 -37.821453 50.391548
v -4.309872 -37.821453 50.387344
v 11.989079 -37.821453 50.387344
v -4.353506 -37.763226 50.520981
v 12.032713 -37.763226 50.520981
v -4.390975 -37.670593 50.635742
v 12.070183 -37.670593 50.635742
v -4.419726 -37.549877 50.723793
v 12.098932 -37.549877 50.723793
v -4.437801 -37.409298 50.779144
v 12.117008 -37.409298 50.779144
v -4.443964 -37.258442 50.798027
v 12.123171 -37.258442 50.798027
v -4.437801 -37.107582 50.779144
v 12.117008 -37.107582 50.779144
v -4.419726 -36.967007 50.723793
v 12.098932 -36.967007 50.723793
v -4.390975 -36.846287 50.635742
v 12.070183 -36.846287 50.635742
v -4.353506 -36.753658 50.520981
v 12.032713 -36.753658 50.520981
v -4.309872 -36.695431 50.387344
v 11.989079 -36.695431 50.387344
v -4.375303 -36.695431 50.344727
v 12.054510 -36.695431 50.344727
v -4.479909 -36.753658 50.438637
v 12.159117 -36.753658 50.438637
v -4.569736 -36.846287 50.519287
v 12.248943 -36.846287 50.519287
v -4.638661 -36.967007 50.581161
v 12.317869 -36.967007 50.581161
v -4.681991 -37.107582 50.620064
v 12.361198 -37.107582 50.620064
v -4.696769 -37.258442 50.633339
v 12.375977 -37.258442 50.633339
v -4.681991 -37.409298 50.620064
v 12.361198 -37.409298 50.620064
v -4.638661 -37.549877 50.581161
v 12.317869 -37.549877 50.581161
v -4.569736 -37.670593 50.519287
v 12.248943 -37.670593 50.519287
v -4.479909 -37.763226 50.438637
v 12.159117 -37.763226 50.438637
v -4.375303 -37.821453 50.344727
v 12.054510 -37.821453 50.344727
v -4.410655 -37.821453 50.275093
v 12.089863 -37.821453 50.275093
v -4.548202 -37.763226 50.304123
v 12.227409 -37.763226 50.304123
v -4.666319 -37.670593 50.329048
v 12.345526 -37.670593 50.329048
v -4.756952 -37.549877 50.348175
v 12.436159 -37.549877 50.348175
v -4.813925 -37.409298 50.360207
v 12.493132 -37.409298 50.360207
v -4.833359 -37.258442 50.364304
v 12.512566 -37.258442 50.364304
v -4.813925 -37.107582 50.360207
v 12.493132 -37.107582 50.360207
v -4.756952 -36.967007 50.348175
v 12.436159 -36.967007 50.348175
v -4.666317 -36.846287 50.329048
v 12.345524 -36.846287 50.329048
v -4.548202 -36.753658 50.304123
v 12.227409 -36.753658 50.304123
v -4.410655 -36.695431 50.275093
v 12.089863 -36.695431 50.275093
v -4.540090 -36.753658 50.153481
v 12.219297 -36.753658 50.153481
v -4.654846 -36.846287 50.116013
v 12.334053 -36.846287 50.116013
v -4.742901 -36.967007 50.087265
v 12.422108 -36.967007 50.087265
v -4.798254 -37.107582 50.069191
v 12.477461 -37.107582 50.069191
v -4.817132 -37.258442 50.063019
v 12.496340 -37.258442 50.063019
v -4.742901 -37.549877 50.087265
v 12.422108 -37.549877 50.087265
v -4.406457 -37.821453 50.197113
v 12.085665 -37.821453 50.197113
v -4.366488 -37.823933 50.129654
v 12.045694 -37.823933 50.129654
v -4.409776 -37.823933 50.196678
v 12.088984 -37.823933 50.196678
v -4.413748 -37.823933 50.276375
v 12.092955 -37.823933 50.276375
v -4.377340 -37.823933 50.347374
v 12.056547 -37.823933 50.347374
v -4.310307 -37.823933 50.390671
v 11.989513 -37.823933 50.390671
v -4.230610 -37.823933 50.394638
v 11.909817 -37.823933 50.394638
v -4.159606 -37.823933 50.358231
v 11.838812 -37.823933 50.358231
v -4.116318 -37.823933 50.291191
v 11.795525 -37.823933 50.291191
v -4.112346 -37.823933 50.211510
v 11.791553 -37.823933 50.211510
v -4.148755 -37.823933 50.140495
v 11.827962 -37.823933 50.140495
v -4.215786 -37.823933 50.097214
v 11.894995 -37.823933 50.097214
v -4.295482 -37.823933 50.093239
v 11.974689 -37.823933 50.093239
v -0.467899 -34.883598 27.831924
v 8.147106 -34.883598 27.831924
v -0.528801 -22.422924 27.831924
v 8.208008 -22.422924 27.831924
v -5.504029 -34.109898 27.831924
v 13.183235 -34.109898 27.831924
v -0.467899 -34.092064 27.831924
v 8.147106 -34.092064 27.831924
v -5.504029 -39.506680 27.831924
v 13.183235 -39.506680 27.831924
v -0.448135 -34.883598 27.348991
v 8.127342 -34.883598 27.348991
v -7.918696 -34.109898 30.446793
v 15.597904 -34.109898 30.446793
v -7.918696 -22.479969 30.446793
v 15.597904 -22.479969 30.446793
v -7.918696 -39.506680 30.446793
v 15.597904 -39.506680 30.446793
v -7.918696 -20.684151 30.446793
v 15.597904 -20.684151 30.446793
v 3.839603 -5.915270 27.831924
v -7.918696 -5.915270 30.446793
v 15.597904 -5.915270 30.446793
v 3.839603 4.144458 27.719887
v -7.504175 4.144458 30.446793
v 15.183382 4.144458 30.446793
v 3.839603 10.956032 27.719887
v -7.171287 10.956032 30.446793
v 14.850494 10.956032 30.446793
v 3.839603 17.311443 27.719887
v -4.883930 17.311443 30.446793
v 12.563137 17.311443 30.446793
v 3.839603 21.512964 27.719887
v -2.118701 21.512964 30.446793
v 9.797908 21.512964 30.446793
v 1.409537 24.875441 30.446793
v 6.269670 24.875441 30.446793
v 3.839603 26.261053 30.446793
v -10.349068 -34.109898 30.446793
v 18.028275 -34.109898 30.446793
v -10.349068 -24.837593 30.446793
v 18.028275 -24.837593 30.446793
v -10.349068 -39.506680 30.446793
v 18.028275 -39.506680 30.446793
v -10.349068 -22.664391 30.446793
v 18.028275 -22.664391 30.446793
v -10.349068 -5.915270 30.446793
v 18.028275 -5.915270 30.446793
v -10.349068 4.144458 30.446793
v 18.028275 4.144458 30.446793
v -10.349068 10.956032 30.446793
v 18.028275 10.956032 30.446793
v -10.349068 17.311443 30.446793
v 18.028275 17.311443 30.446793
v -10.349068 21.512964 30.446793
v 18.028275 21.512964 30.446793
v -1.509088 -16.556385 27.831924
v 9.188295 -16.556385 27.831924
v 0.513043 29.808392 30.446793
v 7.166163 29.808392 30.446793
v 3.839603 29.808392 30.446793
v 0.513043 38.863396 30.446793
v 7.166163 38.863396 30.446793
v -7.689694 38.863396 30.446793
v 15.368900 38.863396 30.446793
v 3.839603 38.863396 30.446793
v -4.645196 38.863396 30.446793
v 12.324404 38.863396 30.446793
v -10.359509 38.863396 30.446793
v 18.038715 38.863396 30.446793
v -2.865930 28.149746 30.446800
v 10.545137 28.149746 30.446800
v -10.353594 28.958527 30.446793
v 18.032801 28.958527 30.446793
v -6.067832 29.894203 30.446800
v 13.747038 29.894203 30.446800
v 0.513043 43.692734 30.446793
v 7.166163 43.692734 30.446793
v 3.839603 43.692734 30.446793
v -7.689694 43.692734 30.446793
v 15.368900 43.692734 30.446793
v -4.645196 43.692734 30.446793
v 12.324404 43.692734 30.446793
v -10.359509 43.692734 30.446793
v 18.038715 43.692734 30.446793
v -36.079983 4.148452 35.586502
v -36.849476 4.148452 33.049866
v -36.849476 4.148452 27.773720
v -36.079983 4.148452 25.237076
v -33.148777 4.148452 20.850143
v -28.761862 4.148452 17.918999
v -26.225197 4.148452 17.149467
v -23.587166 4.148452 16.889648
v -20.949116 4.148452 17.149467
v -18.412457 4.148452 17.918999
v -16.074659 4.148452 19.168541
v -11.094334 4.148452 35.586502
v -14.025581 4.148452 39.973358
v -16.074678 4.148445 41.655045
v -18.412476 4.148445 42.904671
v -31.099699 4.148445 41.655045
v -33.531239 4.148452 40.355827
v -35.280148 4.148452 38.224739
v -36.579697 4.148452 35.793488
v -37.379967 4.148452 33.155388
v -37.650196 4.148452 30.411789
v -37.379967 4.148452 27.668190
v -36.579697 4.148452 25.030090
v -35.280148 4.148452 22.598763
v -33.531239 4.148452 20.467674
v -31.400160 4.148452 18.718811
v -28.968847 4.148452 17.419289
v -26.330719 4.148452 16.618973
v -23.587166 4.148452 16.348763
v -20.843594 4.148452 16.618973
v -18.205467 4.148452 17.419289
v -15.774157 4.148452 18.718811
v -13.643095 4.148452 20.467674
v -11.894163 4.148452 22.598763
v -10.594618 4.148452 25.030090
v -9.794346 4.148452 27.668190
v -9.524141 4.148452 30.411789
v -9.794346 4.148452 33.155388
v -10.594618 4.148452 35.793488
v -11.894207 4.148452 38.224823
v -13.643118 4.148452 40.355827
v -15.774179 4.148445 42.104774
v -18.205486 4.148445 43.404381
v -20.843615 4.148445 44.204613
v -23.587189 4.148445 44.474823
v -26.330740 4.148445 44.204613
v -28.968866 4.148445 43.404297
v -31.400202 4.148445 42.104774
v -35.280148 5.355786 38.224739
v -36.579697 5.355786 35.793488
v -37.379967 5.355786 27.668190
v -36.579697 5.355786 25.030090
v -35.280148 5.355786 22.598763
v -33.531239 5.355786 20.467674
v -31.400160 5.355786 18.718811
v -28.968847 5.355786 17.419289
v -26.330719 5.355786 16.618973
v -23.587166 5.355786 16.348763
v -20.843594 5.355786 16.618973
v -18.205467 5.355786 17.419289
v -15.774157 5.355786 18.718811
v -13.643095 5.355786 20.467674
v -11.894163 5.355786 22.598763
v -10.594618 5.355786 25.030090
v -9.794346 5.355786 27.668190
v -9.524141 5.355786 30.411789
v -9.794346 5.355786 33.155388
v -10.594618 5.355786 35.793488
v -15.774179 5.355779 42.104774
v -18.205486 5.355779 43.404381
v -26.330740 5.355779 44.204613
v -28.968866 5.355779 43.404297
v -36.104691 5.355786 35.596733
v -20.943899 5.355786 17.123238
v -16.059801 5.355786 19.146309
v -18.402243 5.355779 42.929367
v -31.114557 5.355779 41.677277
v -10.324841 4.148452 27.773720
v -12.343897 4.148452 22.899261
v -34.830418 4.148452 37.924240
v -28.772108 5.355779 42.929291
v -10.298613 5.355786 33.055077
v -11.069628 5.355786 25.226845
v -12.321659 5.355786 22.884407
v -23.587166 5.355786 16.862907
v -34.852650 5.355786 22.884407
v -33.167683 5.355786 39.992271
v -36.875706 5.355786 27.768501
v -33.167683 5.355786 20.831238
v -26.230415 5.355786 17.123238
v -10.298613 5.355786 27.768501
v -10.038286 5.355786 30.411789
v -11.069628 5.355786 35.596733
v -12.321703 5.355786 37.939178
v -14.006672 5.355786 39.992271
v -23.587189 5.355779 43.960670
v -34.854950 24.069462 37.940628
v -33.169636 24.069462 39.994225
v -36.107243 24.069462 35.597794
v -36.878414 24.069462 33.055618
v -37.138809 24.069462 30.411789
v -36.878414 24.069462 27.767960
v -36.107243 24.069462 25.225784
v -34.854950 24.069462 22.882874
v -33.169636 24.069462 20.829285
v -31.116049 24.069462 19.144012
v -28.773149 24.069462 17.891739
v -26.230955 24.069462 17.120529
v -23.587166 24.069462 16.860146
v -20.943359 24.069462 17.120529
v -18.401163 24.069462 17.891739
v -16.058268 24.069462 19.144012
v -14.004696 24.069462 20.829285
v -12.319361 24.069462 22.882874
v -11.067076 24.069462 25.225784
v -10.295902 24.069462 27.767960
v -10.035522 24.069462 30.411789
v -10.295902 24.069462 33.055618
v -11.067076 24.069462 35.597794
v -12.319407 24.069462 37.940712
v -14.030704 24.069462 39.965851
v -16.058289 24.069454 41.679573
v -18.401184 24.069454 42.931923
v -20.943380 24.069454 43.703056
v -23.587189 24.069454 43.963432
v -26.230974 24.069454 43.703056
v -28.773165 24.069454 42.931847
v -31.116095 24.069454 41.679573
v -26.230436 5.355779 43.700348
v -20.943920 5.355779 43.700348
v -16.059824 5.355779 41.677277
v -14.006649 5.355786 20.831238
v -18.402220 5.355786 17.894295
v -28.772093 5.355786 17.894295
v -31.114511 5.355786 19.146309
v -36.104691 5.355786 25.226845
v -37.136047 5.355786 30.411789
v -36.875706 5.355786 33.055077
v -34.852650 5.355786 37.939095
v -33.148777 4.148452 39.973358
v -37.109310 4.148452 30.411789
v -11.094334 4.148452 25.237076
v -10.065029 4.148452 30.411789
v -12.343937 4.148452 37.924316
v -33.148777 -39.513878 39.973351
v -34.830418 -39.513878 37.924240
v -36.079983 -39.513878 35.586502
v -36.849476 -39.513878 33.049782
v -37.109310 -39.513878 30.411697
v -36.849476 -39.513878 27.773720
v -36.079983 -39.513878 25.237000
v -34.830399 -39.513878 22.899261
v -33.148735 -39.513878 20.850143
v -31.099657 -39.513878 19.168541
v -28.761862 -39.513878 17.918999
v -26.225218 -39.513878 17.149467
v -23.587166 -39.513878 16.889648
v -20.949137 -39.513878 17.149467
v -18.412498 -39.513878 17.918915
v -16.074678 -39.513878 19.168541
v -14.025581 -39.513878 20.850143
v -12.343937 -39.513878 22.899261
v -11.094353 -39.513878 25.237000
v -10.324841 -39.513878 27.773636
v -10.065029 -39.513878 30.411697
v -10.324841 -39.513878 33.049782
v -11.094313 -39.513878 35.586418
v -12.343876 -39.513878 37.924240
v -14.025496 -39.513878 39.973351
v -16.074617 -39.513878 41.654953
v -18.412395 -39.513878 42.904579
v -20.949034 -39.513878 43.674118
v -23.587063 -39.513878 43.933929
v -26.225115 -39.513878 43.674118
v -28.761759 -39.513878 42.904663
v -31.099554 -39.513878 41.655113
v -28.761877 4.148445 42.904587
v -26.225218 4.148445 43.674118
v -23.587189 4.148445 43.933929
v -20.949137 4.148445 43.674118
v -10.324841 4.148452 33.049866
v -14.025558 4.148452 20.850143
v -31.099657 4.148452 19.168541
v -34.830418 4.148452 22.899261
v -32.673061 26.382818 44.010086
v -29.845598 26.382818 45.521355
v -26.777649 26.382818 46.451973
v -23.587046 26.382818 46.766197
v -20.396471 26.382818 46.451973
v -17.328522 26.382818 45.521255
v -14.501089 26.382818 44.009888
v -12.022770 26.382818 41.976074
v -9.988930 26.382818 39.497749
v -8.477638 26.382818 36.670273
v -7.546998 26.382818 33.602325
v -7.232766 26.382818 30.411697
v -7.546998 26.382818 27.221069
v -8.477690 26.382818 24.153122
v -9.989002 26.382818 21.325737
v -12.022873 26.382818 18.847427
v -14.501162 26.382818 16.813599
v -17.328648 26.382818 15.302238
v -20.396597 26.382818 14.371628
v -23.587170 26.382818 14.057388
v -26.777771 26.382818 14.371628
v -29.845724 26.382818 15.302338
v -32.673180 26.382818 16.813599
v -35.151447 26.382818 18.847427
v -37.185345 26.382818 21.325737
v -38.696655 26.382818 24.153122
v -39.627323 26.382818 27.221169
v -39.941582 26.382818 30.411697
v -39.627323 26.382818 33.602325
v -38.696655 26.382818 36.670372
v -37.185368 26.382818 39.497749
v -35.151501 26.382818 41.976074
v -29.845598 36.041489 45.521355
v -23.587046 36.041489 46.766197
v -12.022770 36.041489 41.976074
v -9.988930 36.041489 39.497749
v -7.546998 36.041489 33.602325
v -7.232766 36.041489 30.411697
v -7.546998 36.041489 27.221069
v -8.477690 36.041489 24.153122
v -20.396597 36.041489 14.371628
v -23.587170 36.041489 14.057388
v -26.777771 36.041489 14.371628
v -32.673180 36.041489 16.813599
v -35.151447 36.041489 18.847427
v -39.627323 36.041489 27.221169
v -39.941582 36.041489 30.411697
v -34.854950 26.400024 37.940628
v -36.107243 26.400024 35.597794
v -12.319407 26.400024 37.940712
v -14.030704 26.400024 39.965851
v -16.058289 26.400017 41.679573
v -18.401184 26.400017 42.931923
v -20.943380 26.400017 43.703056
v -23.587189 26.400017 43.963432
v -26.230974 26.400017 43.703056
v -28.773165 26.400017 42.931847
v -33.169636 26.400024 39.994225
v -31.116095 26.400017 41.679573
v -36.878414 26.380217 33.055618
v -37.138809 26.385677 30.411789
v -36.878414 26.391144 27.767960
v -36.107243 26.391144 25.225784
v -34.854950 26.391144 22.882874
v -33.169636 26.391144 20.829285
v -31.116049 26.391144 19.144012
v -28.773149 26.391144 17.891739
v -26.230955 26.391144 17.120529
v -23.587166 26.391144 16.860146
v -20.943359 26.391144 17.120529
v -18.401163 26.391144 17.891739
v -16.058268 26.391144 19.144012
v -14.004696 26.391144 20.829285
v -12.319361 26.391144 22.882874
v -11.067076 26.391144 25.225784
v -10.295902 26.391144 27.767960
v -10.035522 26.391144 30.411789
v -10.295902 26.391144 33.055618
v -11.067076 26.391144 35.597794
v -31.400202 5.355779 42.104774
v -33.531239 5.355786 40.355827
v -33.507587 24.069386 40.405998
v -31.454042 24.069378 42.091354
v -20.843615 5.355779 44.204613
v -23.587189 5.355779 44.474823
v -23.534977 24.069378 44.493576
v -20.891169 24.069378 44.233192
v -11.894207 5.355786 38.224823
v -13.643118 5.355786 40.355827
v -13.621361 24.069927 40.306740
v -11.910063 24.069927 38.281601
v -37.379967 5.355786 33.155388
v -37.650196 5.355786 30.411789
v -37.668945 24.069386 30.464005
v -37.408546 24.069386 33.107834
v -10.359509 43.692734 27.778954
v 18.038715 43.692734 27.778954
v -4.645196 43.692734 27.725266
v 12.324404 43.692734 27.725266
v -7.689694 43.692734 27.725266
v 15.368900 43.692734 27.725266
v 3.839603 43.692734 27.725266
v 0.513043 43.692734 27.725266
v 7.166163 43.692734 27.725266
v -6.067832 29.894203 27.725266
v 13.747038 29.894203 27.725266
v -10.353594 28.958527 27.778954
v 18.032801 28.958527 27.778954
v -2.865930 28.149746 27.725266
v 10.545137 28.149746 27.725266
v -10.359509 38.863396 27.778954
v 18.038715 38.863396 27.778954
v -4.645196 38.863396 27.725266
v 12.324404 38.863396 27.725266
v 3.839603 38.863396 27.725266
v -7.689694 38.863396 27.725266
v 15.368900 38.863396 27.725266
v 0.513043 38.863396 27.725266
v 7.166163 38.863396 27.725266
v 3.839603 29.808392 27.725266
v 0.513043 29.808392 27.725266
v 7.166163 29.808392 27.725266
v -10.349068 21.512964 27.778954
v 18.028275 21.512964 27.778954
v -10.349068 17.311443 27.778954
v 18.028275 17.311443 27.778954
v -10.349068 10.956032 27.778954
v 18.028275 10.956032 27.778954
v -10.349068 4.194962 27.778954
v 18.028275 4.194962 27.778954
v -10.349068 -5.915270 27.778954
v 18.028275 -5.915270 27.778954
v -10.349068 -21.367054 27.778954
v 18.028275 -21.367054 27.778954
v -10.349068 -24.837593 27.778954
v 18.028275 -24.837593 27.778954
v -10.349068 -34.109898 27.778954
v 18.028275 -34.109898 27.778954
v 3.839603 26.261053 27.722572
v 1.409537 24.875441 27.743576
v 6.269670 24.875441 27.743576
v -2.118701 21.512964 27.743576
v 9.797909 21.512964 27.743576
v -4.883930 17.311447 27.743576
v 12.563137 17.311447 27.743576
v -7.171287 10.956032 27.743576
v 14.850494 10.956032 27.743576
v -7.504175 4.144458 27.743576
v 15.183382 4.144458 27.743576
v -7.918697 -5.915270 27.743576
v 15.597904 -5.915270 27.743576
v -7.918696 -18.988739 27.761902
v 15.597904 -18.988739 27.761902
v -7.918696 -39.506680 27.831924
v 15.597904 -39.506680 27.831924
v -7.918696 -21.858330 27.761902
v 15.597904 -21.858330 27.761902
v -7.918696 -34.109898 27.831924
v 15.597904 -34.109898 27.831924
v -5.504029 -34.883598 27.831924
v 13.183235 -34.883598 27.831924
v -5.504029 -34.883598 27.341125
v 13.183235 -34.883598 27.341125
v -7.918696 -34.883598 27.831924
v 15.597902 -34.883598 27.831924
v -10.349066 -34.883598 27.778954
v 18.028275 -34.883598 27.778954
v -10.349066 -34.883598 27.350006
v 18.028275 -34.883598 27.350006
v -7.918696 -34.883598 27.343033
v 15.597902 -34.883598 27.343033
v -0.498601 -26.446495 27.831924
v 8.177808 -26.446495 27.831924
v 3.839603 -16.493004 25.675110
v -0.462597 -17.470581 25.661209
v 8.141804 -17.470581 25.661209
v -3.921759 -35.126274 25.700806
v 11.600965 -35.126274 25.700806
v -3.921518 -26.455315 25.700554
v 11.600725 -26.455315 25.700554
v -3.837441 -21.177841 25.670303
v 11.516648 -21.177841 25.670303
v 3.839603 -16.478092 29.985603
v -0.494704 -17.472904 29.998734
v 8.173911 -17.472904 29.998734
v -3.921759 -35.148079 29.964859
v 11.600965 -35.148079 29.964859
v -3.921317 -26.458447 29.965309
v 11.600524 -26.458447 29.965309
v -3.840744 -21.179890 29.992249
v 11.519951 -21.179890 29.992249
v 3.839603 -19.413563 29.905815
v 1.738816 -19.863628 29.911125
v 5.940392 -19.863628 29.911125
v -0.390826 -35.126274 29.877892
v 8.070033 -35.126274 29.877892
v -0.390771 -26.327026 29.877869
v 8.069979 -26.327026 29.877869
v -0.496656 -22.020111 29.915070
v 8.175863 -22.020111 29.915070
v 3.839603 -19.413105 25.759415
v 1.738549 -19.863216 25.754105
v 5.940658 -19.863216 25.754105
v -0.390826 -35.126274 25.787766
v 8.070033 -35.126274 25.787766
v -0.390852 -26.326939 25.787735
v 8.070059 -26.326939 25.787735
v -0.496883 -22.019814 25.750359
v 8.176090 -22.019814 25.750359
v 1.987670 -20.142227 27.832832
v 5.691537 -20.142227 27.832832
v 0.018747 -26.332924 27.832832
v 7.660460 -26.332924 27.832832
v 0.018653 -35.126274 27.832832
v 7.660554 -35.126274 27.832832
v 3.839603 -19.748352 27.832832
v -0.081336 -22.136921 27.832832
v 7.760543 -22.136921 27.832832
v -7.437597 5.361453 30.446793
v 15.116804 5.361453 30.446793
v -10.349068 5.361453 30.446793
v 18.028275 5.361453 30.446793
v -7.337731 5.339718 27.743576
v 15.016937 5.339718 27.743576
v 3.839603 5.339718 27.719887
v 3.839603 5.282085 28.928314
v -6.740749 5.282085 28.952019
v 14.419956 5.282085 28.952019
v -9.752087 5.303821 31.655235
v 17.431293 5.303821 31.655235
v -6.840616 5.303821 31.655235
v 14.519823 5.303821 31.655235
v -6.907193 4.086825 28.952019
v 14.586401 4.086825 28.952019
v -9.752087 4.086825 31.655235
v 17.431293 4.086825 31.655235
v -6.907193 4.086825 31.655235
v 14.586401 4.086825 31.655235
v 3.839603 4.086825 28.928314
v -36.269520 5.350507 30.427338
v 43.948727 5.350507 30.427338
v -36.269520 -39.566441 27.759499
v 43.948727 -39.566441 27.759499
v -36.269520 -21.377998 27.759499
v 43.948727 -21.377998 27.759499
v -36.269520 -5.926216 27.759499
v 43.948727 -5.926216 27.759499
v -36.269520 4.184015 27.759499
v 43.948727 4.184015 27.759499
v -36.269520 10.945086 27.759499
v 43.948727 10.945086 27.759499
v -36.269520 17.300497 27.759499
v 43.948727 17.300497 27.759499
v -36.269520 21.502018 27.759499
v 43.948727 21.502018 27.759499
v -36.274044 28.947584 27.759499
v 43.953251 28.947584 27.759499
v -36.279961 43.681789 27.759499
v 43.959164 43.681789 27.759499
v -36.279961 43.681789 30.427338
v 43.959164 43.681789 30.427338
v -36.274044 28.947584 30.427338
v 43.953251 28.947584 30.427338
v -36.269520 21.502018 30.427338
v 43.948727 21.502018 30.427338
v -36.269520 17.300497 30.427338
v 43.948727 17.300497 30.427338
v -36.269520 10.945086 30.427338
v 43.948727 10.945086 30.427338
v -36.269520 4.133512 30.427338
v 43.948727 4.133512 30.427338
v -36.269520 -5.926216 30.427338
v 43.948727 -5.926216 30.427338
v -36.269520 -22.675339 30.427338
v 43.948727 -22.675339 30.427338
v -36.269520 -39.566441 30.427338
v 43.948727 -39.566441 30.427338
v -90.599556 5.350507 30.427338
v 98.278748 5.350507 30.427338
v -90.599556 10.945086 30.427338
v 98.278748 10.945086 30.427338
v -90.599556 4.133512 30.427338
v 98.278748 4.133512 30.427338
v -90.599556 -21.377998 27.759499
v 98.278748 -21.377998 27.759499
v -90.599556 -5.926216 27.759499
v 98.278748 -5.926216 27.759499
v -90.599556 4.184015 27.759499
v 98.278748 4.184015 27.759499
v -90.599556 10.945086 27.759499
v 98.278748 10.945086 27.759499
v -90.599556 17.300497 27.759499
v 98.278748 17.300497 27.759499
v -90.599556 21.502018 27.759499
v 98.278748 21.502018 27.759499
v -90.599556 -39.566441 27.759499
v 98.278748 -39.566441 27.759499
v -90.604080 28.947584 27.759499
v 98.283272 28.947584 27.759499
v -90.604080 28.947584 30.427338
v 98.283272 28.947584 30.427338
v -90.599556 21.502018 30.427338
v 98.278748 21.502018 30.427338
v -90.599556 -22.675339 30.427338
v 98.278748 -22.675339 30.427338
v -90.599556 -39.566441 30.427338
v 98.278748 -39.566441 30.427338
v -90.599556 17.300497 30.427338
v 98.278748 17.300497 30.427338
v -90.599556 -5.926216 30.427338
v 98.278748 -5.926216 30.427338
v -42.316628 43.681789 27.759499
v 49.995834 43.681789 27.759499
v -42.316628 43.681789 30.427338
v 49.995834 43.681789 30.427338
v -54.389969 43.681789 30.427338
v 62.069176 43.681789 30.427338
v -54.389969 43.681789 27.759499
v 62.069176 43.681789 27.759499
v -48.353298 43.681789 30.427338
v 56.032505 43.681789 30.427338
v -48.353298 43.681789 27.759499
v 56.032505 43.681789 27.759499
v -60.426640 43.681789 27.759499
v 68.105843 43.681789 27.759499
v -60.426640 43.681789 30.427338
v 68.105843 43.681789 30.427338
v -66.463318 43.681789 27.759499
v 74.142517 43.681789 27.759499
v -66.463318 43.681789 30.427338
v 74.142517 43.681789 30.427338
v -78.536652 43.681789 30.427338
v 86.215851 43.681789 30.427338
v -78.536652 43.681789 27.759499
v 86.215851 43.681789 27.759499
v -72.499985 43.681789 30.427338
v 80.179184 43.681789 30.427338
v -72.499985 43.681789 27.759499
v 80.179184 43.681789 27.759499
v 118.726746 5.355786 30.411789
v 118.456520 5.355786 33.155388
v 94.719666 5.355786 40.355827
v 92.970757 5.355786 38.224823
v 104.663734 5.355779 44.474823
v 101.920166 5.355779 44.204613
v 114.607796 5.355786 40.355827
v 112.476753 5.355779 42.104774
v 92.143623 44.501152 35.597794
v 91.372452 44.501152 33.055618
v 91.112076 44.501152 30.411789
v 91.372452 44.501152 27.767960
v 92.143623 44.501152 25.225784
v 93.395920 44.501152 22.882874
v 97.134819 44.501152 19.144012
v 99.477715 44.501152 17.891739
v 102.019913 44.501152 17.120529
v 104.663719 44.501152 16.860146
v 107.307510 44.501152 17.120529
v 109.849701 44.501152 17.891739
v 112.192596 44.501152 19.144012
v 114.246185 44.501152 20.829285
v 115.931503 44.501152 22.882874
v 117.183792 44.501152 25.225784
v 117.954964 44.501152 27.767960
v 118.215363 44.495686 30.411789
v 117.954964 44.490227 33.055618
v 112.192642 44.510025 41.679573
v 114.246185 44.510033 39.994225
v 109.849716 44.510025 42.931847
v 107.307526 44.510025 43.703056
v 104.663734 44.510025 43.963432
v 102.019928 44.510025 43.703056
v 99.477737 44.510025 42.931923
v 97.134842 44.510025 41.679573
v 95.107262 44.510033 39.965851
v 93.395958 44.510033 37.940712
v 117.183792 44.510033 35.597794
v 115.931503 44.510033 37.940628
v 118.261917 54.151501 39.497749
v 119.773209 54.151501 36.670372
v 120.703873 54.151501 33.602325
v 121.018135 54.151501 30.411697
v 120.703873 54.151501 27.221169
v 119.773209 54.151501 24.153122
v 118.261894 54.151501 21.325737
v 116.227997 54.151501 18.847427
v 113.749733 54.151501 16.813599
v 110.922272 54.151501 15.302338
v 107.854324 54.151501 14.371628
v 104.663727 54.151501 14.057388
v 101.473145 54.151501 14.371628
v 98.405205 54.151501 15.302238
v 95.577713 54.151501 16.813599
v 93.099426 54.151501 18.847427
v 91.065559 54.151501 21.325737
v 89.554237 54.151501 24.153122
v 88.623550 54.151501 27.221069
v 88.309311 54.151501 30.411697
v 88.623550 54.151501 33.602325
v 89.554192 54.151501 36.670273
v 91.065483 54.151501 39.497749
v 93.099319 54.151501 41.976074
v 95.577637 54.151501 44.009888
v 98.405067 54.151501 45.521255
v 101.473022 54.151501 46.451973
v 104.663597 54.151501 46.766197
v 107.854195 54.151501 46.451973
v 110.922150 54.151501 45.521355
v 116.228050 54.151501 41.976074
v 113.749611 54.151501 44.010086
v 116.228050 44.492828 41.976074
v 118.261917 44.492828 39.497749
v 119.773209 44.492828 36.670372
v 120.703873 44.492828 33.602325
v 121.018135 44.492828 30.411697
v 120.703873 44.492828 27.221169
v 119.773209 44.492828 24.153122
v 118.261894 44.492828 21.325737
v 116.227997 44.492828 18.847427
v 113.749733 44.492828 16.813599
v 110.922272 44.492828 15.302338
v 107.854324 44.492828 14.371628
v 104.663727 44.492828 14.057388
v 101.473145 44.492828 14.371628
v 98.405205 44.492828 15.302238
v 95.577713 44.492828 16.813599
v 93.099426 44.492828 18.847427
v 91.065559 44.492828 21.325737
v 89.554237 44.492828 24.153122
v 88.623550 44.492828 27.221069
v 88.309311 44.492828 30.411697
v 88.623550 44.492828 33.602325
v 89.554192 44.492828 36.670273
v 91.065483 44.492828 39.497749
v 93.099319 44.492828 41.976074
v 95.577637 44.492828 44.009888
v 98.405067 44.492828 45.521255
v 101.473022 44.492828 46.451973
v 104.663597 44.492828 46.766197
v 107.854195 44.492828 46.451973
v 110.922150 44.492828 45.521355
v 113.749611 44.492828 44.010086
v 117.156532 4.148452 25.237076
v 107.301743 4.148452 17.149467
v 95.102112 4.148452 20.850143
v 95.102127 4.148452 39.973358
v 97.151230 4.148445 41.655045
v 99.489029 4.148445 42.904671
v 102.025688 4.148445 43.674118
v 104.663734 4.148445 43.933929
v 91.141586 4.148452 30.411789
v 91.401390 4.148452 27.773720
v 92.170883 4.148452 25.237076
v 117.181244 5.355786 25.226845
v 109.848640 5.355786 17.894295
v 102.020454 5.355786 17.123238
v 99.478775 5.355786 17.894295
v 107.306992 5.355779 43.700348
v 112.191109 5.355779 41.677277
v 112.192642 42.179459 41.679573
v 109.849716 42.179459 42.931847
v 107.307526 42.179459 43.703056
v 104.663734 42.179459 43.963432
v 102.019928 42.179459 43.703056
v 99.477737 42.179459 42.931923
v 97.134842 42.179459 41.679573
v 95.107262 42.179474 39.965851
v 93.395958 42.179474 37.940712
v 92.143623 42.179474 35.597794
v 91.372452 42.179474 33.055618
v 91.112076 42.179474 30.411789
v 91.372452 42.179474 27.767960
v 92.143623 42.179474 25.225784
v 93.395920 42.179474 22.882874
v 95.081245 42.179474 20.829285
v 97.134819 42.179474 19.144012
v 99.477715 42.179474 17.891739
v 102.019913 42.179474 17.120529
v 104.663719 42.179474 16.860146
v 107.307510 42.179474 17.120529
v 109.849701 42.179474 17.891739
v 112.192596 42.179474 19.144012
v 114.246185 42.179474 20.829285
v 115.931503 42.179474 22.882874
v 117.183792 42.179474 25.225784
v 117.954964 42.179474 27.767960
v 118.215363 42.179474 30.411789
v 117.954964 42.179474 33.055618
v 117.183792 42.179474 35.597794
v 114.246185 42.179474 39.994225
v 115.931503 42.179474 37.940628
v 109.848656 5.355779 42.929291
v 104.663734 5.355779 43.960670
v 93.398254 5.355786 37.939178
v 92.146179 5.355786 35.596733
v 91.375168 5.355786 27.768501
v 114.244240 5.355786 39.992271
v 117.952255 5.355786 27.768501
v 115.929199 5.355786 22.884407
v 114.244240 5.355786 20.831238
v 107.306961 5.355786 17.123238
v 104.663719 5.355786 16.862907
v 93.398209 5.355786 22.884407
v 92.146179 5.355786 25.226845
v 91.114838 5.355786 30.411789
v 91.375168 5.355786 33.055077
v 95.083221 5.355786 39.992271
v 114.225334 4.148452 39.973358
v 93.420486 4.148452 37.924316
v 102.020470 5.355779 43.700348
v 99.478790 5.355779 42.929367
v 97.136375 5.355779 41.677277
v 95.083199 5.355786 20.831238
v 97.136353 5.355786 19.146309
v 112.191063 5.355786 19.146309
v 118.212601 5.355786 30.411789
v 117.952255 5.355786 33.055077
v 117.181244 5.355786 35.596733
v 115.929199 5.355786 37.939095
v 110.045418 5.355779 43.404297
v 107.407288 5.355779 44.204613
v 99.282036 5.355779 43.404381
v 96.850731 5.355779 42.104774
v 91.671173 5.355786 35.793488
v 90.870895 5.355786 33.155388
v 90.600693 5.355786 30.411789
v 90.870895 5.355786 27.668190
v 91.671173 5.355786 25.030090
v 92.970711 5.355786 22.598763
v 94.719643 5.355786 20.467674
v 96.850708 5.355786 18.718811
v 99.282013 5.355786 17.419289
v 101.920151 5.355786 16.618973
v 104.663719 5.355786 16.348763
v 107.407272 5.355786 16.618973
v 110.045395 5.355786 17.419289
v 112.476707 5.355786 18.718811
v 114.607796 5.355786 20.467674
v 116.356697 5.355786 22.598763
v 117.656250 5.355786 25.030090
v 118.456520 5.355786 27.668190
v 117.656250 5.355786 35.793488
v 116.356697 5.355786 38.224739
v 112.476753 4.148445 42.104774
v 110.045418 4.148445 43.404297
v 107.407288 4.148445 44.204613
v 104.663734 4.148445 44.474823
v 101.920166 4.148445 44.204613
v 99.282036 4.148445 43.404381
v 96.850731 4.148445 42.104774
v 94.719666 4.148452 40.355827
v 92.970757 4.148452 38.224823
v 91.671173 4.148452 35.793488
v 90.870895 4.148452 33.155388
v 90.600693 4.148452 30.411789
v 90.870895 4.148452 27.668190
v 91.671173 4.148452 25.030090
v 92.970711 4.148452 22.598763
v 94.719643 4.148452 20.467674
v 96.850708 4.148452 18.718811
v 99.282013 4.148452 17.419289
v 101.920151 4.148452 16.618973
v 104.663719 4.148452 16.348763
v 107.407272 4.148452 16.618973
v 110.045395 4.148452 17.419289
v 112.476707 4.148452 18.718811
v 114.607796 4.148452 20.467674
v 116.356697 4.148452 22.598763
v 117.656250 4.148452 25.030090
v 118.456520 4.148452 27.668190
v 118.726746 4.148452 30.411789
v 118.456520 4.148452 33.155388
v 117.656250 4.148452 35.793488
v 116.356697 4.148452 38.224739
v 114.607796 4.148452 40.355827
v 112.176254 4.148445 41.655045
v 109.838425 4.148445 42.904587
v 92.170883 4.148452 35.586502
v 99.489006 4.148452 17.918999
v 117.926025 4.148452 33.049866
v -63.439060 28.947584 27.759499
v 71.118263 28.947584 27.759499
v -63.439060 28.947584 30.427338
v 71.118263 28.947584 30.427338
v -49.856552 28.947584 27.759499
v 57.535759 28.947584 27.759499
v -77.021568 28.947584 27.759499
v 84.700768 28.947584 27.759499
v -49.856552 28.947584 30.427338
v 57.535759 28.947584 30.427338
v -77.021568 28.947584 30.427338
v 84.700768 28.947584 30.427338
v -56.647804 28.947584 27.759499
v 64.327011 28.947584 27.759499
v -43.065300 28.947584 27.759499
v 50.744507 28.947584 27.759499
v -70.230316 28.947584 27.759499
v 77.909515 28.947584 27.759499
v -83.812820 28.947584 27.759499
v 91.492020 28.947584 27.759499
v -56.647804 28.947584 30.427338
v 64.327011 28.947584 30.427338
v -43.065300 28.947584 30.427338
v 50.744507 28.947584 30.427338
v -70.230316 28.947584 30.427338
v 77.909515 28.947584 30.427338
v -83.812820 28.947584 30.427338
v 91.492020 28.947584 30.427338
v -48.353298 38.852455 27.759499
v 56.032505 38.852455 27.759499
v -54.389969 38.852455 27.759499
v 62.069176 38.852455 27.759499
v -60.426640 38.852455 27.759499
v 68.105843 38.852455 27.759499
v -42.316628 38.852455 27.759499
v 49.995834 38.852455 27.759499
v -36.279961 38.852455 27.759499
v 43.959164 38.852455 27.759499
v -72.499985 38.852455 27.759499
v 80.179184 38.852455 27.759499
v -66.463318 38.852455 27.759499
v 74.142517 38.852455 27.759499
v -78.536652 38.852455 27.759499
v 86.215851 38.852455 27.759499
v -90.609993 38.852455 27.759499
v 98.289192 38.852455 27.759499
v -60.426640 38.852455 30.427338
v 68.105843 38.852455 30.427338
v -54.389969 38.852455 30.427338
v 62.069176 38.852455 30.427338
v -48.353298 38.852455 30.427338
v 56.032505 38.852455 30.427338
v -42.316628 38.852455 30.427338
v 49.995834 38.852455 30.427338
v -36.279961 38.852455 30.427338
v 43.959164 38.852455 30.427338
v -66.463318 38.852455 30.427338
v 74.142517 38.852455 30.427338
v -72.499985 38.852455 30.427338
v 80.179184 38.852455 30.427338
v -78.536652 38.852455 30.427338
v 86.215851 38.852455 30.427338
v -90.609993 38.852455 30.427338
v 98.289192 38.852455 30.427338
v -84.573326 38.852455 27.759499
v 92.252525 38.852455 27.759499
v -84.573326 38.852455 30.427338
v 92.252525 38.852455 30.427338
v -63.434536 21.502018 27.759499
v 71.113739 21.502018 27.759499
v -63.434536 21.502018 30.427338
v 71.113739 21.502018 30.427338
v -49.852028 21.502018 27.759499
v 57.531235 21.502018 27.759499
v -77.017044 21.502018 27.759499
v 84.696243 21.502018 27.759499
v -49.852028 21.502018 30.427338
v 57.531235 21.502018 30.427338
v -77.017044 21.502018 30.427338
v 84.696243 21.502018 30.427338
v -63.434536 17.300497 27.759499
v 71.113739 17.300497 27.759499
v -63.434536 17.300497 30.427338
v 71.113739 17.300497 30.427338
v -90.599556 4.133512 31.031006
v 98.278748 4.133512 31.031006
v -90.599556 5.350507 31.031006
v 98.278748 5.350507 31.031006
v -36.269520 4.133512 31.031006
v 43.948727 4.133512 31.031006
v -36.269520 5.350507 31.031006
v 43.948727 5.350507 31.031006
v 115.906967 4.148452 22.899261
v 109.838417 4.148452 17.918999
v 102.025665 4.148452 17.149467
v 97.151207 4.148452 19.168541
v 93.420448 4.148452 22.899261
v 118.185860 4.148452 30.411789
v 115.906967 4.148452 37.924240
v 114.225334 -39.513878 39.973351
v 115.906967 -39.513878 37.924240
v 117.156532 -39.513878 35.586502
v 117.926025 -39.513878 33.049782
v 118.185860 -39.513878 30.411697
v 117.926025 -39.513878 27.773720
v 117.156532 -39.513878 25.237000
v 115.906944 -39.513878 22.899261
v 114.225288 -39.513878 20.850143
v 112.176208 -39.513878 19.168541
v 109.838417 -39.513878 17.918999
v 107.301765 -39.513878 17.149467
v 104.663719 -39.513878 16.889648
v 102.025688 -39.513878 17.149467
v 99.489044 -39.513878 17.918915
v 97.151230 -39.513878 19.168541
v 95.102127 -39.513878 20.850143
v 93.420486 -39.513878 22.899261
v 92.170906 -39.513878 25.237000
v 91.401390 -39.513878 27.773636
v 91.141586 -39.513878 30.411697
v 91.401390 -39.513878 33.049782
v 92.170868 -39.513878 35.586418
v 93.420425 -39.513878 37.924240
v 95.102051 -39.513878 39.973351
v 97.151161 -39.513878 41.654953
v 99.488945 -39.513878 42.904579
v 102.025581 -39.513878 43.674118
v 104.663612 -39.513878 43.933929
v 107.301666 -39.513878 43.674118
v 109.838310 -39.513878 42.904663
v 112.176102 -39.513878 41.655113
v 107.301765 4.148445 43.674118
v 91.401390 4.148452 33.049866
v 104.663719 4.148452 16.889648
v 112.176208 4.148452 19.168541
v 114.225334 4.148452 20.850143
v 117.926025 4.148452 27.773720
v 117.156532 4.148452 35.586502
v -22.420326 59.006809 36.501610
v -21.326845 47.961220 42.026787
v -23.543409 59.006809 36.612221
v -23.537916 47.961220 42.244545
v -17.497313 59.006809 29.244942
v -11.972160 47.961220 28.151451
v -17.386703 59.006809 30.368042
v -11.754400 47.961220 30.362549
v -24.753941 59.006809 24.321930
v -25.847408 47.961220 18.796783
v -23.630850 59.006809 24.211319
v -23.636324 47.961220 18.579025
v -29.676981 59.006809 31.578537
v -35.202145 47.961220 32.671982
v -29.787600 59.006809 30.455437
v -35.419926 47.961220 30.460876
v -28.373716 58.790436 33.610031
v -33.010715 47.717804 36.708359
v -28.905691 58.790436 32.614792
v -34.058033 47.717804 34.748970
v -29.233286 58.790436 31.534836
v -34.702988 47.717804 32.622818
v -29.343904 58.790436 30.411736
v -34.920769 47.717804 30.411713
v -29.233286 58.790436 29.288666
v -34.702988 47.717804 28.200684
v -28.905691 58.790436 28.208725
v -34.058033 47.717804 26.074524
v -28.373709 58.790436 27.213486
v -33.010696 47.717804 24.115143
v -27.657778 58.790436 26.341110
v -31.601206 47.717804 22.397675
v -26.785427 58.790436 25.625206
v -29.883768 47.717804 20.988235
v -25.790163 58.790436 25.093239
v -27.924339 47.717804 19.940933
v -24.710243 58.790436 24.765633
v -25.798248 47.717804 19.295944
v -23.587152 58.790436 24.655022
v -23.587162 47.717804 19.078178
v -22.464067 58.790436 24.765633
v -21.376095 47.717804 19.295944
v -21.384150 58.790436 25.093216
v -19.250006 47.717804 19.940865
v -20.388876 58.790436 25.625206
v -17.290558 47.717804 20.988235
v -19.516520 58.790436 26.341110
v -15.573103 47.717804 22.397675
v -18.800596 58.790436 27.213486
v -14.163631 47.717804 24.115143
v -18.268614 58.790436 28.208725
v -13.116291 47.717804 26.074524
v -17.941010 58.790436 29.288635
v -12.471321 47.717804 28.200607
v -17.830400 58.790436 30.411736
v -12.253559 47.717804 30.411713
v -17.941010 58.790436 31.534836
v -12.471321 47.717804 32.622818
v -18.268597 58.790436 32.614754
v -13.116257 47.717804 34.748909
v -18.800570 58.790436 33.610031
v -14.163580 47.717804 36.708359
v -19.516481 58.790436 34.482399
v -15.573032 47.717804 38.425827
v -20.388849 58.790436 35.198303
v -17.290506 47.717804 39.835266
v -21.384106 58.790436 35.730301
v -19.249918 47.717804 40.882645
v -22.464025 58.790436 36.057915
v -21.376005 47.717804 41.527626
v -23.587107 58.790436 36.168526
v -23.587076 47.717804 41.745384
v -24.710199 58.790436 36.057915
v -25.798161 47.717804 41.527626
v -25.790117 58.790436 35.730339
v -27.924253 47.717804 40.882706
v -26.785383 58.790436 35.198372
v -29.883684 47.717804 39.835403
v -27.657795 58.790436 34.482399
v -31.601244 47.717804 38.425827
v -23.913340 72.896294 30.266693
v -24.467958 73.166763 30.321320
v -24.433392 73.166763 30.672287
v -23.878771 72.896294 30.617661
v -23.442091 72.896294 30.085564
v -23.496714 73.166763 29.530945
v -23.847681 73.166763 29.565514
v -23.793058 72.896294 30.120132
v -23.260946 72.896294 30.556793
v -22.706327 73.166763 30.502174
v -22.740892 73.166763 30.151207
v -23.295511 72.896294 30.205826
v -23.732180 72.896294 30.737953
v -23.326593 73.166763 31.258011
v -23.381216 72.896294 30.703392
v -23.181545 70.117325 32.730804
v -23.532509 70.117325 32.765366
v -20.022781 36.915619 48.584213
v -21.268105 70.117325 30.006165
v -21.233540 70.117325 30.357124
v -5.042706 36.915619 30.357071
v -5.388361 36.915619 26.847374
v -23.992733 70.117325 28.092728
v -23.641768 70.117325 28.058159
v -23.641796 36.915619 11.867332
v -27.151459 36.915619 12.212990
v -25.906179 70.117325 30.817352
v -25.940746 70.117325 30.466377
v -42.131641 36.915619 30.466316
v -41.785961 36.915619 33.976006
v -24.518194 73.468880 31.033867
v -24.621670 73.468880 30.840279
v -24.685392 73.468880 30.630211
v -24.706907 73.468880 30.411751
v -24.685392 73.468880 30.193306
v -24.621670 73.468880 29.983238
v -24.518192 73.468880 29.789658
v -24.378935 73.468880 29.619965
v -24.209249 73.468880 29.480713
v -24.015657 73.468880 29.377235
v -23.805599 73.468880 29.313515
v -23.587145 73.468880 29.292000
v -23.368689 73.468880 29.313515
v -23.158630 73.468880 29.377228
v -22.965036 73.468880 29.480713
v -22.795351 73.468880 29.619965
v -22.656096 73.468880 29.789658
v -22.552618 73.468880 29.983238
v -22.488894 73.468880 30.193298
v -22.467381 73.468880 30.411751
v -22.488894 73.468880 30.630211
v -22.552614 73.468880 30.840271
v -22.656090 73.468880 31.033867
v -22.795345 73.468880 31.203560
v -22.965031 73.468880 31.342812
v -23.158623 73.468880 31.446289
v -23.368679 73.468880 31.510010
v -23.587135 73.468880 31.531525
v -23.805590 73.468880 31.510010
v -24.015650 73.468880 31.446289
v -24.378937 73.468880 31.203560
v -24.209244 73.468880 31.342819
v -24.518194 69.846878 31.033867
v -24.621670 69.846878 30.840279
v -24.685392 69.846878 30.630211
v -24.706907 69.846878 30.411751
v -24.685392 69.846878 30.193306
v -24.621670 69.846878 29.983238
v -24.518192 69.846878 29.789658
v -24.378935 69.846878 29.619965
v -24.209249 69.846878 29.480713
v -24.015657 69.846878 29.377235
v -23.805599 69.846878 29.313515
v -23.587145 69.846878 29.292000
v -23.368689 69.846878 29.313515
v -23.158630 69.846878 29.377228
v -22.965036 69.846878 29.480713
v -22.795351 69.846878 29.619965
v -22.656096 69.846878 29.789658
v -22.552618 69.846878 29.983238
v -22.488894 69.846878 30.193298
v -22.467381 69.846878 30.411751
v -22.488894 69.846878 30.630211
v -22.552614 69.846878 30.840271
v -22.656090 69.846878 31.033867
v -22.795345 69.846878 31.203560
v -22.965031 69.846878 31.342812
v -23.158623 69.846878 31.446289
v -23.368679 69.846878 31.510010
v -23.587135 69.846878 31.531525
v -23.805590 69.846878 31.510010
v -24.015650 69.846878 31.446289
v -24.209244 69.846878 31.342819
v -24.378937 69.846878 31.203560
v -25.082947 69.846863 31.411224
v -25.249187 69.846863 31.100204
v -25.351561 69.846863 30.762726
v -25.386127 69.846863 30.411751
v -25.351561 69.846863 30.060799
v -25.249187 69.846863 29.723312
v -25.082943 69.846863 29.412300
v -24.859215 69.846863 29.139679
v -24.586605 69.846863 28.915962
v -24.275583 69.846863 28.749725
v -23.938110 69.846863 28.647346
v -23.587145 69.846863 28.612778
v -23.236179 69.846863 28.647346
v -22.898706 69.846863 28.749718
v -22.587685 69.846863 28.915962
v -22.315071 69.846863 29.139679
v -22.091347 69.846863 29.412300
v -21.925102 69.846863 29.723312
v -21.822725 69.846863 30.060783
v -21.788160 69.846863 30.411751
v -21.822725 69.846863 30.762726
v -21.925097 69.846863 31.100197
v -22.091337 69.846863 31.411224
v -22.315062 69.846863 31.683838
v -22.587675 69.846863 31.907555
v -22.898693 69.846863 32.073807
v -23.236168 69.846863 32.176178
v -23.587132 69.846863 32.210747
v -23.938095 69.846863 32.176178
v -24.275572 69.846863 32.073822
v -24.586592 69.846863 31.907578
v -24.859221 69.846863 31.683838
v -38.545193 36.645157 40.406357
v -40.207607 36.645157 37.296234
v -41.231342 36.645157 33.921379
v -41.577023 36.645157 30.411690
v -41.231342 36.645157 26.902107
v -40.207607 36.645157 23.527260
v -38.545166 36.645157 20.417137
v -36.307877 36.645157 17.690994
v -33.581787 36.645157 15.453789
v -30.471582 36.645157 13.791397
v -27.096836 36.645157 12.767609
v -23.587173 36.645157 12.421951
v -20.077541 36.645157 12.767609
v -16.702799 36.645157 13.791290
v -13.592564 36.645157 15.453789
v -10.866447 36.645157 17.690994
v -8.629189 36.645157 20.417137
v -6.966743 36.645157 23.527260
v -5.942981 36.645157 26.902000
v -5.597326 36.645157 30.411690
v -5.942981 36.645157 33.921379
v -6.966690 36.645157 37.296120
v -8.629108 36.645157 40.406357
v -10.866333 36.645157 43.132500
v -13.592482 36.645157 45.369705
v -16.702660 36.645157 47.032204
v -20.077404 36.645157 48.055992
v -23.587038 36.645157 48.401649
v -27.096699 36.645157 48.055992
v -30.471445 36.645157 47.032310
v -33.581650 36.645157 45.369926
v -36.307934 36.645157 43.132500
v -38.545193 36.041489 40.406357
v -40.207607 36.041489 37.296234
v -41.231342 36.041489 33.921379
v -41.577023 36.041489 30.411690
v -41.231342 36.041489 26.902107
v -40.207607 36.041489 23.527260
v -38.545166 36.041489 20.417137
v -36.307877 36.041489 17.690994
v -33.581787 36.041489 15.453789
v -30.471582 36.041489 13.791397
v -27.096836 36.041489 12.767609
v -23.587173 36.041489 12.421951
v -20.077541 36.041489 12.767609
v -16.702799 36.041489 13.791290
v -13.592564 36.041489 15.453789
v -10.866447 36.041489 17.690994
v -8.629189 36.041489 20.417137
v -6.966743 36.041489 23.527260
v -5.942981 36.041489 26.902000
v -5.597326 36.041489 30.411690
v -5.942981 36.041489 33.921379
v -6.966690 36.041489 37.296120
v -8.629108 36.041489 40.406357
v -10.866333 36.041489 43.132500
v -13.578745 36.041489 45.369705
v -16.702660 36.041489 47.032204
v -20.077404 36.041489 48.055992
v -23.587038 36.041489 48.401649
v -27.096699 36.041489 48.055992
v -30.471445 36.041489 47.032310
v -36.307934 36.041489 43.132500
v -33.581650 36.041489 45.369926
v -37.185368 36.041489 39.497749
v -38.696655 36.041489 36.670372
v -39.627323 36.041489 33.602325
v -38.696655 36.041489 24.153122
v -37.185345 36.041489 21.325737
v -29.845724 36.041489 15.302338
v -17.328648 36.041489 15.302238
v -14.501162 36.041489 16.813599
v -12.022873 36.041489 18.847427
v -9.989002 36.041489 21.325737
v -8.477638 36.041489 36.670273
v -14.501089 36.041489 44.009888
v -17.328522 36.041489 45.521255
v -20.396471 36.041489 46.451973
v -26.777649 36.041489 46.451973
v -35.151501 36.041489 41.976074
v -32.673061 36.041489 44.010086
v -98.330650 1.539191 -9.613022
v 106.009850 1.539191 -9.613022
v -95.662819 7.838135 -9.613022
v 103.342018 7.838135 -9.613022
v -98.330650 8.246527 -20.479023
v 106.009850 8.246527 -20.479023
v -98.330650 11.662853 1.252979
v 106.009850 11.662853 1.252979
v -95.662819 12.039656 -23.195526
v 103.342018 12.039656 -23.195526
v -95.662811 12.039656 3.969482
v 103.342010 12.039656 3.969482
v -98.330650 5.584748 -9.613022
v 106.009850 5.584748 -9.613022
v -95.662819 12.039656 -9.613022
v 103.342018 12.039656 -9.613022
v -98.330650 29.390091 -30.751812
v 106.009850 29.390091 -30.751812
v -95.662819 29.390091 -30.751812
v 103.342018 29.390091 -30.751812
v -98.330650 29.390091 -36.788483
v 106.009850 29.390091 -36.788483
v -98.330650 29.390091 -24.715141
v 106.009850 29.390091 -24.715141
v -98.330650 29.390091 -18.678467
v 106.009850 29.390091 -18.678467
v -98.330650 29.390091 -12.641800
v 106.009850 29.390091 -12.641800
v -98.330650 29.390091 17.541557
v 106.009850 29.390091 17.541557
v -98.330650 29.390091 11.504883
v 106.009850 29.390091 11.504883
v -98.330650 29.390091 5.468216
v 106.009850 29.390091 5.468216
v -98.330650 29.390091 -0.568451
v 106.009850 29.390091 -0.568451
v -98.330650 29.390091 -6.605129
v 106.009850 29.390091 -6.605129
v -95.662819 29.390091 -36.788483
v 103.342018 29.390091 -36.788483
v -95.662819 29.390091 -24.715141
v 103.342018 29.390091 -24.715141
v -95.662819 29.390091 -12.641800
v 103.342018 29.390091 -12.641800
v -95.662819 29.390091 -18.678467
v 103.342018 29.390091 -18.678467
v -95.662811 29.390091 17.541557
v 103.342010 29.390091 17.541557
v -95.662811 29.390091 11.504883
v 103.342010 29.390091 11.504883
v -95.662811 29.390091 -6.605129
v 103.342010 29.390091 -6.605129
v -95.662811 29.390091 -0.568451
v 103.342010 29.390091 -0.568451
v -95.662811 29.390091 5.468216
v 103.342010 29.390091 5.468216
v -98.330650 16.060966 -29.610785
v 106.009850 16.060966 -29.610785
v -98.330650 19.485222 -16.408802
v 106.009850 19.485222 -16.408802
v -98.330650 20.088890 12.567207
v 106.009850 20.088890 12.567207
v -98.330650 19.485222 -2.826294
v 106.009850 19.485222 -2.826294
v -95.662819 19.485222 -29.357777
v 103.342018 19.485222 -29.357777
v -95.662819 19.485222 -16.408802
v 103.342018 19.485222 -16.408802
v -95.662811 19.485222 10.756210
v 103.342010 19.485222 10.756210
v -95.662811 19.485222 -2.826294
v 103.342010 19.485222 -2.826294
v -98.330650 22.503557 -22.812885
v 106.009850 22.503557 -22.812885
v -98.330650 22.503557 3.059456
v 106.009850 22.503557 3.059456
v -95.662819 19.485222 -23.200050
v 103.342018 19.485222 -23.200050
v -95.662811 19.485222 3.964958
v 103.342010 19.485222 3.964958
v -98.330650 19.485222 -9.617546
v 106.009850 19.485222 -9.617546
v -95.662819 19.485222 -9.617546
v 103.342018 19.485222 -9.617546
v -98.330650 34.219429 -36.788483
v 106.009850 34.219429 -36.788483
v -95.662819 34.219429 -36.788483
v 103.342018 34.219429 -36.788483
v -98.330650 34.219429 -30.751812
v 106.009850 34.219429 -30.751812
v -95.662819 34.219429 -30.751812
v 103.342018 34.219429 -30.751812
v -95.662819 34.219429 -18.678467
v 103.342018 34.219429 -18.678467
v -98.330650 34.219429 -18.678467
v 106.009850 34.219429 -18.678467
v -95.662819 34.219429 -24.715141
v 103.342018 34.219429 -24.715141
v -98.330650 34.219429 -24.715141
v 106.009850 34.219429 -24.715141
v -98.330650 34.219429 -12.641800
v 106.009850 34.219429 -12.641800
v -95.662819 34.219429 -12.641800
v 103.342018 34.219429 -12.641800
v -98.330650 34.219429 -6.605129
v 106.009850 34.219429 -6.605129
v -95.662811 34.219429 -6.605129
v 103.342010 34.219429 -6.605129
v -95.662811 34.219429 5.468216
v 103.342010 34.219429 5.468216
v -98.330650 34.219429 5.468216
v 106.009850 34.219429 5.468216
v -95.662811 34.219429 -0.568451
v 103.342010 34.219429 -0.568451
v -98.330650 34.219429 -0.568451
v 106.009850 34.219429 -0.568451
v -98.330650 34.219429 11.504883
v 106.009850 34.219429 11.504883
v -95.662811 34.219429 11.504883
v 103.342010 34.219429 11.504883
v -98.330650 -39.535255 -33.484497
v 106.009850 -39.535255 -33.484497
v -98.330650 19.485222 -33.493546
v 106.009850 19.485222 -33.493546
v -95.662819 19.485222 -34.244930
v 103.342018 19.485222 -34.244930
v -95.662819 12.039656 -36.700371
v 103.342018 12.039656 -36.700371
v -95.662819 1.482719 -34.236916
v 103.342018 1.482719 -34.236916
v -95.662819 -20.370018 -34.237148
v 103.342018 -20.370018 -34.237148
v -95.662819 -39.535255 -34.236916
v 103.342018 -39.535255 -34.236916
v -98.330650 -20.420525 -33.484497
v 106.009850 -20.420525 -33.484497
v -98.330650 1.482719 -33.484497
v 106.009850 1.482719 -33.484497
v -98.330650 -19.203529 -33.484497
v 106.009850 -19.203529 -33.484497
v -98.330650 -39.535259 17.551987
v 106.009850 -39.535259 17.551987
v -98.330650 -20.420525 17.551987
v 106.009850 -20.420525 17.551987
v -98.330650 1.482719 17.551987
v 106.009850 1.482719 17.551987
v -98.330650 7.838135 17.551987
v 106.009850 7.838135 17.551987
v -98.330650 19.485222 17.547462
v 106.009850 19.485222 17.547462
v -98.330650 34.219429 17.541557
v 106.009850 34.219429 17.541557
v -95.662811 34.219429 17.541557
v 103.342010 34.219429 17.541557
v -95.662811 19.485222 17.547462
v 103.342010 19.485222 17.547462
v -95.662811 7.838135 17.551987
v 103.342010 7.838135 17.551987
v -95.662811 1.482719 17.551987
v 103.342010 1.482719 17.551987
v -95.662811 -20.370018 17.551987
v 103.342010 -20.370018 17.551987
v -95.662811 -39.535259 17.551987
v 103.342010 -39.535259 17.551987
v -98.330650 -19.203529 17.551987
v 106.009850 -19.203529 17.551987
v -101.783279 -39.535252 -9.613018
v 109.462479 -39.535252 -9.613018
v -101.783279 -22.835194 -9.613018
v 109.462479 -22.835194 -9.613018
v -101.121483 -19.203529 -9.613018
v 108.800682 -19.203529 -9.613018
v -99.467010 -0.328281 -9.613018
v 107.146210 -0.328281 -9.613018
v -101.783279 -39.535252 -13.144470
v 109.462479 -39.535252 -13.144470
v -98.330650 -39.535255 -13.850761
v 106.009850 -39.535255 -13.850761
v -101.783279 -22.835194 -13.144470
v 109.462479 -22.835194 -13.144470
v -98.330650 -20.420525 -13.850761
v 106.009850 -20.420525 -13.850761
v -101.121483 -19.203529 -13.144470
v 108.800682 -19.203529 -13.144470
v -98.330650 -19.203529 -13.850761
v 106.009850 -19.203529 -13.850761
v -99.467010 -0.328281 -12.631351
v 107.146210 -0.328281 -12.631351
v -98.330650 1.042611 -12.872822
v 106.009850 1.042611 -12.872822
v -101.783279 -39.535252 -6.081566
v 109.462479 -39.535252 -6.081566
v -98.330650 -39.535255 -5.375282
v 106.009850 -39.535255 -5.375282
v -101.783279 -22.835194 -6.081566
v 109.462479 -22.835194 -6.081566
v -98.330650 -20.420525 -5.375282
v 106.009850 -20.420525 -5.375282
v -101.121483 -19.203529 -6.081566
v 108.800682 -19.203529 -6.081566
v -98.330650 -19.203529 -5.375282
v 106.009850 -19.203529 -5.375282
v -99.467010 -0.328281 -6.594685
v 107.146210 -0.328281 -6.594685
v -98.330650 1.042611 -6.353218
v 106.009850 1.042611 -6.353218
v -98.330650 1.042611 -66.719910
v 106.009850 1.042611 -66.719910
v -99.467010 -0.328281 -66.961372
v 107.146210 -0.328281 -66.961372
v -98.330650 -19.203529 -65.741966
v 106.009850 -19.203529 -65.741966
v -101.121483 -19.203529 -66.448257
v 108.800682 -19.203529 -66.448257
v -98.330650 -20.420525 -65.741966
v 106.009850 -20.420525 -65.741966
v -101.783279 -22.835194 -66.448257
v 109.462479 -22.835194 -66.448257
v -98.330650 -39.535255 -65.741966
v 106.009850 -39.535255 -65.741966
v -101.783279 -39.535252 -66.448257
v 109.462479 -39.535252 -66.448257
v -98.330650 1.042611 -73.239510
v 106.009850 1.042611 -73.239510
v -99.467010 -0.328281 -72.998047
v 107.146210 -0.328281 -72.998047
v -98.330650 -19.203529 -74.217445
v 106.009850 -19.203529 -74.217445
v -101.121483 -19.203529 -73.511162
v 108.800682 -19.203529 -73.511162
v -98.330650 -20.420525 -74.217445
v 106.009850 -20.420525 -74.217445
v -101.783279 -22.835194 -73.511162
v 109.462479 -22.835194 -73.511162
v -98.330650 -39.535255 -74.217445
v 106.009850 -39.535255 -74.217445
v -101.783279 -39.535252 -73.511162
v 109.462479 -39.535252 -73.511162
v -99.467010 -0.328281 -69.979706
v 107.146210 -0.328281 -69.979706
v -101.121483 -19.203529 -69.979706
v 108.800682 -19.203529 -69.979706
v -101.783279 -22.835194 -69.979706
v 109.462479 -22.835194 -69.979706
v -101.783279 -39.535252 -69.979706
v 109.462479 -39.535252 -69.979706
v -98.330650 -19.203529 -45.557819
v 106.009850 -19.203529 -45.557819
v -95.662811 -39.535255 -44.931141
v 103.342010 -39.535255 -44.931141
v -95.662811 -20.370018 -44.930946
v 103.342010 -20.370018 -44.930946
v -95.662811 1.482719 -44.931141
v 103.342010 1.482719 -44.931141
v -95.662811 7.838135 -44.931141
v 103.342010 7.838135 -44.931141
v -95.662811 19.485222 -44.939156
v 103.342010 19.485222 -44.939156
v -95.662811 34.219429 -42.825127
v 103.342010 34.219429 -42.825127
v -98.330650 34.219429 -42.825127
v 106.009850 34.219429 -42.825127
v -98.330650 19.485222 -45.566872
v 106.009850 19.485222 -45.566872
v -98.330650 7.838135 -45.557819
v 106.009850 7.838135 -45.557819
v -98.330650 1.482719 -45.557819
v 106.009850 1.482719 -45.557819
v -98.330650 -20.420525 -45.557819
v 106.009850 -20.420525 -45.557819
v -98.330650 -39.535255 -45.557819
v 106.009850 -39.535255 -45.557819
v -98.330650 -19.203529 -93.851166
v 106.009850 -19.203529 -93.851166
v -98.330650 1.482719 -93.851166
v 106.009850 1.482719 -93.851166
v -98.330650 -20.420525 -93.851166
v 106.009850 -20.420525 -93.851166
v -95.662819 -39.535255 -94.603592
v 103.342018 -39.535255 -94.603592
v -95.662819 -20.370018 -94.603821
v 103.342018 -20.370018 -94.603821
v -95.662819 1.482719 -94.603592
v 103.342018 1.482719 -94.603592
v -95.662819 12.039656 -97.067055
v 103.342018 12.039656 -97.067055
v -95.662819 19.485222 -94.611603
v 103.342018 19.485222 -94.611603
v -98.330650 19.485222 -93.860222
v 106.009850 19.485222 -93.860222
v -98.330650 -39.535255 -93.851166
v 106.009850 -39.535255 -93.851166
v -95.662811 34.219429 -48.861801
v 103.342010 34.219429 -48.861801
v -98.330650 34.219429 -48.861801
v 106.009850 34.219429 -48.861801
v -98.330650 34.219429 -60.935139
v 106.009850 34.219429 -60.935139
v -95.662811 34.219429 -60.935139
v 103.342010 34.219429 -60.935139
v -98.330650 34.219429 -54.898468
v 106.009850 34.219429 -54.898468
v -95.662811 34.219429 -54.898468
v 103.342010 34.219429 -54.898468
v -95.662811 34.219429 -66.971825
v 103.342010 34.219429 -66.971825
v -98.330650 34.219429 -66.971825
v 106.009850 34.219429 -66.971825
v -95.662819 34.219429 -73.008492
v 103.342018 34.219429 -73.008492
v -98.330650 34.219429 -73.008492
v 106.009850 34.219429 -73.008492
v -98.330650 34.219429 -85.081833
v 106.009850 34.219429 -85.081833
v -95.662819 34.219429 -85.081833
v 103.342018 34.219429 -85.081833
v -98.330650 34.219429 -79.045166
v 106.009850 34.219429 -79.045166
v -95.662819 34.219429 -79.045166
v 103.342018 34.219429 -79.045166
v -95.662819 34.219429 -91.118500
v 103.342018 34.219429 -91.118500
v -98.330650 34.219429 -91.118500
v 106.009850 34.219429 -91.118500
v -95.662819 34.219429 -97.155167
v 103.342018 34.219429 -97.155167
v -98.330650 34.219429 -97.155167
v 106.009850 34.219429 -97.155167
v -95.662819 19.485222 -69.984230
v 103.342018 19.485222 -69.984230
v -98.330650 19.485222 -69.984230
v 106.009850 19.485222 -69.984230
v -95.662811 19.485222 -56.401726
v 103.342010 19.485222 -56.401726
v -95.662819 19.485222 -83.566742
v 103.342018 19.485222 -83.566742
v -98.330650 22.503557 -57.307228
v 106.009850 22.503557 -57.307228
v -98.330650 22.503557 -83.179573
v 106.009850 22.503557 -83.179573
v -95.662811 19.485222 -63.192978
v 103.342010 19.485222 -63.192978
v -95.662811 19.485222 -50.209969
v 103.342010 19.485222 -50.209969
v -95.662819 19.485222 -76.775490
v 103.342018 19.485222 -76.775490
v -95.662819 19.485222 -89.724472
v 103.342018 19.485222 -89.724472
v -98.330650 19.485222 -63.192978
v 106.009850 19.485222 -63.192978
v -98.330650 20.088890 -50.715237
v 106.009850 20.088890 -50.715237
v -98.330650 19.485222 -76.775490
v 106.009850 19.485222 -76.775490
v -98.330650 16.060966 -89.977478
v 106.009850 16.060966 -89.977478
v -95.662811 29.390091 -54.898468
v 103.342010 29.390091 -54.898468
v -95.662811 29.390091 -60.935139
v 103.342010 29.390091 -60.935139
v -95.662811 29.390091 -66.971825
v 103.342010 29.390091 -66.971825
v -95.662811 29.390091 -48.861801
v 103.342010 29.390091 -48.861801
v -95.662811 29.390091 -42.825127
v 103.342010 29.390091 -42.825127
v -95.662819 29.390091 -79.045166
v 103.342018 29.390091 -79.045166
v -95.662819 29.390091 -73.008492
v 103.342018 29.390091 -73.008492
v -95.662819 29.390091 -85.081833
v 103.342018 29.390091 -85.081833
v -95.662819 29.390091 -97.155167
v 103.342018 29.390091 -97.155167
v -98.330650 29.390091 -66.971825
v 106.009850 29.390091 -66.971825
v -98.330650 29.390091 -60.935139
v 106.009850 29.390091 -60.935139
v -98.330650 29.390091 -54.898468
v 106.009850 29.390091 -54.898468
v -98.330650 29.390091 -48.861801
v 106.009850 29.390091 -48.861801
v -98.330650 29.390091 -42.825127
v 106.009850 29.390091 -42.825127
v -98.330650 29.390091 -73.008492
v 106.009850 29.390091 -73.008492
v -98.330650 29.390091 -79.045166
v 106.009850 29.390091 -79.045166
v -98.330650 29.390091 -85.081833
v 106.009850 29.390091 -85.081833
v -98.330650 29.390091 -97.155167
v 106.009850 29.390091 -97.155167
v -95.662819 29.390091 -91.118500
v 103.342018 29.390091 -91.118500
v -98.330650 29.390091 -91.118500
v 106.009850 29.390091 -91.118500
v -95.662819 12.039656 -69.979706
v 103.342018 12.039656 -69.979706
v -98.330650 5.584748 -69.979706
v 106.009850 5.584748 -69.979706
v -95.662811 12.039656 -56.397202
v 103.342010 12.039656 -56.397202
v -95.662819 12.039656 -83.562218
v 103.342018 12.039656 -83.562218
v -98.330650 11.662853 -59.113705
v 106.009850 11.662853 -59.113705
v -98.330650 8.246527 -80.845718
v 106.009850 8.246527 -80.845718
v -95.662819 7.838135 -69.979706
v 103.342018 7.838135 -69.979706
v -98.330650 1.539191 -69.979706
v 106.009850 1.539191 -69.979706
v -98.330650 1.539191 -130.346390
v 106.009850 1.539191 -130.346390
v -95.662819 7.838135 -130.346390
v 103.342018 7.838135 -130.346390
v -98.330650 8.246527 -141.212402
v 106.009850 8.246527 -141.212402
v -98.330650 11.662853 -119.480385
v 106.009850 11.662853 -119.480385
v -95.662819 12.039656 -143.928894
v 103.342018 12.039656 -143.928894
v -95.662811 12.039656 -116.763885
v 103.342010 12.039656 -116.763885
v -98.330650 5.584748 -130.346390
v 106.009850 5.584748 -130.346390
v -95.662819 12.039656 -130.346390
v 103.342018 12.039656 -130.346390
v -98.330650 29.390091 -151.485199
v 106.009850 29.390091 -151.485199
v -95.662819 29.390091 -151.485199
v 103.342018 29.390091 -151.485199
v -98.330650 29.390091 -157.521866
v 106.009850 29.390091 -157.521866
v -98.330650 29.390091 -145.448532
v 106.009850 29.390091 -145.448532
v -98.330650 29.390091 -139.411865
v 106.009850 29.390091 -139.411865
v -98.330650 29.390091 -133.375183
v 106.009850 29.390091 -133.375183
v -98.330650 29.390091 -103.191811
v 106.009850 29.390091 -103.191811
v -98.330650 29.390091 -109.228485
v 106.009850 29.390091 -109.228485
v -98.330650 29.390091 -115.265152
v 106.009850 29.390091 -115.265152
v -98.330650 29.390091 -121.301819
v 106.009850 29.390091 -121.301819
v -98.330650 29.390091 -127.338524
v 106.009850 29.390091 -127.338524
v -95.662819 29.390091 -157.521866
v 103.342018 29.390091 -157.521866
v -95.662819 29.390091 -145.448532
v 103.342018 29.390091 -145.448532
v -95.662819 29.390091 -133.375183
v 103.342018 29.390091 -133.375183
v -95.662819 29.390091 -139.411865
v 103.342018 29.390091 -139.411865
v -95.662811 29.390091 -103.191811
v 103.342010 29.390091 -103.191811
v -95.662811 29.390091 -109.228485
v 103.342010 29.390091 -109.228485
v -95.662811 29.390091 -127.338524
v 103.342010 29.390091 -127.338524
v -95.662811 29.390091 -121.301819
v 103.342010 29.390091 -121.301819
v -95.662811 29.390091 -115.265152
v 103.342010 29.390091 -115.265152
v -98.330650 16.060966 -150.724701
v 106.009850 16.060966 -150.724701
v -98.330650 19.485222 -137.142181
v 106.009850 19.485222 -137.142181
v -98.330650 20.088890 -111.081924
v 106.009850 20.088890 -111.081924
v -98.330650 19.485222 -123.559677
v 106.009850 19.485222 -123.559677
v -95.662819 19.485222 -150.724701
v 103.342018 19.485222 -150.724701
v -95.662819 19.485222 -137.142181
v 103.342018 19.485222 -137.142181
v -95.662811 19.485222 -110.576668
v 103.342010 19.485222 -110.576668
v -95.662811 19.485222 -123.559677
v 103.342010 19.485222 -123.559677
v -98.330650 22.503557 -143.546265
v 106.009850 22.503557 -143.546265
v -98.330650 22.503557 -117.673920
v 106.009850 22.503557 -117.673920
v -95.662819 19.485222 -143.933441
v 103.342018 19.485222 -143.933441
v -95.662811 19.485222 -116.768425
v 103.342010 19.485222 -116.768425
v -98.330650 19.485222 -130.350922
v 106.009850 19.485222 -130.350922
v -95.662819 19.485222 -130.350922
v 103.342018 19.485222 -130.350922
v -98.330650 34.219429 -157.521866
v 106.009850 34.219429 -157.521866
v -95.662819 34.219429 -157.521866
v 103.342018 34.219429 -157.521866
v -98.330650 34.219429 -151.485199
v 106.009850 34.219429 -151.485199
v -95.662819 34.219429 -151.485199
v 103.342018 34.219429 -151.485199
v -95.662819 34.219429 -139.411865
v 103.342018 34.219429 -139.411865
v -98.330650 34.219429 -139.411865
v 106.009850 34.219429 -139.411865
v -95.662819 34.219429 -145.448532
v 103.342018 34.219429 -145.448532
v -98.330650 34.219429 -145.448532
v 106.009850 34.219429 -145.448532
v -98.330650 34.219429 -133.375183
v 106.009850 34.219429 -133.375183
v -95.662819 34.219429 -133.375183
v 103.342018 34.219429 -133.375183
v -98.330650 34.219429 -127.338524
v 106.009850 34.219429 -127.338524
v -95.662811 34.219429 -127.338524
v 103.342010 34.219429 -127.338524
v -95.662811 34.219429 -115.265152
v 103.342010 34.219429 -115.265152
v -98.330650 34.219429 -115.265152
v 106.009850 34.219429 -115.265152
v -95.662811 34.219429 -121.301819
v 103.342010 34.219429 -121.301819
v -98.330650 34.219429 -121.301819
v 106.009850 34.219429 -121.301819
v -98.330650 34.219429 -109.228485
v 106.009850 34.219429 -109.228485
v -95.662811 34.219429 -109.228485
v 103.342010 34.219429 -109.228485
v -98.330650 -39.535259 -157.511414
v 106.009850 -39.535259 -157.511414
v -98.330650 19.485222 -157.515945
v 106.009850 19.485222 -157.515945
v -95.662819 19.485222 -157.515945
v 103.342018 19.485222 -157.515945
v -95.662819 12.039656 -157.511414
v 103.342018 12.039656 -157.511414
v -95.662819 1.482719 -157.511414
v 103.342018 1.482719 -157.511414
v -95.662819 -20.370018 -157.511414
v 103.342018 -20.370018 -157.511414
v -95.662819 -39.535259 -157.511414
v 103.342018 -39.535259 -157.511414
v -98.330650 -20.420525 -157.511414
v 106.009850 -20.420525 -157.511414
v -98.330650 1.482719 -157.511414
v 106.009850 1.482719 -157.511414
v -98.330650 -19.203529 -157.511414
v 106.009850 -19.203529 -157.511414
v -98.330650 -39.535255 -105.924484
v 106.009850 -39.535255 -105.924484
v -98.330650 -20.420525 -105.924484
v 106.009850 -20.420525 -105.924484
v -98.330650 1.482719 -105.924484
v 106.009850 1.482719 -105.924484
v -98.330650 7.838135 -105.924484
v 106.009850 7.838135 -105.924484
v -98.330650 19.485222 -105.933563
v 106.009850 19.485222 -105.933563
v -98.330650 34.219429 -103.191811
v 106.009850 34.219429 -103.191811
v -95.662811 34.219429 -103.191811
v 103.342010 34.219429 -103.191811
v -95.662811 19.485222 -105.305855
v 103.342010 19.485222 -105.305855
v -95.662811 7.838135 -105.297806
v 103.342010 7.838135 -105.297806
v -95.662811 1.482719 -105.297806
v 103.342010 1.482719 -105.297806
v -95.662811 -20.370018 -105.297615
v 103.342010 -20.370018 -105.297615
v -95.662811 -39.535255 -105.297806
v 103.342010 -39.535255 -105.297806
v -98.330650 -19.203529 -105.924484
v 106.009850 -19.203529 -105.924484
v -101.783279 -39.535252 -130.346390
v 109.462479 -39.535252 -130.346390
v -101.783279 -22.835194 -130.346390
v 109.462479 -22.835194 -130.346390
v -101.121483 -19.203529 -130.346390
v 108.800682 -19.203529 -130.346390
v -99.467010 -0.328281 -130.346390
v 107.146210 -0.328281 -130.346390
v -101.783279 -39.535252 -133.877838
v 109.462479 -39.535252 -133.877838
v -98.330650 -39.535255 -134.584137
v 106.009850 -39.535255 -134.584137
v -101.783279 -22.835194 -133.877838
v 109.462479 -22.835194 -133.877838
v -98.330650 -20.420525 -134.584137
v 106.009850 -20.420525 -134.584137
v -101.121483 -19.203529 -133.877838
v 108.800682 -19.203529 -133.877838
v -98.330650 -19.203529 -134.584137
v 106.009850 -19.203529 -134.584137
v -99.467010 -0.328281 -133.364716
v 107.146210 -0.328281 -133.364716
v -98.330650 1.042611 -133.606201
v 106.009850 1.042611 -133.606201
v -101.783279 -39.535252 -126.814941
v 109.462479 -39.535252 -126.814941
v -98.330650 -39.535255 -126.108665
v 106.009850 -39.535255 -126.108665
v -101.783279 -22.835194 -126.814941
v 109.462479 -22.835194 -126.814941
v -98.330650 -20.420525 -126.108665
v 106.009850 -20.420525 -126.108665
v -101.121483 -19.203529 -126.814941
v 108.800682 -19.203529 -126.814941
v -98.330650 -19.203529 -126.108665
v 106.009850 -19.203529 -126.108665
v -99.467010 -0.328281 -127.328056
v 107.146210 -0.328281 -127.328056
v -98.330650 1.042611 -127.086594
v 106.009850 1.042611 -127.086594
v -104.367325 -39.535255 -96.437408
v 112.046524 -39.535255 -96.437408
v -104.367325 -39.535255 -103.770485
v 112.046524 -39.535255 -103.770485
v -104.367325 19.485222 -96.442902
v 112.046524 19.485222 -96.442902
v -104.367325 19.485222 -103.776001
v 112.046524 19.485222 -103.776001
v -104.367325 -39.535255 -36.070721
v 112.046524 -39.535255 -36.070721
v -104.367325 -39.535255 -43.403801
v 112.046524 -39.535255 -43.403801
v -104.367325 19.485222 -36.076218
v 112.046524 19.485222 -36.076218
v -104.367325 19.485222 -43.409298
v 112.046524 19.485222 -43.409298
v -104.367325 1.482719 -103.770485
v 112.046524 1.482719 -103.770485
v -104.367325 7.838135 -103.770485
v 112.046524 7.838135 -103.770485
v -104.367325 -19.203529 -103.770485
v 112.046524 -19.203529 -103.770485
v -104.367325 -20.420525 -103.770485
v 112.046524 -20.420525 -103.770485
v -104.367325 -20.420525 -96.437408
v 112.046524 -20.420525 -96.437408
v -104.367325 -19.203529 -96.437408
v 112.046524 -19.203529 -96.437408
v -104.367325 1.482719 -96.437408
v 112.046524 1.482719 -96.437408
v -104.367325 -20.420525 -43.403801
v 112.046524 -20.420525 -43.403801
v -104.367325 7.838135 -43.403801
v 112.046524 7.838135 -43.403801
v -104.367325 -19.203529 -43.403801
v 112.046524 -19.203529 -43.403801
v -104.367325 1.482719 -43.403801
v 112.046524 1.482719 -43.403801
v -104.367325 1.482719 -36.070721
v 112.046524 1.482719 -36.070721
v -104.367325 -19.203529 -36.070721
v 112.046524 -19.203529 -36.070721
v -104.367325 -20.420525 -36.070721
v 112.046524 -20.420525 -36.070721
v 114.790726 19.221388 -45.399033
v 111.137398 19.221388 -47.508270
v 106.918915 19.221388 -47.508270
v 103.265587 19.221388 -45.399033
v 101.156342 19.221388 -41.745705
v 101.156342 19.221388 -37.527199
v 103.265587 19.221388 -33.873909
v 106.918915 19.221388 -31.764648
v 111.137398 19.221388 -31.764648
v 114.790703 19.221388 -33.873894
v 116.899963 19.221388 -37.527199
v 116.899963 19.221388 -41.745705
v 114.790726 34.313057 -45.399033
v 111.137398 34.313057 -47.508270
v 106.918915 34.313057 -47.508270
v 103.265587 34.313057 -45.399033
v 101.156342 34.313057 -41.745705
v 101.156342 34.313057 -37.527199
v 103.265587 34.313057 -33.873909
v 106.918915 34.313057 -31.764648
v 111.137398 34.313057 -31.764648
v 114.790703 34.313057 -33.873894
v 116.899963 34.313057 -37.527199
v 116.899963 34.313057 -41.745705
v 115.366974 34.313057 -45.975288
v 111.348320 34.313057 -48.295456
v 106.707993 34.313057 -48.295456
v 102.689331 34.313057 -45.975288
v 100.369156 34.313057 -41.956627
v 100.369156 34.313057 -37.316277
v 102.689331 34.313057 -33.297653
v 106.707993 34.313057 -30.977472
v 111.348320 34.313057 -30.977472
v 115.366959 34.313057 -33.297638
v 117.687149 34.313057 -37.316277
v 117.687149 34.313057 -41.956627
v 113.849022 36.810177 -44.457321
v 110.792709 36.810177 -46.221886
v 107.263596 36.810177 -46.221886
v 104.207291 36.810177 -44.457321
v 102.442726 36.810177 -41.401016
v 102.442726 36.810177 -37.871891
v 104.207291 36.810177 -34.815605
v 107.263596 36.810177 -33.051044
v 110.792709 36.810177 -33.051044
v 113.849007 36.810177 -34.815598
v 115.613571 36.810177 -37.871891
v 115.613571 36.810177 -41.401016
v 110.267059 39.718536 -44.260155
v 112.412926 39.718536 -43.021240
v 107.789238 39.718536 -44.260155
v 105.643379 39.718536 -43.021240
v 104.404442 39.718536 -40.875378
v 104.404442 39.718536 -38.397545
v 105.643379 39.718536 -36.251694
v 107.789238 39.718536 -35.012764
v 110.267059 39.718536 -35.012764
v 112.412926 39.718536 -36.251686
v 113.651855 39.718536 -38.397545
v 113.651855 39.718536 -40.875378
v 109.783203 42.846024 -42.454395
v 111.091019 42.846024 -41.699333
v 108.273094 42.846024 -42.454395
v 106.965286 42.846024 -41.699333
v 106.210220 42.846024 -40.391525
v 106.210220 42.846024 -38.881397
v 106.965286 42.846024 -37.573601
v 108.273094 42.846024 -36.818542
v 109.783203 42.846024 -36.818542
v 111.091019 42.846024 -37.573601
v 111.846077 42.846024 -38.881397
v 111.846077 42.846024 -40.391525
v 109.028145 48.424988 -39.636459
v 109.028130 19.221388 -39.636444
v -96.519585 -24.015045 19.259377
v 104.198784 -24.015045 19.259377
v -85.458496 -24.015045 16.844704
v 93.137695 -24.015045 16.844704
v -96.519585 -24.015045 27.979149
v 104.198784 -24.015045 27.979149
v -87.873161 -24.015045 27.979149
v 95.552361 -24.015045 27.979149
v -26.642912 -24.015045 19.259377
v 34.322117 -24.015045 19.259377
v -26.642912 -24.015045 27.979149
v 34.322117 -24.015045 27.979149
v -96.519585 -24.015045 16.241035
v 104.198784 -24.015045 16.241035
v -87.305305 -24.015045 14.430038
v 94.984505 -24.015045 14.430038
v -82.828957 -24.015045 18.655708
v 90.508156 -24.015045 18.655708
v -84.675766 -24.015045 27.979149
v 92.354965 -24.015045 27.979149
v -96.519585 -24.015045 12.766769
v 104.198784 -24.015045 12.766769
v -87.873161 -24.015045 12.766769
v 95.552361 -24.015045 12.766769
v -80.732750 -24.015045 19.259377
v 88.411949 -24.015045 19.259377
v -80.732750 -24.015045 27.979149
v 88.411949 -24.015045 27.979149
v -80.732750 -24.618710 27.979149
v 88.411949 -24.618710 27.979149
v -80.732750 -24.618710 19.259377
v 88.411949 -24.618710 19.259377
v -87.873161 -24.618710 12.766769
v 95.552361 -24.618710 12.766769
v -96.519585 -24.618710 12.766769
v 104.198784 -24.618710 12.766769
v -84.675766 -24.618710 27.979149
v 92.354965 -24.618710 27.979149
v -82.828957 -24.618710 18.655708
v 90.508156 -24.618710 18.655708
v -87.305305 -24.618710 14.430038
v 94.984505 -24.618710 14.430038
v -96.519585 -24.618710 16.241035
v 104.198784 -24.618710 16.241035
v -26.642912 -24.618710 27.979149
v 34.322117 -24.618710 27.979149
v -26.642912 -24.618710 19.259377
v 34.322117 -24.618710 19.259377
v -87.873161 -24.618710 27.979149
v 95.552361 -24.618710 27.979149
v -96.519585 -24.618710 27.979149
v 104.198784 -24.618710 27.979149
v -85.458496 -24.618710 16.844704
v 93.137695 -24.618710 16.844704
v -96.519585 -24.618710 19.259377
v 104.198784 -24.618710 19.259377
v -30.475145 -20.420525 -163.553345
v 38.154350 -20.420525 -163.553345
v -30.475145 -19.203529 -163.553345
v 38.154350 -19.203529 -163.553345
v -30.475145 1.482719 -163.553345
v 38.154350 1.482719 -163.553345
v -23.142067 1.482719 -163.553345
v 30.821274 1.482719 -163.553345
v -23.142067 -19.203529 -163.553345
v 30.821274 -19.203529 -163.553345
v -23.142067 7.838135 -163.553345
v 30.821274 7.838135 -163.553345
v -23.142067 -20.420525 -163.553345
v 30.821274 -20.420525 -163.553345
v -23.136570 19.485222 -163.553345
v 30.815775 19.485222 -163.553345
v -30.469648 19.485222 -163.553345
v 38.148853 19.485222 -163.553345
v -23.142067 -39.535252 -163.553345
v 30.821274 -39.535252 -163.553345
v -30.475145 -39.535252 -163.553345
v 38.154350 -39.535252 -163.553345
v 3.839603 1.539191 -157.516678
v 3.839603 7.838135 -154.848846
v 3.839603 11.662853 -157.516678
v -10.148666 12.039656 -154.848831
v 17.827875 12.039656 -154.848831
v 3.839603 5.584748 -157.516678
v 3.839603 12.039656 -154.848846
v -23.720737 29.390091 -157.516678
v 31.399944 29.390091 -157.516678
v -17.684069 29.390091 -157.516678
v 25.363276 29.390091 -157.516678
v -11.647398 29.390091 -157.516678
v 19.326605 29.390091 -157.516678
v -5.610731 29.390091 -157.516678
v 13.289938 29.390091 -157.516678
v 3.839603 29.390091 -157.516678
v -23.720739 29.390091 -154.848831
v 31.399946 29.390091 -154.848831
v -17.684069 29.390091 -154.848831
v 25.363276 29.390091 -154.848831
v 3.839603 29.390091 -154.848831
v -5.610731 29.390091 -154.848831
v 13.289938 29.390091 -154.848831
v -11.647398 29.390091 -154.848831
v 19.326605 29.390091 -154.848831
v -15.830629 20.088890 -157.516678
v 23.509836 20.088890 -157.516678
v -3.352889 19.485222 -157.516678
v 11.032097 19.485222 -157.516678
v -16.335899 19.485222 -154.848831
v 24.015104 19.485222 -154.848831
v -3.352889 19.485222 -154.848831
v 11.032097 19.485222 -154.848831
v -9.238642 22.503557 -157.516678
v 16.917849 22.503557 -157.516678
v -10.144142 19.485222 -154.848831
v 17.823349 19.485222 -154.848831
v 3.839603 19.485222 -157.516678
v 3.839603 19.485222 -154.848846
v -11.647398 34.219429 -154.848831
v 19.326605 34.219429 -154.848831
v -11.647398 34.219429 -157.516678
v 19.326605 34.219429 -157.516678
v -5.610731 34.219429 -154.848831
v 13.289938 34.219429 -154.848831
v -5.610731 34.219429 -157.516678
v 13.289938 34.219429 -157.516678
v -17.684069 34.219429 -157.516678
v 25.363276 34.219429 -157.516678
v -17.684069 34.219429 -154.848831
v 25.363276 34.219429 -154.848831
v -20.988047 -39.535252 -157.516678
v 28.667253 -39.535252 -157.516678
v -20.988047 -20.420525 -157.516678
v 28.667253 -20.420525 -157.516678
v -20.988047 1.482719 -157.516678
v 28.667253 1.482719 -157.516678
v -20.988047 7.838135 -157.516678
v 28.667253 7.838135 -157.516678
v -20.978998 19.485222 -157.516678
v 28.658205 19.485222 -157.516678
v -23.720737 34.219429 -157.516678
v 31.399944 34.219429 -157.516678
v -23.720739 34.219429 -154.848831
v 31.399946 34.219429 -154.848831
v -21.606710 19.485222 -154.848831
v 29.285915 19.485222 -154.848831
v -21.614727 7.838135 -154.848831
v 29.293934 7.838135 -154.848831
v -21.614727 1.482719 -154.848831
v 29.293934 1.482719 -154.848831
v -21.614920 -20.370018 -154.848831
v 29.294125 -20.370018 -154.848831
v -21.614727 -39.535252 -154.848831
v 29.293934 -39.535252 -154.848831
v -20.988047 -19.203529 -157.516678
v 28.667253 -19.203529 -157.516678
v 3.839603 -39.535248 -160.969299
v 3.839603 -22.835194 -160.969299
v 3.839603 -19.203529 -160.307510
v 3.839603 -0.328281 -158.653046
v 0.324035 -39.535248 -160.969299
v 7.355172 -39.535248 -160.969299
v -0.382252 -39.535252 -157.516678
v 8.061459 -39.535252 -157.516678
v 0.324035 -22.835194 -160.969299
v 7.355172 -22.835194 -160.969299
v -0.382252 -20.420525 -157.516678
v 8.061459 -20.420525 -157.516678
v 0.324035 -19.203529 -160.307510
v 7.355172 -19.203529 -160.307510
v -0.382252 -19.203529 -157.516678
v 8.061459 -19.203529 -157.516678
v 0.837152 -0.328281 -158.653046
v 6.842055 -0.328281 -158.653046
v 0.595685 1.042611 -157.516678
v 7.083522 1.042611 -157.516678
v -60.192654 1.042611 -157.516678
v 67.871857 1.042611 -157.516678
v -59.951180 -0.328281 -158.653046
v 67.630386 -0.328281 -158.653046
v -61.170574 -19.203529 -157.516678
v 68.849777 -19.203529 -157.516678
v -60.464298 -19.203529 -160.307510
v 68.143501 -19.203529 -160.307510
v -61.170574 -20.420525 -157.516678
v 68.849777 -20.420525 -157.516678
v -60.464298 -22.835194 -160.969299
v 68.143501 -22.835194 -160.969299
v -61.170574 -39.535252 -157.516678
v 68.849777 -39.535252 -157.516678
v -60.464298 -39.535248 -160.969299
v 68.143501 -39.535248 -160.969299
v -53.673042 1.042611 -157.516678
v 61.352249 1.042611 -157.516678
v -53.914509 -0.328281 -158.653046
v 61.593716 -0.328281 -158.653046
v -52.695107 -19.203529 -157.516678
v 60.374313 -19.203529 -157.516678
v -53.401394 -19.203529 -160.307510
v 61.080601 -19.203529 -160.307510
v -52.695107 -20.420525 -157.516678
v 60.374313 -20.420525 -157.516678
v -53.401394 -22.835194 -160.969299
v 61.080601 -22.835194 -160.969299
v -52.695107 -39.535252 -157.516678
v 60.374313 -39.535252 -157.516678
v -53.401394 -39.535248 -160.969299
v 61.080601 -39.535248 -160.969299
v -56.932846 -0.328281 -158.653046
v 64.612053 -0.328281 -158.653046
v -56.932846 -19.203529 -160.307510
v 64.612053 -19.203529 -160.307510
v -56.932846 -22.835194 -160.969299
v 64.612053 -22.835194 -160.969299
v -56.932846 -39.535248 -160.969299
v 64.612053 -39.535248 -160.969299
v -84.097855 -19.203529 -157.516678
v 91.777054 -19.203529 -157.516678
v -84.097855 -39.535255 -154.848846
v 91.777054 -39.535255 -154.848846
v -84.097855 -20.370018 -154.848846
v 91.777054 -20.370018 -154.848846
v -84.097855 1.482719 -154.848846
v 91.777054 1.482719 -154.848846
v -84.097855 7.838135 -154.848846
v 91.777054 7.838135 -154.848846
v -84.093330 19.485222 -154.848846
v 91.772530 19.485222 -154.848846
v -84.087418 34.219429 -154.848846
v 91.766617 34.219429 -154.848846
v -84.087418 34.219429 -157.516678
v 91.766617 34.219429 -157.516678
v -84.093330 19.485222 -157.516678
v 91.772530 19.485222 -157.516678
v -84.097855 7.838135 -157.516678
v 91.777054 7.838135 -157.516678
v -84.097855 1.482719 -157.516678
v 91.777054 1.482719 -157.516678
v -84.097855 -20.420525 -157.516678
v 91.777054 -20.420525 -157.516678
v -84.097855 -39.535255 -157.516678
v 91.777054 -39.535255 -157.516678
v -33.061367 -19.203529 -157.516678
v 40.740574 -19.203529 -157.516678
v -33.061367 1.482719 -157.516678
v 40.740574 1.482719 -157.516678
v -33.061367 -20.420525 -157.516678
v 40.740574 -20.420525 -157.516678
v -32.308952 -39.535252 -154.848846
v 39.988155 -39.535252 -154.848846
v -32.308716 -20.370018 -154.848846
v 39.987923 -20.370018 -154.848846
v -32.308952 1.482719 -154.848846
v 39.988155 1.482719 -154.848846
v -29.845503 12.039656 -154.848846
v 37.524708 12.039656 -154.848846
v -32.300934 19.485222 -154.848846
v 39.980141 19.485222 -154.848846
v -33.052319 19.485222 -157.516678
v 40.731525 19.485222 -157.516678
v -33.061367 -39.535252 -157.516678
v 40.740574 -39.535252 -157.516678
v -78.050751 34.219429 -154.848831
v 85.729950 34.219429 -154.848831
v -78.050751 34.219429 -157.516678
v 85.729950 34.219429 -157.516678
v -65.977409 34.219429 -157.516678
v 73.656609 34.219429 -157.516678
v -65.977409 34.219429 -154.848831
v 73.656609 34.219429 -154.848831
v -72.014084 34.219429 -157.516678
v 79.693283 34.219429 -157.516678
v -72.014084 34.219429 -154.848831
v 79.693283 34.219429 -154.848831
v -59.940746 34.219429 -154.848831
v 67.619949 34.219429 -154.848831
v -59.940746 34.219429 -157.516678
v 67.619949 34.219429 -157.516678
v -53.904068 34.219429 -154.848846
v 61.583275 34.219429 -154.848846
v -53.904068 34.219429 -157.516678
v 61.583275 34.219429 -157.516678
v -41.830723 34.219429 -157.516678
v 49.509930 34.219429 -157.516678
v -41.830723 34.219429 -154.848846
v 49.509930 34.219429 -154.848846
v -47.867397 34.219429 -157.516678
v 55.546604 34.219429 -157.516678
v -47.867397 34.219429 -154.848846
v 55.546604 34.219429 -154.848846
v -35.794052 34.219429 -154.848846
v 43.473259 34.219429 -154.848846
v -35.794052 34.219429 -157.516678
v 43.473259 34.219429 -157.516678
v -29.757391 34.219429 -154.848846
v 37.436596 34.219429 -154.848846
v -29.757383 34.219429 -157.516678
v 37.436588 34.219429 -157.516678
v -56.928322 19.485222 -154.848846
v 64.607529 19.485222 -154.848846
v -56.928322 19.485222 -157.516678
v 64.607529 19.485222 -157.516678
v -70.510826 19.485222 -154.848831
v 78.190025 19.485222 -154.848831
v -43.345814 19.485222 -154.848846
v 51.025021 19.485222 -154.848846
v -69.605324 22.503557 -157.516678
v 77.284523 22.503557 -157.516678
v -43.732979 22.503557 -157.516678
v 51.412186 22.503557 -157.516678
v -63.719570 19.485222 -154.848831
v 71.398766 19.485222 -154.848831
v -77.302078 19.485222 -154.848831
v 84.981277 19.485222 -154.848831
v -50.137066 19.485222 -154.848846
v 57.816273 19.485222 -154.848846
v -37.188087 19.485222 -154.848846
v 44.867294 19.485222 -154.848846
v -63.719570 19.485222 -157.516678
v 71.398766 19.485222 -157.516678
v -79.113075 20.088890 -157.516678
v 86.792274 20.088890 -157.516678
v -50.137066 19.485222 -157.516678
v 57.816273 19.485222 -157.516678
v -36.935081 16.060966 -157.516678
v 44.614285 16.060966 -157.516678
v -72.014084 29.390091 -154.848831
v 79.693283 29.390091 -154.848831
v -65.977409 29.390091 -154.848831
v 73.656609 29.390091 -154.848831
v -59.940746 29.390091 -154.848831
v 67.619949 29.390091 -154.848831
v -78.050751 29.390091 -154.848831
v 85.729950 29.390091 -154.848831
v -84.087418 29.390091 -154.848846
v 91.766617 29.390091 -154.848846
v -47.867397 29.390091 -154.848846
v 55.546604 29.390091 -154.848846
v -53.904068 29.390091 -154.848846
v 61.583275 29.390091 -154.848846
v -41.830723 29.390091 -154.848846
v 49.509930 29.390091 -154.848846
v -29.757391 29.390091 -154.848846
v 37.436596 29.390091 -154.848846
v -59.940746 29.390091 -157.516678
v 67.619949 29.390091 -157.516678
v -65.977409 29.390091 -157.516678
v 73.656609 29.390091 -157.516678
v -72.014084 29.390091 -157.516678
v 79.693283 29.390091 -157.516678
v -78.050751 29.390091 -157.516678
v 85.729950 29.390091 -157.516678
v -84.087418 29.390091 -157.516678
v 91.766617 29.390091 -157.516678
v -53.904068 29.390091 -157.516678
v 61.583275 29.390091 -157.516678
v -47.867397 29.390091 -157.516678
v 55.546604 29.390091 -157.516678
v -41.830723 29.390091 -157.516678
v 49.509930 29.390091 -157.516678
v -29.757383 29.390091 -157.516678
v 37.436588 29.390091 -157.516678
v -35.794052 29.390091 -154.848846
v 43.473259 29.390091 -154.848846
v -35.794052 29.390091 -157.516678
v 43.473259 29.390091 -157.516678
v -56.932846 12.039656 -154.848846
v 64.612053 12.039656 -154.848846
v -56.932846 5.584748 -157.516678
v 64.612053 5.584748 -157.516678
v -70.515350 12.039656 -154.848831
v 78.194550 12.039656 -154.848831
v -43.350338 12.039656 -154.848846
v 51.029545 12.039656 -154.848846
v -67.798851 11.662853 -157.516678
v 75.478043 11.662853 -157.516678
v -46.066841 8.246527 -157.516678
v 53.746044 8.246527 -157.516678
v -56.932846 7.838135 -154.848846
v 64.612053 7.838135 -154.848846
v -56.932846 1.539191 -157.516678
v 64.612053 1.539191 -157.516678
v 3.839603 1.482719 -154.848831
v 3.839603 -20.370018 -154.848831
v 3.839603 -39.535252 -154.848831
v 0.530103 29.390091 -157.516678
v 7.149104 29.390091 -157.516678
v 0.530103 29.390091 -154.848831
v 7.149104 29.390091 -154.848831
v 0.530103 34.171219 -154.848831
v 7.149104 34.171219 -154.848831
v 0.530103 34.171219 -157.516678
v 7.149104 34.171219 -157.516678
v 3.839603 34.171219 -154.848831
v 3.839603 34.171219 -157.516678
v -96.519577 -24.618710 -146.592606
v 104.198776 -24.618710 -146.592606
v -85.458496 -24.618710 -144.177948
v 93.137695 -24.618710 -144.177948
v -96.519577 -24.618710 -155.312378
v 104.198776 -24.618710 -155.312378
v -87.873161 -24.618710 -155.312378
v 95.552361 -24.618710 -155.312378
v 3.839603 -24.618710 -146.592606
v 3.839603 -24.618710 -155.312378
v -96.519577 -24.618710 -143.574280
v 104.198776 -24.618710 -143.574280
v -87.305305 -24.618710 -141.763275
v 94.984505 -24.618710 -141.763275
v -82.828957 -24.618710 -145.988953
v 90.508156 -24.618710 -145.988953
v -84.675766 -24.618710 -155.312378
v 92.354965 -24.618710 -155.312378
v -96.519577 -24.618710 -140.100006
v 104.198776 -24.618710 -140.100006
v -87.873161 -24.618710 -140.100006
v 95.552361 -24.618710 -140.100006
v -80.732750 -24.618710 -146.592606
v 88.411949 -24.618710 -146.592606
v -80.732750 -24.618710 -155.312378
v 88.411949 -24.618710 -155.312378
v -80.732750 -24.015045 -155.312378
v 88.411949 -24.015045 -155.312378
v -80.732750 -24.015045 -146.592606
v 88.411949 -24.015045 -146.592606
v -87.873161 -24.015045 -140.100006
v 95.552361 -24.015045 -140.100006
v -96.519577 -24.015045 -140.100006
v 104.198776 -24.015045 -140.100006
v -84.675766 -24.015045 -155.312378
v 92.354965 -24.015045 -155.312378
v -82.828957 -24.015045 -145.988953
v 90.508156 -24.015045 -145.988953
v -87.305305 -24.015045 -141.763275
v 94.984505 -24.015045 -141.763275
v -96.519577 -24.015045 -143.574280
v 104.198776 -24.015045 -143.574280
v 3.839603 -24.015045 -155.312378
v 3.839603 -24.015045 -146.592606
v -87.873161 -24.015045 -155.312378
v 95.552361 -24.015045 -155.312378
v -96.519577 -24.015045 -155.312378
v 104.198776 -24.015045 -155.312378
v -85.458496 -24.015045 -144.177948
v 93.137695 -24.015045 -144.177948
v -96.519577 -24.015045 -146.592606
v 104.198776 -24.015045 -146.592606
v -3.840744 -9.106579 29.974152
v 11.519951 -9.106579 29.974152
v -0.494704 -5.399593 29.980637
v 8.173911 -5.399593 29.980637
v 3.839603 -4.404783 29.967506
v -3.837441 -9.104528 25.652206
v 11.516648 -9.104528 25.652206
v -0.462597 -5.397272 25.643105
v 8.141804 -5.397272 25.643105
v 3.839603 -4.419695 25.657013
v 13.183235 -34.883598 27.831924
v -5.504029 -34.883598 27.831924
v 8.127342 -34.883598 27.348991
v -0.448135 -34.883598 27.348991
v 13.180496 -39.209679 50.291550
v -5.501289 -39.209679 50.291550
v 13.183235 -39.506680 27.831924
v -5.504029 -39.506680 27.831924
v 13.183233 -39.506680 39.277451
v -5.504027 -39.506680 39.277451
v 13.183233 -39.506680 44.782898
v -5.504027 -39.506680 44.782898
v 13.183233 -39.506680 45.700470
v -5.504027 -39.506680 45.700470
v 13.183233 -39.506680 46.618034
v -5.504027 -39.506680 46.618034
v 13.183233 -39.506680 49.370766
v -5.504027 -39.506680 49.370766
v 13.183233 -39.506680 43.865318
v -5.504027 -39.506680 43.865318
v 13.183233 -39.506680 42.947746
v -5.504027 -39.506680 42.947746
v 13.183233 -39.506680 42.030167
v -5.504027 -39.506680 42.030167
v 13.183233 -39.506680 41.112595
v -5.504027 -39.506680 41.112595
v 13.183233 -39.506680 40.195030
v -5.504027 -39.506680 40.195030
v 13.183233 -39.506680 38.359879
v -5.504027 -39.506680 38.359879
v 13.183235 -39.506680 36.524727
v -5.504029 -39.506680 36.524727
v 13.183233 -39.506680 37.442299
v -5.504027 -39.506680 37.442299
v 13.183233 -39.506680 47.535614
v -5.504027 -39.506680 47.535614
v 13.183233 -39.506680 48.453186
v -5.504027 -39.506680 48.453186
v 8.147106 -34.092064 27.831924
v -0.467899 -34.092064 27.831924
v 13.183235 -34.109898 27.831924
v -5.504029 -34.109898 27.831924
v -0.467899 -34.883598 27.831924
v 8.147106 -34.883598 27.831924
v 13.183233 -37.896099 49.370766
v -5.504027 -37.896099 49.370766
v 13.183233 -37.084770 46.618034
v -5.504027 -37.084770 46.618034
v 13.183233 -34.921227 39.277451
v -5.504027 -34.921227 39.277451
v 13.183233 -36.543880 44.782898
v -5.504027 -36.543880 44.782898
v 10.767646 -38.939232 51.205910
v -3.088439 -38.939232 51.205910
v 13.180496 -39.480118 50.291550
v -5.501289 -39.480118 50.291550
v -3.089355 -38.398350 49.370766
v -3.089355 -37.587021 46.618034
v 10.768561 -36.775692 43.865318
v -3.089355 -36.775692 43.865318
v -3.089355 -36.505245 42.947746
v -3.089355 -36.234806 42.030167
v 10.768561 -35.964363 41.112595
v -3.089355 -35.964363 41.112595
v -3.089355 -35.693916 40.195030
v -3.089355 -35.423477 39.277451
v -3.089355 -35.153034 38.359879
v -3.089355 -38.668793 50.288338
v 10.768567 -34.882629 36.524727
v -3.089360 -34.882629 36.524727
v -3.089355 -34.883244 37.442299
v -3.089355 -37.046135 44.782898
v -3.089355 -37.316574 45.700470
v -3.089355 -37.857464 47.535614
v -3.089355 -38.127903 48.453186
v 13.183233 -36.273441 43.865318
v -5.504027 -36.273441 43.865318
v 13.183233 -36.002995 42.947746
v -5.504027 -36.002995 42.947746
v 13.183233 -35.732555 42.030167
v -5.504027 -35.732555 42.030167
v 13.183233 -35.462112 41.112595
v -5.504027 -35.462112 41.112595
v 13.183233 -35.191669 40.195030
v -5.504027 -35.191669 40.195030
v 13.183233 -34.650784 38.359879
v -5.504027 -34.650784 38.359879
v 13.180496 -38.166538 50.291550
v -5.501289 -38.166538 50.291550
v 13.183235 -34.109898 36.524727
v -5.504029 -34.109898 36.524727
v 13.183233 -34.380341 37.442299
v -5.504027 -34.380341 37.442299
v 13.183233 -36.814323 45.700470
v -5.504027 -36.814323 45.700470
v 13.183233 -37.355209 47.535614
v -5.504027 -37.355209 47.535614
v 13.183233 -37.625652 48.453186
v -5.504027 -37.625652 48.453186
v 10.768565 -37.896099 49.370766
v -3.089358 -37.896099 49.370766
v 10.768565 -37.084770 46.618034
v -3.089358 -37.084770 46.618034
v 10.768565 -36.273441 43.865318
v -3.089358 -36.273441 43.865318
v 10.768565 -36.002995 42.947746
v -3.089358 -36.002995 42.947746
v 10.768565 -35.732555 42.030167
v -3.089358 -35.732555 42.030167
v 10.768565 -35.462112 41.112595
v -3.089358 -35.462112 41.112595
v 10.768565 -35.191669 40.195030
v -3.089358 -35.191669 40.195030
v 10.768565 -34.921227 39.277451
v -3.089358 -34.921227 39.277451
v 10.768565 -34.650784 38.359879
v -3.089358 -34.650784 38.359879
v 10.767646 -38.436981 51.205910
v -3.088439 -38.436981 51.205910
v 10.768565 -38.166538 50.288338
v -3.089358 -38.166538 50.288338
v 10.768565 -34.380341 37.442299
v -3.089358 -34.380341 37.442299
v 10.768567 -34.109898 36.524727
v -3.089360 -34.109898 36.524727
v 10.768565 -36.814323 45.700470
v -3.089358 -36.814323 45.700470
v 10.768565 -36.543880 44.782898
v -3.089358 -36.543880 44.782898
v 10.768565 -37.625652 48.453186
v -3.089358 -37.625652 48.453186
v 10.768565 -37.355209 47.535614
v -3.089358 -37.355209 47.535614
v 10.768565 -36.234806 41.112595
v 10.768561 -34.883244 37.442299
v 10.768565 -37.316574 44.782898
v 10.768561 -37.046135 44.782898
v 10.768565 -37.587021 45.700470
v 10.768561 -37.587021 46.618034
v 10.768561 -37.857464 47.535614
v 10.768565 -38.127903 47.535614
v 10.768565 -38.398350 48.453186
v 10.768561 -38.668793 50.288338
v 10.768565 -38.939232 50.288338
v 10.768561 -38.398350 49.370766
v 10.768565 -38.668793 49.370766
v 10.768561 -38.127903 48.453186
v 10.768561 -37.316574 45.700470
v 10.768561 -35.153034 38.359879
v 10.768565 -35.423477 38.359879
v 10.768561 -35.423477 39.277451
v 10.768561 -35.693916 40.195030
v 10.768565 -35.964363 40.195030
v 10.768565 -37.046135 43.865318
v 10.768565 -36.505245 42.030167
v 10.768561 -36.234806 42.030167
v 10.768561 -36.505245 42.947746
v -3.089358 -38.668793 49.370766
v 10.767646 -39.209679 51.205910
v -3.088439 -39.209679 51.205910
v 10.768565 -37.857464 46.618034
v -3.089358 -37.857464 46.618034
v -3.089358 -35.423477 38.359879
v -3.089358 -35.964363 40.195030
v -3.089358 -37.046135 43.865318
v -3.089358 -36.505245 42.030167
v 10.768565 -36.775692 42.947746
v -3.089358 -36.775692 42.947746
v 10.765808 -39.209679 52.123482
v -3.086600 -39.209679 52.123482
v 10.765812 -39.480118 52.123482
v -3.086605 -39.480118 52.123482
v 12.590992 -39.209679 51.505493
v -4.911786 -39.209679 51.505493
v 12.590996 -39.480118 51.505486
v -4.911789 -39.480118 51.505486
v -3.089358 -38.939232 50.288338
v -3.089358 -38.398350 48.453186
v -3.089358 -38.127903 47.535614
v -3.089358 -37.587021 45.700470
v -3.089358 -37.316574 44.782898
v 10.768565 -35.153034 37.442299
v -3.089358 -35.153034 37.442299
v 10.768565 -35.693916 39.277451
v -3.089358 -35.693916 39.277451
v -3.089358 -36.234806 41.112595
v -19.175404 18.313879 48.019371
v -24.379793 18.313879 48.462677
v -19.175404 25.149302 47.827866
v -24.379793 25.149302 48.381996
v -19.175404 32.412163 48.269325
v -24.379793 32.412163 48.823456
v -19.175404 37.031410 48.583145
v -24.379793 37.031410 48.890999
v 30.414867 37.031410 48.890999
v 35.619251 37.031410 48.583145
v 30.414867 32.412163 48.823456
v 35.619251 32.412163 48.269325
v 30.414867 25.149302 48.381996
v 35.619251 25.149302 47.827866
v 30.414867 18.313879 48.462677
v 35.619251 18.313879 48.019371
v 22.121601 36.041489 44.010086
v 19.643162 36.041489 41.976074
v 28.017012 36.041489 46.451973
v 34.398190 36.041489 46.451973
v 37.466137 36.041489 45.521255
v 40.293571 36.041489 44.009888
v 46.317020 36.041489 36.670273
v 44.805660 36.041489 21.325737
v 42.771786 36.041489 18.847427
v 40.293499 36.041489 16.813599
v 37.466011 36.041489 15.302238
v 24.948938 36.041489 15.302338
v 17.609316 36.041489 21.325737
v 16.098003 36.041489 24.153122
v 15.167339 36.041489 33.602325
v 16.098003 36.041489 36.670372
v 17.609293 36.041489 39.497749
v 21.213009 36.041489 45.369926
v 18.486725 36.041489 43.132500
v 24.323217 36.041489 47.032310
v 27.697964 36.041489 48.055992
v 31.207623 36.041489 48.401649
v 34.717258 36.041489 48.055992
v 38.091999 36.041489 47.032204
v 41.215916 36.041489 45.369705
v 43.928326 36.041489 43.132500
v 46.165554 36.041489 40.406357
v 47.827969 36.041489 37.296120
v 48.851681 36.041489 33.921379
v 49.197330 36.041489 30.411690
v 48.851681 36.041489 26.902000
v 47.827919 36.041489 23.527260
v 46.165470 36.041489 20.417137
v 43.928215 36.041489 17.690994
v 41.202099 36.041489 15.453789
v 38.091866 36.041489 13.791290
v 34.717121 36.041489 12.767609
v 31.207487 36.041489 12.421951
v 27.697826 36.041489 12.767609
v 24.323080 36.041489 13.791397
v 21.212873 36.041489 15.453789
v 18.486784 36.041489 17.690994
v 16.249495 36.041489 20.417137
v 14.587053 36.041489 23.527260
v 13.563318 36.041489 26.902107
v 13.217638 36.041489 30.411690
v 13.563318 36.041489 33.921379
v 14.587053 36.041489 37.296234
v 16.249470 36.041489 40.406357
v 18.486725 36.645157 43.132500
v 21.213009 36.645157 45.369926
v 24.323217 36.645157 47.032310
v 27.697964 36.645157 48.055992
v 31.207623 36.645157 48.401649
v 34.717258 36.645157 48.055992
v 38.091999 36.645157 47.032204
v 41.202179 36.645157 45.369705
v 43.928326 36.645157 43.132500
v 46.165554 36.645157 40.406357
v 47.827969 36.645157 37.296120
v 48.851681 36.645157 33.921379
v 49.197330 36.645157 30.411690
v 48.851681 36.645157 26.902000
v 47.827919 36.645157 23.527260
v 46.165470 36.645157 20.417137
v 43.928215 36.645157 17.690994
v 41.202099 36.645157 15.453789
v 38.091866 36.645157 13.791290
v 34.717121 36.645157 12.767609
v 31.207487 36.645157 12.421951
v 27.697826 36.645157 12.767609
v 24.323080 36.645157 13.791397
v 21.212873 36.645157 15.453789
v 18.486784 36.645157 17.690994
v 16.249495 36.645157 20.417137
v 14.587053 36.645157 23.527260
v 13.563318 36.645157 26.902107
v 13.217638 36.645157 30.411690
v 13.563318 36.645157 33.921379
v 14.587053 36.645157 37.296234
v 16.249470 36.645157 40.406357
v 29.935440 69.846863 31.683838
v 30.208069 69.846863 31.907578
v 30.519089 69.846863 32.073822
v 30.856565 69.846863 32.176178
v 31.207529 69.846863 32.210747
v 31.558493 69.846863 32.176178
v 31.895967 69.846863 32.073807
v 32.206985 69.846863 31.907555
v 32.479599 69.846863 31.683838
v 32.703323 69.846863 31.411224
v 32.869564 69.846863 31.100197
v 32.971935 69.846863 30.762726
v 33.006500 69.846863 30.411751
v 32.971935 69.846863 30.060783
v 32.869560 69.846863 29.723312
v 32.703316 69.846863 29.412300
v 32.479591 69.846863 29.139679
v 32.206978 69.846863 28.915962
v 31.895954 69.846863 28.749718
v 31.558481 69.846863 28.647346
v 31.207516 69.846863 28.612778
v 30.856550 69.846863 28.647346
v 30.519077 69.846863 28.749725
v 30.208055 69.846863 28.915962
v 29.935446 69.846863 29.139679
v 29.711718 69.846863 29.412300
v 29.545473 69.846863 29.723312
v 29.443100 69.846863 30.060799
v 29.408533 69.846863 30.411751
v 29.443100 69.846863 30.762726
v 29.545473 69.846863 31.100204
v 29.711714 69.846863 31.411224
v 30.415724 69.846878 31.203560
v 30.585417 69.846878 31.342819
v 30.779011 69.846878 31.446289
v 30.989071 69.846878 31.510010
v 31.207525 69.846878 31.531525
v 31.425982 69.846878 31.510010
v 31.636038 69.846878 31.446289
v 31.829630 69.846878 31.342812
v 31.999315 69.846878 31.203560
v 32.138573 69.846878 31.033867
v 32.242046 69.846878 30.840271
v 32.305767 69.846878 30.630211
v 32.327282 69.846878 30.411751
v 32.305767 69.846878 30.193298
v 32.242043 69.846878 29.983238
v 32.138565 69.846878 29.789658
v 31.999310 69.846878 29.619965
v 31.829624 69.846878 29.480713
v 31.636030 69.846878 29.377228
v 31.425972 69.846878 29.313515
v 31.207516 69.846878 29.292000
v 30.989061 69.846878 29.313515
v 30.779003 69.846878 29.377235
v 30.585411 69.846878 29.480713
v 30.415726 69.846878 29.619965
v 30.276468 69.846878 29.789658
v 30.172991 69.846878 29.983238
v 30.109268 69.846878 30.193306
v 30.087753 69.846878 30.411751
v 30.109268 69.846878 30.630211
v 30.172991 69.846878 30.840279
v 30.276466 69.846878 31.033867
v 30.585417 73.468880 31.342819
v 30.415724 73.468880 31.203560
v 30.779011 73.468880 31.446289
v 30.989071 73.468880 31.510010
v 31.207525 73.468880 31.531525
v 31.425982 73.468880 31.510010
v 31.636038 73.468880 31.446289
v 31.829630 73.468880 31.342812
v 31.999315 73.468880 31.203560
v 32.138573 73.468880 31.033867
v 32.242046 73.468880 30.840271
v 32.305767 73.468880 30.630211
v 32.327282 73.468880 30.411751
v 32.305767 73.468880 30.193298
v 32.242043 73.468880 29.983238
v 32.138565 73.468880 29.789658
v 31.999310 73.468880 29.619965
v 31.829624 73.468880 29.480713
v 31.636030 73.468880 29.377228
v 31.425972 73.468880 29.313515
v 31.207516 73.468880 29.292000
v 30.989061 73.468880 29.313515
v 30.779003 73.468880 29.377235
v 30.585411 73.468880 29.480713
v 30.415726 73.468880 29.619965
v 30.276468 73.468880 29.789658
v 30.172991 73.468880 29.983238
v 30.109268 73.468880 30.193306
v 30.087753 73.468880 30.411751
v 30.109268 73.468880 30.630211
v 30.172991 73.468880 30.840279
v 30.276466 73.468880 31.033867
v 13.008698 36.915619 33.976006
v 12.663019 36.915619 30.466316
v 28.853914 70.117325 30.466377
v 28.888481 70.117325 30.817352
v 27.643204 36.915619 12.212990
v 31.152864 36.915619 11.867332
v 31.152893 70.117325 28.058159
v 30.801928 70.117325 28.092728
v 49.406300 36.915619 26.847374
v 49.751953 36.915619 30.357071
v 33.561123 70.117325 30.357124
v 33.526558 70.117325 30.006165
v 34.771877 36.915619 48.610611
v 31.262245 36.915619 48.956268
v 31.262152 70.117325 32.765366
v 31.613115 70.117325 32.730804
v 31.413445 72.896294 30.703392
v 31.468067 73.166763 31.258011
v 31.062481 72.896294 30.737953
v 31.499149 72.896294 30.205826
v 32.053768 73.166763 30.151207
v 32.088333 73.166763 30.502174
v 31.533714 72.896294 30.556793
v 31.001602 72.896294 30.120132
v 30.946980 73.166763 29.565514
v 31.297947 73.166763 29.530945
v 31.352570 72.896294 30.085564
v 30.915890 72.896294 30.617661
v 30.361269 73.166763 30.672287
v 30.326702 73.166763 30.321320
v 30.881321 72.896294 30.266693
v 23.193419 47.717804 38.425827
v 27.136868 58.790436 34.482399
v 24.910978 47.717804 39.835403
v 28.009277 58.790436 35.198372
v 26.870409 47.717804 40.882706
v 29.004543 58.790436 35.730339
v 28.996500 47.717804 41.527626
v 30.084461 58.790436 36.057915
v 31.207584 47.717804 41.745384
v 31.207554 58.790436 36.168526
v 33.418655 47.717804 41.527626
v 32.330635 58.790436 36.057915
v 35.544743 47.717804 40.882645
v 33.410557 58.790436 35.730301
v 37.504154 47.717804 39.835266
v 34.405811 58.790436 35.198303
v 39.221630 47.717804 38.425827
v 35.278179 58.790436 34.482399
v 40.631081 47.717804 36.708359
v 35.994091 58.790436 33.610031
v 41.678406 47.717804 34.748909
v 36.526066 58.790436 32.614754
v 42.323341 47.717804 32.622818
v 36.853649 58.790436 31.534836
v 42.541100 47.717804 30.411713
v 36.964264 58.790436 30.411736
v 42.323341 47.717804 28.200607
v 36.853649 58.790436 29.288635
v 41.678371 47.717804 26.074524
v 36.526047 58.790436 28.208725
v 40.631031 47.717804 24.115143
v 35.994061 58.790436 27.213486
v 39.221558 47.717804 22.397675
v 35.278141 58.790436 26.341110
v 37.504105 47.717804 20.988235
v 34.405785 58.790436 25.625206
v 35.544655 47.717804 19.940865
v 33.410511 58.790436 25.093216
v 33.418568 47.717804 19.295944
v 32.330593 58.790436 24.765633
v 31.207499 47.717804 19.078178
v 31.207508 58.790436 24.655022
v 28.996412 47.717804 19.295944
v 30.084417 58.790436 24.765633
v 26.870323 47.717804 19.940933
v 29.004498 58.790436 25.093239
v 24.910892 47.717804 20.988235
v 28.009233 58.790436 25.625206
v 23.193457 47.717804 22.397675
v 27.136885 58.790436 26.341110
v 21.783964 47.717804 24.115143
v 26.420952 58.790436 27.213486
v 20.736626 47.717804 26.074524
v 25.888971 58.790436 28.208725
v 20.091671 47.717804 28.200684
v 25.561375 58.790436 29.288666
v 19.873892 47.717804 30.411713
v 25.450760 58.790436 30.411736
v 20.091671 47.717804 32.622818
v 25.561375 58.790436 31.534836
v 20.736626 47.717804 34.748970
v 25.888971 58.790436 32.614792
v 21.783947 47.717804 36.708359
v 26.420944 58.790436 33.610031
v 19.374737 47.961220 30.460876
v 25.007061 59.006809 30.455437
v 19.592516 47.961220 32.671982
v 25.117682 59.006809 31.578537
v 31.158337 47.961220 18.579025
v 31.163811 59.006809 24.211319
v 28.947252 47.961220 18.796783
v 30.040720 59.006809 24.321930
v 43.040260 47.961220 30.362549
v 37.407955 59.006809 30.368042
v 42.822498 47.961220 28.151451
v 37.297348 59.006809 29.244942
v 31.256744 47.961220 42.244545
v 31.251251 59.006809 36.612221
v 33.467815 47.961220 42.026787
v 32.374336 59.006809 36.501610
v 17.386112 24.069386 33.107834
v 17.125715 24.069386 30.464005
v 17.144466 5.355786 30.411789
v 17.414694 5.355786 33.155388
v 42.884598 24.069927 38.281601
v 41.173298 24.069927 40.306740
v 41.151543 5.355786 40.355827
v 42.900452 5.355786 38.224823
v 33.903492 24.069378 44.233192
v 31.259684 24.069378 44.493576
v 31.207472 5.355779 44.474823
v 33.951046 5.355779 44.204613
v 23.340618 24.069378 42.091354
v 21.287075 24.069386 40.405998
v 21.263420 5.355786 40.355827
v 23.394459 5.355779 42.104774
v 43.727585 26.391144 35.597794
v 44.498760 26.391144 33.055618
v 44.759140 26.391144 30.411789
v 44.498760 26.391144 27.767960
v 43.727585 26.391144 25.225784
v 42.475300 26.391144 22.882874
v 40.789967 26.391144 20.829285
v 38.736393 26.391144 19.144012
v 36.393497 26.391144 17.891739
v 33.851303 26.391144 17.120529
v 31.207495 26.391144 16.860146
v 28.563705 26.391144 17.120529
v 26.021513 26.391144 17.891739
v 23.678616 26.391144 19.144012
v 21.625023 26.391144 20.829285
v 19.939711 26.391144 22.882874
v 18.687420 26.391144 25.225784
v 17.916248 26.391144 27.767960
v 17.655851 26.385677 30.411789
v 17.916248 26.380217 33.055618
v 23.678568 26.400017 41.679573
v 21.625023 26.400024 39.994225
v 26.021498 26.400017 42.931847
v 28.563686 26.400017 43.703056
v 31.207472 26.400017 43.963432
v 33.851280 26.400017 43.703056
v 36.393475 26.400017 42.931923
v 38.736370 26.400017 41.679573
v 40.763958 26.400024 39.965851
v 42.475254 26.400024 37.940712
v 18.687420 26.400024 35.597794
v 19.939711 26.400024 37.940628
v 14.853081 36.041489 30.411697
v 15.167339 36.041489 27.221169
v 19.643213 36.041489 18.847427
v 22.121479 36.041489 16.813599
v 28.016890 36.041489 14.371628
v 31.207491 36.041489 14.057388
v 34.398064 36.041489 14.371628
v 46.316971 36.041489 24.153122
v 47.247662 36.041489 27.221069
v 47.561893 36.041489 30.411697
v 47.247662 36.041489 33.602325
v 44.805733 36.041489 39.497749
v 42.771889 36.041489 41.976074
v 31.207615 36.041489 46.766197
v 24.949064 36.041489 45.521355
v 19.643162 26.382818 41.976074
v 17.609293 26.382818 39.497749
v 16.098003 26.382818 36.670372
v 15.167339 26.382818 33.602325
v 14.853081 26.382818 30.411697
v 15.167339 26.382818 27.221169
v 16.098003 26.382818 24.153122
v 17.609316 26.382818 21.325737
v 19.643213 26.382818 18.847427
v 22.121479 26.382818 16.813599
v 24.948938 26.382818 15.302338
v 28.016890 26.382818 14.371628
v 31.207491 26.382818 14.057388
v 34.398064 26.382818 14.371628
v 37.466011 26.382818 15.302238
v 40.293499 26.382818 16.813599
v 42.771786 26.382818 18.847427
v 44.805660 26.382818 21.325737
v 46.316971 26.382818 24.153122
v 47.247662 26.382818 27.221069
v 47.561893 26.382818 30.411697
v 47.247662 26.382818 33.602325
v 46.317020 26.382818 36.670273
v 44.805733 26.382818 39.497749
v 42.771889 26.382818 41.976074
v 40.293571 26.382818 44.009888
v 37.466137 26.382818 45.521255
v 34.398190 26.382818 46.451973
v 31.207615 26.382818 46.766197
v 28.017012 26.382818 46.451973
v 24.949064 26.382818 45.521355
v 22.121601 26.382818 44.010086
v 19.964243 4.148452 22.899261
v 23.695004 4.148452 19.168541
v 40.769104 4.148452 20.850143
v 44.469822 4.148452 33.049866
v 33.845524 4.148445 43.674118
v 31.207472 4.148445 43.933929
v 28.569443 4.148445 43.674118
v 26.032784 4.148445 42.904587
v 23.695107 -39.513878 41.655113
v 26.032906 -39.513878 42.904663
v 28.569546 -39.513878 43.674118
v 31.207598 -39.513878 43.933929
v 33.845627 -39.513878 43.674118
v 36.382267 -39.513878 42.904579
v 38.720043 -39.513878 41.654953
v 40.769161 -39.513878 39.973351
v 42.450787 -39.513878 37.924240
v 43.700348 -39.513878 35.586418
v 44.469822 -39.513878 33.049782
v 44.729633 -39.513878 30.411697
v 44.469822 -39.513878 27.773636
v 43.700306 -39.513878 25.237000
v 42.450722 -39.513878 22.899261
v 40.769081 -39.513878 20.850143
v 38.719982 -39.513878 19.168541
v 36.382164 -39.513878 17.918915
v 33.845524 -39.513878 17.149467
v 31.207495 -39.513878 16.889648
v 28.569443 -39.513878 17.149467
v 26.032803 -39.513878 17.918999
v 23.695004 -39.513878 19.168541
v 21.645926 -39.513878 20.850143
v 19.964262 -39.513878 22.899261
v 18.714678 -39.513878 25.237000
v 17.945187 -39.513878 27.773720
v 17.685352 -39.513878 30.411697
v 17.945187 -39.513878 33.049782
v 18.714678 -39.513878 35.586502
v 19.964243 -39.513878 37.924240
v 21.645885 -39.513878 39.973351
v 42.450722 4.148452 37.924316
v 44.729633 4.148452 30.411789
v 43.700325 4.148452 25.237076
v 17.685352 4.148452 30.411789
v 21.645885 4.148452 39.973358
v 19.942011 5.355786 37.939095
v 17.918957 5.355786 33.055077
v 17.658615 5.355786 30.411789
v 18.689970 5.355786 25.226845
v 23.680151 5.355786 19.146309
v 26.022570 5.355786 17.894295
v 36.392441 5.355786 17.894295
v 40.788013 5.355786 20.831238
v 38.734837 5.355779 41.677277
v 33.850742 5.355779 43.700348
v 28.564224 5.355779 43.700348
v 23.678568 24.069454 41.679573
v 26.021498 24.069454 42.931847
v 28.563686 24.069454 43.703056
v 31.207472 24.069454 43.963432
v 33.851280 24.069454 43.703056
v 36.393475 24.069454 42.931923
v 38.736370 24.069454 41.679573
v 40.763958 24.069462 39.965851
v 42.475254 24.069462 37.940712
v 43.727585 24.069462 35.597794
v 44.498760 24.069462 33.055618
v 44.759140 24.069462 30.411789
v 44.498760 24.069462 27.767960
v 43.727585 24.069462 25.225784
v 42.475300 24.069462 22.882874
v 40.789967 24.069462 20.829285
v 38.736393 24.069462 19.144012
v 36.393497 24.069462 17.891739
v 33.851303 24.069462 17.120529
v 31.207495 24.069462 16.860146
v 28.563705 24.069462 17.120529
v 26.021513 24.069462 17.891739
v 23.678616 24.069462 19.144012
v 21.625023 24.069462 20.829285
v 19.939711 24.069462 22.882874
v 18.687420 24.069462 25.225784
v 17.916248 24.069462 27.767960
v 17.655851 24.069462 30.411789
v 17.916248 24.069462 33.055618
v 18.687420 24.069462 35.597794
v 21.625023 24.069462 39.994225
v 19.939711 24.069462 37.940628
v 31.207472 5.355779 43.960670
v 40.787991 5.355786 39.992271
v 42.472958 5.355786 37.939178
v 43.725029 5.355786 35.596733
v 44.756374 5.355786 30.411789
v 44.496048 5.355786 27.768501
v 28.564245 5.355786 17.123238
v 21.626976 5.355786 20.831238
v 17.918957 5.355786 27.768501
v 21.626976 5.355786 39.992271
v 19.942011 5.355786 22.884407
v 31.207495 5.355786 16.862907
v 42.473003 5.355786 22.884407
v 43.725029 5.355786 25.226845
v 44.496048 5.355786 33.055077
v 26.022554 5.355779 42.929291
v 19.964243 4.148452 37.924240
v 42.450764 4.148452 22.899261
v 44.469822 4.148452 27.773720
v 23.680103 5.355779 41.677277
v 36.392418 5.355779 42.929367
v 38.734859 5.355786 19.146309
v 33.850761 5.355786 17.123238
v 18.689970 5.355786 35.596733
v 25.825796 5.355779 43.404297
v 28.463921 5.355779 44.204613
v 36.589172 5.355779 43.404381
v 39.020481 5.355779 42.104774
v 44.200043 5.355786 35.793488
v 45.000313 5.355786 33.155388
v 45.270519 5.355786 30.411789
v 45.000313 5.355786 27.668190
v 44.200043 5.355786 25.030090
v 42.900497 5.355786 22.598763
v 41.151569 5.355786 20.467674
v 39.020504 5.355786 18.718811
v 36.589195 5.355786 17.419289
v 33.951069 5.355786 16.618973
v 31.207495 5.355786 16.348763
v 28.463942 5.355786 16.618973
v 25.825815 5.355786 17.419289
v 23.394505 5.355786 18.718811
v 21.263420 5.355786 20.467674
v 19.514515 5.355786 22.598763
v 18.214966 5.355786 25.030090
v 17.414694 5.355786 27.668190
v 18.214966 5.355786 35.793488
v 19.514515 5.355786 38.224739
v 23.394459 4.148445 42.104774
v 25.825796 4.148445 43.404297
v 28.463921 4.148445 44.204613
v 31.207472 4.148445 44.474823
v 33.951046 4.148445 44.204613
v 36.589172 4.148445 43.404381
v 39.020481 4.148445 42.104774
v 41.151543 4.148452 40.355827
v 42.900452 4.148452 38.224823
v 44.200043 4.148452 35.793488
v 45.000313 4.148452 33.155388
v 45.270519 4.148452 30.411789
v 45.000313 4.148452 27.668190
v 44.200043 4.148452 25.030090
v 42.900497 4.148452 22.598763
v 41.151569 4.148452 20.467674
v 39.020504 4.148452 18.718811
v 36.589195 4.148452 17.419289
v 33.951069 4.148452 16.618973
v 31.207495 4.148452 16.348763
v 28.463942 4.148452 16.618973
v 25.825815 4.148452 17.419289
v 23.394505 4.148452 18.718811
v 21.263420 4.148452 20.467674
v 19.514515 4.148452 22.598763
v 18.214966 4.148452 25.030090
v 17.414694 4.148452 27.668190
v 17.144466 4.148452 30.411789
v 17.414694 4.148452 33.155388
v 18.214966 4.148452 35.793488
v 19.514515 4.148452 38.224739
v 21.263420 4.148452 40.355827
v 23.694963 4.148445 41.655045
v 36.382187 4.148445 42.904671
v 38.719982 4.148445 41.655045
v 40.769081 4.148452 39.973358
v 43.700325 4.148452 35.586502
v 38.720005 4.148452 19.168541
v 36.382206 4.148452 17.918999
v 33.845547 4.148452 17.149467
v 31.207495 4.148452 16.889648
v 28.569464 4.148452 17.149467
v 26.032803 4.148452 17.918999
v 21.645885 4.148452 20.850143
v 18.714678 4.148452 25.237076
v 17.945187 4.148452 27.773720
v 17.945187 4.148452 33.049866
v 18.714678 4.148452 35.586502
v 119.576309 57.169834 30.553711
v 119.262054 57.169834 27.363182
v 119.262054 54.151501 27.363182
v 119.576309 54.151501 30.553711
v 115.108109 57.169834 41.056969
v 117.141975 57.169834 38.578651
v 117.141975 54.151501 38.578651
v 115.108109 54.151501 41.056969
v 118.386795 57.169834 36.249817
v 119.317459 57.169834 33.181763
v 119.317459 54.151501 33.181763
v 118.386795 54.151501 36.249817
v 118.495483 57.169834 24.836090
v 116.984177 57.169834 22.008720
v 116.984177 54.151501 22.008720
v 118.495483 54.151501 24.836090
v 115.308899 57.169834 19.967369
v 112.830643 57.169834 17.933556
v 112.830643 54.151501 17.933556
v 115.308899 54.151501 19.967369
v 110.501678 57.169834 16.688751
v 107.433731 57.169834 15.758034
v 107.433731 54.151501 15.758034
v 110.501678 54.151501 16.688751
v 104.805725 57.169834 15.499214
v 101.615143 57.169834 15.813446
v 101.615143 54.151501 15.813446
v 104.805725 54.151501 15.499214
v 99.088173 57.169834 16.579964
v 96.260681 57.169834 18.091324
v 96.260681 54.151501 18.091324
v 99.088173 54.151501 16.579964
v 94.219368 57.169834 19.766533
v 92.185501 57.169834 22.244843
v 92.185501 54.151501 22.244843
v 94.219368 54.151501 19.766533
v 90.940643 57.169834 24.573700
v 90.009956 57.169834 27.641647
v 90.009956 54.151501 27.641647
v 90.940643 54.151501 24.573700
v 89.751137 57.169834 30.269691
v 90.065376 57.169834 33.460320
v 90.065376 54.151501 33.460320
v 89.751137 54.151501 30.269691
v 90.831932 57.169834 35.987320
v 92.343224 57.169834 38.814804
v 92.343224 54.151501 38.814804
v 90.831932 54.151501 35.987320
v 94.018410 57.169834 40.856110
v 96.496727 57.169834 42.889938
v 96.496727 54.151501 42.889938
v 94.018410 54.151501 40.856110
v 98.825661 57.169834 44.134842
v 101.893616 57.169834 45.065559
v 101.893616 54.151501 45.065559
v 98.825661 54.151501 44.134842
v 104.521599 57.169834 45.324379
v 107.712196 57.169834 45.010147
v 107.712196 54.151501 45.010147
v 104.521599 54.151501 45.324379
v 110.239204 57.169834 44.243622
v 113.066666 57.169834 42.732353
v 113.066666 54.151501 42.732353
v 110.239204 54.151501 44.243622
v 113.749611 57.169834 44.010086
v 110.922150 57.169834 45.521355
v 107.854195 57.169834 46.451973
v 104.663597 57.169834 46.766197
v 101.473022 57.169834 46.451973
v 98.405067 57.169834 45.521255
v 95.577637 57.169834 44.009888
v 93.099319 57.169834 41.976074
v 91.065483 57.169834 39.497749
v 89.554192 57.169834 36.670273
v 88.623550 57.169834 33.602325
v 88.309311 57.169834 30.411697
v 88.623550 57.169834 27.221069
v 89.554237 57.169834 24.153122
v 91.065559 57.169834 21.325737
v 93.099426 57.169834 18.847427
v 95.577713 57.169834 16.813599
v 98.405205 57.169834 15.302238
v 101.473145 57.169834 14.371628
v 104.663727 57.169834 14.057388
v 107.854324 57.169834 14.371628
v 110.922272 57.169834 15.302338
v 113.749733 57.169834 16.813599
v 116.227997 57.169834 18.847427
v 118.261894 57.169834 21.325737
v 119.773209 57.169834 24.153122
v 120.703873 57.169834 33.602325
v 119.773209 57.169834 36.670372
v 116.228050 57.169834 41.976074
v 118.261917 57.169834 39.497749
v 120.703873 57.169834 27.221169
v 121.018135 57.169834 30.411697
v 113.749611 54.151501 44.010086
v 116.228050 54.151501 41.976074
v 110.922150 54.151501 45.521355
v 107.854195 54.151501 46.451973
v 104.663597 54.151501 46.766197
v 101.473022 54.151501 46.451973
v 98.405067 54.151501 45.521255
v 95.577637 54.151501 44.009888
v 93.099319 54.151501 41.976074
v 91.065483 54.151501 39.497749
v 89.554192 54.151501 36.670273
v 88.623550 54.151501 33.602325
v 88.309311 54.151501 30.411697
v 88.623550 54.151501 27.221069
v 89.554237 54.151501 24.153122
v 91.065559 54.151501 21.325737
v 93.099426 54.151501 18.847427
v 95.577713 54.151501 16.813599
v 98.405205 54.151501 15.302238
v 101.473145 54.151501 14.371628
v 104.663727 54.151501 14.057388
v 107.854324 54.151501 14.371628
v 110.922272 54.151501 15.302338
v 113.749733 54.151501 16.813599
v 116.227997 54.151501 18.847427
v 118.261894 54.151501 21.325737
v 119.773209 54.151501 24.153122
v 120.703873 54.151501 27.221169
v 121.018135 54.151501 30.411697
v 120.703873 54.151501 33.602325
v 119.773209 54.151501 36.670372
v 118.261917 54.151501 39.497749
v 118.261917 54.151501 -148.356033
v 119.773209 54.151501 -151.183426
v 120.703873 54.151501 -154.251465
v 121.018135 54.151501 -157.442108
v 120.703873 54.151501 -160.632629
v 119.773209 54.151501 -163.700668
v 118.261894 54.151501 -166.528061
v 116.227997 54.151501 -169.006378
v 113.749733 54.151501 -171.040192
v 110.922272 54.151501 -172.551453
v 107.854324 54.151501 -173.482178
v 104.663727 54.151501 -173.796387
v 101.473145 54.151501 -173.482178
v 98.405205 54.151501 -172.551559
v 95.577713 54.151501 -171.040192
v 93.099426 54.151501 -169.006378
v 91.065559 54.151501 -166.528061
v 89.554237 54.151501 -163.700668
v 88.623550 54.151501 -160.632721
v 88.309311 54.151501 -157.442108
v 88.623550 54.151501 -154.251465
v 89.554192 54.151501 -151.183533
v 91.065483 54.151501 -148.356033
v 93.099319 54.151501 -145.877731
v 95.577637 54.151501 -143.843903
v 98.405067 54.151501 -142.332550
v 101.473022 54.151501 -141.401825
v 104.663597 54.151501 -141.087585
v 107.854195 54.151501 -141.401825
v 110.922150 54.151501 -142.332428
v 116.228050 54.151501 -145.877731
v 113.749611 54.151501 -143.843719
v 121.018135 57.169834 -157.442108
v 120.703873 57.169834 -160.632629
v 118.261917 57.169834 -148.356033
v 116.228050 57.169834 -145.877731
v 119.773209 57.169834 -151.183426
v 120.703873 57.169834 -154.251465
v 119.773209 57.169834 -163.700668
v 118.261894 57.169834 -166.528061
v 116.227997 57.169834 -169.006378
v 113.749733 57.169834 -171.040192
v 110.922272 57.169834 -172.551453
v 107.854324 57.169834 -173.482178
v 104.663727 57.169834 -173.796387
v 101.473145 57.169834 -173.482178
v 98.405205 57.169834 -172.551559
v 95.577713 57.169834 -171.040192
v 93.099426 57.169834 -169.006378
v 91.065559 57.169834 -166.528061
v 89.554237 57.169834 -163.700668
v 88.623550 57.169834 -160.632721
v 88.309311 57.169834 -157.442108
v 88.623550 57.169834 -154.251465
v 89.554192 57.169834 -151.183533
v 91.065483 57.169834 -148.356033
v 93.099319 57.169834 -145.877731
v 95.577637 57.169834 -143.843903
v 98.405067 57.169834 -142.332550
v 101.473022 57.169834 -141.401825
v 104.663597 57.169834 -141.087585
v 107.854195 57.169834 -141.401825
v 110.922150 57.169834 -142.332428
v 113.749611 57.169834 -143.843719
v 110.239204 54.151501 -143.610168
v 113.066666 54.151501 -145.121460
v 113.066666 57.169834 -145.121460
v 110.239204 57.169834 -143.610168
v 104.521599 54.151501 -142.529419
v 107.712196 54.151501 -142.843658
v 107.712196 57.169834 -142.843658
v 104.521599 57.169834 -142.529419
v 98.825661 54.151501 -143.718933
v 101.893616 54.151501 -142.788223
v 101.893616 57.169834 -142.788223
v 98.825661 57.169834 -143.718933
v 94.018410 54.151501 -146.997681
v 96.496727 54.151501 -144.963867
v 96.496727 57.169834 -144.963867
v 94.018410 57.169834 -146.997681
v 90.831932 54.151501 -151.866470
v 92.343224 54.151501 -149.039001
v 92.343224 57.169834 -149.039001
v 90.831932 57.169834 -151.866470
v 89.751137 54.151501 -157.584106
v 90.065376 54.151501 -154.393463
v 90.065376 57.169834 -154.393463
v 89.751137 57.169834 -157.584106
v 90.940643 54.151501 -163.280090
v 90.009956 54.151501 -160.212128
v 90.009956 57.169834 -160.212128
v 90.940643 57.169834 -163.280090
v 94.219368 54.151501 -168.087265
v 92.185501 54.151501 -165.608948
v 92.185501 57.169834 -165.608948
v 94.219368 57.169834 -168.087265
v 99.088173 54.151501 -171.273834
v 96.260681 54.151501 -169.762466
v 96.260681 57.169834 -169.762466
v 99.088173 57.169834 -171.273834
v 104.805725 54.151501 -172.354584
v 101.615143 54.151501 -172.040344
v 101.615143 57.169834 -172.040344
v 104.805725 57.169834 -172.354584
v 110.501678 54.151501 -171.165039
v 107.433731 54.151501 -172.095764
v 107.433731 57.169834 -172.095764
v 110.501678 57.169834 -171.165039
v 115.308899 54.151501 -167.886414
v 112.830643 54.151501 -169.920242
v 112.830643 57.169834 -169.920242
v 115.308899 57.169834 -167.886414
v 118.495483 54.151501 -163.017700
v 116.984177 54.151501 -165.845078
v 116.984177 57.169834 -165.845078
v 118.495483 57.169834 -163.017700
v 118.386795 54.151501 -151.603989
v 119.317459 54.151501 -154.672028
v 119.317459 57.169834 -154.672028
v 118.386795 57.169834 -151.603989
v 115.108109 54.151501 -146.796814
v 117.141975 54.151501 -149.275146
v 117.141975 57.169834 -149.275146
v 115.108109 57.169834 -146.796814
v 119.576309 54.151501 -157.300095
v 119.262054 54.151501 -160.490601
v 119.262054 57.169834 -160.490601
v 119.576309 57.169834 -157.300095
v 117.156532 4.148452 -152.267303
v 117.926025 4.148452 -160.080078
v 114.225334 4.148452 -167.003662
v 112.176208 4.148452 -168.685257
v 104.663719 4.148452 -170.964142
v 91.401390 4.148452 -154.803940
v 107.301765 4.148445 -144.179688
v 112.176102 -39.513878 -146.198669
v 109.838310 -39.513878 -144.949127
v 107.301666 -39.513878 -144.179688
v 104.663612 -39.513878 -143.919861
v 102.025581 -39.513878 -144.179688
v 99.488945 -39.513878 -144.949219
v 97.151161 -39.513878 -146.198837
v 95.102051 -39.513878 -147.880432
v 93.420425 -39.513878 -149.929565
v 92.170868 -39.513878 -152.267365
v 91.401390 -39.513878 -154.804016
v 91.141586 -39.513878 -157.442093
v 91.401390 -39.513878 -160.080170
v 92.170906 -39.513878 -162.616791
v 93.420486 -39.513878 -164.954529
v 95.102127 -39.513878 -167.003662
v 97.151230 -39.513878 -168.685257
v 99.489044 -39.513878 -169.934875
v 102.025688 -39.513878 -170.704330
v 104.663719 -39.513878 -170.964142
v 107.301765 -39.513878 -170.704330
v 109.838417 -39.513878 -169.934799
v 112.176208 -39.513878 -168.685257
v 114.225288 -39.513878 -167.003662
v 115.906944 -39.513878 -164.954529
v 117.156532 -39.513878 -162.616791
v 117.926025 -39.513878 -160.080078
v 118.185860 -39.513878 -157.442093
v 117.926025 -39.513878 -154.804016
v 117.156532 -39.513878 -152.267303
v 115.906967 -39.513878 -149.929565
v 114.225334 -39.513878 -147.880432
v 115.906967 4.148452 -149.929565
v 118.185860 4.148452 -157.442001
v 93.420448 4.148452 -164.954529
v 97.151207 4.148452 -168.685257
v 102.025665 4.148452 -170.704330
v 109.838417 4.148452 -169.934799
v 115.906967 4.148452 -164.954529
v 117.926025 4.148452 -154.803940
v 99.489006 4.148452 -169.934799
v 92.170883 4.148452 -152.267303
v 109.838425 4.148445 -144.949219
v 112.176254 4.148445 -146.198761
v 114.607796 4.148452 -147.497986
v 116.356697 4.148452 -149.629059
v 117.656250 4.148452 -152.060303
v 118.456520 4.148452 -154.698425
v 118.726746 4.148452 -157.442001
v 118.456520 4.148452 -160.185593
v 117.656250 4.148452 -162.823700
v 116.356697 4.148452 -165.255035
v 114.607796 4.148452 -167.386124
v 112.476707 4.148452 -169.134979
v 110.045395 4.148452 -170.434509
v 107.407272 4.148452 -171.234833
v 104.663719 4.148452 -171.505035
v 101.920151 4.148452 -171.234833
v 99.282013 4.148452 -170.434509
v 96.850708 4.148452 -169.134979
v 94.719643 4.148452 -167.386124
v 92.970711 4.148452 -165.255035
v 91.671173 4.148452 -162.823700
v 90.870895 4.148452 -160.185593
v 90.600693 4.148452 -157.442001
v 90.870895 4.148452 -154.698425
v 91.671173 4.148452 -152.060303
v 92.970757 4.148452 -149.628967
v 94.719666 4.148452 -147.497986
v 96.850731 4.148445 -145.749023
v 99.282036 4.148445 -144.449417
v 101.920166 4.148445 -143.649185
v 104.663734 4.148445 -143.378983
v 107.407288 4.148445 -143.649185
v 110.045418 4.148445 -144.449493
v 112.476753 4.148445 -145.749023
v 116.356697 5.355786 -149.629059
v 117.656250 5.355786 -152.060303
v 118.456520 5.355786 -160.185593
v 117.656250 5.355786 -162.823700
v 116.356697 5.355786 -165.255035
v 114.607796 5.355786 -167.386124
v 112.476707 5.355786 -169.134979
v 110.045395 5.355786 -170.434509
v 107.407272 5.355786 -171.234833
v 104.663719 5.355786 -171.505035
v 101.920151 5.355786 -171.234833
v 99.282013 5.355786 -170.434509
v 96.850708 5.355786 -169.134979
v 94.719643 5.355786 -167.386124
v 92.970711 5.355786 -165.255035
v 91.671173 5.355786 -162.823700
v 90.870895 5.355786 -160.185593
v 90.600693 5.355786 -157.442001
v 90.870895 5.355786 -154.698425
v 91.671173 5.355786 -152.060303
v 96.850731 5.355779 -145.749023
v 99.282036 5.355779 -144.449417
v 107.407288 5.355779 -143.649185
v 110.045418 5.355779 -144.449493
v 115.929199 5.355786 -149.914703
v 117.181244 5.355786 -152.257050
v 117.952255 5.355786 -154.798721
v 118.212601 5.355786 -157.442001
v 112.191063 5.355786 -168.707489
v 97.136353 5.355786 -168.707489
v 95.083199 5.355786 -167.022568
v 97.136375 5.355779 -146.176529
v 99.478790 5.355779 -144.924408
v 102.020470 5.355779 -144.153442
v 93.420486 4.148452 -149.929474
v 114.225334 4.148452 -147.880432
v 95.083221 5.355786 -147.861542
v 91.375168 5.355786 -154.798721
v 91.114838 5.355786 -157.442001
v 92.146179 5.355786 -162.626953
v 93.398209 5.355786 -164.969391
v 104.663719 5.355786 -170.990875
v 107.306961 5.355786 -170.730560
v 114.244240 5.355786 -167.022568
v 115.929199 5.355786 -164.969391
v 117.952255 5.355786 -160.085297
v 114.244240 5.355786 -147.861542
v 91.375168 5.355786 -160.085297
v 92.146179 5.355786 -152.257050
v 93.398254 5.355786 -149.914612
v 104.663734 5.355779 -143.893112
v 109.848656 5.355779 -144.924500
v 115.931503 42.179474 -149.913162
v 114.246185 42.179474 -147.859573
v 117.183792 42.179474 -152.256012
v 117.954964 42.179474 -154.798187
v 118.215363 42.179474 -157.442001
v 117.954964 42.179474 -160.085831
v 117.183792 42.179474 -162.627991
v 115.931503 42.179474 -164.970917
v 114.246185 42.179474 -167.024506
v 112.192596 42.179474 -168.709778
v 109.849701 42.179474 -169.962051
v 107.307510 42.179474 -170.733261
v 104.663719 42.179474 -170.993652
v 102.019913 42.179474 -170.733261
v 99.477715 42.179474 -169.962051
v 97.134819 42.179474 -168.709778
v 95.081245 42.179474 -167.024506
v 93.395920 42.179474 -164.970917
v 92.143623 42.179474 -162.627991
v 91.372452 42.179474 -160.085831
v 91.112076 42.179474 -157.442001
v 91.372452 42.179474 -154.798187
v 92.143623 42.179474 -152.256012
v 93.395958 42.179474 -149.913086
v 95.107262 42.179474 -147.887939
v 97.134842 42.179459 -146.174225
v 99.477737 42.179459 -144.921875
v 102.019928 42.179459 -144.150726
v 104.663734 42.179459 -143.890350
v 107.307526 42.179459 -144.150726
v 109.849716 42.179459 -144.921967
v 112.192642 42.179459 -146.174225
v 112.191109 5.355779 -146.176529
v 107.306992 5.355779 -144.153442
v 99.478775 5.355786 -169.959503
v 102.020454 5.355786 -170.730560
v 109.848640 5.355786 -169.959503
v 117.181244 5.355786 -162.626953
v 92.170883 4.148452 -162.616699
v 91.401390 4.148452 -160.080078
v 91.141586 4.148452 -157.442001
v 104.663734 4.148445 -143.919861
v 102.025688 4.148445 -144.179688
v 99.489029 4.148445 -144.949127
v 97.151230 4.148445 -146.198761
v 95.102127 4.148452 -147.880432
v 95.102112 4.148452 -167.003662
v 107.301743 4.148452 -170.704330
v 117.156532 4.148452 -162.616699
v 113.749611 44.492828 -143.843719
v 110.922150 44.492828 -142.332428
v 107.854195 44.492828 -141.401825
v 104.663597 44.492828 -141.087585
v 101.473022 44.492828 -141.401825
v 98.405067 44.492828 -142.332550
v 95.577637 44.492828 -143.843903
v 93.099319 44.492828 -145.877731
v 91.065483 44.492828 -148.356033
v 89.554192 44.492828 -151.183533
v 88.623550 44.492828 -154.251465
v 88.309311 44.492828 -157.442108
v 88.623550 44.492828 -160.632721
v 89.554237 44.492828 -163.700668
v 91.065559 44.492828 -166.528061
v 93.099426 44.492828 -169.006378
v 95.577713 44.492828 -171.040192
v 98.405205 44.492828 -172.551559
v 101.473145 44.492828 -173.482178
v 104.663727 44.492828 -173.796387
v 107.854324 44.492828 -173.482178
v 110.922272 44.492828 -172.551453
v 113.749733 44.492828 -171.040192
v 116.227997 44.492828 -169.006378
v 118.261894 44.492828 -166.528061
v 119.773209 44.492828 -163.700668
v 120.703873 44.492828 -160.632629
v 121.018135 44.492828 -157.442108
v 120.703873 44.492828 -154.251465
v 119.773209 44.492828 -151.183426
v 118.261917 44.492828 -148.356033
v 116.228050 44.492828 -145.877731
v 113.749611 54.151501 -143.843719
v 116.228050 54.151501 -145.877731
v 110.922150 54.151501 -142.332428
v 107.854195 54.151501 -141.401825
v 104.663597 54.151501 -141.087585
v 101.473022 54.151501 -141.401825
v 98.405067 54.151501 -142.332550
v 95.577637 54.151501 -143.843903
v 93.099319 54.151501 -145.877731
v 91.065483 54.151501 -148.356033
v 89.554192 54.151501 -151.183533
v 88.623550 54.151501 -154.251465
v 88.309311 54.151501 -157.442108
v 88.623550 54.151501 -160.632721
v 89.554237 54.151501 -163.700668
v 91.065559 54.151501 -166.528061
v 93.099426 54.151501 -169.006378
v 95.577713 54.151501 -171.040192
v 98.405205 54.151501 -172.551559
v 101.473145 54.151501 -173.482178
v 104.663727 54.151501 -173.796387
v 107.854324 54.151501 -173.482178
v 110.922272 54.151501 -172.551453
v 113.749733 54.151501 -171.040192
v 116.227997 54.151501 -169.006378
v 118.261894 54.151501 -166.528061
v 119.773209 54.151501 -163.700668
v 120.703873 54.151501 -160.632629
v 121.018135 54.151501 -157.442108
v 120.703873 54.151501 -154.251465
v 119.773209 54.151501 -151.183426
v 118.261917 54.151501 -148.356033
v 115.931503 44.510033 -149.913162
v 117.183792 44.510033 -152.256012
v 93.395958 44.510033 -149.913086
v 95.107262 44.510033 -147.887939
v 97.134842 44.510025 -146.174225
v 99.477737 44.510025 -144.921875
v 102.019928 44.510025 -144.150726
v 104.663734 44.510025 -143.890350
v 107.307526 44.510025 -144.150726
v 109.849716 44.510025 -144.921967
v 114.246185 44.510033 -147.859573
v 112.192642 44.510025 -146.174225
v 117.954964 44.490227 -154.798187
v 118.215363 44.495686 -157.442001
v 117.954964 44.501152 -160.085831
v 117.183792 44.501152 -162.627991
v 115.931503 44.501152 -164.970917
v 114.246185 44.501152 -167.024506
v 112.192596 44.501152 -168.709778
v 109.849701 44.501152 -169.962051
v 107.307510 44.501152 -170.733261
v 104.663719 44.501152 -170.993652
v 102.019913 44.501152 -170.733261
v 99.477715 44.501152 -169.962051
v 97.134819 44.501152 -168.709778
v 95.081245 44.501152 -167.024506
v 93.395920 44.501152 -164.970917
v 92.143623 44.501152 -162.627991
v 91.372452 44.501152 -160.085831
v 91.112076 44.501152 -157.442001
v 91.372452 44.501152 -154.798187
v 92.143623 44.501152 -152.256012
v 112.476753 5.355779 -145.749023
v 114.607796 5.355786 -147.497986
v 101.920166 5.355779 -143.649185
v 104.663734 5.355779 -143.378983
v 92.970757 5.355786 -149.628967
v 94.719666 5.355786 -147.497986
v 118.456520 5.355786 -154.698425
v 118.726746 5.355786 -157.442001
v -83.401894 54.151501 39.497749
v -81.890602 54.151501 36.670372
v -80.959938 54.151501 33.602325
v -80.645676 54.151501 30.411697
v -80.959938 54.151501 27.221169
v -81.890602 54.151501 24.153122
v -83.401917 54.151501 21.325737
v -85.435814 54.151501 18.847427
v -87.914078 54.151501 16.813599
v -90.741539 54.151501 15.302338
v -93.809486 54.151501 14.371628
v -97.000092 54.151501 14.057388
v -100.190666 54.151501 14.371628
v -103.258606 54.151501 15.302238
v -106.086098 54.151501 16.813599
v -108.564384 54.151501 18.847427
v -110.598251 54.151501 21.325737
v -112.109573 54.151501 24.153122
v -113.040260 54.151501 27.221069
v -113.354500 54.151501 30.411697
v -113.040260 54.151501 33.602325
v -112.109619 54.151501 36.670273
v -110.598328 54.151501 39.497749
v -108.564491 54.151501 41.976074
v -106.086174 54.151501 44.009888
v -103.258743 54.151501 45.521255
v -100.190788 54.151501 46.451973
v -97.000214 54.151501 46.766197
v -93.809616 54.151501 46.451973
v -90.741661 54.151501 45.521355
v -85.435760 54.151501 41.976074
v -87.914200 54.151501 44.010086
v -80.645676 57.169834 30.411697
v -80.959938 57.169834 27.221169
v -83.401894 57.169834 39.497749
v -85.435760 57.169834 41.976074
v -81.890602 57.169834 36.670372
v -80.959938 57.169834 33.602325
v -81.890602 57.169834 24.153122
v -83.401917 57.169834 21.325737
v -85.435814 57.169834 18.847427
v -87.914078 57.169834 16.813599
v -90.741539 57.169834 15.302338
v -93.809486 57.169834 14.371628
v -97.000092 57.169834 14.057388
v -100.190666 57.169834 14.371628
v -103.258606 57.169834 15.302238
v -106.086098 57.169834 16.813599
v -108.564384 57.169834 18.847427
v -110.598251 57.169834 21.325737
v -112.109573 57.169834 24.153122
v -113.040260 57.169834 27.221069
v -113.354500 57.169834 30.411697
v -113.040260 57.169834 33.602325
v -112.109619 57.169834 36.670273
v -110.598328 57.169834 39.497749
v -108.564491 57.169834 41.976074
v -106.086174 57.169834 44.009888
v -103.258743 57.169834 45.521255
v -100.190788 57.169834 46.451973
v -97.000214 57.169834 46.766197
v -93.809616 57.169834 46.451973
v -90.741661 57.169834 45.521355
v -87.914200 57.169834 44.010086
v -91.424606 54.151501 44.243622
v -88.597145 54.151501 42.732353
v -88.597145 57.169834 42.732353
v -91.424606 57.169834 44.243622
v -97.142212 54.151501 45.324379
v -93.951614 54.151501 45.010147
v -93.951614 57.169834 45.010147
v -97.142212 57.169834 45.324379
v -102.838150 54.151501 44.134842
v -99.770195 54.151501 45.065559
v -99.770195 57.169834 45.065559
v -102.838150 57.169834 44.134842
v -107.645401 54.151501 40.856110
v -105.167084 54.151501 42.889938
v -105.167084 57.169834 42.889938
v -107.645401 57.169834 40.856110
v -110.831879 54.151501 35.987320
v -109.320587 54.151501 38.814804
v -109.320587 57.169834 38.814804
v -110.831879 57.169834 35.987320
v -111.912674 54.151501 30.269691
v -111.598442 54.151501 33.460320
v -111.598442 57.169834 33.460320
v -111.912674 57.169834 30.269691
v -110.723167 54.151501 24.573700
v -111.653854 54.151501 27.641647
v -111.653854 57.169834 27.641647
v -110.723167 57.169834 24.573700
v -107.444443 54.151501 19.766533
v -109.478310 54.151501 22.244843
v -109.478310 57.169834 22.244843
v -107.444443 57.169834 19.766533
v -102.575638 54.151501 16.579964
v -105.403130 54.151501 18.091324
v -105.403130 57.169834 18.091324
v -102.575638 57.169834 16.579964
v -96.858086 54.151501 15.499214
v -100.048668 54.151501 15.813446
v -100.048668 57.169834 15.813446
v -96.858086 57.169834 15.499214
v -91.162132 54.151501 16.688751
v -94.230080 54.151501 15.758034
v -94.230080 57.169834 15.758034
v -91.162132 57.169834 16.688751
v -86.354912 54.151501 19.967369
v -88.833168 54.151501 17.933556
v -88.833168 57.169834 17.933556
v -86.354912 57.169834 19.967369
v -83.168327 54.151501 24.836090
v -84.679634 54.151501 22.008720
v -84.679634 57.169834 22.008720
v -83.168327 57.169834 24.836090
v -83.277016 54.151501 36.249817
v -82.346352 54.151501 33.181763
v -82.346352 57.169834 33.181763
v -83.277016 57.169834 36.249817
v -86.555702 54.151501 41.056969
v -84.521835 54.151501 38.578651
v -84.521835 57.169834 38.578651
v -86.555702 57.169834 41.056969
v -82.087502 54.151501 30.553711
v -82.401756 54.151501 27.363182
v -82.401756 57.169834 27.363182
v -82.087502 57.169834 30.553711
v -84.507278 4.148452 35.586502
v -83.737785 4.148452 27.773720
v -87.438484 4.148452 20.850143
v -89.487602 4.148452 19.168541
v -97.000092 4.148452 16.889648
v -110.262421 4.148452 33.049866
v -94.362045 4.148445 43.674118
v -89.487709 -39.513878 41.655113
v -91.825500 -39.513878 42.904663
v -94.362144 -39.513878 43.674118
v -97.000198 -39.513878 43.933929
v -99.638229 -39.513878 43.674118
v -102.174866 -39.513878 42.904579
v -104.512650 -39.513878 41.654953
v -106.561760 -39.513878 39.973351
v -108.243385 -39.513878 37.924240
v -109.492943 -39.513878 35.586418
v -110.262421 -39.513878 33.049782
v -110.522224 -39.513878 30.411697
v -110.262421 -39.513878 27.773636
v -109.492905 -39.513878 25.237000
v -108.243324 -39.513878 22.899261
v -106.561684 -39.513878 20.850143
v -104.512581 -39.513878 19.168541
v -102.174767 -39.513878 17.918915
v -99.638123 -39.513878 17.149467
v -97.000092 -39.513878 16.889648
v -94.362045 -39.513878 17.149467
v -91.825394 -39.513878 17.918999
v -89.487602 -39.513878 19.168541
v -87.438522 -39.513878 20.850143
v -85.756866 -39.513878 22.899261
v -84.507278 -39.513878 25.237000
v -83.737785 -39.513878 27.773720
v -83.477951 -39.513878 30.411697
v -83.737785 -39.513878 33.049782
v -84.507278 -39.513878 35.586502
v -85.756844 -39.513878 37.924240
v -87.438484 -39.513878 39.973351
v -85.756844 4.148452 37.924240
v -83.477951 4.148452 30.411789
v -108.243362 4.148452 22.899261
v -104.512604 4.148452 19.168541
v -99.638145 4.148452 17.149467
v -91.825394 4.148452 17.918999
v -85.756844 4.148452 22.899261
v -83.737785 4.148452 33.049866
v -102.174805 4.148452 17.918999
v -109.492928 4.148452 35.586502
v -91.825386 4.148445 42.904587
v -89.487556 4.148445 41.655045
v -87.056015 4.148452 40.355827
v -85.307114 4.148452 38.224739
v -84.007561 4.148452 35.793488
v -83.207291 4.148452 33.155388
v -82.937065 4.148452 30.411789
v -83.207291 4.148452 27.668190
v -84.007561 4.148452 25.030090
v -85.307114 4.148452 22.598763
v -87.056015 4.148452 20.467674
v -89.187103 4.148452 18.718811
v -91.618416 4.148452 17.419289
v -94.256546 4.148452 16.618973
v -97.000092 4.148452 16.348763
v -99.743660 4.148452 16.618973
v -102.381798 4.148452 17.419289
v -104.813103 4.148452 18.718811
v -106.944168 4.148452 20.467674
v -108.693100 4.148452 22.598763
v -109.992645 4.148452 25.030090
v -110.792915 4.148452 27.668190
v -111.063118 4.148452 30.411789
v -110.792915 4.148452 33.155388
v -109.992645 4.148452 35.793488
v -108.693054 4.148452 38.224823
v -106.944145 4.148452 40.355827
v -104.813080 4.148445 42.104774
v -102.381775 4.148445 43.404381
v -99.743645 4.148445 44.204613
v -97.000076 4.148445 44.474823
v -94.256523 4.148445 44.204613
v -91.618393 4.148445 43.404297
v -89.187057 4.148445 42.104774
v -85.307114 5.355786 38.224739
v -84.007561 5.355786 35.793488
v -83.207291 5.355786 27.668190
v -84.007561 5.355786 25.030090
v -85.307114 5.355786 22.598763
v -87.056015 5.355786 20.467674
v -89.187103 5.355786 18.718811
v -91.618416 5.355786 17.419289
v -94.256546 5.355786 16.618973
v -97.000092 5.355786 16.348763
v -99.743660 5.355786 16.618973
v -102.381798 5.355786 17.419289
v -104.813103 5.355786 18.718811
v -106.944168 5.355786 20.467674
v -108.693100 5.355786 22.598763
v -109.992645 5.355786 25.030090
v -110.792915 5.355786 27.668190
v -111.063118 5.355786 30.411789
v -110.792915 5.355786 33.155388
v -109.992645 5.355786 35.793488
v -104.813080 5.355779 42.104774
v -102.381775 5.355779 43.404381
v -94.256523 5.355779 44.204613
v -91.618393 5.355779 43.404297
v -85.734612 5.355786 37.939095
v -84.482567 5.355786 35.596733
v -83.711555 5.355786 33.055077
v -83.451210 5.355786 30.411789
v -89.472748 5.355786 19.146309
v -104.527458 5.355786 19.146309
v -106.580612 5.355786 20.831238
v -104.527435 5.355779 41.677277
v -102.185020 5.355779 42.929367
v -99.643341 5.355779 43.700348
v -108.243324 4.148452 37.924316
v -87.438484 4.148452 39.973358
v -106.580589 5.355786 39.992271
v -110.288643 5.355786 33.055077
v -110.548973 5.355786 30.411789
v -109.517632 5.355786 25.226845
v -108.265602 5.355786 22.884407
v -97.000092 5.355786 16.862907
v -94.356850 5.355786 17.123238
v -87.419571 5.355786 20.831238
v -85.734612 5.355786 22.884407
v -83.711555 5.355786 27.768501
v -87.419571 5.355786 39.992271
v -110.288643 5.355786 27.768501
v -109.517632 5.355786 35.596733
v -108.265556 5.355786 37.939178
v -97.000076 5.355779 43.960670
v -91.815155 5.355779 42.929291
v -85.732307 42.179474 37.940628
v -87.417625 42.179474 39.994225
v -84.480019 42.179474 35.597794
v -83.708847 42.179474 33.055618
v -83.448448 42.179474 30.411789
v -83.708847 42.179474 27.767960
v -84.480019 42.179474 25.225784
v -85.732307 42.179474 22.882874
v -87.417625 42.179474 20.829285
v -89.471214 42.179474 19.144012
v -91.814110 42.179474 17.891739
v -94.356300 42.179474 17.120529
v -97.000092 42.179474 16.860146
v -99.643898 42.179474 17.120529
v -102.186096 42.179474 17.891739
v -104.528992 42.179474 19.144012
v -106.582565 42.179474 20.829285
v -108.267891 42.179474 22.882874
v -109.520187 42.179474 25.225784
v -110.291359 42.179474 27.767960
v -110.551735 42.179474 30.411789
v -110.291359 42.179474 33.055618
v -109.520187 42.179474 35.597794
v -108.267853 42.179474 37.940712
v -106.556549 42.179474 39.965851
v -104.528969 42.179459 41.679573
v -102.186073 42.179459 42.931923
v -99.643883 42.179459 43.703056
v -97.000076 42.179459 43.963432
v -94.356285 42.179459 43.703056
v -91.814095 42.179459 42.931847
v -89.471169 42.179459 41.679573
v -89.472702 5.355779 41.677277
v -94.356819 5.355779 43.700348
v -102.185036 5.355786 17.894295
v -99.643356 5.355786 17.123238
v -91.815170 5.355786 17.894295
v -84.482567 5.355786 25.226845
v -109.492928 4.148452 25.237076
v -110.262421 4.148452 27.773720
v -110.522224 4.148452 30.411789
v -97.000076 4.148445 43.933929
v -99.638123 4.148445 43.674118
v -102.174789 4.148445 42.904671
v -104.512581 4.148445 41.655045
v -106.561684 4.148452 39.973358
v -106.561699 4.148452 20.850143
v -94.362068 4.148452 17.149467
v -84.507278 4.148452 25.237076
v -87.914200 44.492828 44.010086
v -90.741661 44.492828 45.521355
v -93.809616 44.492828 46.451973
v -97.000214 44.492828 46.766197
v -100.190788 44.492828 46.451973
v -103.258743 44.492828 45.521255
v -106.086174 44.492828 44.009888
v -108.564491 44.492828 41.976074
v -110.598328 44.492828 39.497749
v -112.109619 44.492828 36.670273
v -113.040260 44.492828 33.602325
v -113.354500 44.492828 30.411697
v -113.040260 44.492828 27.221069
v -112.109573 44.492828 24.153122
v -110.598251 44.492828 21.325737
v -108.564384 44.492828 18.847427
v -106.086098 44.492828 16.813599
v -103.258606 44.492828 15.302238
v -100.190666 44.492828 14.371628
v -97.000092 44.492828 14.057388
v -93.809486 44.492828 14.371628
v -90.741539 44.492828 15.302338
v -87.914078 44.492828 16.813599
v -85.435814 44.492828 18.847427
v -83.401917 44.492828 21.325737
v -81.890602 44.492828 24.153122
v -80.959938 44.492828 27.221169
v -80.645676 44.492828 30.411697
v -80.959938 44.492828 33.602325
v -81.890602 44.492828 36.670372
v -83.401894 44.492828 39.497749
v -85.435760 44.492828 41.976074
v -87.914200 54.151501 44.010086
v -85.435760 54.151501 41.976074
v -90.741661 54.151501 45.521355
v -93.809616 54.151501 46.451973
v -97.000214 54.151501 46.766197
v -100.190788 54.151501 46.451973
v -103.258743 54.151501 45.521255
v -106.086174 54.151501 44.009888
v -108.564491 54.151501 41.976074
v -110.598328 54.151501 39.497749
v -112.109619 54.151501 36.670273
v -113.040260 54.151501 33.602325
v -113.354500 54.151501 30.411697
v -113.040260 54.151501 27.221069
v -112.109573 54.151501 24.153122
v -110.598251 54.151501 21.325737
v -108.564384 54.151501 18.847427
v -106.086098 54.151501 16.813599
v -103.258606 54.151501 15.302238
v -100.190666 54.151501 14.371628
v -97.000092 54.151501 14.057388
v -93.809486 54.151501 14.371628
v -90.741539 54.151501 15.302338
v -87.914078 54.151501 16.813599
v -85.435814 54.151501 18.847427
v -83.401917 54.151501 21.325737
v -81.890602 54.151501 24.153122
v -80.959938 54.151501 27.221169
v -80.645676 54.151501 30.411697
v -80.959938 54.151501 33.602325
v -81.890602 54.151501 36.670372
v -83.401894 54.151501 39.497749
v -85.732307 44.510033 37.940628
v -84.480019 44.510033 35.597794
v -108.267853 44.510033 37.940712
v -106.556549 44.510033 39.965851
v -104.528969 44.510025 41.679573
v -102.186073 44.510025 42.931923
v -99.643883 44.510025 43.703056
v -97.000076 44.510025 43.963432
v -94.356285 44.510025 43.703056
v -91.814095 44.510025 42.931847
v -87.417625 44.510033 39.994225
v -89.471169 44.510025 41.679573
v -83.708847 44.490227 33.055618
v -83.448448 44.495686 30.411789
v -83.708847 44.501152 27.767960
v -84.480019 44.501152 25.225784
v -85.732307 44.501152 22.882874
v -87.417625 44.501152 20.829285
v -89.471214 44.501152 19.144012
v -91.814110 44.501152 17.891739
v -94.356300 44.501152 17.120529
v -97.000092 44.501152 16.860146
v -99.643898 44.501152 17.120529
v -102.186096 44.501152 17.891739
v -104.528992 44.501152 19.144012
v -106.582565 44.501152 20.829285
v -108.267891 44.501152 22.882874
v -109.520187 44.501152 25.225784
v -110.291359 44.501152 27.767960
v -110.551735 44.501152 30.411789
v -110.291359 44.501152 33.055618
v -109.520187 44.501152 35.597794
v -89.187057 5.355779 42.104774
v -87.056015 5.355786 40.355827
v -99.743645 5.355779 44.204613
v -97.000076 5.355779 44.474823
v -108.693054 5.355786 38.224823
v -106.944145 5.355786 40.355827
v -83.207291 5.355786 33.155388
v -82.937065 5.355786 30.411789
v -82.921410 5.355786 -157.455200
v -83.191643 5.355786 -154.711609
v -106.928497 5.355786 -147.511185
v -108.677406 5.355786 -149.642181
v -96.984421 5.355779 -143.392181
v -99.727997 5.355779 -143.662384
v -87.040367 5.355786 -147.511185
v -89.171410 5.355779 -145.762238
v -109.504532 44.501152 -152.269226
v -110.275703 44.501152 -154.811371
v -110.536079 44.501152 -157.455200
v -110.275703 44.501152 -160.099030
v -109.504532 44.501152 -162.641205
v -108.252243 44.501152 -164.984131
v -106.566910 44.501152 -167.037720
v -104.513336 44.501152 -168.722992
v -102.170448 44.501152 -169.975250
v -99.628250 44.501152 -170.746460
v -96.984444 44.501152 -171.006866
v -94.340652 44.501152 -170.746460
v -91.798454 44.501152 -169.975250
v -89.455559 44.501152 -168.722992
v -87.401978 44.501152 -167.037720
v -85.716660 44.501152 -164.984131
v -84.464363 44.501152 -162.641205
v -83.693199 44.501152 -160.099030
v -83.432800 44.495686 -157.455200
v -83.693199 44.490227 -154.811371
v -89.455521 44.510025 -146.187439
v -87.401978 44.510033 -147.872772
v -91.798439 44.510025 -144.935165
v -94.340637 44.510025 -144.163940
v -96.984421 44.510025 -143.903564
v -99.628227 44.510025 -144.163940
v -102.170425 44.510025 -144.935074
v -104.513321 44.510025 -146.187439
v -106.540901 44.510033 -147.901154
v -108.252197 44.510033 -149.926300
v -84.464363 44.510033 -152.269226
v -85.716660 44.510033 -149.926361
v -83.386238 54.151501 -148.369232
v -81.874954 54.151501 -151.196625
v -80.944283 54.151501 -154.264679
v -80.630028 54.151501 -157.455322
v -80.944283 54.151501 -160.645828
v -81.874954 54.151501 -163.713867
v -83.386261 54.151501 -166.541260
v -85.420158 54.151501 -169.019577
v -87.898422 54.151501 -171.053406
v -90.725883 54.151501 -172.564667
v -93.793839 54.151501 -173.495377
v -96.984436 54.151501 -173.809601
v -100.175011 54.151501 -173.495377
v -103.242958 54.151501 -172.564758
v -106.070450 54.151501 -171.053406
v -108.548737 54.151501 -169.019577
v -110.582603 54.151501 -166.541260
v -112.093918 54.151501 -163.713867
v -113.024612 54.151501 -160.645935
v -113.338844 54.151501 -157.455322
v -113.024612 54.151501 -154.264679
v -112.093964 54.151501 -151.196732
v -110.582672 54.151501 -148.369232
v -108.548836 54.151501 -145.890930
v -106.070526 54.151501 -143.857117
v -103.243088 54.151501 -142.345749
v -100.175140 54.151501 -141.415039
v -96.984558 54.151501 -141.100800
v -93.793961 54.151501 -141.415039
v -90.726013 54.151501 -142.345642
v -85.420113 54.151501 -145.890930
v -87.898544 54.151501 -143.856918
v -85.420113 44.492828 -145.890930
v -83.386238 44.492828 -148.369232
v -81.874954 44.492828 -151.196625
v -80.944283 44.492828 -154.264679
v -80.630028 44.492828 -157.455322
v -80.944283 44.492828 -160.645828
v -81.874954 44.492828 -163.713867
v -83.386261 44.492828 -166.541260
v -85.420158 44.492828 -169.019577
v -87.898422 44.492828 -171.053406
v -90.725883 44.492828 -172.564667
v -93.793839 44.492828 -173.495377
v -96.984436 44.492828 -173.809601
v -100.175011 44.492828 -173.495377
v -103.242958 44.492828 -172.564758
v -106.070450 44.492828 -171.053406
v -108.548737 44.492828 -169.019577
v -110.582603 44.492828 -166.541260
v -112.093918 44.492828 -163.713867
v -113.024612 44.492828 -160.645935
v -113.338844 44.492828 -157.455322
v -113.024612 44.492828 -154.264679
v -112.093964 44.492828 -151.196732
v -110.582672 44.492828 -148.369232
v -108.548836 44.492828 -145.890930
v -106.070526 44.492828 -143.857117
v -103.243088 44.492828 -142.345749
v -100.175140 44.492828 -141.415039
v -96.984558 44.492828 -141.100800
v -93.793961 44.492828 -141.415039
v -90.726013 44.492828 -142.345642
v -87.898544 44.492828 -143.856918
v -84.491623 4.148452 -162.629913
v -94.346413 4.148452 -170.717529
v -106.546051 4.148452 -167.016861
v -106.546028 4.148452 -147.893646
v -104.496925 4.148445 -146.211960
v -102.159134 4.148445 -144.962341
v -99.622475 4.148445 -144.192886
v -96.984421 4.148445 -143.933075
v -110.506577 4.148452 -157.455200
v -110.246765 4.148452 -160.093277
v -109.477280 4.148452 -162.629913
v -84.466919 5.355786 -162.640167
v -91.799515 5.355786 -169.972717
v -99.627701 5.355786 -170.743774
v -102.169388 5.355786 -169.972717
v -94.341171 5.355779 -144.166656
v -89.457054 5.355779 -146.189728
v -89.455521 42.179459 -146.187439
v -91.798439 42.179459 -144.935165
v -94.340637 42.179459 -144.163940
v -96.984421 42.179459 -143.903564
v -99.628227 42.179459 -144.163940
v -102.170425 42.179459 -144.935074
v -104.513321 42.179459 -146.187439
v -106.540901 42.179474 -147.901154
v -108.252197 42.179474 -149.926300
v -109.504532 42.179474 -152.269226
v -110.275703 42.179474 -154.811371
v -110.536079 42.179474 -157.455200
v -110.275703 42.179474 -160.099030
v -109.504532 42.179474 -162.641205
v -108.252243 42.179474 -164.984131
v -106.566910 42.179474 -167.037720
v -104.513336 42.179474 -168.722992
v -102.170448 42.179474 -169.975250
v -99.628250 42.179474 -170.746460
v -96.984444 42.179474 -171.006866
v -94.340652 42.179474 -170.746460
v -91.798454 42.179474 -169.975250
v -89.455559 42.179474 -168.722992
v -87.401978 42.179474 -167.037720
v -85.716660 42.179474 -164.984131
v -84.464363 42.179474 -162.641205
v -83.693199 42.179474 -160.099030
v -83.432800 42.179474 -157.455200
v -83.693199 42.179474 -154.811371
v -84.464363 42.179474 -152.269226
v -87.401978 42.179474 -147.872772
v -85.716660 42.179474 -149.926361
v -91.799500 5.355779 -144.937714
v -96.984421 5.355779 -143.906311
v -108.249908 5.355786 -149.927826
v -109.501976 5.355786 -152.270264
v -110.272995 5.355786 -160.098495
v -87.403923 5.355786 -147.874741
v -83.695908 5.355786 -160.098495
v -85.718956 5.355786 -164.982605
v -87.403923 5.355786 -167.035767
v -94.341194 5.355786 -170.743774
v -96.984444 5.355786 -171.004089
v -108.249954 5.355786 -164.982605
v -109.501976 5.355786 -162.640167
v -110.533318 5.355786 -157.455200
v -110.272995 5.355786 -154.811920
v -106.564934 5.355786 -147.874741
v -87.422829 4.148452 -147.893646
v -108.227676 4.148452 -149.942688
v -99.627693 5.355779 -144.166656
v -102.169373 5.355779 -144.937622
v -104.511787 5.355779 -146.189728
v -106.564957 5.355786 -167.035767
v -104.511810 5.355786 -168.720688
v -89.457092 5.355786 -168.720688
v -83.435562 5.355786 -157.455200
v -83.695908 5.355786 -154.811920
v -84.466919 5.355786 -152.270264
v -85.718956 5.355786 -149.927917
v -91.602745 5.355779 -144.462708
v -94.240868 5.355779 -143.662384
v -102.366119 5.355779 -144.462616
v -104.797432 5.355779 -145.762238
v -109.976990 5.355786 -152.073517
v -110.777260 5.355786 -154.711609
v -111.047470 5.355786 -157.455200
v -110.777260 5.355786 -160.198792
v -109.976990 5.355786 -162.836914
v -108.677444 5.355786 -165.268234
v -106.928513 5.355786 -167.399323
v -104.797447 5.355786 -169.148193
v -102.366142 5.355786 -170.447708
v -99.728012 5.355786 -171.248016
v -96.984444 5.355786 -171.518234
v -94.240891 5.355786 -171.248016
v -91.602768 5.355786 -170.447708
v -89.171448 5.355786 -169.148193
v -87.040367 5.355786 -167.399323
v -85.291458 5.355786 -165.268234
v -83.991913 5.355786 -162.836914
v -83.191643 5.355786 -160.198792
v -83.991913 5.355786 -152.073517
v -85.291458 5.355786 -149.642273
v -89.171410 4.148445 -145.762238
v -91.602745 4.148445 -144.462708
v -94.240868 4.148445 -143.662384
v -96.984421 4.148445 -143.392181
v -99.727997 4.148445 -143.662384
v -102.366119 4.148445 -144.462616
v -104.797432 4.148445 -145.762238
v -106.928497 4.148452 -147.511185
v -108.677406 4.148452 -149.642181
v -109.976990 4.148452 -152.073517
v -110.777260 4.148452 -154.711609
v -111.047470 4.148452 -157.455200
v -110.777260 4.148452 -160.198792
v -109.976990 4.148452 -162.836914
v -108.677444 4.148452 -165.268234
v -106.928513 4.148452 -167.399323
v -104.797447 4.148452 -169.148193
v -102.366142 4.148452 -170.447708
v -99.728012 4.148452 -171.248016
v -96.984444 4.148452 -171.518234
v -94.240891 4.148452 -171.248016
v -91.602768 4.148452 -170.447708
v -89.171448 4.148452 -169.148193
v -87.040367 4.148452 -167.399323
v -85.291458 4.148452 -165.268234
v -83.991913 4.148452 -162.836914
v -83.191643 4.148452 -160.198792
v -82.921410 4.148452 -157.455200
v -83.191643 4.148452 -154.711609
v -83.991913 4.148452 -152.073517
v -85.291458 4.148452 -149.642273
v -87.040367 4.148452 -147.511185
v -89.471909 4.148445 -146.211960
v -91.809731 4.148445 -144.962402
v -109.477280 4.148452 -152.280502
v -102.159157 4.148452 -169.947998
v -83.722130 4.148452 -154.817139
v -85.741188 4.148452 -164.967743
v -91.809746 4.148452 -169.947998
v -99.622498 4.148452 -170.717529
v -104.496948 4.148452 -168.698456
v -108.227715 4.148452 -164.967743
v -83.462296 4.148452 -157.455200
v -85.741188 4.148452 -149.942780
v -87.422829 -39.513878 -147.893646
v -85.741188 -39.513878 -149.942780
v -84.491623 -39.513878 -152.280502
v -83.722130 -39.513878 -154.817215
v -83.462296 -39.513878 -157.455292
v -83.722130 -39.513878 -160.093277
v -84.491623 -39.513878 -162.630005
v -85.741211 -39.513878 -164.967743
v -87.422874 -39.513878 -167.016861
v -89.471954 -39.513878 -168.698456
v -91.809746 -39.513878 -169.947998
v -94.346390 -39.513878 -170.717529
v -96.984444 -39.513878 -170.977356
v -99.622475 -39.513878 -170.717529
v -102.159111 -39.513878 -169.948090
v -104.496925 -39.513878 -168.698456
v -106.546028 -39.513878 -167.016861
v -108.227676 -39.513878 -164.967743
v -109.477257 -39.513878 -162.630005
v -110.246765 -39.513878 -160.093353
v -110.506577 -39.513878 -157.455292
v -110.246765 -39.513878 -154.817215
v -109.477295 -39.513878 -152.280579
v -108.227730 -39.513878 -149.942780
v -106.546112 -39.513878 -147.893646
v -104.496994 -39.513878 -146.212036
v -102.159218 -39.513878 -144.962402
v -99.622574 -39.513878 -144.192886
v -96.984543 -39.513878 -143.933075
v -94.346497 -39.513878 -144.192886
v -91.809845 -39.513878 -144.962341
v -89.472054 -39.513878 -146.211884
v -94.346390 4.148445 -144.192886
v -110.246765 4.148452 -154.817139
v -96.984444 4.148452 -170.977356
v -89.471954 4.148452 -168.698456
v -87.422829 4.148452 -167.016861
v -83.722130 4.148452 -160.093277
v -84.491623 4.148452 -152.280502
v -82.071854 57.169834 -157.313293
v -82.386108 57.169834 -160.503815
v -82.386108 54.151501 -160.503815
v -82.071854 54.151501 -157.313293
v -86.540054 57.169834 -146.810028
v -84.506187 57.169834 -149.288345
v -84.506187 54.151501 -149.288345
v -86.540054 54.151501 -146.810028
v -83.261368 57.169834 -151.617188
v -82.330704 57.169834 -154.685242
v -82.330704 54.151501 -154.685242
v -83.261368 54.151501 -151.617188
v -83.152672 57.169834 -163.030914
v -84.663986 57.169834 -165.858276
v -84.663986 54.151501 -165.858276
v -83.152672 54.151501 -163.030914
v -86.339256 57.169834 -167.899628
v -88.817520 57.169834 -169.933441
v -88.817520 54.151501 -169.933441
v -86.339256 54.151501 -167.899628
v -91.146477 57.169834 -171.178253
v -94.214432 57.169834 -172.108978
v -94.214432 54.151501 -172.108978
v -91.146477 54.151501 -171.178253
v -96.842438 57.169834 -172.367798
v -100.033012 57.169834 -172.053558
v -100.033012 54.151501 -172.053558
v -96.842438 54.151501 -172.367798
v -102.559982 57.169834 -171.287048
v -105.387474 57.169834 -169.775665
v -105.387474 54.151501 -169.775665
v -102.559982 54.151501 -171.287048
v -107.428787 57.169834 -168.100464
v -109.462654 57.169834 -165.622162
v -109.462654 54.151501 -165.622162
v -107.428787 54.151501 -168.100464
v -110.707512 57.169834 -163.293304
v -111.638199 57.169834 -160.225342
v -111.638199 54.151501 -160.225342
v -110.707512 54.151501 -163.293304
v -111.897018 57.169834 -157.597321
v -111.582787 57.169834 -154.406677
v -111.582787 54.151501 -154.406677
v -111.897018 54.151501 -157.597321
v -110.816231 57.169834 -151.879669
v -109.304939 57.169834 -149.052200
v -109.304939 54.151501 -149.052200
v -110.816231 54.151501 -151.879669
v -107.629745 57.169834 -147.010895
v -105.151436 57.169834 -144.977066
v -105.151436 54.151501 -144.977066
v -107.629745 54.151501 -147.010895
v -102.822495 57.169834 -143.732147
v -99.754547 57.169834 -142.801422
v -99.754547 54.151501 -142.801422
v -102.822495 54.151501 -143.732147
v -97.126564 57.169834 -142.542618
v -93.935959 57.169834 -142.856857
v -93.935959 54.151501 -142.856857
v -97.126564 54.151501 -142.542618
v -91.408951 57.169834 -143.623383
v -88.581490 57.169834 -145.134659
v -88.581490 54.151501 -145.134659
v -91.408951 54.151501 -143.623383
v -87.898544 57.169834 -143.856918
v -90.726013 57.169834 -142.345642
v -93.793961 57.169834 -141.415039
v -96.984558 57.169834 -141.100800
v -100.175140 57.169834 -141.415039
v -103.243088 57.169834 -142.345749
v -106.070526 57.169834 -143.857117
v -108.548836 57.169834 -145.890930
v -110.582672 57.169834 -148.369232
v -112.093964 57.169834 -151.196732
v -113.024612 57.169834 -154.264679
v -113.338844 57.169834 -157.455322
v -113.024612 57.169834 -160.645935
v -112.093918 57.169834 -163.713867
v -110.582603 57.169834 -166.541260
v -108.548737 57.169834 -169.019577
v -106.070450 57.169834 -171.053406
v -103.242958 57.169834 -172.564758
v -100.175011 57.169834 -173.495377
v -96.984436 57.169834 -173.809601
v -93.793839 57.169834 -173.495377
v -90.725883 57.169834 -172.564667
v -87.898422 57.169834 -171.053406
v -85.420158 57.169834 -169.019577
v -83.386261 57.169834 -166.541260
v -81.874954 57.169834 -163.713867
v -80.944283 57.169834 -154.264679
v -81.874954 57.169834 -151.196625
v -85.420113 57.169834 -145.890930
v -83.386238 57.169834 -148.369232
v -80.944283 57.169834 -160.645828
v -80.630028 57.169834 -157.455322
v -87.898544 54.151501 -143.856918
v -85.420113 54.151501 -145.890930
v -90.726013 54.151501 -142.345642
v -93.793961 54.151501 -141.415039
v -96.984558 54.151501 -141.100800
v -100.175140 54.151501 -141.415039
v -103.243088 54.151501 -142.345749
v -106.070526 54.151501 -143.857117
v -108.548836 54.151501 -145.890930
v -110.582672 54.151501 -148.369232
v -112.093964 54.151501 -151.196732
v -113.024612 54.151501 -154.264679
v -113.338844 54.151501 -157.455322
v -113.024612 54.151501 -160.645935
v -112.093918 54.151501 -163.713867
v -110.582603 54.151501 -166.541260
v -108.548737 54.151501 -169.019577
v -106.070450 54.151501 -171.053406
v -103.242958 54.151501 -172.564758
v -100.175011 54.151501 -173.495377
v -96.984436 54.151501 -173.809601
v -93.793839 54.151501 -173.495377
v -90.725883 54.151501 -172.564667
v -87.898422 54.151501 -171.053406
v -85.420158 54.151501 -169.019577
v -83.386261 54.151501 -166.541260
v -81.874954 54.151501 -163.713867
v -80.944283 54.151501 -160.645828
v -80.630028 54.151501 -157.455322
v -80.944283 54.151501 -154.264679
v -81.874954 54.151501 -151.196625
v -83.386238 54.151501 -148.369232
v 109.028130 19.221388 -100.003136
v 109.028145 48.424988 -100.003151
v 111.846077 42.846024 -100.758224
v 111.846077 42.846024 -99.248077
v 111.091019 42.846024 -97.940292
v 109.783203 42.846024 -97.185242
v 108.273094 42.846024 -97.185242
v 106.965286 42.846024 -97.940292
v 106.210220 42.846024 -99.248077
v 106.210220 42.846024 -100.758224
v 106.965286 42.846024 -102.066025
v 108.273094 42.846024 -102.821091
v 111.091019 42.846024 -102.066025
v 109.783203 42.846024 -102.821091
v 113.651855 39.718536 -101.242065
v 113.651855 39.718536 -98.764236
v 112.412926 39.718536 -96.618385
v 110.267059 39.718536 -95.379456
v 107.789238 39.718536 -95.379456
v 105.643379 39.718536 -96.618385
v 104.404442 39.718536 -98.764236
v 104.404442 39.718536 -101.242065
v 105.643379 39.718536 -103.387932
v 107.789238 39.718536 -104.626846
v 112.412926 39.718536 -103.387932
v 110.267059 39.718536 -104.626846
v 115.613571 36.810177 -101.767715
v 115.613571 36.810177 -98.238586
v 113.849007 36.810177 -95.182289
v 110.792709 36.810177 -93.417740
v 107.263596 36.810177 -93.417740
v 104.207291 36.810177 -95.182289
v 102.442726 36.810177 -98.238586
v 102.442726 36.810177 -101.767715
v 104.207291 36.810177 -104.824013
v 107.263596 36.810177 -106.588577
v 110.792709 36.810177 -106.588577
v 113.849022 36.810177 -104.824013
v 117.687149 34.313057 -102.323318
v 117.687149 34.313057 -97.682968
v 115.366959 34.313057 -93.664337
v 111.348320 34.313057 -91.344170
v 106.707993 34.313057 -91.344170
v 102.689331 34.313057 -93.664337
v 100.369156 34.313057 -97.682968
v 100.369156 34.313057 -102.323318
v 102.689331 34.313057 -106.341980
v 106.707993 34.313057 -108.662148
v 111.348320 34.313057 -108.662148
v 115.366974 34.313057 -106.341980
v 116.899963 34.313057 -102.112404
v 116.899963 34.313057 -97.893898
v 114.790703 34.313057 -94.240593
v 111.137398 34.313057 -92.131340
v 106.918915 34.313057 -92.131340
v 103.265587 34.313057 -94.240593
v 101.156342 34.313057 -97.893898
v 101.156342 34.313057 -102.112404
v 103.265587 34.313057 -105.765724
v 106.918915 34.313057 -107.874962
v 111.137398 34.313057 -107.874962
v 114.790726 34.313057 -105.765724
v 116.899963 19.221388 -102.112404
v 116.899963 19.221388 -97.893898
v 114.790703 19.221388 -94.240593
v 111.137398 19.221388 -92.131340
v 106.918915 19.221388 -92.131340
v 103.265587 19.221388 -94.240593
v 101.156342 19.221388 -97.893898
v 101.156342 19.221388 -102.112404
v 103.265587 19.221388 -105.765724
v 106.918915 19.221388 -107.874962
v 111.137398 19.221388 -107.874962
v 114.790726 19.221388 -105.765724
v 40.355179 19.221388 -166.294617
v 36.701855 19.221388 -168.403870
v 32.483372 19.221388 -168.403870
v 28.830044 19.221388 -166.294617
v 26.720798 19.221388 -162.641327
v 26.720798 19.221388 -158.422821
v 28.830044 19.221388 -154.769501
v 32.483372 19.221388 -152.660248
v 36.701855 19.221388 -152.660248
v 40.355160 19.221388 -154.769501
v 42.464420 19.221388 -158.422821
v 42.464420 19.221388 -162.641327
v 40.355179 34.313057 -166.294617
v 36.701855 34.313057 -168.403870
v 32.483372 34.313057 -168.403870
v 28.830044 34.313057 -166.294617
v 26.720798 34.313057 -162.641327
v 26.720798 34.313057 -158.422821
v 28.830044 34.313057 -154.769501
v 32.483372 34.313057 -152.660248
v 36.701855 34.313057 -152.660248
v 40.355160 34.313057 -154.769501
v 42.464420 34.313057 -158.422821
v 42.464420 34.313057 -162.641327
v 40.931435 34.313057 -166.870880
v 36.912777 34.313057 -169.191040
v 32.272449 34.313057 -169.191040
v 28.253790 34.313057 -166.870880
v 25.933613 34.313057 -162.852219
v 25.933613 34.313057 -158.211884
v 28.253790 34.313057 -154.193253
v 32.272449 34.313057 -151.873077
v 36.912777 34.313057 -151.873077
v 40.931412 34.313057 -154.193253
v 43.251602 34.313057 -158.211884
v 43.251602 34.313057 -162.852219
v 39.413475 36.810177 -165.352936
v 36.357170 36.810177 -167.117477
v 32.828056 36.810177 -167.117477
v 29.771748 36.810177 -165.352936
v 28.007187 36.810177 -162.296631
v 28.007187 36.810177 -158.767517
v 29.771748 36.810177 -155.711212
v 32.828056 36.810177 -153.946655
v 36.357170 36.810177 -153.946655
v 39.413460 36.810177 -155.711212
v 41.178032 36.810177 -158.767517
v 41.178032 36.810177 -162.296631
v 35.831516 39.718536 -165.155762
v 37.977386 39.718536 -163.916840
v 33.353699 39.718536 -165.155762
v 31.207836 39.718536 -163.916840
v 29.968904 39.718536 -161.770996
v 29.968904 39.718536 -159.293152
v 31.207836 39.718536 -157.147308
v 33.353699 39.718536 -155.908371
v 35.831516 39.718536 -155.908371
v 37.977379 39.718536 -157.147308
v 39.216312 39.718536 -159.293152
v 39.216312 39.718536 -161.770996
v 35.347660 42.846024 -163.350006
v 36.655472 42.846024 -162.594925
v 33.837555 42.846024 -163.350006
v 32.529743 42.846024 -162.594925
v 31.774681 42.846024 -161.287140
v 31.774681 42.846024 -159.777008
v 32.529743 42.846024 -158.469208
v 33.837555 42.846024 -157.714157
v 35.347660 42.846024 -157.714157
v 36.655472 42.846024 -158.469208
v 37.410534 42.846024 -159.777008
v 37.410534 42.846024 -161.287140
v 34.592602 48.424988 -160.532043
v 34.592587 19.221388 -160.532043
v -26.908873 19.221388 -160.532043
v -26.908857 48.424988 -160.532043
v -24.090925 42.846024 -161.287140
v -24.090925 42.846024 -159.777008
v -24.845987 42.846024 -158.469208
v -26.153797 42.846024 -157.714157
v -27.663904 42.846024 -157.714157
v -28.971716 42.846024 -158.469208
v -29.726778 42.846024 -159.777008
v -29.726778 42.846024 -161.287140
v -28.971716 42.846024 -162.594925
v -27.663904 42.846024 -163.350006
v -24.845987 42.846024 -162.594925
v -26.153797 42.846024 -163.350006
v -22.285149 39.718536 -161.770996
v -22.285149 39.718536 -159.293152
v -23.524080 39.718536 -157.147308
v -25.669943 39.718536 -155.908371
v -28.147758 39.718536 -155.908371
v -30.293623 39.718536 -157.147308
v -31.532553 39.718536 -159.293152
v -31.532553 39.718536 -161.770996
v -30.293623 39.718536 -163.916840
v -28.147758 39.718536 -165.155762
v -23.524073 39.718536 -163.916840
v -25.669943 39.718536 -165.155762
v -20.323429 36.810177 -162.296631
v -20.323429 36.810177 -158.767517
v -22.087999 36.810177 -155.711212
v -25.144291 36.810177 -153.946655
v -28.673403 36.810177 -153.946655
v -31.729712 36.810177 -155.711212
v -33.494270 36.810177 -158.767517
v -33.494270 36.810177 -162.296631
v -31.729712 36.810177 -165.352936
v -28.673403 36.810177 -167.117477
v -25.144291 36.810177 -167.117477
v -22.087984 36.810177 -165.352936
v -18.249857 34.313057 -162.852219
v -18.249857 34.313057 -158.211884
v -20.570047 34.313057 -154.193253
v -24.588684 34.313057 -151.873077
v -29.229010 34.313057 -151.873077
v -33.247665 34.313057 -154.193253
v -35.567844 34.313057 -158.211884
v -35.567844 34.313057 -162.852219
v -33.247665 34.313057 -166.870880
v -29.229010 34.313057 -169.191040
v -24.588684 34.313057 -169.191040
v -20.570024 34.313057 -166.870880
v -19.037041 34.313057 -162.641327
v -19.037041 34.313057 -158.422821
v -21.146301 34.313057 -154.769501
v -24.799606 34.313057 -152.660248
v -29.018087 34.313057 -152.660248
v -32.671413 34.313057 -154.769501
v -34.780659 34.313057 -158.422821
v -34.780659 34.313057 -162.641327
v -32.671413 34.313057 -166.294617
v -29.018087 34.313057 -168.403870
v -24.799606 34.313057 -168.403870
v -21.146280 34.313057 -166.294617
v -19.037041 19.221388 -162.641327
v -19.037041 19.221388 -158.422821
v -21.146301 19.221388 -154.769501
v -24.799606 19.221388 -152.660248
v -29.018087 19.221388 -152.660248
v -32.671413 19.221388 -154.769501
v -34.780659 19.221388 -158.422821
v -34.780659 19.221388 -162.641327
v -32.671413 19.221388 -166.294617
v -29.018087 19.221388 -168.403870
v -24.799606 19.221388 -168.403870
v -21.146280 19.221388 -166.294617
v -95.592270 19.221388 -105.751266
v -99.245598 19.221388 -107.860504
v -103.464081 19.221388 -107.860504
v -107.117409 19.221388 -105.751266
v -109.226654 19.221388 -102.097961
v -109.226654 19.221388 -97.879456
v -107.117409 19.221388 -94.226151
v -103.464081 19.221388 -92.116882
v -99.245598 19.221388 -92.116882
v -95.592293 19.221388 -94.226151
v -93.483032 19.221388 -97.879456
v -93.483032 19.221388 -102.097961
v -95.592270 34.313057 -105.751266
v -99.245598 34.313057 -107.860504
v -103.464081 34.313057 -107.860504
v -107.117409 34.313057 -105.751266
v -109.226654 34.313057 -102.097961
v -109.226654 34.313057 -97.879456
v -107.117409 34.313057 -94.226151
v -103.464081 34.313057 -92.116882
v -99.245598 34.313057 -92.116882
v -95.592293 34.313057 -94.226151
v -93.483032 34.313057 -97.879456
v -93.483032 34.313057 -102.097961
v -95.016022 34.313057 -106.327515
v -99.034676 34.313057 -108.647690
v -103.675011 34.313057 -108.647690
v -107.693665 34.313057 -106.327515
v -110.013832 34.313057 -102.308861
v -110.013832 34.313057 -97.668526
v -107.693665 34.313057 -93.649895
v -103.675011 34.313057 -91.329727
v -99.034676 34.313057 -91.329727
v -95.016045 34.313057 -93.649895
v -92.695854 34.313057 -97.668526
v -92.695854 34.313057 -102.308861
v -96.533981 36.810177 -104.809570
v -99.590286 36.810177 -106.574112
v -103.119400 36.810177 -106.574112
v -106.175697 36.810177 -104.809570
v -107.940262 36.810177 -101.753265
v -107.940262 36.810177 -98.224144
v -106.175697 36.810177 -95.167847
v -103.119400 36.810177 -93.403297
v -99.590286 36.810177 -93.403297
v -96.533989 36.810177 -95.167847
v -94.769424 36.810177 -98.224144
v -94.769424 36.810177 -101.753265
v -100.115936 39.718536 -104.612404
v -97.970070 39.718536 -103.373474
v -102.593758 39.718536 -104.612404
v -104.739616 39.718536 -103.373474
v -105.978554 39.718536 -101.227623
v -105.978554 39.718536 -98.749786
v -104.739616 39.718536 -96.603943
v -102.593758 39.718536 -95.365005
v -100.115936 39.718536 -95.365005
v -97.970078 39.718536 -96.603943
v -96.731140 39.718536 -98.749786
v -96.731140 39.718536 -101.227623
v -100.599792 42.846024 -102.806656
v -99.291985 42.846024 -102.051567
v -102.109894 42.846024 -102.806656
v -103.417709 42.846024 -102.051567
v -104.172768 42.846024 -100.743774
v -104.172768 42.846024 -99.233643
v -103.417709 42.846024 -97.925850
v -102.109894 42.846024 -97.170792
v -100.599792 42.846024 -97.170792
v -99.291985 42.846024 -97.925850
v -98.536919 42.846024 -99.233643
v -98.536919 42.846024 -100.743774
v -101.354851 48.424988 -99.988693
v -101.354866 19.221388 -99.988693
v -101.354866 19.221388 -39.622002
v -101.354851 48.424988 -39.622002
v -98.536919 42.846024 -40.377087
v -98.536919 42.846024 -38.866947
v -99.291985 42.846024 -37.559158
v -100.599792 42.846024 -36.804104
v -102.109894 42.846024 -36.804104
v -103.417709 42.846024 -37.559158
v -104.172768 42.846024 -38.866947
v -104.172768 42.846024 -40.377087
v -103.417709 42.846024 -41.684875
v -102.109894 42.846024 -42.439960
v -99.291985 42.846024 -41.684875
v -100.599792 42.846024 -42.439960
v -96.731140 39.718536 -40.860935
v -96.731140 39.718536 -38.383102
v -97.970078 39.718536 -36.237251
v -100.115936 39.718536 -34.998322
v -102.593758 39.718536 -34.998322
v -104.739616 39.718536 -36.237251
v -105.978554 39.718536 -38.383102
v -105.978554 39.718536 -40.860935
v -104.739616 39.718536 -43.006783
v -102.593758 39.718536 -44.245712
v -97.970070 39.718536 -43.006783
v -100.115936 39.718536 -44.245712
v -94.769424 36.810177 -41.386581
v -94.769424 36.810177 -37.857456
v -96.533989 36.810177 -34.801155
v -99.590286 36.810177 -33.036610
v -103.119400 36.810177 -33.036610
v -106.175697 36.810177 -34.801155
v -107.940262 36.810177 -37.857456
v -107.940262 36.810177 -41.386581
v -106.175697 36.810177 -44.442879
v -103.119400 36.810177 -46.207424
v -99.590286 36.810177 -46.207424
v -96.533981 36.810177 -44.442879
v -92.695854 34.313057 -41.942169
v -92.695854 34.313057 -37.301834
v -95.016045 34.313057 -33.283203
v -99.034676 34.313057 -30.963036
v -103.675011 34.313057 -30.963036
v -107.693665 34.313057 -33.283203
v -110.013832 34.313057 -37.301834
v -110.013832 34.313057 -41.942169
v -107.693665 34.313057 -45.960831
v -103.675011 34.313057 -48.280998
v -99.034676 34.313057 -48.280998
v -95.016022 34.313057 -45.960831
v -93.483032 34.313057 -41.731270
v -93.483032 34.313057 -37.512764
v -95.592293 34.313057 -33.859459
v -99.245598 34.313057 -31.750191
v -103.464081 34.313057 -31.750191
v -107.117409 34.313057 -33.859459
v -109.226654 34.313057 -37.512764
v -109.226654 34.313057 -41.731270
v -107.117409 34.313057 -45.384575
v -103.464081 34.313057 -47.493813
v -99.245598 34.313057 -47.493813
v -95.592270 34.313057 -45.384575
v -93.483032 19.221388 -41.731270
v -93.483032 19.221388 -37.512764
v -95.592293 19.221388 -33.859459
v -99.245598 19.221388 -31.750191
v -103.464081 19.221388 -31.750191
v -107.117409 19.221388 -33.859459
v -109.226654 19.221388 -37.512764
v -109.226654 19.221388 -41.731270
v -107.117409 19.221388 -45.384575
v -103.464081 19.221388 -47.493813
v -99.245598 19.221388 -47.493813
v -95.592270 19.221388 -45.384575
v -23.587038 36.645157 48.814926
v 31.156559 73.166763 31.258011
v -23.613186 73.166763 31.258011
v 95.081245 44.434494 20.829285
v -4.521651 -37.823933 49.958221
v -4.629870 -37.823933 50.125801
v 12.200859 -37.823933 49.958221
v 12.309076 -37.823933 50.125801
v -4.639801 -37.823933 50.325035
v 12.319008 -37.823933 50.325035
v -4.548780 -37.823933 50.502541
v 12.227987 -37.823933 50.502541
v -4.381196 -37.823933 50.610748
v 12.060404 -37.823933 50.610748
v -4.181956 -37.823933 50.620682
v 11.861162 -37.823933 50.620682
v -4.004445 -37.823933 50.529663
v 11.683651 -37.823933 50.529663
v -3.896224 -37.823933 50.362083
v 11.575430 -37.823933 50.362083
v -3.886293 -37.823933 50.162849
v 11.565500 -37.823933 50.162849
v -3.977315 -37.823933 49.985344
v 11.656523 -37.823933 49.985344
v -4.144897 -37.823933 49.877121
v 11.824104 -37.823933 49.877121
v -4.344138 -37.823933 49.867195
v 12.023344 -37.823933 49.867195
v -4.363831 -37.821453 50.131683
v -4.294200 -37.821453 50.096329
v 12.043037 -37.821453 50.131683
v 11.973408 -37.821453 50.096329
v -4.216223 -37.821453 50.100533
v 11.895430 -37.821453 50.100533
v -4.150793 -37.821453 50.143158
v 11.830000 -37.821453 50.143158
v -4.115441 -37.821453 50.212791
v 11.794649 -37.821453 50.212791
v -4.119641 -37.821453 50.290764
v 11.798848 -37.821453 50.290764
v -4.162266 -37.821453 50.356194
v 11.841473 -37.821453 50.356194
v -4.231895 -37.821453 50.391548
v 11.911102 -37.821453 50.391548
v -4.309872 -37.821453 50.387344
v 11.989079 -37.821453 50.387344
v -4.375303 -37.821453 50.344727
v 12.054510 -37.821453 50.344727
v -4.410655 -37.821453 50.275093
v 12.089863 -37.821453 50.275093
v -4.406457 -37.821453 50.197113
v 12.085665 -37.821453 50.197113
v -4.366488 -37.823933 50.129654
v -4.409776 -37.823933 50.196678
v 12.045694 -37.823933 50.129654
v 12.088984 -37.823933 50.196678
v -4.413748 -37.823933 50.276375
v 12.092955 -37.823933 50.276375
v -4.377340 -37.823933 50.347374
v 12.056547 -37.823933 50.347374
v -4.310307 -37.823933 50.390671
v 11.989513 -37.823933 50.390671
v -4.230610 -37.823933 50.394638
v 11.909817 -37.823933 50.394638
v -4.159606 -37.823933 50.358231
v 11.838812 -37.823933 50.358231
v -4.116318 -37.823933 50.291191
v 11.795525 -37.823933 50.291191
v -4.112346 -37.823933 50.211510
v 11.791553 -37.823933 50.211510
v -4.148755 -37.823933 50.140495
v 11.827962 -37.823933 50.140495
v -4.215786 -37.823933 50.097214
v 11.894995 -37.823933 50.097214
v -4.295482 -37.823933 50.093239
v 11.974689 -37.823933 50.093239
v 13.183235 -34.109898 27.831924
v 8.147106 -34.092064 27.831924
v -7.918696 -34.109898 30.446793
v -7.918696 -22.479969 30.446793
v 15.597904 -34.109898 30.446793
v 15.597904 -22.479969 30.446793
v -7.918696 -39.506680 30.446793
v 15.597904 -39.506680 30.446793
v -7.918696 -20.684151 30.446793
v -7.918696 -5.915270 30.446793
v 15.597904 -20.684151 30.446793
v 15.597904 -5.915270 30.446793
v -7.504175 4.144458 30.446793
v -7.504175 4.144458 30.446793
v 15.183382 4.144458 30.446793
v 15.183382 4.144458 30.446793
v -7.171287 10.956032 30.446793
v -4.883930 17.311443 30.446793
v 14.850494 10.956032 30.446793
v 12.563137 17.311443 30.446793
v -2.118701 21.512964 30.446793
v 9.797908 21.512964 30.446793
v 1.409537 24.875441 30.446793
v 6.269670 24.875441 30.446793
v 3.839603 26.261053 30.446793
v 3.839603 26.261053 30.446793
v -10.349068 4.144458 30.446793
v -10.349068 4.144458 30.446793
v 18.028275 4.144458 30.446793
v 18.028275 4.144458 30.446793
v 0.513043 38.863396 30.446793
v 0.513043 38.863396 30.446793
v -4.645196 38.863396 30.446793
v -4.645196 38.863396 30.446793
v 7.166163 38.863396 30.446793
v 7.166163 38.863396 30.446793
v 12.324404 38.863396 30.446793
v 12.324404 38.863396 30.446793
v 0.513043 43.692734 30.446793
v 0.513043 43.692734 30.446793
v 7.166163 43.692734 30.446793
v 7.166163 43.692734 30.446793
v 3.839603 43.692734 30.446793
v -7.689694 43.692734 30.446793
v -4.645196 43.692734 30.446793
v -4.645196 43.692734 30.446793
v 15.368900 43.692734 30.446793
v 12.324404 43.692734 30.446793
v 12.324404 43.692734 30.446793
v -10.359509 43.692734 30.446793
v 18.038715 43.692734 30.446793
v -36.079983 4.148452 35.586502
v -36.849476 4.148452 33.049866
v -36.849476 4.148452 27.773720
v -36.079983 4.148452 25.237076
v -28.761862 4.148452 17.918999
v -26.225197 4.148452 17.149467
v -23.587166 4.148452 16.889648
v -20.949116 4.148452 17.149467
v -18.412457 4.148452 17.918999
v -16.074659 4.148452 19.168541
v -14.025581 4.148452 39.973358
v -16.074678 4.148445 41.655045
v -18.412476 4.148445 42.904671
v -33.531239 4.148452 40.355827
v -35.280148 4.148452 38.224739
v -36.579697 4.148452 35.793488
v -37.379967 4.148452 33.155388
v -37.650196 4.148452 30.411789
v -37.379967 4.148452 27.668190
v -36.579697 4.148452 25.030090
v -35.280148 4.148452 22.598763
v -33.531239 4.148452 20.467674
v -31.400160 4.148452 18.718811
v -28.968847 4.148452 17.419289
v -26.330719 4.148452 16.618973
v -23.587166 4.148452 16.348763
v -20.843594 4.148452 16.618973
v -18.205467 4.148452 17.419289
v -15.774157 4.148452 18.718811
v -13.643095 4.148452 20.467674
v -11.894163 4.148452 22.598763
v -10.594618 4.148452 25.030090
v -9.794346 4.148452 27.668190
v -9.524141 4.148452 30.411789
v -9.794346 4.148452 33.155388
v -10.594618 4.148452 35.793488
v -11.894207 4.148452 38.224823
v -13.643118 4.148452 40.355827
v -15.774179 4.148445 42.104774
v -18.205486 4.148445 43.404381
v -20.843615 4.148445 44.204613
v -23.587189 4.148445 44.474823
v -26.330740 4.148445 44.204613
v -28.968866 4.148445 43.404297
v -31.400202 4.148445 42.104774
v -35.280148 5.355786 38.224739
v -36.579697 5.355786 35.793488
v -37.379967 5.355786 27.668190
v -36.579697 5.355786 25.030090
v -35.280148 5.355786 22.598763
v -33.531239 5.355786 20.467674
v -31.400160 5.355786 18.718811
v -28.968847 5.355786 17.419289
v -26.330719 5.355786 16.618973
v -23.587166 5.355786 16.348763
v -20.843594 5.355786 16.618973
v -18.205467 5.355786 17.419289
v -15.774157 5.355786 18.718811
v -13.643095 5.355786 20.467674
v -11.894163 5.355786 22.598763
v -10.594618 5.355786 25.030090
v -9.794346 5.355786 27.668190
v -9.524141 5.355786 30.411789
v -9.794346 5.355786 33.155388
v -10.594618 5.355786 35.793488
v -15.774179 5.355779 42.104774
v -18.205486 5.355779 43.404381
v -26.330740 5.355779 44.204613
v -28.968866 5.355779 43.404297
v -11.069628 5.355786 25.226845
v -12.321659 5.355786 22.884407
v -20.943899 5.355786 17.123238
v -23.587166 5.355786 16.862907
v -31.114557 5.355779 41.677277
v -31.114557 5.355779 41.677277
v -31.114557 5.355779 41.677277
v -28.772108 5.355779 42.929291
v -34.830418 4.148452 37.924240
v -20.943380 24.069454 43.703056
v -20.943380 24.069454 43.703056
v -20.943380 24.069454 43.703056
v -20.943380 24.069454 43.703056
v -20.943380 24.069454 43.703056
v -20.943920 5.355779 43.700348
v -20.943920 5.355779 43.700348
v -20.943920 5.355779 43.700348
v -37.138809 24.069462 30.411789
v -37.138809 24.069462 30.411789
v -37.136047 5.355786 30.411789
v -37.136047 5.355786 30.411789
v -37.136047 5.355786 30.411789
v -36.878414 24.069462 33.055618
v -36.878414 24.069462 33.055618
v -36.878414 24.069462 33.055618
v -36.878414 24.069462 33.055618
v -36.875706 5.355786 33.055077
v -36.875706 5.355786 33.055077
v -36.875706 5.355786 33.055077
v -23.587189 5.355779 43.960670
v -23.587189 5.355779 43.960670
v -23.587189 5.355779 43.960670
v -26.230436 5.355779 43.700348
v -14.006672 5.355786 39.992271
v -14.006672 5.355786 39.992271
v -14.006672 5.355786 39.992271
v -16.059824 5.355779 41.677277
v -26.230415 5.355786 17.123238
v -28.772093 5.355786 17.894295
v -33.167683 5.355786 20.831238
v -31.114511 5.355786 19.146309
v -36.875706 5.355786 27.768501
v -36.104691 5.355786 25.226845
v -10.298613 5.355786 27.768501
v -10.038286 5.355786 30.411789
v -11.069628 5.355786 35.596733
v -12.321703 5.355786 37.939178
v -12.321703 5.355786 37.939178
v -12.321703 5.355786 37.939178
v -34.854950 24.069462 37.940628
v -34.854950 24.069462 37.940628
v -33.169636 24.069462 39.994225
v -33.169636 24.069462 39.994225
v -33.169636 24.069462 39.994225
v -33.169636 24.069462 39.994225
v -33.169636 24.069462 39.994225
v -36.107243 24.069462 35.597794
v -36.107243 24.069462 35.597794
v -12.319407 24.069462 37.940712
v -12.319407 24.069462 37.940712
v -12.319407 24.069462 37.940712
v -12.319407 24.069462 37.940712
v -12.319407 24.069462 37.940712
v -11.067076 24.069462 35.597794
v -11.067076 24.069462 35.597794
v -14.030704 24.069462 39.965851
v -14.030704 24.069462 39.965851
v -14.030704 24.069462 39.965851
v -14.030704 24.069462 39.965851
v -14.030704 24.069462 39.965851
v -16.058289 24.069454 41.679573
v -16.058289 24.069454 41.679573
v -18.401184 24.069454 42.931923
v -18.401184 24.069454 42.931923
v -23.587189 24.069454 43.963432
v -23.587189 24.069454 43.963432
v -23.587189 24.069454 43.963432
v -23.587189 24.069454 43.963432
v -23.587189 24.069454 43.963432
v -26.230974 24.069454 43.703056
v -26.230974 24.069454 43.703056
v -28.773165 24.069454 42.931847
v -28.773165 24.069454 42.931847
v -31.116095 24.069454 41.679573
v -31.116095 24.069454 41.679573
v -31.116095 24.069454 41.679573
v -31.116095 24.069454 41.679573
v -31.116095 24.069454 41.679573
v -10.065029 4.148452 30.411789
v -10.324841 4.148452 33.049866
v -28.761877 4.148445 42.904587
v -26.225218 4.148445 43.674118
v -23.587189 4.148445 43.933929
v -20.949137 4.148445 43.674118
v -32.673061 26.382818 44.010086
v -32.673061 26.382818 44.010086
v -32.673061 26.382818 44.010086
v -35.151501 26.382818 41.976074
v -35.151501 26.382818 41.976074
v -35.151501 26.382818 41.976074
v -29.845598 26.382818 45.521355
v -29.845598 26.382818 45.521355
v -29.845598 26.382818 45.521355
v -26.777649 26.382818 46.451973
v -26.777649 26.382818 46.451973
v -26.777649 26.382818 46.451973
v -23.587046 26.382818 46.766197
v -23.587046 26.382818 46.766197
v -23.587046 26.382818 46.766197
v -20.396471 26.382818 46.451973
v -20.396471 26.382818 46.451973
v -20.396471 26.382818 46.451973
v -17.328522 26.382818 45.521255
v -17.328522 26.382818 45.521255
v -17.328522 26.382818 45.521255
v -14.501089 26.382818 44.009888
v -14.501089 26.382818 44.009888
v -14.501089 26.382818 44.009888
v -12.022770 26.382818 41.976074
v -12.022770 26.382818 41.976074
v -12.022770 26.382818 41.976074
v -9.988930 26.382818 39.497749
v -9.988930 26.382818 39.497749
v -9.988930 26.382818 39.497749
v -8.477638 26.382818 36.670273
v -8.477638 26.382818 36.670273
v -8.477638 26.382818 36.670273
v -7.546998 26.382818 33.602325
v -7.232766 26.382818 30.411697
v -7.546998 26.382818 27.221069
v -8.477690 26.382818 24.153122
v -9.989002 26.382818 21.325737
v -12.022873 26.382818 18.847427
v -14.501162 26.382818 16.813599
v -17.328648 26.382818 15.302238
v -20.396597 26.382818 14.371628
v -23.587170 26.382818 14.057388
v -26.777771 26.382818 14.371628
v -29.845724 26.382818 15.302338
v -32.673180 26.382818 16.813599
v -35.151447 26.382818 18.847427
v -37.185345 26.382818 21.325737
v -38.696655 26.382818 24.153122
v -39.627323 26.382818 27.221169
v -39.941582 26.382818 30.411697
v -39.627323 26.382818 33.602325
v -39.627323 26.382818 33.602325
v -38.696655 26.382818 36.670372
v -38.696655 26.382818 36.670372
v -38.696655 26.382818 36.670372
v -37.185368 26.382818 39.497749
v -37.185368 26.382818 39.497749
v -37.185368 26.382818 39.497749
v -12.022770 36.041489 41.976074
v -9.988930 36.041489 39.497749
v -7.546998 36.041489 33.602325
v -7.232766 36.041489 30.411697
v -7.546998 36.041489 27.221069
v -8.477690 36.041489 24.153122
v -20.396597 36.041489 14.371628
v -23.587170 36.041489 14.057388
v -26.777771 36.041489 14.371628
v -32.673180 36.041489 16.813599
v -35.151447 36.041489 18.847427
v -39.627323 36.041489 27.221169
v -39.941582 36.041489 30.411697
v -36.107243 26.400024 35.597794
v -36.107243 26.400024 35.597794
v -34.854950 26.400024 37.940628
v -34.854950 26.400024 37.940628
v -14.030704 26.400024 39.965851
v -14.030704 26.400024 39.965851
v -12.319407 26.400024 37.940712
v -12.319407 26.400024 37.940712
v -18.401184 26.400017 42.931923
v -18.401184 26.400017 42.931923
v -16.058289 26.400017 41.679573
v -16.058289 26.400017 41.679573
v -23.587189 26.400017 43.963432
v -23.587189 26.400017 43.963432
v -20.943380 26.400017 43.703056
v -20.943380 26.400017 43.703056
v -28.773165 26.400017 42.931847
v -28.773165 26.400017 42.931847
v -26.230974 26.400017 43.703056
v -26.230974 26.400017 43.703056
v -33.169636 26.400024 39.994225
v -33.169636 26.400024 39.994225
v -31.116095 26.400017 41.679573
v -31.116095 26.400017 41.679573
v -37.138809 26.385677 30.411789
v -36.878414 26.391144 27.767960
v -36.107243 26.391144 25.225784
v -34.854950 26.391144 22.882874
v -33.169636 26.391144 20.829285
v -31.116049 26.391144 19.144012
v -28.773149 26.391144 17.891739
v -26.230955 26.391144 17.120529
v -23.587166 26.391144 16.860146
v -20.943359 26.391144 17.120529
v -18.401163 26.391144 17.891739
v -16.058268 26.391144 19.144012
v -14.004696 26.391144 20.829285
v -12.319361 26.391144 22.882874
v -11.067076 26.391144 25.225784
v -10.295902 26.391144 27.767960
v -10.035522 26.391144 30.411789
v -10.295902 26.391144 33.055618
v -11.067076 26.391144 35.597794
v -11.067076 26.391144 35.597794
v -36.878414 26.380217 33.055618
v -31.400202 5.355779 42.104774
v -31.400202 5.355779 42.104774
v -31.400202 5.355779 42.104774
v -31.400202 5.355779 42.104774
v -33.531239 5.355786 40.355827
v -33.531239 5.355786 40.355827
v -33.531239 5.355786 40.355827
v -33.531239 5.355786 40.355827
v -33.507587 24.069386 40.405998
v -33.507587 24.069386 40.405998
v -31.454042 24.069378 42.091354
v -31.454042 24.069378 42.091354
v -23.587189 5.355779 44.474823
v -23.587189 5.355779 44.474823
v -23.587189 5.355779 44.474823
v -23.587189 5.355779 44.474823
v -20.843615 5.355779 44.204613
v -20.843615 5.355779 44.204613
v -20.843615 5.355779 44.204613
v -20.843615 5.355779 44.204613
v -23.534977 24.069378 44.493576
v -23.534977 24.069378 44.493576
v -20.891169 24.069378 44.233192
v -20.891169 24.069378 44.233192
v -13.643118 5.355786 40.355827
v -13.643118 5.355786 40.355827
v -13.643118 5.355786 40.355827
v -13.643118 5.355786 40.355827
v -11.894207 5.355786 38.224823
v -11.894207 5.355786 38.224823
v -11.894207 5.355786 38.224823
v -11.894207 5.355786 38.224823
v -13.621361 24.069927 40.306740
v -13.621361 24.069927 40.306740
v -11.910063 24.069927 38.281601
v -11.910063 24.069927 38.281601
v -37.650196 5.355786 30.411789
v -37.650196 5.355786 30.411789
v -37.650196 5.355786 30.411789
v -37.650196 5.355786 30.411789
v -37.379967 5.355786 33.155388
v -37.379967 5.355786 33.155388
v -37.379967 5.355786 33.155388
v -37.379967 5.355786 33.155388
v -37.668945 24.069386 30.464005
v -37.668945 24.069386 30.464005
v -37.408546 24.069386 33.107834
v -37.408546 24.069386 33.107834
v -33.167683 5.355786 39.992271
v -33.167683 5.355786 39.992271
v -33.167683 5.355786 39.992271
v -10.359509 43.692734 27.778954
v -7.689694 43.692734 27.725266
v 18.038715 43.692734 27.778954
v 15.368900 43.692734 27.725266
v -4.645196 43.692734 27.725266
v -4.645196 43.692734 27.725266
v -4.645196 38.863396 27.725266
v -4.645196 38.863396 27.725266
v 12.324404 43.692734 27.725266
v 12.324404 43.692734 27.725266
v 12.324404 38.863396 27.725266
v 12.324404 38.863396 27.725266
v 3.839603 43.692734 27.725266
v 0.513043 43.692734 27.725266
v 0.513043 43.692734 27.725266
v 7.166163 43.692734 27.725266
v 7.166163 43.692734 27.725266
v 0.513043 38.863396 27.725266
v 0.513043 38.863396 27.725266
v 7.166163 38.863396 27.725266
v 7.166163 38.863396 27.725266
v -7.918696 -18.988739 27.761902
v -7.918696 -18.988739 27.761902
v -7.918696 -21.858330 27.761902
v -7.918696 -21.858330 27.761902
v 15.597904 -18.988739 27.761902
v 15.597904 -18.988739 27.761902
v 15.597904 -21.858330 27.761902
v 15.597904 -21.858330 27.761902
v 3.839603 26.261053 27.722572
v 3.839603 26.261053 27.722572
v 3.839603 26.261053 27.722572
v 1.409537 24.875441 27.743576
v 1.409537 24.875441 27.743576
v 6.269670 24.875441 27.743576
v 6.269670 24.875441 27.743576
v -2.118701 21.512964 27.743576
v -2.118701 21.512964 27.743576
v 9.797909 21.512964 27.743576
v 9.797909 21.512964 27.743576
v -4.883930 17.311447 27.743576
v -4.883930 17.311447 27.743576
v 12.563137 17.311447 27.743576
v 12.563137 17.311447 27.743576
v -7.171287 10.956032 27.743576
v -7.171287 10.956032 27.743576
v 14.850494 10.956032 27.743576
v 14.850494 10.956032 27.743576
v -7.504175 4.144458 27.743576
v -7.504175 4.144458 27.743576
v -7.504175 4.144458 27.743576
v -7.918697 -5.915270 27.743576
v -7.918697 -5.915270 27.743576
v 15.183382 4.144458 27.743576
v 15.183382 4.144458 27.743576
v 15.183382 4.144458 27.743576
v 15.597904 -5.915270 27.743576
v 15.597904 -5.915270 27.743576
v -7.918696 -34.109898 27.831924
v -7.918696 -34.109898 27.831924
v 15.597904 -34.109898 27.831924
v 15.597904 -34.109898 27.831924
v 3.839603 4.144458 27.719887
v 13.183235 -34.883598 27.831924
v 13.183235 -34.883598 27.831924
v 13.183235 -34.883598 27.831924
v 8.147106 -34.883598 27.831924
v -7.918696 -39.506680 27.831924
v -7.918696 -34.883598 27.831924
v -7.918696 -34.883598 27.831924
v -7.918696 -34.883598 27.831924
v -7.918696 -34.883598 27.831924
v 15.597904 -39.506680 27.831924
v 15.597902 -34.883598 27.831924
v 15.597902 -34.883598 27.831924
v 15.597902 -34.883598 27.831924
v 15.597902 -34.883598 27.831924
v -5.504029 -34.883598 27.831924
v -5.504029 -34.883598 27.831924
v -10.349066 -34.883598 27.778954
v 18.028275 -34.883598 27.778954
v -3.921759 -35.126274 25.700806
v -3.921518 -26.455315 25.700554
v 11.600965 -35.126274 25.700806
v 11.600725 -26.455315 25.700554
v -3.837441 -21.177841 25.670303
v 11.516648 -21.177841 25.670303
v -3.921759 -35.148079 29.964859
v -3.921317 -26.458447 29.965309
v 11.600965 -35.148079 29.964859
v 11.600524 -26.458447 29.965309
v -3.840744 -21.179890 29.992249
v 11.519951 -21.179890 29.992249
v 3.839603 -19.413563 29.905815
v 1.738816 -19.863628 29.911125
v 5.940392 -19.863628 29.911125
v -0.496656 -22.020111 29.915070
v -0.496656 -22.020111 29.915070
v 8.175863 -22.020111 29.915070
v 8.175863 -22.020111 29.915070
v -0.390826 -35.126274 29.877892
v -0.390771 -26.327026 29.877869
v 8.070033 -35.126274 29.877892
v 8.069979 -26.327026 29.877869
v -0.081336 -22.136921 27.832832
v 7.760543 -22.136921 27.832832
v 3.839603 -19.413105 25.759415
v 1.738549 -19.863216 25.754105
v 5.940658 -19.863216 25.754105
v -0.496883 -22.019814 25.750359
v -0.496883 -22.019814 25.750359
v 8.176090 -22.019814 25.750359
v 8.176090 -22.019814 25.750359
v -0.390826 -35.126274 25.787766
v -0.390852 -26.326939 25.787735
v 8.070033 -35.126274 25.787766
v 8.070059 -26.326939 25.787735
v -7.437597 5.361453 30.446793
v -7.437597 5.361453 30.446793
v 15.116804 5.361453 30.446793
v 15.116804 5.361453 30.446793
v -10.349068 5.361453 30.446793
v -10.349068 5.361453 30.446793
v 18.028275 5.361453 30.446793
v 18.028275 5.361453 30.446793
v -7.337731 5.339718 27.743576
v -7.337731 5.339718 27.743576
v -7.337731 5.339718 27.743576
v 15.016937 5.339718 27.743576
v 15.016937 5.339718 27.743576
v 15.016937 5.339718 27.743576
v 3.839603 5.339718 27.719887
v 3.839603 5.282085 28.928314
v -6.740749 5.282085 28.952019
v -6.740749 5.282085 28.952019
v 14.419956 5.282085 28.952019
v 14.419956 5.282085 28.952019
v -6.840616 5.303821 31.655235
v -6.840616 5.303821 31.655235
v 14.519823 5.303821 31.655235
v 14.519823 5.303821 31.655235
v -9.752087 5.303821 31.655235
v -9.752087 5.303821 31.655235
v 17.431293 5.303821 31.655235
v 17.431293 5.303821 31.655235
v -9.752087 4.086825 31.655235
v -9.752087 4.086825 31.655235
v 17.431293 4.086825 31.655235
v 17.431293 4.086825 31.655235
v -6.907193 4.086825 28.952019
v -6.907193 4.086825 28.952019
v 3.839603 4.086825 28.928314
v 14.586401 4.086825 28.952019
v 14.586401 4.086825 28.952019
v -6.907193 4.086825 31.655235
v -6.907193 4.086825 31.655235
v 14.586401 4.086825 31.655235
v 14.586401 4.086825 31.655235
v -36.269520 5.350507 30.427338
v -36.269520 5.350507 30.427338
v -90.599556 5.350507 30.427338
v -90.599556 5.350507 30.427338
v 43.948727 5.350507 30.427338
v 43.948727 5.350507 30.427338
v 98.278748 5.350507 30.427338
v 98.278748 5.350507 30.427338
v -36.269520 4.133512 30.427338
v -36.269520 4.133512 30.427338
v -90.599556 4.133512 30.427338
v -90.599556 4.133512 30.427338
v 43.948727 4.133512 30.427338
v 43.948727 4.133512 30.427338
v 98.278748 4.133512 30.427338
v 98.278748 4.133512 30.427338
v -36.279961 43.681789 27.759499
v -42.316628 43.681789 27.759499
v -42.316628 43.681789 27.759499
v 43.959164 43.681789 27.759499
v 49.995834 43.681789 27.759499
v 49.995834 43.681789 27.759499
v -42.316628 43.681789 30.427338
v -42.316628 43.681789 30.427338
v 49.995834 43.681789 30.427338
v 49.995834 43.681789 30.427338
v -36.279961 43.681789 30.427338
v 43.959164 43.681789 30.427338
v -54.389969 43.681789 30.427338
v -54.389969 43.681789 30.427338
v -48.353298 43.681789 30.427338
v -48.353298 43.681789 30.427338
v 62.069176 43.681789 30.427338
v 62.069176 43.681789 30.427338
v 56.032505 43.681789 30.427338
v 56.032505 43.681789 30.427338
v -54.389969 43.681789 27.759499
v -54.389969 43.681789 27.759499
v 62.069176 43.681789 27.759499
v 62.069176 43.681789 27.759499
v -48.353298 43.681789 27.759499
v -48.353298 43.681789 27.759499
v 56.032505 43.681789 27.759499
v 56.032505 43.681789 27.759499
v -60.426640 43.681789 27.759499
v -60.426640 43.681789 27.759499
v -60.426640 43.681789 30.427338
v -60.426640 43.681789 30.427338
v 68.105843 43.681789 27.759499
v 68.105843 43.681789 27.759499
v 68.105843 43.681789 30.427338
v 68.105843 43.681789 30.427338
v -66.463318 43.681789 27.759499
v -66.463318 43.681789 27.759499
v 74.142517 43.681789 27.759499
v 74.142517 43.681789 27.759499
v -66.463318 43.681789 30.427338
v -66.463318 43.681789 30.427338
v 74.142517 43.681789 30.427338
v 74.142517 43.681789 30.427338
v -78.536652 43.681789 30.427338
v -78.536652 43.681789 30.427338
v -72.499985 43.681789 30.427338
v -72.499985 43.681789 30.427338
v 86.215851 43.681789 30.427338
v 86.215851 43.681789 30.427338
v 80.179184 43.681789 30.427338
v 80.179184 43.681789 30.427338
v -78.536652 43.681789 27.759499
v -78.536652 43.681789 27.759499
v 86.215851 43.681789 27.759499
v 86.215851 43.681789 27.759499
v -72.499985 43.681789 27.759499
v -72.499985 43.681789 27.759499
v 80.179184 43.681789 27.759499
v 80.179184 43.681789 27.759499
v 118.726746 5.355786 30.411789
v 118.456520 5.355786 27.668190
v 118.456520 5.355786 33.155388
v 117.656250 5.355786 35.793488
v 114.607796 5.355786 40.355827
v 116.356697 5.355786 38.224739
v 112.476753 5.355779 42.104774
v 110.045418 5.355779 43.404297
v 94.719666 5.355786 40.355827
v 96.850731 5.355779 42.104774
v 92.970757 5.355786 38.224823
v 91.671173 5.355786 35.793488
v 104.663734 5.355779 44.474823
v 107.407288 5.355779 44.204613
v 101.920166 5.355779 44.204613
v 99.282036 5.355779 43.404381
v 92.143623 44.501152 35.597794
v 92.143623 44.501152 35.597794
v 89.554192 44.492828 36.670273
v 89.554192 44.492828 36.670273
v 89.554192 44.492828 36.670273
v 118.215363 44.495686 30.411789
v 117.954964 44.490227 33.055618
v 91.372452 44.501152 33.055618
v 92.143623 42.179474 35.597794
v 92.143623 42.179474 35.597794
v 91.112076 44.501152 30.411789
v 91.372452 44.501152 27.767960
v 92.143623 44.501152 25.225784
v 93.395920 44.501152 22.882874
v 97.134819 44.501152 19.144012
v 99.477715 44.501152 17.891739
v 102.019913 44.501152 17.120529
v 104.663719 44.501152 16.860146
v 107.307510 44.501152 17.120529
v 109.849701 44.501152 17.891739
v 112.192596 44.501152 19.144012
v 114.246185 44.501152 20.829285
v 115.931503 44.501152 22.882874
v 117.183792 44.501152 25.225784
v 117.954964 44.501152 27.767960
v 117.183792 44.510033 35.597794
v 117.183792 44.510033 35.597794
v 119.773209 44.492828 36.670372
v 119.773209 44.492828 36.670372
v 119.773209 44.492828 36.670372
v 115.931503 44.510033 37.940628
v 115.931503 44.510033 37.940628
v 118.261917 44.492828 39.497749
v 118.261917 44.492828 39.497749
v 118.261917 44.492828 39.497749
v 112.192642 44.510025 41.679573
v 112.192642 44.510025 41.679573
v 113.749611 44.492828 44.010086
v 113.749611 44.492828 44.010086
v 113.749611 44.492828 44.010086
v 114.246185 44.510033 39.994225
v 114.246185 44.510033 39.994225
v 116.228050 44.492828 41.976074
v 116.228050 44.492828 41.976074
v 116.228050 44.492828 41.976074
v 109.849716 44.510025 42.931847
v 109.849716 44.510025 42.931847
v 110.922150 44.492828 45.521355
v 110.922150 44.492828 45.521355
v 110.922150 44.492828 45.521355
v 107.307526 44.510025 43.703056
v 107.307526 44.510025 43.703056
v 107.854195 44.492828 46.451973
v 107.854195 44.492828 46.451973
v 107.854195 44.492828 46.451973
v 104.663734 44.510025 43.963432
v 104.663734 44.510025 43.963432
v 104.663597 44.492828 46.766197
v 104.663597 44.492828 46.766197
v 104.663597 44.492828 46.766197
v 102.019928 44.510025 43.703056
v 102.019928 44.510025 43.703056
v 101.473022 44.492828 46.451973
v 101.473022 44.492828 46.451973
v 101.473022 44.492828 46.451973
v 99.477737 44.510025 42.931923
v 99.477737 44.510025 42.931923
v 98.405067 44.492828 45.521255
v 98.405067 44.492828 45.521255
v 98.405067 44.492828 45.521255
v 97.134842 44.510025 41.679573
v 97.134842 44.510025 41.679573
v 95.577637 44.492828 44.009888
v 95.577637 44.492828 44.009888
v 95.577637 44.492828 44.009888
v 95.107262 44.510033 39.965851
v 95.107262 44.510033 39.965851
v 93.099319 44.492828 41.976074
v 93.099319 44.492828 41.976074
v 93.099319 44.492828 41.976074
v 93.395958 44.510033 37.940712
v 93.395958 44.510033 37.940712
v 91.065483 44.492828 39.497749
v 91.065483 44.492828 39.497749
v 91.065483 44.492828 39.497749
v 112.192642 42.179459 41.679573
v 112.192642 42.179459 41.679573
v 114.246185 42.179474 39.994225
v 114.246185 42.179474 39.994225
v 107.307526 42.179459 43.703056
v 107.307526 42.179459 43.703056
v 109.849716 42.179459 42.931847
v 109.849716 42.179459 42.931847
v 102.019928 42.179459 43.703056
v 102.019928 42.179459 43.703056
v 104.663734 42.179459 43.963432
v 104.663734 42.179459 43.963432
v 97.134842 42.179459 41.679573
v 97.134842 42.179459 41.679573
v 99.477737 42.179459 42.931923
v 99.477737 42.179459 42.931923
v 93.395958 42.179474 37.940712
v 93.395958 42.179474 37.940712
v 95.107262 42.179474 39.965851
v 95.107262 42.179474 39.965851
v 115.931503 42.179474 37.940628
v 115.931503 42.179474 37.940628
v 117.183792 42.179474 35.597794
v 117.183792 42.179474 35.597794
v 121.018135 44.492828 30.411697
v 120.703873 44.492828 27.221169
v 120.703873 44.492828 33.602325
v 120.703873 44.492828 33.602325
v 119.773209 44.492828 24.153122
v 118.261894 44.492828 21.325737
v 116.227997 44.492828 18.847427
v 113.749733 44.492828 16.813599
v 110.922272 44.492828 15.302338
v 107.854324 44.492828 14.371628
v 104.663727 44.492828 14.057388
v 101.473145 44.492828 14.371628
v 98.405205 44.492828 15.302238
v 95.577713 44.492828 16.813599
v 93.099426 44.492828 18.847427
v 91.065559 44.492828 21.325737
v 89.554237 44.492828 24.153122
v 88.623550 44.492828 27.221069
v 88.309311 44.492828 30.411697
v 88.623550 44.492828 33.602325
v 95.102127 4.148452 39.973358
v 97.151230 4.148445 41.655045
v 99.489029 4.148445 42.904671
v 102.025688 4.148445 43.674118
v 104.663734 4.148445 43.933929
v 91.141586 4.148452 30.411789
v 91.401390 4.148452 27.773720
v 92.170883 4.148452 25.237076
v 102.020454 5.355786 17.123238
v 99.478775 5.355786 17.894295
v 117.954964 42.179474 33.055618
v 93.398254 5.355786 37.939178
v 92.146179 5.355786 35.596733
v 107.306992 5.355779 43.700348
v 104.663734 5.355779 43.960670
v 112.191109 5.355779 41.677277
v 109.848656 5.355779 42.929291
v 114.244240 5.355786 39.992271
v 114.225334 4.148452 39.973358
v 112.176254 4.148445 41.655045
v 93.420486 4.148452 37.924316
v 92.170883 4.148452 35.586502
v 95.083221 5.355786 39.992271
v 97.136375 5.355779 41.677277
v 93.398209 5.355786 22.884407
v 95.083199 5.355786 20.831238
v 114.244240 5.355786 20.831238
v 112.191063 5.355786 19.146309
v 117.952255 5.355786 27.768501
v 118.212601 5.355786 30.411789
v 115.929199 5.355786 22.884407
v 107.306961 5.355786 17.123238
v 104.663719 5.355786 16.862907
v 92.146179 5.355786 25.226845
v 91.114838 5.355786 30.411789
v 91.375168 5.355786 33.055077
v 102.020470 5.355779 43.700348
v 99.478790 5.355779 42.929367
v 97.136353 5.355786 19.146309
v 117.952255 5.355786 33.055077
v 117.181244 5.355786 35.596733
v 115.929199 5.355786 37.939095
v 90.870895 5.355786 33.155388
v 90.600693 5.355786 30.411789
v 90.870895 5.355786 27.668190
v 91.671173 5.355786 25.030090
v 92.970711 5.355786 22.598763
v 94.719643 5.355786 20.467674
v 96.850708 5.355786 18.718811
v 99.282013 5.355786 17.419289
v 101.920151 5.355786 16.618973
v 104.663719 5.355786 16.348763
v 107.407272 5.355786 16.618973
v 110.045395 5.355786 17.419289
v 112.476707 5.355786 18.718811
v 114.607796 5.355786 20.467674
v 116.356697 5.355786 22.598763
v 117.656250 5.355786 25.030090
v 112.476753 4.148445 42.104774
v 114.607796 4.148452 40.355827
v 110.045418 4.148445 43.404297
v 107.407288 4.148445 44.204613
v 104.663734 4.148445 44.474823
v 101.920166 4.148445 44.204613
v 99.282036 4.148445 43.404381
v 96.850731 4.148445 42.104774
v 94.719666 4.148452 40.355827
v 92.970757 4.148452 38.224823
v 91.671173 4.148452 35.793488
v 90.870895 4.148452 33.155388
v 90.600693 4.148452 30.411789
v 90.870895 4.148452 27.668190
v 91.671173 4.148452 25.030090
v 92.970711 4.148452 22.598763
v 94.719643 4.148452 20.467674
v 96.850708 4.148452 18.718811
v 99.282013 4.148452 17.419289
v 101.920151 4.148452 16.618973
v 104.663719 4.148452 16.348763
v 107.407272 4.148452 16.618973
v 110.045395 4.148452 17.419289
v 112.476707 4.148452 18.718811
v 114.607796 4.148452 20.467674
v 116.356697 4.148452 22.598763
v 117.656250 4.148452 25.030090
v 118.456520 4.148452 27.668190
v 118.726746 4.148452 30.411789
v 118.456520 4.148452 33.155388
v 117.656250 4.148452 35.793488
v 116.356697 4.148452 38.224739
v 109.838425 4.148445 42.904587
v -54.389969 38.852455 27.759499
v -54.389969 38.852455 27.759499
v -60.426640 38.852455 27.759499
v -60.426640 38.852455 27.759499
v 62.069176 38.852455 27.759499
v 62.069176 38.852455 27.759499
v 68.105843 38.852455 27.759499
v 68.105843 38.852455 27.759499
v -48.353298 38.852455 27.759499
v -48.353298 38.852455 27.759499
v -42.316628 38.852455 27.759499
v -42.316628 38.852455 27.759499
v 56.032505 38.852455 27.759499
v 56.032505 38.852455 27.759499
v 49.995834 38.852455 27.759499
v 49.995834 38.852455 27.759499
v -72.499985 38.852455 27.759499
v -72.499985 38.852455 27.759499
v -66.463318 38.852455 27.759499
v -66.463318 38.852455 27.759499
v 80.179184 38.852455 27.759499
v 80.179184 38.852455 27.759499
v 74.142517 38.852455 27.759499
v 74.142517 38.852455 27.759499
v -60.426640 38.852455 30.427338
v -60.426640 38.852455 30.427338
v -54.389969 38.852455 30.427338
v -54.389969 38.852455 30.427338
v 68.105843 38.852455 30.427338
v 68.105843 38.852455 30.427338
v 62.069176 38.852455 30.427338
v 62.069176 38.852455 30.427338
v -48.353298 38.852455 30.427338
v -48.353298 38.852455 30.427338
v -42.316628 38.852455 30.427338
v -42.316628 38.852455 30.427338
v 56.032505 38.852455 30.427338
v 56.032505 38.852455 30.427338
v 49.995834 38.852455 30.427338
v 49.995834 38.852455 30.427338
v -66.463318 38.852455 30.427338
v -66.463318 38.852455 30.427338
v -72.499985 38.852455 30.427338
v -72.499985 38.852455 30.427338
v 74.142517 38.852455 30.427338
v 74.142517 38.852455 30.427338
v 80.179184 38.852455 30.427338
v 80.179184 38.852455 30.427338
v -78.536652 38.852455 30.427338
v -78.536652 38.852455 30.427338
v 86.215851 38.852455 30.427338
v 86.215851 38.852455 30.427338
v -78.536652 38.852455 27.759499
v -78.536652 38.852455 27.759499
v 86.215851 38.852455 27.759499
v 86.215851 38.852455 27.759499
v -84.573326 38.852455 27.759499
v 92.252525 38.852455 27.759499
v -84.573326 38.852455 30.427338
v 92.252525 38.852455 30.427338
v -90.599556 5.350507 31.031006
v -90.599556 5.350507 31.031006
v 98.278748 5.350507 31.031006
v 98.278748 5.350507 31.031006
v -90.599556 4.133512 31.031006
v -90.599556 4.133512 31.031006
v 98.278748 4.133512 31.031006
v 98.278748 4.133512 31.031006
v -36.269520 4.133512 31.031006
v -36.269520 4.133512 31.031006
v 43.948727 4.133512 31.031006
v 43.948727 4.133512 31.031006
v -36.269520 5.350507 31.031006
v -36.269520 5.350507 31.031006
v 43.948727 5.350507 31.031006
v 43.948727 5.350507 31.031006
v 109.848640 5.355786 17.894295
v 91.375168 5.355786 27.768501
v 117.181244 5.355786 25.226845
v 118.185860 4.148452 30.411789
v 117.926025 4.148452 27.773720
v 115.906967 4.148452 37.924240
v 117.156532 4.148452 35.586502
v 102.025665 4.148452 17.149467
v 104.663719 4.148452 16.889648
v 109.838417 4.148452 17.918999
v 112.176208 4.148452 19.168541
v 115.906967 4.148452 22.899261
v 114.225334 4.148452 20.850143
v -22.420326 59.006809 36.501610
v -23.181545 70.117325 32.730804
v -21.326845 47.961220 42.026787
v -20.022781 36.915619 48.584213
v -23.543409 59.006809 36.612221
v -23.532509 70.117325 32.765366
v -23.537916 47.961220 42.244545
v -17.497313 59.006809 29.244942
v -21.268105 70.117325 30.006165
v -11.972160 47.961220 28.151451
v -5.388361 36.915619 26.847374
v -5.388361 36.915619 26.847374
v -17.386703 59.006809 30.368042
v -21.233540 70.117325 30.357124
v -11.754400 47.961220 30.362549
v -5.042706 36.915619 30.357071
v -5.042706 36.915619 30.357071
v -24.753941 59.006809 24.321930
v -23.992733 70.117325 28.092728
v -25.847408 47.961220 18.796783
v -27.151459 36.915619 12.212990
v -27.151459 36.915619 12.212990
v -23.630850 59.006809 24.211319
v -23.641768 70.117325 28.058159
v -23.636324 47.961220 18.579025
v -23.641796 36.915619 11.867332
v -23.641796 36.915619 11.867332
v -29.676981 59.006809 31.578537
v -25.906179 70.117325 30.817352
v -35.202145 47.961220 32.671982
v -41.785961 36.915619 33.976006
v -41.785961 36.915619 33.976006
v -29.787600 59.006809 30.455437
v -25.940746 70.117325 30.466377
v -35.419926 47.961220 30.460876
v -42.131641 36.915619 30.466316
v -42.131641 36.915619 30.466316
v -29.233286 58.790436 31.534836
v -25.351561 69.846863 30.762726
v -25.351561 69.846863 30.762726
v -25.351561 69.846863 30.762726
v -34.702988 47.717804 32.622818
v -41.231342 36.645157 33.921379
v -41.231342 36.645157 33.921379
v -29.343904 58.790436 30.411736
v -25.386127 69.846863 30.411751
v -25.386127 69.846863 30.411751
v -25.386127 69.846863 30.411751
v -34.920769 47.717804 30.411713
v -41.577023 36.645157 30.411690
v -41.577023 36.645157 30.411690
v -24.710243 58.790436 24.765633
v -23.938110 69.846863 28.647346
v -23.938110 69.846863 28.647346
v -23.938110 69.846863 28.647346
v -25.798248 47.717804 19.295944
v -27.096836 36.645157 12.767609
v -27.096836 36.645157 12.767609
v -23.587152 58.790436 24.655022
v -23.587145 69.846863 28.612778
v -23.587145 69.846863 28.612778
v -23.587145 69.846863 28.612778
v -23.587162 47.717804 19.078178
v -23.587173 36.645157 12.421951
v -23.587173 36.645157 12.421951
v -17.941010 58.790436 29.288635
v -21.822725 69.846863 30.060783
v -21.822725 69.846863 30.060783
v -21.822725 69.846863 30.060783
v -12.471321 47.717804 28.200607
v -5.942981 36.645157 26.902000
v -5.942981 36.645157 26.902000
v -17.830400 58.790436 30.411736
v -21.788160 69.846863 30.411751
v -21.788160 69.846863 30.411751
v -21.788160 69.846863 30.411751
v -12.253559 47.717804 30.411713
v -5.597326 36.645157 30.411690
v -5.597326 36.645157 30.411690
v -22.464025 58.790436 36.057915
v -23.236168 69.846863 32.176178
v -23.236168 69.846863 32.176178
v -23.236168 69.846863 32.176178
v -21.376005 47.717804 41.527626
v -20.077404 36.645157 48.055992
v -23.587107 58.790436 36.168526
v -23.587132 69.846863 32.210747
v -23.587132 69.846863 32.210747
v -23.587132 69.846863 32.210747
v -23.587076 47.717804 41.745384
v -23.587038 36.645157 48.401649
v -23.913340 72.896294 30.266693
v -24.467958 73.166763 30.321320
v -23.878771 72.896294 30.617661
v -24.433392 73.166763 30.672287
v -23.442091 72.896294 30.085564
v -23.496714 73.166763 29.530945
v -23.793058 72.896294 30.120132
v -23.847681 73.166763 29.565514
v -23.260946 72.896294 30.556793
v -22.706327 73.166763 30.502174
v -23.295511 72.896294 30.205826
v -22.740892 73.166763 30.151207
v -23.732180 72.896294 30.737953
v -23.381216 72.896294 30.703392
v -23.326593 73.166763 31.258011
v -24.706907 69.846878 30.411751
v -24.685392 69.846878 30.193306
v -24.518194 69.846878 31.033867
v -24.378937 69.846878 31.203560
v -24.621670 69.846878 30.840279
v -24.685392 69.846878 30.630211
v -24.621670 69.846878 29.983238
v -24.518192 69.846878 29.789658
v -24.378935 69.846878 29.619965
v -24.209249 69.846878 29.480713
v -24.015657 69.846878 29.377235
v -23.805599 69.846878 29.313515
v -23.587145 69.846878 29.292000
v -23.368689 69.846878 29.313515
v -23.158630 69.846878 29.377228
v -22.965036 69.846878 29.480713
v -22.795351 69.846878 29.619965
v -22.656096 69.846878 29.789658
v -22.552618 69.846878 29.983238
v -22.488894 69.846878 30.193298
v -22.467381 69.846878 30.411751
v -22.488894 69.846878 30.630211
v -22.552614 69.846878 30.840271
v -22.656090 69.846878 31.033867
v -22.795345 69.846878 31.203560
v -22.965031 69.846878 31.342812
v -23.158623 69.846878 31.446289
v -23.368679 69.846878 31.510010
v -23.587135 69.846878 31.531525
v -23.805590 69.846878 31.510010
v -24.015650 69.846878 31.446289
v -24.209244 69.846878 31.342819
v -25.351561 69.846863 30.060799
v -25.082947 69.846863 31.411224
v -24.859221 69.846863 31.683838
v -25.249187 69.846863 31.100204
v -25.249187 69.846863 29.723312
v -25.082943 69.846863 29.412300
v -24.859215 69.846863 29.139679
v -24.586605 69.846863 28.915962
v -24.275583 69.846863 28.749725
v -23.236179 69.846863 28.647346
v -22.898706 69.846863 28.749718
v -22.587685 69.846863 28.915962
v -22.315071 69.846863 29.139679
v -22.091347 69.846863 29.412300
v -21.925102 69.846863 29.723312
v -21.822725 69.846863 30.762726
v -21.925097 69.846863 31.100197
v -22.091337 69.846863 31.411224
v -22.315062 69.846863 31.683838
v -22.587675 69.846863 31.907555
v -22.898693 69.846863 32.073807
v -23.938095 69.846863 32.176178
v -24.275572 69.846863 32.073822
v -24.586592 69.846863 31.907578
v -41.577023 36.041489 30.411690
v -41.231342 36.041489 26.902107
v -38.545193 36.041489 40.406357
v -36.307934 36.041489 43.132500
v -40.207607 36.041489 37.296234
v -41.231342 36.041489 33.921379
v -40.207607 36.041489 23.527260
v -38.545166 36.041489 20.417137
v -36.307877 36.041489 17.690994
v -33.581787 36.041489 15.453789
v -30.471582 36.041489 13.791397
v -27.096836 36.041489 12.767609
v -23.587173 36.041489 12.421951
v -20.077541 36.041489 12.767609
v -16.702799 36.041489 13.791290
v -13.592564 36.041489 15.453789
v -10.866447 36.041489 17.690994
v -8.629189 36.041489 20.417137
v -6.966743 36.041489 23.527260
v -5.942981 36.041489 26.902000
v -5.597326 36.041489 30.411690
v -5.942981 36.041489 33.921379
v -6.966690 36.041489 37.296120
v -8.629108 36.041489 40.406357
v -10.866333 36.041489 43.132500
v -13.578745 36.041489 45.369705
v -16.702660 36.041489 47.032204
v -20.077404 36.041489 48.055992
v -23.587038 36.041489 48.401649
v -27.096699 36.041489 48.055992
v -30.471445 36.041489 47.032310
v -33.581650 36.041489 45.369926
v -37.185368 36.041489 39.497749
v -35.151501 36.041489 41.976074
v -38.696655 36.041489 36.670372
v -39.627323 36.041489 33.602325
v -38.696655 36.041489 24.153122
v -37.185345 36.041489 21.325737
v -17.328648 36.041489 15.302238
v -14.501162 36.041489 16.813599
v -12.022873 36.041489 18.847427
v -9.989002 36.041489 21.325737
v -14.501089 36.041489 44.009888
v -17.328522 36.041489 45.521255
v -20.396471 36.041489 46.451973
v -32.673061 36.041489 44.010086
v -29.845598 36.041489 45.521355
v -26.777649 36.041489 46.451973
v -23.587046 36.041489 46.766197
v -8.477638 36.041489 36.670273
v -29.845724 36.041489 15.302338
v 117.156532 4.148452 25.237076
v 107.301743 4.148452 17.149467
v 107.301765 4.148445 43.674118
v 91.401390 4.148452 33.049866
v 117.926025 4.148452 33.049866
v 99.489006 4.148452 17.918999
v 97.151207 4.148452 19.168541
v 95.102112 4.148452 20.850143
v 93.420448 4.148452 22.899261
v -34.830418 4.148452 22.899261
v -33.148777 4.148452 20.850143
v -31.099657 4.148452 19.168541
v -14.025558 4.148452 20.850143
v -11.094334 4.148452 35.586502
v -31.099699 4.148445 41.655045
v -10.324841 4.148452 27.773720
v -11.094334 4.148452 25.237076
v -12.343897 4.148452 22.899261
v -33.148777 4.148452 39.973358
v -37.109310 4.148452 30.411789
v -12.343937 4.148452 37.924316
v -36.104691 5.355786 35.596733
v -34.852650 5.355786 37.939095
v -18.402220 5.355786 17.894295
v -16.059801 5.355786 19.146309
v -14.006649 5.355786 20.831238
v -18.402243 5.355779 42.929367
v -10.298613 5.355786 33.055077
v -34.852650 5.355786 22.884407
v -98.330650 29.390091 -24.715141
v -98.330650 29.390091 -24.715141
v -95.662819 29.390091 -24.715141
v -95.662819 29.390091 -24.715141
v 106.009850 29.390091 -24.715141
v 106.009850 29.390091 -24.715141
v 103.342018 29.390091 -24.715141
v 103.342018 29.390091 -24.715141
v -95.662819 29.390091 -30.751812
v -95.662819 29.390091 -30.751812
v -95.662819 34.219429 -30.751812
v -95.662819 34.219429 -30.751812
v 103.342018 29.390091 -30.751812
v 103.342018 29.390091 -30.751812
v 103.342018 34.219429 -30.751812
v 103.342018 34.219429 -30.751812
v -98.330650 29.390091 -30.751812
v -98.330650 29.390091 -30.751812
v 106.009850 29.390091 -30.751812
v 106.009850 29.390091 -30.751812
v -98.330650 34.219429 -30.751812
v -98.330650 34.219429 -30.751812
v 106.009850 34.219429 -30.751812
v 106.009850 34.219429 -30.751812
v -95.662819 34.219429 -24.715141
v -95.662819 34.219429 -24.715141
v 103.342018 34.219429 -24.715141
v 103.342018 34.219429 -24.715141
v -98.330650 34.219429 -24.715141
v -98.330650 34.219429 -24.715141
v 106.009850 34.219429 -24.715141
v 106.009850 34.219429 -24.715141
v -95.662819 29.390091 -18.678467
v -95.662819 29.390091 -18.678467
v -95.662819 34.219429 -18.678467
v -95.662819 34.219429 -18.678467
v 103.342018 29.390091 -18.678467
v 103.342018 29.390091 -18.678467
v 103.342018 34.219429 -18.678467
v 103.342018 34.219429 -18.678467
v -98.330650 29.390091 -18.678467
v -98.330650 29.390091 -18.678467
v 106.009850 29.390091 -18.678467
v 106.009850 29.390091 -18.678467
v -98.330650 34.219429 -18.678467
v -98.330650 34.219429 -18.678467
v 106.009850 34.219429 -18.678467
v 106.009850 34.219429 -18.678467
v -95.662819 29.390091 -12.641800
v -95.662819 29.390091 -12.641800
v -95.662819 34.219429 -12.641800
v -95.662819 34.219429 -12.641800
v 103.342018 29.390091 -12.641800
v 103.342018 29.390091 -12.641800
v 103.342018 34.219429 -12.641800
v 103.342018 34.219429 -12.641800
v -98.330650 29.390091 -12.641800
v -98.330650 29.390091 -12.641800
v 106.009850 29.390091 -12.641800
v 106.009850 29.390091 -12.641800
v -98.330650 34.219429 -12.641800
v -98.330650 34.219429 -12.641800
v 106.009850 34.219429 -12.641800
v 106.009850 34.219429 -12.641800
v -95.662811 29.390091 -6.605129
v -95.662811 29.390091 -6.605129
v -95.662811 34.219429 -6.605129
v -95.662811 34.219429 -6.605129
v 103.342010 29.390091 -6.605129
v 103.342010 29.390091 -6.605129
v 103.342010 34.219429 -6.605129
v 103.342010 34.219429 -6.605129
v -98.330650 29.390091 -6.605129
v -98.330650 29.390091 -6.605129
v 106.009850 29.390091 -6.605129
v 106.009850 29.390091 -6.605129
v -98.330650 34.219429 -6.605129
v -98.330650 34.219429 -6.605129
v 106.009850 34.219429 -6.605129
v 106.009850 34.219429 -6.605129
v -95.662811 29.390091 -0.568451
v -95.662811 29.390091 -0.568451
v -95.662811 34.219429 -0.568451
v -95.662811 34.219429 -0.568451
v 103.342010 29.390091 -0.568451
v 103.342010 29.390091 -0.568451
v 103.342010 34.219429 -0.568451
v 103.342010 34.219429 -0.568451
v -98.330650 29.390091 -0.568451
v -98.330650 29.390091 -0.568451
v 106.009850 29.390091 -0.568451
v 106.009850 29.390091 -0.568451
v -98.330650 34.219429 -0.568451
v -98.330650 34.219429 -0.568451
v 106.009850 34.219429 -0.568451
v 106.009850 34.219429 -0.568451
v -95.662811 29.390091 5.468216
v -95.662811 29.390091 5.468216
v -95.662811 34.219429 5.468216
v -95.662811 34.219429 5.468216
v 103.342010 29.390091 5.468216
v 103.342010 29.390091 5.468216
v 103.342010 34.219429 5.468216
v 103.342010 34.219429 5.468216
v -98.330650 29.390091 5.468216
v -98.330650 29.390091 5.468216
v 106.009850 29.390091 5.468216
v 106.009850 29.390091 5.468216
v -98.330650 34.219429 5.468216
v -98.330650 34.219429 5.468216
v 106.009850 34.219429 5.468216
v 106.009850 34.219429 5.468216
v -95.662811 29.390091 11.504883
v -95.662811 29.390091 11.504883
v -95.662811 34.219429 11.504883
v -95.662811 34.219429 11.504883
v 103.342010 29.390091 11.504883
v 103.342010 29.390091 11.504883
v 103.342010 34.219429 11.504883
v 103.342010 34.219429 11.504883
v -98.330650 29.390091 11.504883
v -98.330650 29.390091 11.504883
v 106.009850 29.390091 11.504883
v 106.009850 29.390091 11.504883
v -98.330650 34.219429 11.504883
v -98.330650 34.219429 11.504883
v 106.009850 34.219429 11.504883
v 106.009850 34.219429 11.504883
v -98.330650 34.219429 -36.788483
v 106.009850 34.219429 -36.788483
v -95.662819 34.219429 -36.788483
v 103.342018 34.219429 -36.788483
v -98.330650 34.219429 17.541557
v 106.009850 34.219429 17.541557
v -95.662811 34.219429 17.541557
v 103.342010 34.219429 17.541557
v -98.330650 -39.535255 -33.484497
v -98.330650 -20.420525 -33.484497
v 106.009850 -39.535255 -33.484497
v 106.009850 -20.420525 -33.484497
v -98.330650 -19.203529 -33.484497
v 106.009850 -19.203529 -33.484497
v -98.330650 1.482719 -33.484497
v 106.009850 1.482719 -33.484497
v -99.467010 -0.328281 -12.631351
v -98.330650 1.042611 -12.872822
v -98.330650 1.042611 -12.872822
v 107.146210 -0.328281 -12.631351
v 106.009850 1.042611 -12.872822
v 106.009850 1.042611 -12.872822
v -98.330650 1.539191 -9.613022
v 106.009850 1.539191 -9.613022
v -101.783279 -39.535252 -13.144470
v -101.783279 -22.835194 -13.144470
v 109.462479 -39.535252 -13.144470
v 109.462479 -22.835194 -13.144470
v -98.330650 -39.535255 -13.850761
v -98.330650 -20.420525 -13.850761
v 106.009850 -39.535255 -13.850761
v 106.009850 -20.420525 -13.850761
v -101.121483 -19.203529 -13.144470
v 108.800682 -19.203529 -13.144470
v -98.330650 -19.203529 -13.850761
v 106.009850 -19.203529 -13.850761
v -99.467010 -0.328281 -6.594685
v -98.330650 1.042611 -6.353218
v -98.330650 1.042611 -6.353218
v 107.146210 -0.328281 -6.594685
v 106.009850 1.042611 -6.353218
v 106.009850 1.042611 -6.353218
v -98.330650 -39.535255 -5.375282
v -98.330650 -20.420525 -5.375282
v 106.009850 -39.535255 -5.375282
v 106.009850 -20.420525 -5.375282
v -101.783279 -39.535252 -6.081566
v -101.783279 -22.835194 -6.081566
v 109.462479 -39.535252 -6.081566
v 109.462479 -22.835194 -6.081566
v -98.330650 -19.203529 -5.375282
v 106.009850 -19.203529 -5.375282
v -101.121483 -19.203529 -6.081566
v 108.800682 -19.203529 -6.081566
v -98.330650 19.485222 -33.493546
v 106.009850 19.485222 -33.493546
v -98.330650 1.482719 -93.851166
v -98.330650 19.485222 -93.860222
v -98.330650 19.485222 -93.860222
v 106.009850 1.482719 -93.851166
v 106.009850 19.485222 -93.860222
v 106.009850 19.485222 -93.860222
v -98.330650 7.838135 -45.557819
v -98.330650 1.482719 -45.557819
v 106.009850 7.838135 -45.557819
v 106.009850 1.482719 -45.557819
v -98.330650 -19.203529 -65.741966
v -98.330650 -20.420525 -65.741966
v 106.009850 -19.203529 -65.741966
v 106.009850 -20.420525 -65.741966
v -101.121483 -19.203529 -66.448257
v -101.783279 -22.835194 -66.448257
v 108.800682 -19.203529 -66.448257
v 109.462479 -22.835194 -66.448257
v -99.467010 -0.328281 -66.961372
v 107.146210 -0.328281 -66.961372
v -98.330650 1.042611 -66.719910
v -98.330650 1.042611 -66.719910
v 106.009850 1.042611 -66.719910
v 106.009850 1.042611 -66.719910
v -101.783279 -39.535252 -66.448257
v 109.462479 -39.535252 -66.448257
v -98.330650 -39.535255 -65.741966
v 106.009850 -39.535255 -65.741966
v -98.330650 1.539191 -69.979706
v 106.009850 1.539191 -69.979706
v -101.121483 -19.203529 -73.511162
v -101.783279 -22.835194 -73.511162
v 108.800682 -19.203529 -73.511162
v 109.462479 -22.835194 -73.511162
v -98.330650 -19.203529 -74.217445
v -98.330650 -20.420525 -74.217445
v 106.009850 -19.203529 -74.217445
v 106.009850 -20.420525 -74.217445
v -98.330650 1.042611 -73.239510
v -98.330650 1.042611 -73.239510
v 106.009850 1.042611 -73.239510
v 106.009850 1.042611 -73.239510
v -99.467010 -0.328281 -72.998047
v 107.146210 -0.328281 -72.998047
v -98.330650 -39.535255 -74.217445
v 106.009850 -39.535255 -74.217445
v -101.783279 -39.535252 -73.511162
v 109.462479 -39.535252 -73.511162
v -98.330650 -19.203529 -45.557819
v 106.009850 -19.203529 -45.557819
v -98.330650 -20.420525 -45.557819
v 106.009850 -20.420525 -45.557819
v -98.330650 19.485222 -45.566872
v 106.009850 19.485222 -45.566872
v -98.330650 -39.535255 -45.557819
v 106.009850 -39.535255 -45.557819
v -98.330650 -19.203529 -93.851166
v 106.009850 -19.203529 -93.851166
v -98.330650 -20.420525 -93.851166
v 106.009850 -20.420525 -93.851166
v -98.330650 -39.535255 -93.851166
v 106.009850 -39.535255 -93.851166
v -95.662811 34.219429 -42.825127
v -95.662811 34.219429 -48.861801
v -95.662811 34.219429 -48.861801
v 103.342010 34.219429 -42.825127
v 103.342010 34.219429 -48.861801
v 103.342010 34.219429 -48.861801
v -98.330650 34.219429 -48.861801
v -98.330650 34.219429 -48.861801
v 106.009850 34.219429 -48.861801
v 106.009850 34.219429 -48.861801
v -98.330650 34.219429 -42.825127
v 106.009850 34.219429 -42.825127
v -98.330650 34.219429 -60.935139
v -98.330650 34.219429 -60.935139
v -98.330650 34.219429 -54.898468
v -98.330650 34.219429 -54.898468
v 106.009850 34.219429 -60.935139
v 106.009850 34.219429 -60.935139
v 106.009850 34.219429 -54.898468
v 106.009850 34.219429 -54.898468
v -95.662811 34.219429 -60.935139
v -95.662811 34.219429 -60.935139
v 103.342010 34.219429 -60.935139
v 103.342010 34.219429 -60.935139
v -95.662811 34.219429 -54.898468
v -95.662811 34.219429 -54.898468
v 103.342010 34.219429 -54.898468
v 103.342010 34.219429 -54.898468
v -95.662811 34.219429 -66.971825
v -95.662811 34.219429 -66.971825
v -98.330650 34.219429 -66.971825
v -98.330650 34.219429 -66.971825
v 103.342010 34.219429 -66.971825
v 103.342010 34.219429 -66.971825
v 106.009850 34.219429 -66.971825
v 106.009850 34.219429 -66.971825
v -95.662819 34.219429 -73.008492
v -95.662819 34.219429 -73.008492
v 103.342018 34.219429 -73.008492
v 103.342018 34.219429 -73.008492
v -98.330650 34.219429 -73.008492
v -98.330650 34.219429 -73.008492
v 106.009850 34.219429 -73.008492
v 106.009850 34.219429 -73.008492
v -98.330650 34.219429 -85.081833
v -98.330650 34.219429 -85.081833
v -98.330650 34.219429 -79.045166
v -98.330650 34.219429 -79.045166
v 106.009850 34.219429 -85.081833
v 106.009850 34.219429 -85.081833
v 106.009850 34.219429 -79.045166
v 106.009850 34.219429 -79.045166
v -95.662819 34.219429 -85.081833
v -95.662819 34.219429 -85.081833
v 103.342018 34.219429 -85.081833
v 103.342018 34.219429 -85.081833
v -95.662819 34.219429 -79.045166
v -95.662819 34.219429 -79.045166
v 103.342018 34.219429 -79.045166
v 103.342018 34.219429 -79.045166
v -95.662819 34.219429 -91.118500
v -95.662819 34.219429 -91.118500
v -98.330650 34.219429 -91.118500
v -98.330650 34.219429 -91.118500
v 103.342018 34.219429 -91.118500
v 103.342018 34.219429 -91.118500
v 106.009850 34.219429 -91.118500
v 106.009850 34.219429 -91.118500
v -95.662819 34.219429 -97.155167
v 103.342018 34.219429 -97.155167
v -98.330650 34.219429 -97.155167
v 106.009850 34.219429 -97.155167
v -95.662811 29.390091 -60.935139
v -95.662811 29.390091 -60.935139
v -95.662811 29.390091 -66.971825
v -95.662811 29.390091 -66.971825
v 103.342010 29.390091 -60.935139
v 103.342010 29.390091 -60.935139
v 103.342010 29.390091 -66.971825
v 103.342010 29.390091 -66.971825
v -95.662811 29.390091 -54.898468
v -95.662811 29.390091 -54.898468
v -95.662811 29.390091 -48.861801
v -95.662811 29.390091 -48.861801
v 103.342010 29.390091 -54.898468
v 103.342010 29.390091 -54.898468
v 103.342010 29.390091 -48.861801
v 103.342010 29.390091 -48.861801
v -95.662819 29.390091 -79.045166
v -95.662819 29.390091 -79.045166
v -95.662819 29.390091 -73.008492
v -95.662819 29.390091 -73.008492
v 103.342018 29.390091 -79.045166
v 103.342018 29.390091 -79.045166
v 103.342018 29.390091 -73.008492
v 103.342018 29.390091 -73.008492
v -98.330650 29.390091 -66.971825
v -98.330650 29.390091 -66.971825
v -98.330650 29.390091 -60.935139
v -98.330650 29.390091 -60.935139
v 106.009850 29.390091 -66.971825
v 106.009850 29.390091 -66.971825
v 106.009850 29.390091 -60.935139
v 106.009850 29.390091 -60.935139
v -98.330650 29.390091 -54.898468
v -98.330650 29.390091 -54.898468
v -98.330650 29.390091 -48.861801
v -98.330650 29.390091 -48.861801
v 106.009850 29.390091 -54.898468
v 106.009850 29.390091 -54.898468
v 106.009850 29.390091 -48.861801
v 106.009850 29.390091 -48.861801
v -98.330650 29.390091 -73.008492
v -98.330650 29.390091 -73.008492
v -98.330650 29.390091 -79.045166
v -98.330650 29.390091 -79.045166
v 106.009850 29.390091 -73.008492
v 106.009850 29.390091 -73.008492
v 106.009850 29.390091 -79.045166
v 106.009850 29.390091 -79.045166
v -98.330650 29.390091 -85.081833
v -98.330650 29.390091 -85.081833
v 106.009850 29.390091 -85.081833
v 106.009850 29.390091 -85.081833
v -95.662819 29.390091 -85.081833
v -95.662819 29.390091 -85.081833
v 103.342018 29.390091 -85.081833
v 103.342018 29.390091 -85.081833
v -95.662819 29.390091 -91.118500
v -95.662819 29.390091 -91.118500
v 103.342018 29.390091 -91.118500
v 103.342018 29.390091 -91.118500
v -98.330650 29.390091 -91.118500
v -98.330650 29.390091 -91.118500
v 106.009850 29.390091 -91.118500
v 106.009850 29.390091 -91.118500
v -98.330650 29.390091 -145.448532
v -98.330650 29.390091 -145.448532
v -95.662819 29.390091 -145.448532
v -95.662819 29.390091 -145.448532
v 106.009850 29.390091 -145.448532
v 106.009850 29.390091 -145.448532
v 103.342018 29.390091 -145.448532
v 103.342018 29.390091 -145.448532
v -95.662819 29.390091 -151.485199
v -95.662819 29.390091 -151.485199
v -95.662819 34.219429 -151.485199
v -95.662819 34.219429 -151.485199
v 103.342018 29.390091 -151.485199
v 103.342018 29.390091 -151.485199
v 103.342018 34.219429 -151.485199
v 103.342018 34.219429 -151.485199
v -98.330650 29.390091 -151.485199
v -98.330650 29.390091 -151.485199
v 106.009850 29.390091 -151.485199
v 106.009850 29.390091 -151.485199
v -98.330650 34.219429 -151.485199
v -98.330650 34.219429 -151.485199
v 106.009850 34.219429 -151.485199
v 106.009850 34.219429 -151.485199
v -95.662819 34.219429 -145.448532
v -95.662819 34.219429 -145.448532
v 103.342018 34.219429 -145.448532
v 103.342018 34.219429 -145.448532
v -98.330650 34.219429 -145.448532
v -98.330650 34.219429 -145.448532
v 106.009850 34.219429 -145.448532
v 106.009850 34.219429 -145.448532
v -95.662819 29.390091 -139.411865
v -95.662819 29.390091 -139.411865
v -95.662819 34.219429 -139.411865
v -95.662819 34.219429 -139.411865
v 103.342018 29.390091 -139.411865
v 103.342018 29.390091 -139.411865
v 103.342018 34.219429 -139.411865
v 103.342018 34.219429 -139.411865
v -98.330650 29.390091 -139.411865
v -98.330650 29.390091 -139.411865
v 106.009850 29.390091 -139.411865
v 106.009850 29.390091 -139.411865
v -98.330650 34.219429 -139.411865
v -98.330650 34.219429 -139.411865
v 106.009850 34.219429 -139.411865
v 106.009850 34.219429 -139.411865
v -95.662819 29.390091 -133.375183
v -95.662819 29.390091 -133.375183
v -95.662819 34.219429 -133.375183
v -95.662819 34.219429 -133.375183
v 103.342018 29.390091 -133.375183
v 103.342018 29.390091 -133.375183
v 103.342018 34.219429 -133.375183
v 103.342018 34.219429 -133.375183
v -98.330650 29.390091 -133.375183
v -98.330650 29.390091 -133.375183
v 106.009850 29.390091 -133.375183
v 106.009850 29.390091 -133.375183
v -98.330650 34.219429 -133.375183
v -98.330650 34.219429 -133.375183
v 106.009850 34.219429 -133.375183
v 106.009850 34.219429 -133.375183
v -95.662811 29.390091 -127.338524
v -95.662811 29.390091 -127.338524
v -95.662811 34.219429 -127.338524
v -95.662811 34.219429 -127.338524
v 103.342010 29.390091 -127.338524
v 103.342010 29.390091 -127.338524
v 103.342010 34.219429 -127.338524
v 103.342010 34.219429 -127.338524
v -98.330650 29.390091 -127.338524
v -98.330650 29.390091 -127.338524
v 106.009850 29.390091 -127.338524
v 106.009850 29.390091 -127.338524
v -98.330650 34.219429 -127.338524
v -98.330650 34.219429 -127.338524
v 106.009850 34.219429 -127.338524
v 106.009850 34.219429 -127.338524
v -95.662811 29.390091 -121.301819
v -95.662811 29.390091 -121.301819
v -95.662811 34.219429 -121.301819
v -95.662811 34.219429 -121.301819
v 103.342010 29.390091 -121.301819
v 103.342010 29.390091 -121.301819
v 103.342010 34.219429 -121.301819
v 103.342010 34.219429 -121.301819
v -98.330650 29.390091 -121.301819
v -98.330650 29.390091 -121.301819
v 106.009850 29.390091 -121.301819
v 106.009850 29.390091 -121.301819
v -98.330650 34.219429 -121.301819
v -98.330650 34.219429 -121.301819
v 106.009850 34.219429 -121.301819
v 106.009850 34.219429 -121.301819
v -95.662811 29.390091 -115.265152
v -95.662811 29.390091 -115.265152
v -95.662811 34.219429 -115.265152
v -95.662811 34.219429 -115.265152
v 103.342010 29.390091 -115.265152
v 103.342010 29.390091 -115.265152
v 103.342010 34.219429 -115.265152
v 103.342010 34.219429 -115.265152
v -98.330650 29.390091 -115.265152
v -98.330650 29.390091 -115.265152
v 106.009850 29.390091 -115.265152
v 106.009850 29.390091 -115.265152
v -98.330650 34.219429 -115.265152
v -98.330650 34.219429 -115.265152
v 106.009850 34.219429 -115.265152
v 106.009850 34.219429 -115.265152
v -95.662811 29.390091 -109.228485
v -95.662811 29.390091 -109.228485
v -95.662811 34.219429 -109.228485
v -95.662811 34.219429 -109.228485
v 103.342010 29.390091 -109.228485
v 103.342010 29.390091 -109.228485
v 103.342010 34.219429 -109.228485
v 103.342010 34.219429 -109.228485
v -98.330650 29.390091 -109.228485
v -98.330650 29.390091 -109.228485
v 106.009850 29.390091 -109.228485
v 106.009850 29.390091 -109.228485
v -98.330650 34.219429 -109.228485
v -98.330650 34.219429 -109.228485
v 106.009850 34.219429 -109.228485
v 106.009850 34.219429 -109.228485
v -98.330650 34.219429 -157.521866
v 106.009850 34.219429 -157.521866
v -95.662819 34.219429 -157.521866
v 103.342018 34.219429 -157.521866
v -98.330650 34.219429 -103.191811
v 106.009850 34.219429 -103.191811
v -95.662811 34.219429 -103.191811
v 103.342010 34.219429 -103.191811
v -98.330650 -39.535255 -105.924484
v -98.330650 -20.420525 -105.924484
v 106.009850 -39.535255 -105.924484
v 106.009850 -20.420525 -105.924484
v -98.330650 7.838135 -105.924484
v -98.330650 19.485222 -105.933563
v -98.330650 19.485222 -105.933563
v 106.009850 7.838135 -105.924484
v 106.009850 19.485222 -105.933563
v 106.009850 19.485222 -105.933563
v -98.330650 -19.203529 -105.924484
v 106.009850 -19.203529 -105.924484
v -98.330650 1.482719 -105.924484
v 106.009850 1.482719 -105.924484
v -99.467010 -0.328281 -133.364716
v -98.330650 1.042611 -133.606201
v -98.330650 1.042611 -133.606201
v 107.146210 -0.328281 -133.364716
v 106.009850 1.042611 -133.606201
v 106.009850 1.042611 -133.606201
v -98.330650 1.539191 -130.346390
v 106.009850 1.539191 -130.346390
v -101.783279 -39.535252 -133.877838
v -101.783279 -22.835194 -133.877838
v 109.462479 -39.535252 -133.877838
v 109.462479 -22.835194 -133.877838
v -98.330650 -39.535255 -134.584137
v -98.330650 -20.420525 -134.584137
v 106.009850 -39.535255 -134.584137
v 106.009850 -20.420525 -134.584137
v -101.121483 -19.203529 -133.877838
v 108.800682 -19.203529 -133.877838
v -98.330650 -19.203529 -134.584137
v 106.009850 -19.203529 -134.584137
v -99.467010 -0.328281 -127.328056
v -98.330650 1.042611 -127.086594
v -98.330650 1.042611 -127.086594
v 107.146210 -0.328281 -127.328056
v 106.009850 1.042611 -127.086594
v 106.009850 1.042611 -127.086594
v -98.330650 -39.535255 -126.108665
v -98.330650 -20.420525 -126.108665
v 106.009850 -39.535255 -126.108665
v 106.009850 -20.420525 -126.108665
v -101.783279 -39.535252 -126.814941
v -101.783279 -22.835194 -126.814941
v 109.462479 -39.535252 -126.814941
v 109.462479 -22.835194 -126.814941
v -98.330650 -19.203529 -126.108665
v 106.009850 -19.203529 -126.108665
v -101.121483 -19.203529 -126.814941
v 108.800682 -19.203529 -126.814941
v -104.367325 19.485222 -96.442902
v -104.367325 19.485222 -96.442902
v 112.046524 19.485222 -96.442902
v 112.046524 19.485222 -96.442902
v -104.367325 19.485222 -103.776001
v -104.367325 19.485222 -103.776001
v 112.046524 19.485222 -103.776001
v 112.046524 19.485222 -103.776001
v -104.367325 1.482719 -103.770485
v -104.367325 7.838135 -103.770485
v 112.046524 1.482719 -103.770485
v 112.046524 7.838135 -103.770485
v -104.367325 -19.203529 -103.770485
v 112.046524 -19.203529 -103.770485
v -104.367325 -20.420525 -103.770485
v 112.046524 -20.420525 -103.770485
v -104.367325 -39.535255 -103.770485
v 112.046524 -39.535255 -103.770485
v -104.367325 -39.535255 -96.437408
v -104.367325 -20.420525 -96.437408
v 112.046524 -39.535255 -96.437408
v 112.046524 -20.420525 -96.437408
v -104.367325 -19.203529 -96.437408
v 112.046524 -19.203529 -96.437408
v -104.367325 1.482719 -96.437408
v 112.046524 1.482719 -96.437408
v -104.367325 -39.535255 -43.403801
v -104.367325 -20.420525 -43.403801
v 112.046524 -39.535255 -43.403801
v 112.046524 -20.420525 -43.403801
v -104.367325 19.485222 -43.409298
v -104.367325 7.838135 -43.403801
v 112.046524 19.485222 -43.409298
v 112.046524 7.838135 -43.403801
v -104.367325 -19.203529 -43.403801
v 112.046524 -19.203529 -43.403801
v -104.367325 1.482719 -43.403801
v 112.046524 1.482719 -43.403801
v -104.367325 19.485222 -36.076218
v -104.367325 1.482719 -36.070721
v 112.046524 19.485222 -36.076218
v 112.046524 1.482719 -36.070721
v -104.367325 -19.203529 -36.070721
v 112.046524 -19.203529 -36.070721
v -104.367325 -20.420525 -36.070721
v 112.046524 -20.420525 -36.070721
v -104.367325 -39.535255 -36.070721
v 112.046524 -39.535255 -36.070721
v 114.790726 19.221388 -45.399033
v 111.137398 19.221388 -47.508270
v 106.918915 19.221388 -47.508270
v 103.265587 19.221388 -45.399033
v 101.156342 19.221388 -41.745705
v 101.156342 19.221388 -37.527199
v 103.265587 19.221388 -33.873909
v 106.918915 19.221388 -31.764648
v 111.137398 19.221388 -31.764648
v 114.790703 19.221388 -33.873894
v 116.899963 19.221388 -37.527199
v 116.899963 19.221388 -41.745705
v 114.790726 34.313057 -45.399033
v 111.137398 34.313057 -47.508270
v 106.918915 34.313057 -47.508270
v 103.265587 34.313057 -45.399033
v 101.156342 34.313057 -41.745705
v 101.156342 34.313057 -37.527199
v 103.265587 34.313057 -33.873909
v 106.918915 34.313057 -31.764648
v 111.137398 34.313057 -31.764648
v 114.790703 34.313057 -33.873894
v 116.899963 34.313057 -37.527199
v 116.899963 34.313057 -41.745705
v 115.366974 34.313057 -45.975288
v 111.348320 34.313057 -48.295456
v 106.707993 34.313057 -48.295456
v 102.689331 34.313057 -45.975288
v 100.369156 34.313057 -41.956627
v 100.369156 34.313057 -37.316277
v 102.689331 34.313057 -33.297653
v 106.707993 34.313057 -30.977472
v 111.348320 34.313057 -30.977472
v 115.366959 34.313057 -33.297638
v 117.687149 34.313057 -37.316277
v 117.687149 34.313057 -41.956627
v -85.458496 -24.015045 16.844704
v -87.305305 -24.015045 14.430038
v 93.137695 -24.015045 16.844704
v 94.984505 -24.015045 14.430038
v -82.828957 -24.015045 18.655708
v 90.508156 -24.015045 18.655708
v -87.873161 -24.015045 12.766769
v 95.552361 -24.015045 12.766769
v -80.732750 -24.015045 19.259377
v 88.411949 -24.015045 19.259377
v -26.642912 -24.015045 19.259377
v 34.322117 -24.015045 19.259377
v -80.732750 -24.618710 19.259377
v -26.642912 -24.618710 19.259377
v 88.411949 -24.618710 19.259377
v 34.322117 -24.618710 19.259377
v -82.828957 -24.618710 18.655708
v 90.508156 -24.618710 18.655708
v -87.873161 -24.618710 12.766769
v -87.305305 -24.618710 14.430038
v 95.552361 -24.618710 12.766769
v 94.984505 -24.618710 14.430038
v -85.458496 -24.618710 16.844704
v 93.137695 -24.618710 16.844704
v -30.475145 -20.420525 -163.553345
v -30.475145 -39.535252 -163.553345
v 38.154350 -20.420525 -163.553345
v 38.154350 -39.535252 -163.553345
v -30.475145 -19.203529 -163.553345
v 38.154350 -19.203529 -163.553345
v -30.475145 1.482719 -163.553345
v 38.154350 1.482719 -163.553345
v -30.469648 19.485222 -163.553345
v 38.148853 19.485222 -163.553345
v -23.142067 1.482719 -163.553345
v -23.142067 7.838135 -163.553345
v 30.821274 1.482719 -163.553345
v 30.821274 7.838135 -163.553345
v -23.142067 -19.203529 -163.553345
v 30.821274 -19.203529 -163.553345
v -23.142067 -20.420525 -163.553345
v 30.821274 -20.420525 -163.553345
v -23.136570 19.485222 -163.553345
v 30.815775 19.485222 -163.553345
v -23.142067 -39.535252 -163.553345
v 30.821274 -39.535252 -163.553345
v -5.610731 29.390091 -154.848831
v -5.610731 29.390091 -154.848831
v -5.610731 34.219429 -154.848831
v -5.610731 34.219429 -154.848831
v 13.289938 29.390091 -154.848831
v 13.289938 29.390091 -154.848831
v 13.289938 34.219429 -154.848831
v 13.289938 34.219429 -154.848831
v -5.610731 29.390091 -157.516678
v -5.610731 29.390091 -157.516678
v 13.289938 29.390091 -157.516678
v 13.289938 29.390091 -157.516678
v -5.610731 34.219429 -157.516678
v -5.610731 34.219429 -157.516678
v 13.289938 34.219429 -157.516678
v 13.289938 34.219429 -157.516678
v -11.647398 29.390091 -154.848831
v -11.647398 29.390091 -154.848831
v -11.647398 34.219429 -154.848831
v -11.647398 34.219429 -154.848831
v 19.326605 29.390091 -154.848831
v 19.326605 29.390091 -154.848831
v 19.326605 34.219429 -154.848831
v 19.326605 34.219429 -154.848831
v -11.647398 29.390091 -157.516678
v -11.647398 29.390091 -157.516678
v 19.326605 29.390091 -157.516678
v 19.326605 29.390091 -157.516678
v -11.647398 34.219429 -157.516678
v -11.647398 34.219429 -157.516678
v 19.326605 34.219429 -157.516678
v 19.326605 34.219429 -157.516678
v -17.684069 29.390091 -154.848831
v -17.684069 29.390091 -154.848831
v -17.684069 34.219429 -154.848831
v -17.684069 34.219429 -154.848831
v 25.363276 29.390091 -154.848831
v 25.363276 29.390091 -154.848831
v 25.363276 34.219429 -154.848831
v 25.363276 34.219429 -154.848831
v -17.684069 29.390091 -157.516678
v -17.684069 29.390091 -157.516678
v 25.363276 29.390091 -157.516678
v 25.363276 29.390091 -157.516678
v -17.684069 34.219429 -157.516678
v -17.684069 34.219429 -157.516678
v 25.363276 34.219429 -157.516678
v 25.363276 34.219429 -157.516678
v -23.720737 34.219429 -157.516678
v 31.399944 34.219429 -157.516678
v -23.720739 34.219429 -154.848831
v 31.399946 34.219429 -154.848831
v -20.988047 -39.535252 -157.516678
v -20.988047 -20.420525 -157.516678
v 28.667253 -39.535252 -157.516678
v 28.667253 -20.420525 -157.516678
v -20.988047 7.838135 -157.516678
v -20.978998 19.485222 -157.516678
v 28.667253 7.838135 -157.516678
v 28.658205 19.485222 -157.516678
v -20.988047 -19.203529 -157.516678
v 28.667253 -19.203529 -157.516678
v -20.988047 1.482719 -157.516678
v 28.667253 1.482719 -157.516678
v 0.837152 -0.328281 -158.653046
v 0.595685 1.042611 -157.516678
v 0.595685 1.042611 -157.516678
v 6.842055 -0.328281 -158.653046
v 7.083522 1.042611 -157.516678
v 7.083522 1.042611 -157.516678
v 3.839603 1.539191 -157.516678
v -0.382252 -39.535252 -157.516678
v -0.382252 -20.420525 -157.516678
v 8.061459 -39.535252 -157.516678
v 8.061459 -20.420525 -157.516678
v 0.324035 -39.535248 -160.969299
v 0.324035 -22.835194 -160.969299
v 7.355172 -39.535248 -160.969299
v 7.355172 -22.835194 -160.969299
v -0.382252 -19.203529 -157.516678
v 8.061459 -19.203529 -157.516678
v 0.324035 -19.203529 -160.307510
v 7.355172 -19.203529 -160.307510
v -33.061367 1.482719 -157.516678
v -33.052319 19.485222 -157.516678
v 40.740574 1.482719 -157.516678
v 40.731525 19.485222 -157.516678
v -61.170574 -19.203529 -157.516678
v -61.170574 -20.420525 -157.516678
v 68.849777 -19.203529 -157.516678
v 68.849777 -20.420525 -157.516678
v -60.464298 -19.203529 -160.307510
v -60.464298 -22.835194 -160.969299
v 68.143501 -19.203529 -160.307510
v 68.143501 -22.835194 -160.969299
v -59.951180 -0.328281 -158.653046
v 67.630386 -0.328281 -158.653046
v -60.192654 1.042611 -157.516678
v -60.192654 1.042611 -157.516678
v 67.871857 1.042611 -157.516678
v 67.871857 1.042611 -157.516678
v -60.464298 -39.535248 -160.969299
v 68.143501 -39.535248 -160.969299
v -61.170574 -39.535252 -157.516678
v 68.849777 -39.535252 -157.516678
v -56.932846 1.539191 -157.516678
v 64.612053 1.539191 -157.516678
v -53.401394 -19.203529 -160.307510
v -53.401394 -22.835194 -160.969299
v 61.080601 -19.203529 -160.307510
v 61.080601 -22.835194 -160.969299
v -52.695107 -19.203529 -157.516678
v -52.695107 -20.420525 -157.516678
v 60.374313 -19.203529 -157.516678
v 60.374313 -20.420525 -157.516678
v -53.673042 1.042611 -157.516678
v -53.673042 1.042611 -157.516678
v 61.352249 1.042611 -157.516678
v 61.352249 1.042611 -157.516678
v -53.914509 -0.328281 -158.653046
v 61.593716 -0.328281 -158.653046
v -52.695107 -39.535252 -157.516678
v 60.374313 -39.535252 -157.516678
v -53.401394 -39.535248 -160.969299
v 61.080601 -39.535248 -160.969299
v -33.061367 -19.203529 -157.516678
v 40.740574 -19.203529 -157.516678
v -33.061367 -20.420525 -157.516678
v 40.740574 -20.420525 -157.516678
v -33.061367 -39.535252 -157.516678
v 40.740574 -39.535252 -157.516678
v -84.087418 34.219429 -154.848846
v -78.050751 34.219429 -154.848831
v -78.050751 34.219429 -154.848831
v 91.766617 34.219429 -154.848846
v 85.729950 34.219429 -154.848831
v 85.729950 34.219429 -154.848831
v -78.050751 34.219429 -157.516678
v -78.050751 34.219429 -157.516678
v 85.729950 34.219429 -157.516678
v 85.729950 34.219429 -157.516678
v -84.087418 34.219429 -157.516678
v 91.766617 34.219429 -157.516678
v -65.977409 34.219429 -157.516678
v -65.977409 34.219429 -157.516678
v -72.014084 34.219429 -157.516678
v -72.014084 34.219429 -157.516678
v 73.656609 34.219429 -157.516678
v 73.656609 34.219429 -157.516678
v 79.693283 34.219429 -157.516678
v 79.693283 34.219429 -157.516678
v -65.977409 34.219429 -154.848831
v -65.977409 34.219429 -154.848831
v 73.656609 34.219429 -154.848831
v 73.656609 34.219429 -154.848831
v -72.014084 34.219429 -154.848831
v -72.014084 34.219429 -154.848831
v 79.693283 34.219429 -154.848831
v 79.693283 34.219429 -154.848831
v -59.940746 34.219429 -154.848831
v -59.940746 34.219429 -154.848831
v -59.940746 34.219429 -157.516678
v -59.940746 34.219429 -157.516678
v 67.619949 34.219429 -154.848831
v 67.619949 34.219429 -154.848831
v 67.619949 34.219429 -157.516678
v 67.619949 34.219429 -157.516678
v -53.904068 34.219429 -154.848846
v -53.904068 34.219429 -154.848846
v 61.583275 34.219429 -154.848846
v 61.583275 34.219429 -154.848846
v -53.904068 34.219429 -157.516678
v -53.904068 34.219429 -157.516678
v 61.583275 34.219429 -157.516678
v 61.583275 34.219429 -157.516678
v -41.830723 34.219429 -157.516678
v -41.830723 34.219429 -157.516678
v -47.867397 34.219429 -157.516678
v -47.867397 34.219429 -157.516678
v 49.509930 34.219429 -157.516678
v 49.509930 34.219429 -157.516678
v 55.546604 34.219429 -157.516678
v 55.546604 34.219429 -157.516678
v -41.830723 34.219429 -154.848846
v -41.830723 34.219429 -154.848846
v 49.509930 34.219429 -154.848846
v 49.509930 34.219429 -154.848846
v -47.867397 34.219429 -154.848846
v -47.867397 34.219429 -154.848846
v 55.546604 34.219429 -154.848846
v 55.546604 34.219429 -154.848846
v -35.794052 34.219429 -154.848846
v -35.794052 34.219429 -154.848846
v -35.794052 34.219429 -157.516678
v -35.794052 34.219429 -157.516678
v 43.473259 34.219429 -154.848846
v 43.473259 34.219429 -154.848846
v 43.473259 34.219429 -157.516678
v 43.473259 34.219429 -157.516678
v -29.757391 34.219429 -154.848846
v 37.436596 34.219429 -154.848846
v -29.757383 34.219429 -157.516678
v 37.436588 34.219429 -157.516678
v -65.977409 29.390091 -154.848831
v -65.977409 29.390091 -154.848831
v -59.940746 29.390091 -154.848831
v -59.940746 29.390091 -154.848831
v 73.656609 29.390091 -154.848831
v 73.656609 29.390091 -154.848831
v 67.619949 29.390091 -154.848831
v 67.619949 29.390091 -154.848831
v -72.014084 29.390091 -154.848831
v -72.014084 29.390091 -154.848831
v -78.050751 29.390091 -154.848831
v -78.050751 29.390091 -154.848831
v 79.693283 29.390091 -154.848831
v 79.693283 29.390091 -154.848831
v 85.729950 29.390091 -154.848831
v 85.729950 29.390091 -154.848831
v -47.867397 29.390091 -154.848846
v -47.867397 29.390091 -154.848846
v -53.904068 29.390091 -154.848846
v -53.904068 29.390091 -154.848846
v 55.546604 29.390091 -154.848846
v 55.546604 29.390091 -154.848846
v 61.583275 29.390091 -154.848846
v 61.583275 29.390091 -154.848846
v -59.940746 29.390091 -157.516678
v -59.940746 29.390091 -157.516678
v -65.977409 29.390091 -157.516678
v -65.977409 29.390091 -157.516678
v 67.619949 29.390091 -157.516678
v 67.619949 29.390091 -157.516678
v 73.656609 29.390091 -157.516678
v 73.656609 29.390091 -157.516678
v -72.014084 29.390091 -157.516678
v -72.014084 29.390091 -157.516678
v -78.050751 29.390091 -157.516678
v -78.050751 29.390091 -157.516678
v 79.693283 29.390091 -157.516678
v 79.693283 29.390091 -157.516678
v 85.729950 29.390091 -157.516678
v 85.729950 29.390091 -157.516678
v -53.904068 29.390091 -157.516678
v -53.904068 29.390091 -157.516678
v -47.867397 29.390091 -157.516678
v -47.867397 29.390091 -157.516678
v 61.583275 29.390091 -157.516678
v 61.583275 29.390091 -157.516678
v 55.546604 29.390091 -157.516678
v 55.546604 29.390091 -157.516678
v -41.830723 29.390091 -157.516678
v -41.830723 29.390091 -157.516678
v 49.509930 29.390091 -157.516678
v 49.509930 29.390091 -157.516678
v -41.830723 29.390091 -154.848846
v -41.830723 29.390091 -154.848846
v 49.509930 29.390091 -154.848846
v 49.509930 29.390091 -154.848846
v -35.794052 29.390091 -154.848846
v -35.794052 29.390091 -154.848846
v 43.473259 29.390091 -154.848846
v 43.473259 29.390091 -154.848846
v -35.794052 29.390091 -157.516678
v -35.794052 29.390091 -157.516678
v 43.473259 29.390091 -157.516678
v 43.473259 29.390091 -157.516678
v 0.530103 29.390091 -157.516678
v 0.530103 29.390091 -157.516678
v 7.149104 29.390091 -157.516678
v 7.149104 29.390091 -157.516678
v 0.530103 29.390091 -154.848831
v 0.530103 29.390091 -154.848831
v 7.149104 29.390091 -154.848831
v 7.149104 29.390091 -154.848831
v 0.530103 34.171219 -157.516678
v 0.530103 34.171219 -157.516678
v 7.149104 34.171219 -157.516678
v 7.149104 34.171219 -157.516678
v 0.530103 34.171219 -154.848831
v 0.530103 34.171219 -154.848831
v 7.149104 34.171219 -154.848831
v 7.149104 34.171219 -154.848831
v 3.839603 34.171219 -154.848831
v 3.839603 34.171219 -157.516678
v -96.519577 -24.618710 -140.100006
v -96.519577 -24.618710 -140.100006
v -87.873161 -24.618710 -140.100006
v -87.873161 -24.618710 -140.100006
v -87.873161 -24.618710 -140.100006
v -87.873161 -24.618710 -140.100006
v 104.198776 -24.618710 -140.100006
v 104.198776 -24.618710 -140.100006
v 95.552361 -24.618710 -140.100006
v 95.552361 -24.618710 -140.100006
v 95.552361 -24.618710 -140.100006
v 95.552361 -24.618710 -140.100006
v -85.458496 -24.618710 -144.177948
v -87.305305 -24.618710 -141.763275
v 93.137695 -24.618710 -144.177948
v 94.984505 -24.618710 -141.763275
v -82.828957 -24.618710 -145.988953
v 90.508156 -24.618710 -145.988953
v -87.873161 -24.015045 -140.100006
v -87.873161 -24.015045 -140.100006
v -87.873161 -24.015045 -140.100006
v -87.873161 -24.015045 -140.100006
v 95.552361 -24.015045 -140.100006
v 95.552361 -24.015045 -140.100006
v 95.552361 -24.015045 -140.100006
v 95.552361 -24.015045 -140.100006
v -80.732750 -24.618710 -146.592606
v 88.411949 -24.618710 -146.592606
v 3.839603 -24.618710 -146.592606
v -80.732750 -24.015045 -146.592606
v 3.839603 -24.015045 -146.592606
v 88.411949 -24.015045 -146.592606
v -82.828957 -24.015045 -145.988953
v 90.508156 -24.015045 -145.988953
v -96.519577 -24.015045 -140.100006
v -96.519577 -24.015045 -140.100006
v 104.198776 -24.015045 -140.100006
v 104.198776 -24.015045 -140.100006
v -87.305305 -24.015045 -141.763275
v 94.984505 -24.015045 -141.763275
v -85.458496 -24.015045 -144.177948
v 93.137695 -24.015045 -144.177948
v -3.840744 -9.106579 29.974152
v -3.840744 -9.106579 29.974152
v -0.494704 -5.399593 29.980637
v 11.519951 -9.106579 29.974152
v 11.519951 -9.106579 29.974152
v 8.173911 -5.399593 29.980637
v 3.839603 -4.404783 29.967506
v -3.837441 -9.104528 25.652206
v -3.837441 -9.104528 25.652206
v 11.516648 -9.104528 25.652206
v 11.516648 -9.104528 25.652206
v -0.462597 -5.397272 25.643105
v 8.141804 -5.397272 25.643105
v 3.839603 -4.419695 25.657013
v -5.504029 -34.883598 27.831924
v -5.504029 -34.109898 27.831924
v -5.504029 -34.109898 27.831924
v 13.180496 -39.209679 50.291550
v 13.180496 -39.209679 50.291550
v 12.590992 -39.209679 51.505493
v 12.590992 -39.209679 51.505493
v -5.501289 -39.209679 50.291550
v -5.501289 -39.209679 50.291550
v -4.911786 -39.209679 51.505493
v -4.911786 -39.209679 51.505493
v 10.767646 -39.209679 51.205910
v -3.088439 -39.209679 51.205910
v 13.180496 -38.166538 50.291550
v 13.180496 -38.166538 50.291550
v -5.501289 -38.166538 50.291550
v -5.501289 -38.166538 50.291550
v 13.183235 -34.109898 27.831924
v 13.183235 -34.109898 36.524727
v -5.504029 -34.109898 36.524727
v -0.467899 -34.092064 27.831924
v -0.467899 -34.092064 27.831924
v -0.467899 -34.883598 27.831924
v -0.467899 -34.883598 27.831924
v 8.147106 -34.092064 27.831924
v 10.768567 -34.109898 36.524727
v -3.089360 -34.109898 36.524727
v -3.089360 -34.882629 36.524727
v 10.767646 -38.436981 51.205910
v 10.767646 -38.436981 51.205910
v -3.088439 -38.436981 51.205910
v -3.088439 -38.436981 51.205910
v 13.183233 -36.543880 44.782898
v 13.183233 -36.814323 45.700470
v -5.504027 -36.543880 44.782898
v -5.504027 -36.814323 45.700470
v 13.183233 -34.921227 39.277451
v 13.183233 -34.650784 38.359879
v -5.504027 -34.921227 39.277451
v -5.504027 -34.650784 38.359879
v 13.183233 -35.191669 40.195030
v -5.504027 -35.191669 40.195030
v 13.183233 -36.273441 43.865318
v -5.504027 -36.273441 43.865318
v 13.183233 -37.084770 46.618034
v -5.504027 -37.084770 46.618034
v 13.183233 -37.355209 47.535614
v -5.504027 -37.355209 47.535614
v 13.183233 -37.896099 49.370766
v 13.183233 -37.625652 48.453186
v -5.504027 -37.896099 49.370766
v -5.504027 -37.625652 48.453186
v -3.088439 -38.939232 51.205910
v -3.088439 -38.939232 51.205910
v -3.089358 -38.939232 50.288338
v -3.089358 -38.939232 50.288338
v 10.767646 -38.939232 51.205910
v 10.767646 -38.939232 51.205910
v -3.089355 -34.883244 37.442299
v -3.089355 -34.883244 37.442299
v 10.768561 -34.883244 37.442299
v 10.768561 -34.883244 37.442299
v -3.089355 -35.153034 38.359879
v -3.089355 -35.153034 38.359879
v -3.089358 -35.153034 37.442299
v -3.089358 -35.153034 37.442299
v 10.768561 -35.153034 38.359879
v 10.768561 -35.153034 38.359879
v -3.089355 -35.423477 39.277451
v -3.089355 -35.423477 39.277451
v -3.089358 -35.423477 38.359879
v -3.089358 -35.423477 38.359879
v 10.768561 -35.423477 39.277451
v 10.768561 -35.423477 39.277451
v -3.089355 -35.693916 40.195030
v -3.089355 -35.693916 40.195030
v -3.089358 -35.693916 39.277451
v -3.089358 -35.693916 39.277451
v 10.768561 -35.693916 40.195030
v 10.768561 -35.693916 40.195030
v -3.089355 -35.964363 41.112595
v -3.089355 -35.964363 41.112595
v -3.089358 -35.964363 40.195030
v -3.089358 -35.964363 40.195030
v -3.089355 -36.234806 42.030167
v -3.089355 -36.234806 42.030167
v -3.089358 -36.234806 41.112595
v -3.089358 -36.234806 41.112595
v 10.768561 -36.234806 42.030167
v 10.768561 -36.234806 42.030167
v -3.089355 -36.505245 42.947746
v -3.089355 -36.505245 42.947746
v -3.089358 -36.505245 42.030167
v -3.089358 -36.505245 42.030167
v 10.768561 -36.505245 42.947746
v 10.768561 -36.505245 42.947746
v 10.768561 -36.775692 43.865318
v 10.768561 -36.775692 43.865318
v 10.768565 -36.775692 42.947746
v 10.768565 -36.775692 42.947746
v -3.089355 -36.775692 43.865318
v -3.089355 -36.775692 43.865318
v -3.089358 -36.775692 42.947746
v -3.089358 -36.775692 42.947746
v -3.089355 -37.046135 44.782898
v -3.089355 -37.046135 44.782898
v -3.089358 -37.046135 43.865318
v -3.089358 -37.046135 43.865318
v 10.768561 -37.046135 44.782898
v 10.768561 -37.046135 44.782898
v -3.089355 -37.316574 45.700470
v -3.089355 -37.316574 45.700470
v -3.089358 -37.316574 44.782898
v -3.089358 -37.316574 44.782898
v 10.768561 -37.316574 45.700470
v 10.768561 -37.316574 45.700470
v -3.089355 -37.587021 46.618034
v -3.089355 -37.587021 46.618034
v -3.089358 -37.587021 45.700470
v -3.089358 -37.587021 45.700470
v 10.768561 -37.587021 46.618034
v 10.768561 -37.587021 46.618034
v -3.089355 -37.857464 47.535614
v -3.089355 -37.857464 47.535614
v -3.089358 -37.857464 46.618034
v -3.089358 -37.857464 46.618034
v 10.768561 -37.857464 47.535614
v 10.768561 -37.857464 47.535614
v -3.089355 -38.127903 48.453186
v -3.089355 -38.127903 48.453186
v -3.089358 -38.127903 47.535614
v -3.089358 -38.127903 47.535614
v 10.768561 -38.127903 48.453186
v 10.768561 -38.127903 48.453186
v -3.089355 -38.398350 49.370766
v -3.089355 -38.398350 49.370766
v -3.089358 -38.398350 48.453186
v -3.089358 -38.398350 48.453186
v 10.768561 -38.398350 49.370766
v 10.768561 -38.398350 49.370766
v -3.089355 -38.668793 50.288338
v -3.089355 -38.668793 50.288338
v -3.089358 -38.668793 49.370766
v -3.089358 -38.668793 49.370766
v 10.768561 -38.668793 50.288338
v 10.768561 -38.668793 50.288338
v 13.183233 -36.002995 42.947746
v -5.504027 -36.002995 42.947746
v 13.183233 -35.732555 42.030167
v -5.504027 -35.732555 42.030167
v 13.183233 -35.462112 41.112595
v -5.504027 -35.462112 41.112595
v 13.183233 -34.380341 37.442299
v -5.504027 -34.380341 37.442299
v 10.768565 -37.896099 49.370766
v 10.768565 -38.166538 50.288338
v -3.089358 -37.896099 49.370766
v -3.089358 -38.166538 50.288338
v 10.768565 -37.625652 48.453186
v -3.089358 -37.625652 48.453186
v 10.768565 -37.084770 46.618034
v 10.768565 -37.355209 47.535614
v -3.089358 -37.084770 46.618034
v -3.089358 -37.355209 47.535614
v 10.768565 -36.814323 45.700470
v -3.089358 -36.814323 45.700470
v 10.768565 -36.273441 43.865318
v 10.768565 -36.543880 44.782898
v -3.089358 -36.273441 43.865318
v -3.089358 -36.543880 44.782898
v 10.768565 -36.002995 42.947746
v -3.089358 -36.002995 42.947746
v 10.768565 -35.732555 42.030167
v -3.089358 -35.732555 42.030167
v 10.768565 -35.462112 41.112595
v -3.089358 -35.462112 41.112595
v 10.768565 -35.191669 40.195030
v -3.089358 -35.191669 40.195030
v 10.768565 -34.921227 39.277451
v -3.089358 -34.921227 39.277451
v 10.768565 -34.650784 38.359879
v -3.089358 -34.650784 38.359879
v 10.768565 -34.380341 37.442299
v -3.089358 -34.380341 37.442299
v 10.768565 -38.668793 49.370766
v 10.768565 -38.668793 49.370766
v 10.768565 -38.939232 50.288338
v 10.768565 -38.939232 50.288338
v 10.768565 -38.398350 48.453186
v 10.768565 -38.398350 48.453186
v 10.768565 -38.127903 47.535614
v 10.768565 -38.127903 47.535614
v 10.768565 -37.587021 45.700470
v 10.768565 -37.587021 45.700470
v 10.768565 -37.316574 44.782898
v 10.768565 -37.316574 44.782898
v 10.768565 -37.046135 43.865318
v 10.768565 -37.046135 43.865318
v 10.768565 -35.423477 38.359879
v 10.768565 -35.423477 38.359879
v 10.768565 -35.964363 40.195030
v 10.768565 -35.964363 40.195030
v 10.768565 -36.234806 41.112595
v 10.768565 -36.234806 41.112595
v 10.768565 -36.505245 42.030167
v 10.768565 -36.505245 42.030167
v 10.765808 -39.209679 52.123482
v -3.086600 -39.209679 52.123482
v 12.590996 -39.480118 51.505486
v -4.911789 -39.480118 51.505486
v 23.678568 24.069454 41.679573
v 23.678568 24.069454 41.679573
v 23.678568 24.069454 41.679573
v 23.678568 24.069454 41.679573
v 23.678568 24.069454 41.679573
v 23.680103 5.355779 41.677277
v 23.680103 5.355779 41.677277
v 23.680103 5.355779 41.677277
v 28.564224 5.355779 43.700348
v 26.022554 5.355779 42.929291
v 40.788013 5.355786 20.831238
v 42.473003 5.355786 22.884407
v 18.689970 5.355786 25.226845
v 19.942011 5.355786 22.884407
v 19.942011 5.355786 37.939095
v 21.626976 5.355786 39.992271
v 21.626976 5.355786 39.992271
v 21.626976 5.355786 39.992271
v 21.626976 5.355786 20.831238
v 28.564245 5.355786 17.123238
v 31.207495 5.355786 16.862907
v 44.496048 5.355786 27.768501
v 43.725029 5.355786 25.226845
v 44.756374 5.355786 30.411789
v 44.496048 5.355786 33.055077
v 43.725029 5.355786 35.596733
v 21.625023 24.069462 39.994225
v 21.625023 24.069462 39.994225
v 21.625023 24.069462 39.994225
v 21.625023 24.069462 39.994225
v 21.625023 24.069462 39.994225
v 33.850742 5.355779 43.700348
v 33.850742 5.355779 43.700348
v 33.850742 5.355779 43.700348
v 36.392418 5.355779 42.929367
v 38.734837 5.355779 41.677277
v 38.734859 5.355786 19.146309
v 36.392441 5.355786 17.894295
v 33.850761 5.355786 17.123238
v 17.918957 5.355786 33.055077
v 17.918957 5.355786 33.055077
v 17.918957 5.355786 33.055077
v 18.689970 5.355786 35.596733
v 21.645885 4.148452 39.973358
v 23.694963 4.148445 41.655045
v 42.450722 4.148452 37.924316
v 40.769081 4.148452 39.973358
v 43.700325 4.148452 35.586502
v 40.769104 4.148452 20.850143
v 42.450764 4.148452 22.899261
v 17.685352 4.148452 30.411789
v 17.945187 4.148452 27.773720
v 17.945187 4.148452 33.049866
v 19.964243 4.148452 37.924240
v 43.700325 4.148452 25.237076
v 44.469822 4.148452 27.773720
v 44.729633 4.148452 30.411789
v 26.032784 4.148445 42.904587
v 33.845524 4.148445 43.674118
v 36.382187 4.148445 42.904671
v 44.469822 4.148452 33.049866
v 38.720005 4.148452 19.168541
v 23.695004 4.148452 19.168541
v 26.032803 4.148452 17.918999
v 21.645885 4.148452 20.850143
v 19.964243 4.148452 22.899261
v 18.714678 4.148452 25.237076
v 15.167339 36.041489 33.602325
v 14.853081 36.041489 30.411697
v 16.098003 36.041489 24.153122
v 15.167339 36.041489 27.221169
v 17.609316 36.041489 21.325737
v 19.643213 36.041489 18.847427
v 24.948938 36.041489 15.302338
v 22.121479 36.041489 16.813599
v 28.016890 36.041489 14.371628
v 37.466011 36.041489 15.302238
v 34.398064 36.041489 14.371628
v 44.805660 36.041489 21.325737
v 46.316971 36.041489 24.153122
v 46.317020 36.041489 36.670273
v 47.247662 36.041489 33.602325
v 44.805733 36.041489 39.497749
v 40.293571 36.041489 44.009888
v 42.771889 36.041489 41.976074
v 34.398190 36.041489 46.451973
v 31.207615 36.041489 46.766197
v 28.017012 36.041489 46.451973
v 24.949064 36.041489 45.521355
v 22.121601 36.041489 44.010086
v 19.643162 36.041489 41.976074
v 37.466137 36.041489 45.521255
v 42.771786 36.041489 18.847427
v 40.293499 36.041489 16.813599
v 16.098003 36.041489 36.670372
v 17.609293 36.041489 39.497749
v 21.213009 36.041489 45.369926
v 18.486725 36.041489 43.132500
v 24.323217 36.041489 47.032310
v 27.697964 36.041489 48.055992
v 31.207623 36.041489 48.401649
v 34.717258 36.041489 48.055992
v 38.091999 36.041489 47.032204
v 41.215916 36.041489 45.369705
v 43.928326 36.041489 43.132500
v 46.165554 36.041489 40.406357
v 47.827969 36.041489 37.296120
v 48.851681 36.041489 33.921379
v 49.197330 36.041489 30.411690
v 48.851681 36.041489 26.902000
v 47.827919 36.041489 23.527260
v 46.165470 36.041489 20.417137
v 43.928215 36.041489 17.690994
v 41.202099 36.041489 15.453789
v 38.091866 36.041489 13.791290
v 34.717121 36.041489 12.767609
v 31.207487 36.041489 12.421951
v 27.697826 36.041489 12.767609
v 24.323080 36.041489 13.791397
v 21.212873 36.041489 15.453789
v 18.486784 36.041489 17.690994
v 16.249495 36.041489 20.417137
v 14.587053 36.041489 23.527260
v 13.563318 36.041489 26.902107
v 13.217638 36.041489 30.411690
v 13.563318 36.041489 33.921379
v 14.587053 36.041489 37.296234
v 16.249470 36.041489 40.406357
v 31.207623 36.645157 48.401649
v 31.207623 36.645157 48.401649
v 34.717258 36.645157 48.055992
v 34.717258 36.645157 48.055992
v 49.197330 36.645157 30.411690
v 49.197330 36.645157 30.411690
v 48.851681 36.645157 26.902000
v 48.851681 36.645157 26.902000
v 31.207487 36.645157 12.421951
v 31.207487 36.645157 12.421951
v 27.697826 36.645157 12.767609
v 27.697826 36.645157 12.767609
v 13.217638 36.645157 30.411690
v 13.217638 36.645157 30.411690
v 13.563318 36.645157 33.921379
v 13.563318 36.645157 33.921379
v 29.935440 69.846863 31.683838
v 30.208069 69.846863 31.907578
v 30.519089 69.846863 32.073822
v 30.856565 69.846863 32.176178
v 31.207529 69.846863 32.210747
v 31.207529 69.846863 32.210747
v 31.207529 69.846863 32.210747
v 31.558493 69.846863 32.176178
v 31.558493 69.846863 32.176178
v 31.558493 69.846863 32.176178
v 31.895967 69.846863 32.073807
v 32.206985 69.846863 31.907555
v 32.479599 69.846863 31.683838
v 32.703323 69.846863 31.411224
v 32.869564 69.846863 31.100197
v 32.971935 69.846863 30.762726
v 33.006500 69.846863 30.411751
v 33.006500 69.846863 30.411751
v 33.006500 69.846863 30.411751
v 32.971935 69.846863 30.060783
v 32.971935 69.846863 30.060783
v 32.971935 69.846863 30.060783
v 32.869560 69.846863 29.723312
v 32.703316 69.846863 29.412300
v 32.479591 69.846863 29.139679
v 32.206978 69.846863 28.915962
v 31.895954 69.846863 28.749718
v 31.558481 69.846863 28.647346
v 31.207516 69.846863 28.612778
v 31.207516 69.846863 28.612778
v 31.207516 69.846863 28.612778
v 30.856550 69.846863 28.647346
v 30.856550 69.846863 28.647346
v 30.856550 69.846863 28.647346
v 30.519077 69.846863 28.749725
v 30.208055 69.846863 28.915962
v 29.935446 69.846863 29.139679
v 29.711718 69.846863 29.412300
v 29.545473 69.846863 29.723312
v 29.443100 69.846863 30.060799
v 29.408533 69.846863 30.411751
v 29.408533 69.846863 30.411751
v 29.408533 69.846863 30.411751
v 29.443100 69.846863 30.762726
v 29.443100 69.846863 30.762726
v 29.443100 69.846863 30.762726
v 29.545473 69.846863 31.100204
v 29.711714 69.846863 31.411224
v 30.415724 69.846878 31.203560
v 30.585417 69.846878 31.342819
v 30.779011 69.846878 31.446289
v 30.989071 69.846878 31.510010
v 31.207525 69.846878 31.531525
v 31.425982 69.846878 31.510010
v 31.636038 69.846878 31.446289
v 31.829630 69.846878 31.342812
v 31.999315 69.846878 31.203560
v 32.138573 69.846878 31.033867
v 32.242046 69.846878 30.840271
v 32.305767 69.846878 30.630211
v 32.327282 69.846878 30.411751
v 32.305767 69.846878 30.193298
v 32.242043 69.846878 29.983238
v 32.138565 69.846878 29.789658
v 31.999310 69.846878 29.619965
v 31.829624 69.846878 29.480713
v 31.636030 69.846878 29.377228
v 31.425972 69.846878 29.313515
v 31.207516 69.846878 29.292000
v 30.989061 69.846878 29.313515
v 30.779003 69.846878 29.377235
v 30.585411 69.846878 29.480713
v 30.415726 69.846878 29.619965
v 30.276468 69.846878 29.789658
v 30.172991 69.846878 29.983238
v 30.109268 69.846878 30.193306
v 30.087753 69.846878 30.411751
v 30.109268 69.846878 30.630211
v 30.172991 69.846878 30.840279
v 30.276466 69.846878 31.033867
v 12.663019 36.915619 30.466316
v 12.663019 36.915619 30.466316
v 13.008698 36.915619 33.976006
v 13.008698 36.915619 33.976006
v 31.152864 36.915619 11.867332
v 31.152864 36.915619 11.867332
v 27.643204 36.915619 12.212990
v 27.643204 36.915619 12.212990
v 49.751953 36.915619 30.357071
v 49.751953 36.915619 30.357071
v 49.406300 36.915619 26.847374
v 49.406300 36.915619 26.847374
v 31.262245 36.915619 48.956268
v 31.262245 36.915619 48.956268
v 34.771877 36.915619 48.610611
v 34.771877 36.915619 48.610611
v 31.613115 70.117325 32.730804
v 31.468067 73.166763 31.258011
v 31.413445 72.896294 30.703392
v 31.062481 72.896294 30.737953
v 33.526558 70.117325 30.006165
v 32.053768 73.166763 30.151207
v 31.499149 72.896294 30.205826
v 33.561123 70.117325 30.357124
v 32.088333 73.166763 30.502174
v 31.533714 72.896294 30.556793
v 30.801928 70.117325 28.092728
v 30.946980 73.166763 29.565514
v 31.001602 72.896294 30.120132
v 31.152893 70.117325 28.058159
v 31.297947 73.166763 29.530945
v 31.352570 72.896294 30.085564
v 28.888481 70.117325 30.817352
v 30.361269 73.166763 30.672287
v 30.915890 72.896294 30.617661
v 28.853914 70.117325 30.466377
v 30.326702 73.166763 30.321320
v 30.881321 72.896294 30.266693
v 31.207584 47.717804 41.745384
v 31.207554 58.790436 36.168526
v 33.418655 47.717804 41.527626
v 32.330635 58.790436 36.057915
v 42.541100 47.717804 30.411713
v 36.964264 58.790436 30.411736
v 42.323341 47.717804 28.200607
v 36.853649 58.790436 29.288635
v 31.207499 47.717804 19.078178
v 31.207508 58.790436 24.655022
v 28.996412 47.717804 19.295944
v 30.084417 58.790436 24.765633
v 19.873892 47.717804 30.411713
v 25.450760 58.790436 30.411736
v 20.091671 47.717804 32.622818
v 25.561375 58.790436 31.534836
v 19.374737 47.961220 30.460876
v 25.007061 59.006809 30.455437
v 19.592516 47.961220 32.671982
v 25.117682 59.006809 31.578537
v 31.158337 47.961220 18.579025
v 31.163811 59.006809 24.211319
v 28.947252 47.961220 18.796783
v 30.040720 59.006809 24.321930
v 43.040260 47.961220 30.362549
v 37.407955 59.006809 30.368042
v 42.822498 47.961220 28.151451
v 37.297348 59.006809 29.244942
v 31.256744 47.961220 42.244545
v 31.251251 59.006809 36.612221
v 31.262152 70.117325 32.765366
v 33.467815 47.961220 42.026787
v 32.374336 59.006809 36.501610
v 17.144466 5.355786 30.411789
v 17.144466 5.355786 30.411789
v 17.144466 5.355786 30.411789
v 17.144466 5.355786 30.411789
v 17.414694 5.355786 27.668190
v 17.414694 5.355786 33.155388
v 17.414694 5.355786 33.155388
v 17.414694 5.355786 33.155388
v 17.414694 5.355786 33.155388
v 18.214966 5.355786 35.793488
v 21.263420 5.355786 40.355827
v 21.263420 5.355786 40.355827
v 21.263420 5.355786 40.355827
v 21.263420 5.355786 40.355827
v 19.514515 5.355786 38.224739
v 23.394459 5.355779 42.104774
v 23.394459 5.355779 42.104774
v 23.394459 5.355779 42.104774
v 23.394459 5.355779 42.104774
v 25.825796 5.355779 43.404297
v 41.151543 5.355786 40.355827
v 41.151543 5.355786 40.355827
v 41.151543 5.355786 40.355827
v 41.151543 5.355786 40.355827
v 39.020481 5.355779 42.104774
v 42.900452 5.355786 38.224823
v 42.900452 5.355786 38.224823
v 42.900452 5.355786 38.224823
v 42.900452 5.355786 38.224823
v 44.200043 5.355786 35.793488
v 31.207472 5.355779 44.474823
v 31.207472 5.355779 44.474823
v 31.207472 5.355779 44.474823
v 31.207472 5.355779 44.474823
v 28.463921 5.355779 44.204613
v 33.951046 5.355779 44.204613
v 33.951046 5.355779 44.204613
v 33.951046 5.355779 44.204613
v 33.951046 5.355779 44.204613
v 36.589172 5.355779 43.404381
v 17.386112 24.069386 33.107834
v 17.386112 24.069386 33.107834
v 17.125715 24.069386 30.464005
v 17.125715 24.069386 30.464005
v 17.916248 24.069462 33.055618
v 17.916248 24.069462 33.055618
v 17.916248 24.069462 33.055618
v 17.916248 24.069462 33.055618
v 17.655851 24.069462 30.411789
v 17.655851 24.069462 30.411789
v 17.658615 5.355786 30.411789
v 17.658615 5.355786 30.411789
v 17.658615 5.355786 30.411789
v 42.884598 24.069927 38.281601
v 42.884598 24.069927 38.281601
v 41.173298 24.069927 40.306740
v 41.173298 24.069927 40.306740
v 42.475254 24.069462 37.940712
v 42.475254 24.069462 37.940712
v 42.475254 24.069462 37.940712
v 42.475254 24.069462 37.940712
v 42.475254 24.069462 37.940712
v 40.763958 24.069462 39.965851
v 40.763958 24.069462 39.965851
v 40.763958 24.069462 39.965851
v 40.763958 24.069462 39.965851
v 40.763958 24.069462 39.965851
v 42.472958 5.355786 37.939178
v 42.472958 5.355786 37.939178
v 42.472958 5.355786 37.939178
v 40.787991 5.355786 39.992271
v 40.787991 5.355786 39.992271
v 40.787991 5.355786 39.992271
v 33.903492 24.069378 44.233192
v 33.903492 24.069378 44.233192
v 31.259684 24.069378 44.493576
v 31.259684 24.069378 44.493576
v 33.851280 24.069454 43.703056
v 33.851280 24.069454 43.703056
v 33.851280 24.069454 43.703056
v 33.851280 24.069454 43.703056
v 33.851280 24.069454 43.703056
v 31.207472 24.069454 43.963432
v 31.207472 24.069454 43.963432
v 31.207472 24.069454 43.963432
v 31.207472 24.069454 43.963432
v 31.207472 24.069454 43.963432
v 31.207472 5.355779 43.960670
v 31.207472 5.355779 43.960670
v 31.207472 5.355779 43.960670
v 23.340618 24.069378 42.091354
v 23.340618 24.069378 42.091354
v 21.287075 24.069386 40.405998
v 21.287075 24.069386 40.405998
v 43.727585 26.391144 35.597794
v 43.727585 26.391144 35.597794
v 46.317020 26.382818 36.670273
v 46.317020 26.382818 36.670273
v 46.317020 26.382818 36.670273
v 17.655851 26.385677 30.411789
v 17.916248 26.380217 33.055618
v 44.498760 26.391144 33.055618
v 43.727585 24.069462 35.597794
v 43.727585 24.069462 35.597794
v 44.759140 26.391144 30.411789
v 44.498760 26.391144 27.767960
v 43.727585 26.391144 25.225784
v 42.475300 26.391144 22.882874
v 40.789967 26.391144 20.829285
v 38.736393 26.391144 19.144012
v 36.393497 26.391144 17.891739
v 33.851303 26.391144 17.120529
v 31.207495 26.391144 16.860146
v 28.563705 26.391144 17.120529
v 26.021513 26.391144 17.891739
v 23.678616 26.391144 19.144012
v 21.625023 26.391144 20.829285
v 19.939711 26.391144 22.882874
v 18.687420 26.391144 25.225784
v 17.916248 26.391144 27.767960
v 18.687420 26.400024 35.597794
v 18.687420 26.400024 35.597794
v 16.098003 26.382818 36.670372
v 16.098003 26.382818 36.670372
v 16.098003 26.382818 36.670372
v 19.939711 26.400024 37.940628
v 19.939711 26.400024 37.940628
v 17.609293 26.382818 39.497749
v 17.609293 26.382818 39.497749
v 17.609293 26.382818 39.497749
v 23.678568 26.400017 41.679573
v 23.678568 26.400017 41.679573
v 22.121601 26.382818 44.010086
v 22.121601 26.382818 44.010086
v 22.121601 26.382818 44.010086
v 21.625023 26.400024 39.994225
v 21.625023 26.400024 39.994225
v 19.643162 26.382818 41.976074
v 19.643162 26.382818 41.976074
v 19.643162 26.382818 41.976074
v 26.021498 26.400017 42.931847
v 26.021498 26.400017 42.931847
v 24.949064 26.382818 45.521355
v 24.949064 26.382818 45.521355
v 24.949064 26.382818 45.521355
v 28.563686 26.400017 43.703056
v 28.563686 26.400017 43.703056
v 28.017012 26.382818 46.451973
v 28.017012 26.382818 46.451973
v 28.017012 26.382818 46.451973
v 31.207472 26.400017 43.963432
v 31.207472 26.400017 43.963432
v 31.207615 26.382818 46.766197
v 31.207615 26.382818 46.766197
v 31.207615 26.382818 46.766197
v 33.851280 26.400017 43.703056
v 33.851280 26.400017 43.703056
v 34.398190 26.382818 46.451973
v 34.398190 26.382818 46.451973
v 34.398190 26.382818 46.451973
v 36.393475 26.400017 42.931923
v 36.393475 26.400017 42.931923
v 37.466137 26.382818 45.521255
v 37.466137 26.382818 45.521255
v 37.466137 26.382818 45.521255
v 38.736370 26.400017 41.679573
v 38.736370 26.400017 41.679573
v 40.293571 26.382818 44.009888
v 40.293571 26.382818 44.009888
v 40.293571 26.382818 44.009888
v 40.763958 26.400024 39.965851
v 40.763958 26.400024 39.965851
v 42.771889 26.382818 41.976074
v 42.771889 26.382818 41.976074
v 42.771889 26.382818 41.976074
v 42.475254 26.400024 37.940712
v 42.475254 26.400024 37.940712
v 44.805733 26.382818 39.497749
v 44.805733 26.382818 39.497749
v 44.805733 26.382818 39.497749
v 28.563686 24.069454 43.703056
v 28.563686 24.069454 43.703056
v 26.021498 24.069454 42.931847
v 26.021498 24.069454 42.931847
v 38.736370 24.069454 41.679573
v 38.736370 24.069454 41.679573
v 36.393475 24.069454 42.931923
v 36.393475 24.069454 42.931923
v 19.939711 24.069462 37.940628
v 19.939711 24.069462 37.940628
v 18.687420 24.069462 35.597794
v 18.687420 24.069462 35.597794
v 31.207491 36.041489 14.057388
v 47.247662 36.041489 27.221069
v 47.561893 36.041489 30.411697
v 14.853081 26.382818 30.411697
v 15.167339 26.382818 27.221169
v 15.167339 26.382818 33.602325
v 15.167339 26.382818 33.602325
v 16.098003 26.382818 24.153122
v 17.609316 26.382818 21.325737
v 19.643213 26.382818 18.847427
v 22.121479 26.382818 16.813599
v 24.948938 26.382818 15.302338
v 28.016890 26.382818 14.371628
v 31.207491 26.382818 14.057388
v 34.398064 26.382818 14.371628
v 37.466011 26.382818 15.302238
v 40.293499 26.382818 16.813599
v 42.771786 26.382818 18.847427
v 44.805660 26.382818 21.325737
v 46.316971 26.382818 24.153122
v 47.247662 26.382818 27.221069
v 47.561893 26.382818 30.411697
v 47.247662 26.382818 33.602325
v 31.207472 4.148445 43.933929
v 28.569443 4.148445 43.674118
v 23.680151 5.355786 19.146309
v 26.022570 5.355786 17.894295
v 17.918957 5.355786 27.768501
v 18.714678 4.148452 35.586502
v 45.000313 5.355786 33.155388
v 45.270519 5.355786 30.411789
v 45.000313 5.355786 27.668190
v 44.200043 5.355786 25.030090
v 42.900497 5.355786 22.598763
v 41.151569 5.355786 20.467674
v 39.020504 5.355786 18.718811
v 36.589195 5.355786 17.419289
v 33.951069 5.355786 16.618973
v 31.207495 5.355786 16.348763
v 28.463942 5.355786 16.618973
v 25.825815 5.355786 17.419289
v 23.394505 5.355786 18.718811
v 21.263420 5.355786 20.467674
v 19.514515 5.355786 22.598763
v 18.214966 5.355786 25.030090
v 23.394459 4.148445 42.104774
v 21.263420 4.148452 40.355827
v 25.825796 4.148445 43.404297
v 28.463921 4.148445 44.204613
v 31.207472 4.148445 44.474823
v 33.951046 4.148445 44.204613
v 36.589172 4.148445 43.404381
v 39.020481 4.148445 42.104774
v 41.151543 4.148452 40.355827
v 42.900452 4.148452 38.224823
v 44.200043 4.148452 35.793488
v 45.000313 4.148452 33.155388
v 45.270519 4.148452 30.411789
v 45.000313 4.148452 27.668190
v 44.200043 4.148452 25.030090
v 42.900497 4.148452 22.598763
v 41.151569 4.148452 20.467674
v 39.020504 4.148452 18.718811
v 36.589195 4.148452 17.419289
v 33.951069 4.148452 16.618973
v 31.207495 4.148452 16.348763
v 28.463942 4.148452 16.618973
v 25.825815 4.148452 17.419289
v 23.394505 4.148452 18.718811
v 21.263420 4.148452 20.467674
v 19.514515 4.148452 22.598763
v 18.214966 4.148452 25.030090
v 17.414694 4.148452 27.668190
v 17.144466 4.148452 30.411789
v 17.414694 4.148452 33.155388
v 18.214966 4.148452 35.793488
v 19.514515 4.148452 38.224739
v 38.719982 4.148445 41.655045
v 36.382206 4.148452 17.918999
v 33.845547 4.148452 17.149467
v 31.207495 4.148452 16.889648
v 28.569464 4.148452 17.149467
v 119.576309 57.169834 30.553711
v 119.576309 57.169834 30.553711
v 119.576309 54.151501 30.553711
v 119.576309 54.151501 30.553711
v 119.262054 57.169834 27.363182
v 119.262054 57.169834 27.363182
v 121.018135 57.169834 30.411697
v 121.018135 57.169834 30.411697
v 119.262054 54.151501 27.363182
v 119.262054 54.151501 27.363182
v 120.703873 57.169834 27.221169
v 120.703873 57.169834 27.221169
v 121.018135 54.151501 30.411697
v 121.018135 54.151501 30.411697
v 120.703873 54.151501 27.221169
v 120.703873 54.151501 27.221169
v 115.108109 57.169834 41.056969
v 115.108109 57.169834 41.056969
v 115.108109 54.151501 41.056969
v 115.108109 54.151501 41.056969
v 117.141975 57.169834 38.578651
v 117.141975 57.169834 38.578651
v 116.228050 57.169834 41.976074
v 116.228050 57.169834 41.976074
v 117.141975 54.151501 38.578651
v 117.141975 54.151501 38.578651
v 118.261917 57.169834 39.497749
v 118.261917 57.169834 39.497749
v 116.228050 54.151501 41.976074
v 116.228050 54.151501 41.976074
v 118.261917 54.151501 39.497749
v 118.261917 54.151501 39.497749
v 118.386795 57.169834 36.249817
v 118.386795 57.169834 36.249817
v 118.386795 54.151501 36.249817
v 118.386795 54.151501 36.249817
v 119.317459 57.169834 33.181763
v 119.317459 57.169834 33.181763
v 119.773209 57.169834 36.670372
v 119.773209 57.169834 36.670372
v 119.317459 54.151501 33.181763
v 119.317459 54.151501 33.181763
v 120.703873 57.169834 33.602325
v 120.703873 57.169834 33.602325
v 119.773209 54.151501 36.670372
v 119.773209 54.151501 36.670372
v 120.703873 54.151501 33.602325
v 120.703873 54.151501 33.602325
v 118.495483 57.169834 24.836090
v 118.495483 57.169834 24.836090
v 118.495483 54.151501 24.836090
v 118.495483 54.151501 24.836090
v 116.984177 57.169834 22.008720
v 116.984177 57.169834 22.008720
v 119.773209 57.169834 24.153122
v 119.773209 57.169834 24.153122
v 116.984177 54.151501 22.008720
v 116.984177 54.151501 22.008720
v 118.261894 57.169834 21.325737
v 118.261894 57.169834 21.325737
v 119.773209 54.151501 24.153122
v 119.773209 54.151501 24.153122
v 118.261894 54.151501 21.325737
v 118.261894 54.151501 21.325737
v 115.308899 57.169834 19.967369
v 115.308899 57.169834 19.967369
v 115.308899 54.151501 19.967369
v 115.308899 54.151501 19.967369
v 112.830643 57.169834 17.933556
v 112.830643 57.169834 17.933556
v 116.227997 57.169834 18.847427
v 116.227997 57.169834 18.847427
v 112.830643 54.151501 17.933556
v 112.830643 54.151501 17.933556
v 113.749733 57.169834 16.813599
v 113.749733 57.169834 16.813599
v 116.227997 54.151501 18.847427
v 116.227997 54.151501 18.847427
v 113.749733 54.151501 16.813599
v 113.749733 54.151501 16.813599
v 110.501678 57.169834 16.688751
v 110.501678 57.169834 16.688751
v 110.501678 54.151501 16.688751
v 110.501678 54.151501 16.688751
v 107.433731 57.169834 15.758034
v 107.433731 57.169834 15.758034
v 110.922272 57.169834 15.302338
v 110.922272 57.169834 15.302338
v 107.433731 54.151501 15.758034
v 107.433731 54.151501 15.758034
v 107.854324 57.169834 14.371628
v 107.854324 57.169834 14.371628
v 110.922272 54.151501 15.302338
v 110.922272 54.151501 15.302338
v 107.854324 54.151501 14.371628
v 107.854324 54.151501 14.371628
v 104.805725 57.169834 15.499214
v 104.805725 57.169834 15.499214
v 104.805725 54.151501 15.499214
v 104.805725 54.151501 15.499214
v 101.615143 57.169834 15.813446
v 101.615143 57.169834 15.813446
v 104.663727 57.169834 14.057388
v 104.663727 57.169834 14.057388
v 101.615143 54.151501 15.813446
v 101.615143 54.151501 15.813446
v 101.473145 57.169834 14.371628
v 101.473145 57.169834 14.371628
v 104.663727 54.151501 14.057388
v 104.663727 54.151501 14.057388
v 101.473145 54.151501 14.371628
v 101.473145 54.151501 14.371628
v 99.088173 57.169834 16.579964
v 99.088173 57.169834 16.579964
v 99.088173 54.151501 16.579964
v 99.088173 54.151501 16.579964
v 96.260681 57.169834 18.091324
v 96.260681 57.169834 18.091324
v 98.405205 57.169834 15.302238
v 98.405205 57.169834 15.302238
v 96.260681 54.151501 18.091324
v 96.260681 54.151501 18.091324
v 95.577713 57.169834 16.813599
v 95.577713 57.169834 16.813599
v 98.405205 54.151501 15.302238
v 98.405205 54.151501 15.302238
v 95.577713 54.151501 16.813599
v 95.577713 54.151501 16.813599
v 94.219368 57.169834 19.766533
v 94.219368 57.169834 19.766533
v 94.219368 54.151501 19.766533
v 94.219368 54.151501 19.766533
v 92.185501 57.169834 22.244843
v 92.185501 57.169834 22.244843
v 93.099426 57.169834 18.847427
v 93.099426 57.169834 18.847427
v 92.185501 54.151501 22.244843
v 92.185501 54.151501 22.244843
v 91.065559 57.169834 21.325737
v 91.065559 57.169834 21.325737
v 93.099426 54.151501 18.847427
v 93.099426 54.151501 18.847427
v 91.065559 54.151501 21.325737
v 91.065559 54.151501 21.325737
v 90.940643 57.169834 24.573700
v 90.940643 57.169834 24.573700
v 90.940643 54.151501 24.573700
v 90.940643 54.151501 24.573700
v 90.009956 57.169834 27.641647
v 90.009956 57.169834 27.641647
v 89.554237 57.169834 24.153122
v 89.554237 57.169834 24.153122
v 90.009956 54.151501 27.641647
v 90.009956 54.151501 27.641647
v 88.623550 57.169834 27.221069
v 88.623550 57.169834 27.221069
v 89.554237 54.151501 24.153122
v 89.554237 54.151501 24.153122
v 88.623550 54.151501 27.221069
v 88.623550 54.151501 27.221069
v 89.751137 57.169834 30.269691
v 89.751137 57.169834 30.269691
v 89.751137 54.151501 30.269691
v 89.751137 54.151501 30.269691
v 90.065376 57.169834 33.460320
v 90.065376 57.169834 33.460320
v 88.309311 57.169834 30.411697
v 88.309311 57.169834 30.411697
v 90.065376 54.151501 33.460320
v 90.065376 54.151501 33.460320
v 88.623550 57.169834 33.602325
v 88.623550 57.169834 33.602325
v 88.309311 54.151501 30.411697
v 88.309311 54.151501 30.411697
v 88.623550 54.151501 33.602325
v 88.623550 54.151501 33.602325
v 90.831932 57.169834 35.987320
v 90.831932 57.169834 35.987320
v 90.831932 54.151501 35.987320
v 90.831932 54.151501 35.987320
v 92.343224 57.169834 38.814804
v 92.343224 57.169834 38.814804
v 89.554192 57.169834 36.670273
v 89.554192 57.169834 36.670273
v 92.343224 54.151501 38.814804
v 92.343224 54.151501 38.814804
v 91.065483 57.169834 39.497749
v 91.065483 57.169834 39.497749
v 89.554192 54.151501 36.670273
v 89.554192 54.151501 36.670273
v 91.065483 54.151501 39.497749
v 91.065483 54.151501 39.497749
v 94.018410 57.169834 40.856110
v 94.018410 57.169834 40.856110
v 94.018410 54.151501 40.856110
v 94.018410 54.151501 40.856110
v 96.496727 57.169834 42.889938
v 96.496727 57.169834 42.889938
v 93.099319 57.169834 41.976074
v 93.099319 57.169834 41.976074
v 96.496727 54.151501 42.889938
v 96.496727 54.151501 42.889938
v 95.577637 57.169834 44.009888
v 95.577637 57.169834 44.009888
v 93.099319 54.151501 41.976074
v 93.099319 54.151501 41.976074
v 95.577637 54.151501 44.009888
v 95.577637 54.151501 44.009888
v 98.825661 57.169834 44.134842
v 98.825661 57.169834 44.134842
v 98.825661 54.151501 44.134842
v 98.825661 54.151501 44.134842
v 101.893616 57.169834 45.065559
v 101.893616 57.169834 45.065559
v 98.405067 57.169834 45.521255
v 98.405067 57.169834 45.521255
v 101.893616 54.151501 45.065559
v 101.893616 54.151501 45.065559
v 101.473022 57.169834 46.451973
v 101.473022 57.169834 46.451973
v 98.405067 54.151501 45.521255
v 98.405067 54.151501 45.521255
v 101.473022 54.151501 46.451973
v 101.473022 54.151501 46.451973
v 104.521599 57.169834 45.324379
v 104.521599 57.169834 45.324379
v 104.521599 54.151501 45.324379
v 104.521599 54.151501 45.324379
v 107.712196 57.169834 45.010147
v 107.712196 57.169834 45.010147
v 104.663597 57.169834 46.766197
v 104.663597 57.169834 46.766197
v 107.712196 54.151501 45.010147
v 107.712196 54.151501 45.010147
v 107.854195 57.169834 46.451973
v 107.854195 57.169834 46.451973
v 104.663597 54.151501 46.766197
v 104.663597 54.151501 46.766197
v 107.854195 54.151501 46.451973
v 107.854195 54.151501 46.451973
v 110.239204 57.169834 44.243622
v 110.239204 57.169834 44.243622
v 110.239204 54.151501 44.243622
v 110.239204 54.151501 44.243622
v 113.066666 57.169834 42.732353
v 113.066666 57.169834 42.732353
v 110.922150 57.169834 45.521355
v 110.922150 57.169834 45.521355
v 113.066666 54.151501 42.732353
v 113.066666 54.151501 42.732353
v 113.749611 57.169834 44.010086
v 113.749611 57.169834 44.010086
v 110.922150 54.151501 45.521355
v 110.922150 54.151501 45.521355
v 113.749611 54.151501 44.010086
v 113.749611 54.151501 44.010086
v 121.018135 54.151501 -157.442108
v 121.018135 54.151501 -157.442108
v 120.703873 54.151501 -160.632629
v 120.703873 54.151501 -160.632629
v 118.261917 54.151501 -148.356033
v 118.261917 54.151501 -148.356033
v 116.228050 54.151501 -145.877731
v 116.228050 54.151501 -145.877731
v 119.773209 54.151501 -151.183426
v 119.773209 54.151501 -151.183426
v 120.703873 54.151501 -154.251465
v 120.703873 54.151501 -154.251465
v 119.773209 54.151501 -163.700668
v 119.773209 54.151501 -163.700668
v 118.261894 54.151501 -166.528061
v 118.261894 54.151501 -166.528061
v 116.227997 54.151501 -169.006378
v 116.227997 54.151501 -169.006378
v 113.749733 54.151501 -171.040192
v 113.749733 54.151501 -171.040192
v 110.922272 54.151501 -172.551453
v 110.922272 54.151501 -172.551453
v 107.854324 54.151501 -173.482178
v 107.854324 54.151501 -173.482178
v 104.663727 54.151501 -173.796387
v 104.663727 54.151501 -173.796387
v 101.473145 54.151501 -173.482178
v 101.473145 54.151501 -173.482178
v 98.405205 54.151501 -172.551559
v 98.405205 54.151501 -172.551559
v 95.577713 54.151501 -171.040192
v 95.577713 54.151501 -171.040192
v 93.099426 54.151501 -169.006378
v 93.099426 54.151501 -169.006378
v 91.065559 54.151501 -166.528061
v 91.065559 54.151501 -166.528061
v 89.554237 54.151501 -163.700668
v 89.554237 54.151501 -163.700668
v 88.623550 54.151501 -160.632721
v 88.623550 54.151501 -160.632721
v 88.309311 54.151501 -157.442108
v 88.309311 54.151501 -157.442108
v 88.623550 54.151501 -154.251465
v 88.623550 54.151501 -154.251465
v 89.554192 54.151501 -151.183533
v 89.554192 54.151501 -151.183533
v 91.065483 54.151501 -148.356033
v 91.065483 54.151501 -148.356033
v 93.099319 54.151501 -145.877731
v 93.099319 54.151501 -145.877731
v 95.577637 54.151501 -143.843903
v 95.577637 54.151501 -143.843903
v 98.405067 54.151501 -142.332550
v 98.405067 54.151501 -142.332550
v 101.473022 54.151501 -141.401825
v 101.473022 54.151501 -141.401825
v 104.663597 54.151501 -141.087585
v 104.663597 54.151501 -141.087585
v 107.854195 54.151501 -141.401825
v 107.854195 54.151501 -141.401825
v 110.922150 54.151501 -142.332428
v 110.922150 54.151501 -142.332428
v 113.749611 54.151501 -143.843719
v 113.749611 54.151501 -143.843719
v 120.703873 57.169834 -160.632629
v 120.703873 57.169834 -160.632629
v 121.018135 57.169834 -157.442108
v 121.018135 57.169834 -157.442108
v 118.261917 57.169834 -148.356033
v 118.261917 57.169834 -148.356033
v 116.228050 57.169834 -145.877731
v 116.228050 57.169834 -145.877731
v 120.703873 57.169834 -154.251465
v 120.703873 57.169834 -154.251465
v 119.773209 57.169834 -151.183426
v 119.773209 57.169834 -151.183426
v 118.261894 57.169834 -166.528061
v 118.261894 57.169834 -166.528061
v 119.773209 57.169834 -163.700668
v 119.773209 57.169834 -163.700668
v 113.749733 57.169834 -171.040192
v 113.749733 57.169834 -171.040192
v 116.227997 57.169834 -169.006378
v 116.227997 57.169834 -169.006378
v 107.854324 57.169834 -173.482178
v 107.854324 57.169834 -173.482178
v 110.922272 57.169834 -172.551453
v 110.922272 57.169834 -172.551453
v 101.473145 57.169834 -173.482178
v 101.473145 57.169834 -173.482178
v 104.663727 57.169834 -173.796387
v 104.663727 57.169834 -173.796387
v 95.577713 57.169834 -171.040192
v 95.577713 57.169834 -171.040192
v 98.405205 57.169834 -172.551559
v 98.405205 57.169834 -172.551559
v 91.065559 57.169834 -166.528061
v 91.065559 57.169834 -166.528061
v 93.099426 57.169834 -169.006378
v 93.099426 57.169834 -169.006378
v 88.623550 57.169834 -160.632721
v 88.623550 57.169834 -160.632721
v 89.554237 57.169834 -163.700668
v 89.554237 57.169834 -163.700668
v 88.623550 57.169834 -154.251465
v 88.623550 57.169834 -154.251465
v 88.309311 57.169834 -157.442108
v 88.309311 57.169834 -157.442108
v 91.065483 57.169834 -148.356033
v 91.065483 57.169834 -148.356033
v 89.554192 57.169834 -151.183533
v 89.554192 57.169834 -151.183533
v 95.577637 57.169834 -143.843903
v 95.577637 57.169834 -143.843903
v 93.099319 57.169834 -145.877731
v 93.099319 57.169834 -145.877731
v 101.473022 57.169834 -141.401825
v 101.473022 57.169834 -141.401825
v 98.405067 57.169834 -142.332550
v 98.405067 57.169834 -142.332550
v 107.854195 57.169834 -141.401825
v 107.854195 57.169834 -141.401825
v 104.663597 57.169834 -141.087585
v 104.663597 57.169834 -141.087585
v 113.749611 57.169834 -143.843719
v 113.749611 57.169834 -143.843719
v 110.922150 57.169834 -142.332428
v 110.922150 57.169834 -142.332428
v 113.066666 54.151501 -145.121460
v 113.066666 54.151501 -145.121460
v 110.239204 54.151501 -143.610168
v 110.239204 54.151501 -143.610168
v 113.066666 57.169834 -145.121460
v 113.066666 57.169834 -145.121460
v 110.239204 57.169834 -143.610168
v 110.239204 57.169834 -143.610168
v 107.712196 54.151501 -142.843658
v 107.712196 54.151501 -142.843658
v 104.521599 54.151501 -142.529419
v 104.521599 54.151501 -142.529419
v 107.712196 57.169834 -142.843658
v 107.712196 57.169834 -142.843658
v 104.521599 57.169834 -142.529419
v 104.521599 57.169834 -142.529419
v 101.893616 54.151501 -142.788223
v 101.893616 54.151501 -142.788223
v 98.825661 54.151501 -143.718933
v 98.825661 54.151501 -143.718933
v 101.893616 57.169834 -142.788223
v 101.893616 57.169834 -142.788223
v 98.825661 57.169834 -143.718933
v 98.825661 57.169834 -143.718933
v 96.496727 54.151501 -144.963867
v 96.496727 54.151501 -144.963867
v 94.018410 54.151501 -146.997681
v 94.018410 54.151501 -146.997681
v 96.496727 57.169834 -144.963867
v 96.496727 57.169834 -144.963867
v 94.018410 57.169834 -146.997681
v 94.018410 57.169834 -146.997681
v 92.343224 54.151501 -149.039001
v 92.343224 54.151501 -149.039001
v 90.831932 54.151501 -151.866470
v 90.831932 54.151501 -151.866470
v 92.343224 57.169834 -149.039001
v 92.343224 57.169834 -149.039001
v 90.831932 57.169834 -151.866470
v 90.831932 57.169834 -151.866470
v 90.065376 54.151501 -154.393463
v 90.065376 54.151501 -154.393463
v 89.751137 54.151501 -157.584106
v 89.751137 54.151501 -157.584106
v 90.065376 57.169834 -154.393463
v 90.065376 57.169834 -154.393463
v 89.751137 57.169834 -157.584106
v 89.751137 57.169834 -157.584106
v 90.009956 54.151501 -160.212128
v 90.009956 54.151501 -160.212128
v 90.940643 54.151501 -163.280090
v 90.940643 54.151501 -163.280090
v 90.009956 57.169834 -160.212128
v 90.009956 57.169834 -160.212128
v 90.940643 57.169834 -163.280090
v 90.940643 57.169834 -163.280090
v 92.185501 54.151501 -165.608948
v 92.185501 54.151501 -165.608948
v 94.219368 54.151501 -168.087265
v 94.219368 54.151501 -168.087265
v 92.185501 57.169834 -165.608948
v 92.185501 57.169834 -165.608948
v 94.219368 57.169834 -168.087265
v 94.219368 57.169834 -168.087265
v 96.260681 54.151501 -169.762466
v 96.260681 54.151501 -169.762466
v 99.088173 54.151501 -171.273834
v 99.088173 54.151501 -171.273834
v 96.260681 57.169834 -169.762466
v 96.260681 57.169834 -169.762466
v 99.088173 57.169834 -171.273834
v 99.088173 57.169834 -171.273834
v 101.615143 54.151501 -172.040344
v 101.615143 54.151501 -172.040344
v 104.805725 54.151501 -172.354584
v 104.805725 54.151501 -172.354584
v 101.615143 57.169834 -172.040344
v 101.615143 57.169834 -172.040344
v 104.805725 57.169834 -172.354584
v 104.805725 57.169834 -172.354584
v 107.433731 54.151501 -172.095764
v 107.433731 54.151501 -172.095764
v 110.501678 54.151501 -171.165039
v 110.501678 54.151501 -171.165039
v 107.433731 57.169834 -172.095764
v 107.433731 57.169834 -172.095764
v 110.501678 57.169834 -171.165039
v 110.501678 57.169834 -171.165039
v 112.830643 54.151501 -169.920242
v 112.830643 54.151501 -169.920242
v 115.308899 54.151501 -167.886414
v 115.308899 54.151501 -167.886414
v 112.830643 57.169834 -169.920242
v 112.830643 57.169834 -169.920242
v 115.308899 57.169834 -167.886414
v 115.308899 57.169834 -167.886414
v 116.984177 54.151501 -165.845078
v 116.984177 54.151501 -165.845078
v 118.495483 54.151501 -163.017700
v 118.495483 54.151501 -163.017700
v 116.984177 57.169834 -165.845078
v 116.984177 57.169834 -165.845078
v 118.495483 57.169834 -163.017700
v 118.495483 57.169834 -163.017700
v 119.317459 54.151501 -154.672028
v 119.317459 54.151501 -154.672028
v 118.386795 54.151501 -151.603989
v 118.386795 54.151501 -151.603989
v 119.317459 57.169834 -154.672028
v 119.317459 57.169834 -154.672028
v 118.386795 57.169834 -151.603989
v 118.386795 57.169834 -151.603989
v 117.141975 54.151501 -149.275146
v 117.141975 54.151501 -149.275146
v 115.108109 54.151501 -146.796814
v 115.108109 54.151501 -146.796814
v 117.141975 57.169834 -149.275146
v 117.141975 57.169834 -149.275146
v 115.108109 57.169834 -146.796814
v 115.108109 57.169834 -146.796814
v 119.262054 54.151501 -160.490601
v 119.262054 54.151501 -160.490601
v 119.576309 54.151501 -157.300095
v 119.576309 54.151501 -157.300095
v 119.262054 57.169834 -160.490601
v 119.262054 57.169834 -160.490601
v 119.576309 57.169834 -157.300095
v 119.576309 57.169834 -157.300095
v 93.420448 4.148452 -164.954529
v 95.102112 4.148452 -167.003662
v 92.170883 4.148452 -162.616699
v 107.301765 4.148445 -144.179688
v 109.838425 4.148445 -144.949219
v 91.401390 4.148452 -154.803940
v 92.170883 4.148452 -152.267303
v 97.151207 4.148452 -168.685257
v 109.838417 4.148452 -169.934799
v 107.301743 4.148452 -170.704330
v 115.906967 4.148452 -164.954529
v 117.156532 4.148452 -162.616699
v 117.156532 4.148452 -152.267303
v 117.926025 4.148452 -154.803940
v 102.025665 4.148452 -170.704330
v 99.489006 4.148452 -169.934799
v 115.906967 4.148452 -149.929565
v 114.225334 4.148452 -147.880432
v 118.185860 4.148452 -157.442001
v 91.141586 4.148452 -157.442001
v 104.663734 4.148445 -143.919861
v 104.663719 4.148452 -170.964142
v 117.926025 4.148452 -160.080078
v 114.225334 4.148452 -167.003662
v 112.176208 4.148452 -168.685257
v 117.952255 5.355786 -154.798721
v 118.212601 5.355786 -157.442001
v 95.083221 5.355786 -147.861542
v 93.398254 5.355786 -149.914612
v 102.020470 5.355779 -144.153442
v 104.663734 5.355779 -143.893112
v 93.420486 4.148452 -149.929474
v 95.102127 4.148452 -147.880432
v 104.663719 5.355786 -170.990875
v 102.020454 5.355786 -170.730560
v 107.306961 5.355786 -170.730560
v 109.848640 5.355786 -169.959503
v 115.929199 5.355786 -164.969391
v 117.181244 5.355786 -162.626953
v 117.952255 5.355786 -160.085297
v 115.929199 5.355786 -149.914703
v 114.244240 5.355786 -147.861542
v 92.146179 5.355786 -162.626953
v 91.375168 5.355786 -160.085297
v 91.114838 5.355786 -157.442001
v 91.375168 5.355786 -154.798721
v 92.146179 5.355786 -152.257050
v 97.136353 5.355786 -168.707489
v 99.478775 5.355786 -169.959503
v 112.191063 5.355786 -168.707489
v 109.848656 5.355779 -144.924500
v 107.306992 5.355779 -144.153442
v 112.176254 4.148445 -146.198761
v 114.607796 4.148452 -147.497986
v 116.356697 4.148452 -149.629059
v 117.656250 4.148452 -152.060303
v 118.456520 4.148452 -154.698425
v 118.726746 4.148452 -157.442001
v 118.456520 4.148452 -160.185593
v 117.656250 4.148452 -162.823700
v 116.356697 4.148452 -165.255035
v 114.607796 4.148452 -167.386124
v 112.476707 4.148452 -169.134979
v 110.045395 4.148452 -170.434509
v 107.407272 4.148452 -171.234833
v 104.663719 4.148452 -171.505035
v 101.920151 4.148452 -171.234833
v 99.282013 4.148452 -170.434509
v 96.850708 4.148452 -169.134979
v 94.719643 4.148452 -167.386124
v 92.970711 4.148452 -165.255035
v 91.671173 4.148452 -162.823700
v 90.870895 4.148452 -160.185593
v 90.600693 4.148452 -157.442001
v 90.870895 4.148452 -154.698425
v 91.671173 4.148452 -152.060303
v 92.970757 4.148452 -149.628967
v 94.719666 4.148452 -147.497986
v 96.850731 4.148445 -145.749023
v 99.282036 4.148445 -144.449417
v 101.920166 4.148445 -143.649185
v 104.663734 4.148445 -143.378983
v 107.407288 4.148445 -143.649185
v 110.045418 4.148445 -144.449493
v 112.476753 4.148445 -145.749023
v 116.356697 5.355786 -149.629059
v 117.656250 5.355786 -152.060303
v 118.456520 5.355786 -160.185593
v 117.656250 5.355786 -162.823700
v 116.356697 5.355786 -165.255035
v 114.607796 5.355786 -167.386124
v 112.476707 5.355786 -169.134979
v 110.045395 5.355786 -170.434509
v 107.407272 5.355786 -171.234833
v 104.663719 5.355786 -171.505035
v 101.920151 5.355786 -171.234833
v 99.282013 5.355786 -170.434509
v 96.850708 5.355786 -169.134979
v 94.719643 5.355786 -167.386124
v 92.970711 5.355786 -165.255035
v 91.671173 5.355786 -162.823700
v 90.870895 5.355786 -160.185593
v 90.600693 5.355786 -157.442001
v 90.870895 5.355786 -154.698425
v 91.671173 5.355786 -152.060303
v 96.850731 5.355779 -145.749023
v 99.282036 5.355779 -144.449417
v 107.407288 5.355779 -143.649185
v 110.045418 5.355779 -144.449493
v 117.181244 5.355786 -152.257050
v 95.083199 5.355786 -167.022568
v 97.136375 5.355779 -146.176529
v 99.478790 5.355779 -144.924408
v 93.398209 5.355786 -164.969391
v 114.244240 5.355786 -167.022568
v 112.191109 5.355779 -146.176529
v 115.931503 42.179474 -149.913162
v 115.931503 42.179474 -149.913162
v 114.246185 42.179474 -147.859573
v 114.246185 42.179474 -147.859573
v 117.183792 42.179474 -152.256012
v 117.183792 42.179474 -152.256012
v 117.954964 42.179474 -154.798187
v 117.954964 42.179474 -154.798187
v 92.143623 42.179474 -152.256012
v 92.143623 42.179474 -152.256012
v 93.395958 42.179474 -149.913086
v 93.395958 42.179474 -149.913086
v 95.107262 42.179474 -147.887939
v 95.107262 42.179474 -147.887939
v 97.134842 42.179459 -146.174225
v 97.134842 42.179459 -146.174225
v 99.477737 42.179459 -144.921875
v 99.477737 42.179459 -144.921875
v 102.019928 42.179459 -144.150726
v 102.019928 42.179459 -144.150726
v 104.663734 42.179459 -143.890350
v 104.663734 42.179459 -143.890350
v 107.307526 42.179459 -144.150726
v 107.307526 42.179459 -144.150726
v 109.849716 42.179459 -144.921967
v 109.849716 42.179459 -144.921967
v 112.192642 42.179459 -146.174225
v 112.192642 42.179459 -146.174225
v 91.401390 4.148452 -160.080078
v 102.025688 4.148445 -144.179688
v 99.489029 4.148445 -144.949127
v 97.151230 4.148445 -146.198761
v 113.749611 44.492828 -143.843719
v 113.749611 44.492828 -143.843719
v 113.749611 44.492828 -143.843719
v 116.228050 44.492828 -145.877731
v 116.228050 44.492828 -145.877731
v 116.228050 44.492828 -145.877731
v 110.922150 44.492828 -142.332428
v 110.922150 44.492828 -142.332428
v 110.922150 44.492828 -142.332428
v 107.854195 44.492828 -141.401825
v 107.854195 44.492828 -141.401825
v 107.854195 44.492828 -141.401825
v 104.663597 44.492828 -141.087585
v 104.663597 44.492828 -141.087585
v 104.663597 44.492828 -141.087585
v 101.473022 44.492828 -141.401825
v 101.473022 44.492828 -141.401825
v 101.473022 44.492828 -141.401825
v 98.405067 44.492828 -142.332550
v 98.405067 44.492828 -142.332550
v 98.405067 44.492828 -142.332550
v 95.577637 44.492828 -143.843903
v 95.577637 44.492828 -143.843903
v 95.577637 44.492828 -143.843903
v 93.099319 44.492828 -145.877731
v 93.099319 44.492828 -145.877731
v 93.099319 44.492828 -145.877731
v 91.065483 44.492828 -148.356033
v 91.065483 44.492828 -148.356033
v 91.065483 44.492828 -148.356033
v 89.554192 44.492828 -151.183533
v 89.554192 44.492828 -151.183533
v 89.554192 44.492828 -151.183533
v 88.623550 44.492828 -154.251465
v 88.309311 44.492828 -157.442108
v 88.623550 44.492828 -160.632721
v 89.554237 44.492828 -163.700668
v 91.065559 44.492828 -166.528061
v 93.099426 44.492828 -169.006378
v 95.577713 44.492828 -171.040192
v 98.405205 44.492828 -172.551559
v 101.473145 44.492828 -173.482178
v 104.663727 44.492828 -173.796387
v 107.854324 44.492828 -173.482178
v 110.922272 44.492828 -172.551453
v 113.749733 44.492828 -171.040192
v 116.227997 44.492828 -169.006378
v 118.261894 44.492828 -166.528061
v 119.773209 44.492828 -163.700668
v 120.703873 44.492828 -160.632629
v 121.018135 44.492828 -157.442108
v 120.703873 44.492828 -154.251465
v 120.703873 44.492828 -154.251465
v 120.703873 44.492828 -154.251465
v 119.773209 44.492828 -151.183426
v 119.773209 44.492828 -151.183426
v 119.773209 44.492828 -151.183426
v 118.261917 44.492828 -148.356033
v 118.261917 44.492828 -148.356033
v 118.261917 44.492828 -148.356033
v 117.183792 44.510033 -152.256012
v 117.183792 44.510033 -152.256012
v 115.931503 44.510033 -149.913162
v 115.931503 44.510033 -149.913162
v 95.107262 44.510033 -147.887939
v 95.107262 44.510033 -147.887939
v 93.395958 44.510033 -149.913086
v 93.395958 44.510033 -149.913086
v 99.477737 44.510025 -144.921875
v 99.477737 44.510025 -144.921875
v 97.134842 44.510025 -146.174225
v 97.134842 44.510025 -146.174225
v 104.663734 44.510025 -143.890350
v 104.663734 44.510025 -143.890350
v 102.019928 44.510025 -144.150726
v 102.019928 44.510025 -144.150726
v 109.849716 44.510025 -144.921967
v 109.849716 44.510025 -144.921967
v 107.307526 44.510025 -144.150726
v 107.307526 44.510025 -144.150726
v 114.246185 44.510033 -147.859573
v 114.246185 44.510033 -147.859573
v 112.192642 44.510025 -146.174225
v 112.192642 44.510025 -146.174225
v 117.954964 44.490227 -154.798187
v 117.954964 44.490227 -154.798187
v 118.215363 44.495686 -157.442001
v 117.954964 44.501152 -160.085831
v 117.183792 44.501152 -162.627991
v 115.931503 44.501152 -164.970917
v 114.246185 44.501152 -167.024506
v 112.192596 44.501152 -168.709778
v 109.849701 44.501152 -169.962051
v 107.307510 44.501152 -170.733261
v 104.663719 44.501152 -170.993652
v 102.019913 44.501152 -170.733261
v 99.477715 44.501152 -169.962051
v 97.134819 44.501152 -168.709778
v 95.081245 44.501152 -167.024506
v 93.395920 44.501152 -164.970917
v 92.143623 44.501152 -162.627991
v 91.372452 44.501152 -160.085831
v 91.112076 44.501152 -157.442001
v 91.372452 44.501152 -154.798187
v 92.143623 44.501152 -152.256012
v 92.143623 44.501152 -152.256012
v 112.476753 5.355779 -145.749023
v 114.607796 5.355786 -147.497986
v 101.920166 5.355779 -143.649185
v 104.663734 5.355779 -143.378983
v 92.970757 5.355786 -149.628967
v 94.719666 5.355786 -147.497986
v 118.456520 5.355786 -154.698425
v 118.726746 5.355786 -157.442001
v -80.645676 54.151501 30.411697
v -80.645676 54.151501 30.411697
v -80.959938 54.151501 27.221169
v -80.959938 54.151501 27.221169
v -83.401894 54.151501 39.497749
v -83.401894 54.151501 39.497749
v -85.435760 54.151501 41.976074
v -85.435760 54.151501 41.976074
v -81.890602 54.151501 36.670372
v -81.890602 54.151501 36.670372
v -80.959938 54.151501 33.602325
v -80.959938 54.151501 33.602325
v -81.890602 54.151501 24.153122
v -81.890602 54.151501 24.153122
v -83.401917 54.151501 21.325737
v -83.401917 54.151501 21.325737
v -85.435814 54.151501 18.847427
v -85.435814 54.151501 18.847427
v -87.914078 54.151501 16.813599
v -87.914078 54.151501 16.813599
v -90.741539 54.151501 15.302338
v -90.741539 54.151501 15.302338
v -93.809486 54.151501 14.371628
v -93.809486 54.151501 14.371628
v -97.000092 54.151501 14.057388
v -97.000092 54.151501 14.057388
v -100.190666 54.151501 14.371628
v -100.190666 54.151501 14.371628
v -103.258606 54.151501 15.302238
v -103.258606 54.151501 15.302238
v -106.086098 54.151501 16.813599
v -106.086098 54.151501 16.813599
v -108.564384 54.151501 18.847427
v -108.564384 54.151501 18.847427
v -110.598251 54.151501 21.325737
v -110.598251 54.151501 21.325737
v -112.109573 54.151501 24.153122
v -112.109573 54.151501 24.153122
v -113.040260 54.151501 27.221069
v -113.040260 54.151501 27.221069
v -113.354500 54.151501 30.411697
v -113.354500 54.151501 30.411697
v -113.040260 54.151501 33.602325
v -113.040260 54.151501 33.602325
v -112.109619 54.151501 36.670273
v -112.109619 54.151501 36.670273
v -110.598328 54.151501 39.497749
v -110.598328 54.151501 39.497749
v -108.564491 54.151501 41.976074
v -108.564491 54.151501 41.976074
v -106.086174 54.151501 44.009888
v -106.086174 54.151501 44.009888
v -103.258743 54.151501 45.521255
v -103.258743 54.151501 45.521255
v -100.190788 54.151501 46.451973
v -100.190788 54.151501 46.451973
v -97.000214 54.151501 46.766197
v -97.000214 54.151501 46.766197
v -93.809616 54.151501 46.451973
v -93.809616 54.151501 46.451973
v -90.741661 54.151501 45.521355
v -90.741661 54.151501 45.521355
v -87.914200 54.151501 44.010086
v -87.914200 54.151501 44.010086
v -80.959938 57.169834 27.221169
v -80.959938 57.169834 27.221169
v -80.645676 57.169834 30.411697
v -80.645676 57.169834 30.411697
v -83.401894 57.169834 39.497749
v -83.401894 57.169834 39.497749
v -85.435760 57.169834 41.976074
v -85.435760 57.169834 41.976074
v -80.959938 57.169834 33.602325
v -80.959938 57.169834 33.602325
v -81.890602 57.169834 36.670372
v -81.890602 57.169834 36.670372
v -83.401917 57.169834 21.325737
v -83.401917 57.169834 21.325737
v -81.890602 57.169834 24.153122
v -81.890602 57.169834 24.153122
v -87.914078 57.169834 16.813599
v -87.914078 57.169834 16.813599
v -85.435814 57.169834 18.847427
v -85.435814 57.169834 18.847427
v -93.809486 57.169834 14.371628
v -93.809486 57.169834 14.371628
v -90.741539 57.169834 15.302338
v -90.741539 57.169834 15.302338
v -100.190666 57.169834 14.371628
v -100.190666 57.169834 14.371628
v -97.000092 57.169834 14.057388
v -97.000092 57.169834 14.057388
v -106.086098 57.169834 16.813599
v -106.086098 57.169834 16.813599
v -103.258606 57.169834 15.302238
v -103.258606 57.169834 15.302238
v -110.598251 57.169834 21.325737
v -110.598251 57.169834 21.325737
v -108.564384 57.169834 18.847427
v -108.564384 57.169834 18.847427
v -113.040260 57.169834 27.221069
v -113.040260 57.169834 27.221069
v -112.109573 57.169834 24.153122
v -112.109573 57.169834 24.153122
v -113.040260 57.169834 33.602325
v -113.040260 57.169834 33.602325
v -113.354500 57.169834 30.411697
v -113.354500 57.169834 30.411697
v -110.598328 57.169834 39.497749
v -110.598328 57.169834 39.497749
v -112.109619 57.169834 36.670273
v -112.109619 57.169834 36.670273
v -106.086174 57.169834 44.009888
v -106.086174 57.169834 44.009888
v -108.564491 57.169834 41.976074
v -108.564491 57.169834 41.976074
v -100.190788 57.169834 46.451973
v -100.190788 57.169834 46.451973
v -103.258743 57.169834 45.521255
v -103.258743 57.169834 45.521255
v -93.809616 57.169834 46.451973
v -93.809616 57.169834 46.451973
v -97.000214 57.169834 46.766197
v -97.000214 57.169834 46.766197
v -87.914200 57.169834 44.010086
v -87.914200 57.169834 44.010086
v -90.741661 57.169834 45.521355
v -90.741661 57.169834 45.521355
v -88.597145 54.151501 42.732353
v -88.597145 54.151501 42.732353
v -91.424606 54.151501 44.243622
v -91.424606 54.151501 44.243622
v -88.597145 57.169834 42.732353
v -88.597145 57.169834 42.732353
v -91.424606 57.169834 44.243622
v -91.424606 57.169834 44.243622
v -93.951614 54.151501 45.010147
v -93.951614 54.151501 45.010147
v -97.142212 54.151501 45.324379
v -97.142212 54.151501 45.324379
v -93.951614 57.169834 45.010147
v -93.951614 57.169834 45.010147
v -97.142212 57.169834 45.324379
v -97.142212 57.169834 45.324379
v -99.770195 54.151501 45.065559
v -99.770195 54.151501 45.065559
v -102.838150 54.151501 44.134842
v -102.838150 54.151501 44.134842
v -99.770195 57.169834 45.065559
v -99.770195 57.169834 45.065559
v -102.838150 57.169834 44.134842
v -102.838150 57.169834 44.134842
v -105.167084 54.151501 42.889938
v -105.167084 54.151501 42.889938
v -107.645401 54.151501 40.856110
v -107.645401 54.151501 40.856110
v -105.167084 57.169834 42.889938
v -105.167084 57.169834 42.889938
v -107.645401 57.169834 40.856110
v -107.645401 57.169834 40.856110
v -109.320587 54.151501 38.814804
v -109.320587 54.151501 38.814804
v -110.831879 54.151501 35.987320
v -110.831879 54.151501 35.987320
v -109.320587 57.169834 38.814804
v -109.320587 57.169834 38.814804
v -110.831879 57.169834 35.987320
v -110.831879 57.169834 35.987320
v -111.598442 54.151501 33.460320
v -111.598442 54.151501 33.460320
v -111.912674 54.151501 30.269691
v -111.912674 54.151501 30.269691
v -111.598442 57.169834 33.460320
v -111.598442 57.169834 33.460320
v -111.912674 57.169834 30.269691
v -111.912674 57.169834 30.269691
v -111.653854 54.151501 27.641647
v -111.653854 54.151501 27.641647
v -110.723167 54.151501 24.573700
v -110.723167 54.151501 24.573700
v -111.653854 57.169834 27.641647
v -111.653854 57.169834 27.641647
v -110.723167 57.169834 24.573700
v -110.723167 57.169834 24.573700
v -109.478310 54.151501 22.244843
v -109.478310 54.151501 22.244843
v -107.444443 54.151501 19.766533
v -107.444443 54.151501 19.766533
v -109.478310 57.169834 22.244843
v -109.478310 57.169834 22.244843
v -107.444443 57.169834 19.766533
v -107.444443 57.169834 19.766533
v -105.403130 54.151501 18.091324
v -105.403130 54.151501 18.091324
v -102.575638 54.151501 16.579964
v -102.575638 54.151501 16.579964
v -105.403130 57.169834 18.091324
v -105.403130 57.169834 18.091324
v -102.575638 57.169834 16.579964
v -102.575638 57.169834 16.579964
v -100.048668 54.151501 15.813446
v -100.048668 54.151501 15.813446
v -96.858086 54.151501 15.499214
v -96.858086 54.151501 15.499214
v -100.048668 57.169834 15.813446
v -100.048668 57.169834 15.813446
v -96.858086 57.169834 15.499214
v -96.858086 57.169834 15.499214
v -94.230080 54.151501 15.758034
v -94.230080 54.151501 15.758034
v -91.162132 54.151501 16.688751
v -91.162132 54.151501 16.688751
v -94.230080 57.169834 15.758034
v -94.230080 57.169834 15.758034
v -91.162132 57.169834 16.688751
v -91.162132 57.169834 16.688751
v -88.833168 54.151501 17.933556
v -88.833168 54.151501 17.933556
v -86.354912 54.151501 19.967369
v -86.354912 54.151501 19.967369
v -88.833168 57.169834 17.933556
v -88.833168 57.169834 17.933556
v -86.354912 57.169834 19.967369
v -86.354912 57.169834 19.967369
v -84.679634 54.151501 22.008720
v -84.679634 54.151501 22.008720
v -83.168327 54.151501 24.836090
v -83.168327 54.151501 24.836090
v -84.679634 57.169834 22.008720
v -84.679634 57.169834 22.008720
v -83.168327 57.169834 24.836090
v -83.168327 57.169834 24.836090
v -82.346352 54.151501 33.181763
v -82.346352 54.151501 33.181763
v -83.277016 54.151501 36.249817
v -83.277016 54.151501 36.249817
v -82.346352 57.169834 33.181763
v -82.346352 57.169834 33.181763
v -83.277016 57.169834 36.249817
v -83.277016 57.169834 36.249817
v -84.521835 54.151501 38.578651
v -84.521835 54.151501 38.578651
v -86.555702 54.151501 41.056969
v -86.555702 54.151501 41.056969
v -84.521835 57.169834 38.578651
v -84.521835 57.169834 38.578651
v -86.555702 57.169834 41.056969
v -86.555702 57.169834 41.056969
v -82.401756 54.151501 27.363182
v -82.401756 54.151501 27.363182
v -82.087502 54.151501 30.553711
v -82.087502 54.151501 30.553711
v -82.401756 57.169834 27.363182
v -82.401756 57.169834 27.363182
v -82.087502 57.169834 30.553711
v -82.087502 57.169834 30.553711
v -108.243362 4.148452 22.899261
v -106.561699 4.148452 20.850143
v -109.492928 4.148452 25.237076
v -94.362045 4.148445 43.674118
v -91.825386 4.148445 42.904587
v -110.262421 4.148452 33.049866
v -109.492928 4.148452 35.586502
v -104.512604 4.148452 19.168541
v -91.825394 4.148452 17.918999
v -94.362068 4.148452 17.149467
v -85.756844 4.148452 22.899261
v -84.507278 4.148452 25.237076
v -84.507278 4.148452 35.586502
v -83.737785 4.148452 33.049866
v -99.638145 4.148452 17.149467
v -102.174805 4.148452 17.918999
v -85.756844 4.148452 37.924240
v -87.438484 4.148452 39.973358
v -83.477951 4.148452 30.411789
v -110.522224 4.148452 30.411789
v -97.000076 4.148445 43.933929
v -97.000092 4.148452 16.889648
v -83.737785 4.148452 27.773720
v -87.438484 4.148452 20.850143
v -89.487602 4.148452 19.168541
v -83.711555 5.355786 33.055077
v -83.451210 5.355786 30.411789
v -106.580589 5.355786 39.992271
v -108.265556 5.355786 37.939178
v -99.643341 5.355779 43.700348
v -97.000076 5.355779 43.960670
v -108.243324 4.148452 37.924316
v -106.561684 4.148452 39.973358
v -97.000092 5.355786 16.862907
v -99.643356 5.355786 17.123238
v -94.356850 5.355786 17.123238
v -91.815170 5.355786 17.894295
v -85.734612 5.355786 22.884407
v -84.482567 5.355786 25.226845
v -83.711555 5.355786 27.768501
v -85.734612 5.355786 37.939095
v -87.419571 5.355786 39.992271
v -109.517632 5.355786 25.226845
v -110.288643 5.355786 27.768501
v -110.548973 5.355786 30.411789
v -110.288643 5.355786 33.055077
v -109.517632 5.355786 35.596733
v -104.527458 5.355786 19.146309
v -102.185036 5.355786 17.894295
v -89.472748 5.355786 19.146309
v -91.815155 5.355779 42.929291
v -94.356819 5.355779 43.700348
v -89.487556 4.148445 41.655045
v -87.056015 4.148452 40.355827
v -85.307114 4.148452 38.224739
v -84.007561 4.148452 35.793488
v -83.207291 4.148452 33.155388
v -82.937065 4.148452 30.411789
v -83.207291 4.148452 27.668190
v -84.007561 4.148452 25.030090
v -85.307114 4.148452 22.598763
v -87.056015 4.148452 20.467674
v -89.187103 4.148452 18.718811
v -91.618416 4.148452 17.419289
v -94.256546 4.148452 16.618973
v -97.000092 4.148452 16.348763
v -99.743660 4.148452 16.618973
v -102.381798 4.148452 17.419289
v -104.813103 4.148452 18.718811
v -106.944168 4.148452 20.467674
v -108.693100 4.148452 22.598763
v -109.992645 4.148452 25.030090
v -110.792915 4.148452 27.668190
v -111.063118 4.148452 30.411789
v -110.792915 4.148452 33.155388
v -109.992645 4.148452 35.793488
v -108.693054 4.148452 38.224823
v -106.944145 4.148452 40.355827
v -104.813080 4.148445 42.104774
v -102.381775 4.148445 43.404381
v -99.743645 4.148445 44.204613
v -97.000076 4.148445 44.474823
v -94.256523 4.148445 44.204613
v -91.618393 4.148445 43.404297
v -89.187057 4.148445 42.104774
v -85.307114 5.355786 38.224739
v -84.007561 5.355786 35.793488
v -83.207291 5.355786 27.668190
v -84.007561 5.355786 25.030090
v -85.307114 5.355786 22.598763
v -87.056015 5.355786 20.467674
v -89.187103 5.355786 18.718811
v -91.618416 5.355786 17.419289
v -94.256546 5.355786 16.618973
v -97.000092 5.355786 16.348763
v -99.743660 5.355786 16.618973
v -102.381798 5.355786 17.419289
v -104.813103 5.355786 18.718811
v -106.944168 5.355786 20.467674
v -108.693100 5.355786 22.598763
v -109.992645 5.355786 25.030090
v -110.792915 5.355786 27.668190
v -111.063118 5.355786 30.411789
v -110.792915 5.355786 33.155388
v -109.992645 5.355786 35.793488
v -104.813080 5.355779 42.104774
v -102.381775 5.355779 43.404381
v -94.256523 5.355779 44.204613
v -91.618393 5.355779 43.404297
v -84.482567 5.355786 35.596733
v -106.580612 5.355786 20.831238
v -104.527435 5.355779 41.677277
v -102.185020 5.355779 42.929367
v -108.265602 5.355786 22.884407
v -87.419571 5.355786 20.831238
v -89.472702 5.355779 41.677277
v -85.732307 42.179474 37.940628
v -85.732307 42.179474 37.940628
v -87.417625 42.179474 39.994225
v -87.417625 42.179474 39.994225
v -84.480019 42.179474 35.597794
v -84.480019 42.179474 35.597794
v -83.708847 42.179474 33.055618
v -83.708847 42.179474 33.055618
v -109.520187 42.179474 35.597794
v -109.520187 42.179474 35.597794
v -108.267853 42.179474 37.940712
v -108.267853 42.179474 37.940712
v -106.556549 42.179474 39.965851
v -106.556549 42.179474 39.965851
v -104.528969 42.179459 41.679573
v -104.528969 42.179459 41.679573
v -102.186073 42.179459 42.931923
v -102.186073 42.179459 42.931923
v -99.643883 42.179459 43.703056
v -99.643883 42.179459 43.703056
v -97.000076 42.179459 43.963432
v -97.000076 42.179459 43.963432
v -94.356285 42.179459 43.703056
v -94.356285 42.179459 43.703056
v -91.814095 42.179459 42.931847
v -91.814095 42.179459 42.931847
v -89.471169 42.179459 41.679573
v -89.471169 42.179459 41.679573
v -110.262421 4.148452 27.773720
v -99.638123 4.148445 43.674118
v -102.174789 4.148445 42.904671
v -104.512581 4.148445 41.655045
v -87.914200 44.492828 44.010086
v -87.914200 44.492828 44.010086
v -87.914200 44.492828 44.010086
v -85.435760 44.492828 41.976074
v -85.435760 44.492828 41.976074
v -85.435760 44.492828 41.976074
v -90.741661 44.492828 45.521355
v -90.741661 44.492828 45.521355
v -90.741661 44.492828 45.521355
v -93.809616 44.492828 46.451973
v -93.809616 44.492828 46.451973
v -93.809616 44.492828 46.451973
v -97.000214 44.492828 46.766197
v -97.000214 44.492828 46.766197
v -97.000214 44.492828 46.766197
v -100.190788 44.492828 46.451973
v -100.190788 44.492828 46.451973
v -100.190788 44.492828 46.451973
v -103.258743 44.492828 45.521255
v -103.258743 44.492828 45.521255
v -103.258743 44.492828 45.521255
v -106.086174 44.492828 44.009888
v -106.086174 44.492828 44.009888
v -106.086174 44.492828 44.009888
v -108.564491 44.492828 41.976074
v -108.564491 44.492828 41.976074
v -108.564491 44.492828 41.976074
v -110.598328 44.492828 39.497749
v -110.598328 44.492828 39.497749
v -110.598328 44.492828 39.497749
v -112.109619 44.492828 36.670273
v -112.109619 44.492828 36.670273
v -112.109619 44.492828 36.670273
v -113.040260 44.492828 33.602325
v -113.354500 44.492828 30.411697
v -113.040260 44.492828 27.221069
v -112.109573 44.492828 24.153122
v -110.598251 44.492828 21.325737
v -108.564384 44.492828 18.847427
v -106.086098 44.492828 16.813599
v -103.258606 44.492828 15.302238
v -100.190666 44.492828 14.371628
v -97.000092 44.492828 14.057388
v -93.809486 44.492828 14.371628
v -90.741539 44.492828 15.302338
v -87.914078 44.492828 16.813599
v -85.435814 44.492828 18.847427
v -83.401917 44.492828 21.325737
v -81.890602 44.492828 24.153122
v -80.959938 44.492828 27.221169
v -80.645676 44.492828 30.411697
v -80.959938 44.492828 33.602325
v -80.959938 44.492828 33.602325
v -80.959938 44.492828 33.602325
v -81.890602 44.492828 36.670372
v -81.890602 44.492828 36.670372
v -81.890602 44.492828 36.670372
v -83.401894 44.492828 39.497749
v -83.401894 44.492828 39.497749
v -83.401894 44.492828 39.497749
v -84.480019 44.510033 35.597794
v -84.480019 44.510033 35.597794
v -85.732307 44.510033 37.940628
v -85.732307 44.510033 37.940628
v -106.556549 44.510033 39.965851
v -106.556549 44.510033 39.965851
v -108.267853 44.510033 37.940712
v -108.267853 44.510033 37.940712
v -102.186073 44.510025 42.931923
v -102.186073 44.510025 42.931923
v -104.528969 44.510025 41.679573
v -104.528969 44.510025 41.679573
v -97.000076 44.510025 43.963432
v -97.000076 44.510025 43.963432
v -99.643883 44.510025 43.703056
v -99.643883 44.510025 43.703056
v -91.814095 44.510025 42.931847
v -91.814095 44.510025 42.931847
v -94.356285 44.510025 43.703056
v -94.356285 44.510025 43.703056
v -87.417625 44.510033 39.994225
v -87.417625 44.510033 39.994225
v -89.471169 44.510025 41.679573
v -89.471169 44.510025 41.679573
v -83.708847 44.490227 33.055618
v -83.708847 44.490227 33.055618
v -83.448448 44.495686 30.411789
v -83.708847 44.501152 27.767960
v -84.480019 44.501152 25.225784
v -85.732307 44.501152 22.882874
v -87.417625 44.501152 20.829285
v -89.471214 44.501152 19.144012
v -91.814110 44.501152 17.891739
v -94.356300 44.501152 17.120529
v -97.000092 44.501152 16.860146
v -99.643898 44.501152 17.120529
v -102.186096 44.501152 17.891739
v -104.528992 44.501152 19.144012
v -106.582565 44.501152 20.829285
v -108.267891 44.501152 22.882874
v -109.520187 44.501152 25.225784
v -110.291359 44.501152 27.767960
v -110.551735 44.501152 30.411789
v -110.291359 44.501152 33.055618
v -109.520187 44.501152 35.597794
v -109.520187 44.501152 35.597794
v -89.187057 5.355779 42.104774
v -87.056015 5.355786 40.355827
v -99.743645 5.355779 44.204613
v -97.000076 5.355779 44.474823
v -108.693054 5.355786 38.224823
v -106.944145 5.355786 40.355827
v -83.207291 5.355786 33.155388
v -82.937065 5.355786 30.411789
v -82.921410 5.355786 -157.455200
v -83.191643 5.355786 -160.198792
v -83.191643 5.355786 -154.711609
v -83.991913 5.355786 -152.073517
v -87.040367 5.355786 -147.511185
v -85.291458 5.355786 -149.642273
v -89.171410 5.355779 -145.762238
v -91.602745 5.355779 -144.462708
v -106.928497 5.355786 -147.511185
v -104.797432 5.355779 -145.762238
v -108.677406 5.355786 -149.642181
v -109.976990 5.355786 -152.073517
v -96.984421 5.355779 -143.392181
v -94.240868 5.355779 -143.662384
v -99.727997 5.355779 -143.662384
v -102.366119 5.355779 -144.462616
v -109.504532 44.501152 -152.269226
v -109.504532 44.501152 -152.269226
v -112.093964 44.492828 -151.196732
v -112.093964 44.492828 -151.196732
v -112.093964 44.492828 -151.196732
v -83.432800 44.495686 -157.455200
v -83.693199 44.490227 -154.811371
v -83.693199 44.490227 -154.811371
v -110.275703 44.501152 -154.811371
v -109.504532 42.179474 -152.269226
v -109.504532 42.179474 -152.269226
v -110.536079 44.501152 -157.455200
v -110.275703 44.501152 -160.099030
v -109.504532 44.501152 -162.641205
v -108.252243 44.501152 -164.984131
v -106.566910 44.501152 -167.037720
v -104.513336 44.501152 -168.722992
v -102.170448 44.501152 -169.975250
v -99.628250 44.501152 -170.746460
v -96.984444 44.501152 -171.006866
v -94.340652 44.501152 -170.746460
v -91.798454 44.501152 -169.975250
v -89.455559 44.501152 -168.722992
v -87.401978 44.501152 -167.037720
v -85.716660 44.501152 -164.984131
v -84.464363 44.501152 -162.641205
v -83.693199 44.501152 -160.099030
v -80.944283 44.492828 -154.264679
v -80.944283 44.492828 -154.264679
v -80.944283 44.492828 -154.264679
v -83.693199 42.179474 -154.811371
v -83.693199 42.179474 -154.811371
v -84.464363 44.510033 -152.269226
v -84.464363 44.510033 -152.269226
v -81.874954 44.492828 -151.196625
v -81.874954 44.492828 -151.196625
v -81.874954 44.492828 -151.196625
v -85.716660 44.510033 -149.926361
v -85.716660 44.510033 -149.926361
v -83.386238 44.492828 -148.369232
v -83.386238 44.492828 -148.369232
v -83.386238 44.492828 -148.369232
v -89.455521 44.510025 -146.187439
v -89.455521 44.510025 -146.187439
v -87.898544 44.492828 -143.856918
v -87.898544 44.492828 -143.856918
v -87.898544 44.492828 -143.856918
v -87.401978 44.510033 -147.872772
v -87.401978 44.510033 -147.872772
v -85.420113 44.492828 -145.890930
v -85.420113 44.492828 -145.890930
v -85.420113 44.492828 -145.890930
v -91.798439 44.510025 -144.935165
v -91.798439 44.510025 -144.935165
v -90.726013 44.492828 -142.345642
v -90.726013 44.492828 -142.345642
v -90.726013 44.492828 -142.345642
v -94.340637 44.510025 -144.163940
v -94.340637 44.510025 -144.163940
v -93.793961 44.492828 -141.415039
v -93.793961 44.492828 -141.415039
v -93.793961 44.492828 -141.415039
v -96.984421 44.510025 -143.903564
v -96.984421 44.510025 -143.903564
v -96.984558 44.492828 -141.100800
v -96.984558 44.492828 -141.100800
v -96.984558 44.492828 -141.100800
v -99.628227 44.510025 -144.163940
v -99.628227 44.510025 -144.163940
v -100.175140 44.492828 -141.415039
v -100.175140 44.492828 -141.415039
v -100.175140 44.492828 -141.415039
v -102.170425 44.510025 -144.935074
v -102.170425 44.510025 -144.935074
v -103.243088 44.492828 -142.345749
v -103.243088 44.492828 -142.345749
v -103.243088 44.492828 -142.345749
v -104.513321 44.510025 -146.187439
v -104.513321 44.510025 -146.187439
v -106.070526 44.492828 -143.857117
v -106.070526 44.492828 -143.857117
v -106.070526 44.492828 -143.857117
v -106.540901 44.510033 -147.901154
v -106.540901 44.510033 -147.901154
v -108.548836 44.492828 -145.890930
v -108.548836 44.492828 -145.890930
v -108.548836 44.492828 -145.890930
v -108.252197 44.510033 -149.926300
v -108.252197 44.510033 -149.926300
v -110.582672 44.492828 -148.369232
v -110.582672 44.492828 -148.369232
v -110.582672 44.492828 -148.369232
v -89.455521 42.179459 -146.187439
v -89.455521 42.179459 -146.187439
v -87.401978 42.179474 -147.872772
v -87.401978 42.179474 -147.872772
v -94.340637 42.179459 -144.163940
v -94.340637 42.179459 -144.163940
v -91.798439 42.179459 -144.935165
v -91.798439 42.179459 -144.935165
v -99.628227 42.179459 -144.163940
v -99.628227 42.179459 -144.163940
v -96.984421 42.179459 -143.903564
v -96.984421 42.179459 -143.903564
v -104.513321 42.179459 -146.187439
v -104.513321 42.179459 -146.187439
v -102.170425 42.179459 -144.935074
v -102.170425 42.179459 -144.935074
v -108.252197 42.179474 -149.926300
v -108.252197 42.179474 -149.926300
v -106.540901 42.179474 -147.901154
v -106.540901 42.179474 -147.901154
v -85.716660 42.179474 -149.926361
v -85.716660 42.179474 -149.926361
v -84.464363 42.179474 -152.269226
v -84.464363 42.179474 -152.269226
v -80.630028 44.492828 -157.455322
v -80.944283 44.492828 -160.645828
v -81.874954 44.492828 -163.713867
v -83.386261 44.492828 -166.541260
v -85.420158 44.492828 -169.019577
v -87.898422 44.492828 -171.053406
v -90.725883 44.492828 -172.564667
v -93.793839 44.492828 -173.495377
v -96.984436 44.492828 -173.809601
v -100.175011 44.492828 -173.495377
v -103.242958 44.492828 -172.564758
v -106.070450 44.492828 -171.053406
v -108.548737 44.492828 -169.019577
v -110.582603 44.492828 -166.541260
v -112.093918 44.492828 -163.713867
v -113.024612 44.492828 -160.645935
v -113.338844 44.492828 -157.455322
v -113.024612 44.492828 -154.264679
v -106.546028 4.148452 -147.893646
v -104.496925 4.148445 -146.211960
v -102.159134 4.148445 -144.962341
v -99.622475 4.148445 -144.192886
v -96.984421 4.148445 -143.933075
v -110.506577 4.148452 -157.455200
v -110.246765 4.148452 -160.093277
v -109.477280 4.148452 -162.629913
v -99.627701 5.355786 -170.743774
v -102.169388 5.355786 -169.972717
v -108.249908 5.355786 -149.927826
v -109.501976 5.355786 -152.270264
v -94.341171 5.355779 -144.166656
v -96.984421 5.355779 -143.906311
v -89.457054 5.355779 -146.189728
v -91.799500 5.355779 -144.937714
v -87.403923 5.355786 -147.874741
v -87.422829 4.148452 -147.893646
v -89.471909 4.148445 -146.211960
v -108.227676 4.148452 -149.942688
v -109.477280 4.148452 -152.280502
v -106.564934 5.355786 -147.874741
v -104.511787 5.355779 -146.189728
v -108.249954 5.355786 -164.982605
v -106.564957 5.355786 -167.035767
v -87.403923 5.355786 -167.035767
v -89.457092 5.355786 -168.720688
v -83.695908 5.355786 -160.098495
v -83.435562 5.355786 -157.455200
v -85.718956 5.355786 -164.982605
v -94.341194 5.355786 -170.743774
v -96.984444 5.355786 -171.004089
v -109.501976 5.355786 -162.640167
v -110.533318 5.355786 -157.455200
v -110.272995 5.355786 -154.811920
v -99.627693 5.355779 -144.166656
v -102.169373 5.355779 -144.937622
v -104.511810 5.355786 -168.720688
v -83.695908 5.355786 -154.811920
v -84.466919 5.355786 -152.270264
v -85.718956 5.355786 -149.927917
v -110.777260 5.355786 -154.711609
v -111.047470 5.355786 -157.455200
v -110.777260 5.355786 -160.198792
v -109.976990 5.355786 -162.836914
v -108.677444 5.355786 -165.268234
v -106.928513 5.355786 -167.399323
v -104.797447 5.355786 -169.148193
v -102.366142 5.355786 -170.447708
v -99.728012 5.355786 -171.248016
v -96.984444 5.355786 -171.518234
v -94.240891 5.355786 -171.248016
v -91.602768 5.355786 -170.447708
v -89.171448 5.355786 -169.148193
v -87.040367 5.355786 -167.399323
v -85.291458 5.355786 -165.268234
v -83.991913 5.355786 -162.836914
v -89.171410 4.148445 -145.762238
v -87.040367 4.148452 -147.511185
v -91.602745 4.148445 -144.462708
v -94.240868 4.148445 -143.662384
v -96.984421 4.148445 -143.392181
v -99.727997 4.148445 -143.662384
v -102.366119 4.148445 -144.462616
v -104.797432 4.148445 -145.762238
v -106.928497 4.148452 -147.511185
v -108.677406 4.148452 -149.642181
v -109.976990 4.148452 -152.073517
v -110.777260 4.148452 -154.711609
v -111.047470 4.148452 -157.455200
v -110.777260 4.148452 -160.198792
v -109.976990 4.148452 -162.836914
v -108.677444 4.148452 -165.268234
v -106.928513 4.148452 -167.399323
v -104.797447 4.148452 -169.148193
v -102.366142 4.148452 -170.447708
v -99.728012 4.148452 -171.248016
v -96.984444 4.148452 -171.518234
v -94.240891 4.148452 -171.248016
v -91.602768 4.148452 -170.447708
v -89.171448 4.148452 -169.148193
v -87.040367 4.148452 -167.399323
v -85.291458 4.148452 -165.268234
v -83.991913 4.148452 -162.836914
v -83.191643 4.148452 -160.198792
v -82.921410 4.148452 -157.455200
v -83.191643 4.148452 -154.711609
v -83.991913 4.148452 -152.073517
v -85.291458 4.148452 -149.642273
v -91.809731 4.148445 -144.962402
v -91.799515 5.355786 -169.972717
v -110.272995 5.355786 -160.098495
v -84.466919 5.355786 -162.640167
v -83.462296 4.148452 -157.455200
v -83.722130 4.148452 -160.093277
v -85.741188 4.148452 -149.942780
v -84.491623 4.148452 -152.280502
v -99.622498 4.148452 -170.717529
v -96.984444 4.148452 -170.977356
v -91.809746 4.148452 -169.947998
v -89.471954 4.148452 -168.698456
v -85.741188 4.148452 -164.967743
v -87.422829 4.148452 -167.016861
v -84.491623 4.148452 -162.629913
v -94.346413 4.148452 -170.717529
v -94.346390 4.148445 -144.192886
v -110.246765 4.148452 -154.817139
v -83.722130 4.148452 -154.817139
v -102.159157 4.148452 -169.947998
v -104.496948 4.148452 -168.698456
v -106.546051 4.148452 -167.016861
v -108.227715 4.148452 -164.967743
v -82.071854 57.169834 -157.313293
v -82.071854 57.169834 -157.313293
v -82.071854 54.151501 -157.313293
v -82.071854 54.151501 -157.313293
v -82.386108 57.169834 -160.503815
v -82.386108 57.169834 -160.503815
v -80.630028 57.169834 -157.455322
v -80.630028 57.169834 -157.455322
v -82.386108 54.151501 -160.503815
v -82.386108 54.151501 -160.503815
v -80.944283 57.169834 -160.645828
v -80.944283 57.169834 -160.645828
v -80.630028 54.151501 -157.455322
v -80.630028 54.151501 -157.455322
v -80.944283 54.151501 -160.645828
v -80.944283 54.151501 -160.645828
v -86.540054 57.169834 -146.810028
v -86.540054 57.169834 -146.810028
v -86.540054 54.151501 -146.810028
v -86.540054 54.151501 -146.810028
v -84.506187 57.169834 -149.288345
v -84.506187 57.169834 -149.288345
v -85.420113 57.169834 -145.890930
v -85.420113 57.169834 -145.890930
v -84.506187 54.151501 -149.288345
v -84.506187 54.151501 -149.288345
v -83.386238 57.169834 -148.369232
v -83.386238 57.169834 -148.369232
v -85.420113 54.151501 -145.890930
v -85.420113 54.151501 -145.890930
v -83.386238 54.151501 -148.369232
v -83.386238 54.151501 -148.369232
v -83.261368 57.169834 -151.617188
v -83.261368 57.169834 -151.617188
v -83.261368 54.151501 -151.617188
v -83.261368 54.151501 -151.617188
v -82.330704 57.169834 -154.685242
v -82.330704 57.169834 -154.685242
v -81.874954 57.169834 -151.196625
v -81.874954 57.169834 -151.196625
v -82.330704 54.151501 -154.685242
v -82.330704 54.151501 -154.685242
v -80.944283 57.169834 -154.264679
v -80.944283 57.169834 -154.264679
v -81.874954 54.151501 -151.196625
v -81.874954 54.151501 -151.196625
v -80.944283 54.151501 -154.264679
v -80.944283 54.151501 -154.264679
v -83.152672 57.169834 -163.030914
v -83.152672 57.169834 -163.030914
v -83.152672 54.151501 -163.030914
v -83.152672 54.151501 -163.030914
v -84.663986 57.169834 -165.858276
v -84.663986 57.169834 -165.858276
v -81.874954 57.169834 -163.713867
v -81.874954 57.169834 -163.713867
v -84.663986 54.151501 -165.858276
v -84.663986 54.151501 -165.858276
v -83.386261 57.169834 -166.541260
v -83.386261 57.169834 -166.541260
v -81.874954 54.151501 -163.713867
v -81.874954 54.151501 -163.713867
v -83.386261 54.151501 -166.541260
v -83.386261 54.151501 -166.541260
v -86.339256 57.169834 -167.899628
v -86.339256 57.169834 -167.899628
v -86.339256 54.151501 -167.899628
v -86.339256 54.151501 -167.899628
v -88.817520 57.169834 -169.933441
v -88.817520 57.169834 -169.933441
v -85.420158 57.169834 -169.019577
v -85.420158 57.169834 -169.019577
v -88.817520 54.151501 -169.933441
v -88.817520 54.151501 -169.933441
v -87.898422 57.169834 -171.053406
v -87.898422 57.169834 -171.053406
v -85.420158 54.151501 -169.019577
v -85.420158 54.151501 -169.019577
v -87.898422 54.151501 -171.053406
v -87.898422 54.151501 -171.053406
v -91.146477 57.169834 -171.178253
v -91.146477 57.169834 -171.178253
v -91.146477 54.151501 -171.178253
v -91.146477 54.151501 -171.178253
v -94.214432 57.169834 -172.108978
v -94.214432 57.169834 -172.108978
v -90.725883 57.169834 -172.564667
v -90.725883 57.169834 -172.564667
v -94.214432 54.151501 -172.108978
v -94.214432 54.151501 -172.108978
v -93.793839 57.169834 -173.495377
v -93.793839 57.169834 -173.495377
v -90.725883 54.151501 -172.564667
v -90.725883 54.151501 -172.564667
v -93.793839 54.151501 -173.495377
v -93.793839 54.151501 -173.495377
v -96.842438 57.169834 -172.367798
v -96.842438 57.169834 -172.367798
v -96.842438 54.151501 -172.367798
v -96.842438 54.151501 -172.367798
v -100.033012 57.169834 -172.053558
v -100.033012 57.169834 -172.053558
v -96.984436 57.169834 -173.809601
v -96.984436 57.169834 -173.809601
v -100.033012 54.151501 -172.053558
v -100.033012 54.151501 -172.053558
v -100.175011 57.169834 -173.495377
v -100.175011 57.169834 -173.495377
v -96.984436 54.151501 -173.809601
v -96.984436 54.151501 -173.809601
v -100.175011 54.151501 -173.495377
v -100.175011 54.151501 -173.495377
v -102.559982 57.169834 -171.287048
v -102.559982 57.169834 -171.287048
v -102.559982 54.151501 -171.287048
v -102.559982 54.151501 -171.287048
v -105.387474 57.169834 -169.775665
v -105.387474 57.169834 -169.775665
v -103.242958 57.169834 -172.564758
v -103.242958 57.169834 -172.564758
v -105.387474 54.151501 -169.775665
v -105.387474 54.151501 -169.775665
v -106.070450 57.169834 -171.053406
v -106.070450 57.169834 -171.053406
v -103.242958 54.151501 -172.564758
v -103.242958 54.151501 -172.564758
v -106.070450 54.151501 -171.053406
v -106.070450 54.151501 -171.053406
v -107.428787 57.169834 -168.100464
v -107.428787 57.169834 -168.100464
v -107.428787 54.151501 -168.100464
v -107.428787 54.151501 -168.100464
v -109.462654 57.169834 -165.622162
v -109.462654 57.169834 -165.622162
v -108.548737 57.169834 -169.019577
v -108.548737 57.169834 -169.019577
v -109.462654 54.151501 -165.622162
v -109.462654 54.151501 -165.622162
v -110.582603 57.169834 -166.541260
v -110.582603 57.169834 -166.541260
v -108.548737 54.151501 -169.019577
v -108.548737 54.151501 -169.019577
v -110.582603 54.151501 -166.541260
v -110.582603 54.151501 -166.541260
v -110.707512 57.169834 -163.293304
v -110.707512 57.169834 -163.293304
v -110.707512 54.151501 -163.293304
v -110.707512 54.151501 -163.293304
v -111.638199 57.169834 -160.225342
v -111.638199 57.169834 -160.225342
v -112.093918 57.169834 -163.713867
v -112.093918 57.169834 -163.713867
v -111.638199 54.151501 -160.225342
v -111.638199 54.151501 -160.225342
v -113.024612 57.169834 -160.645935
v -113.024612 57.169834 -160.645935
v -112.093918 54.151501 -163.713867
v -112.093918 54.151501 -163.713867
v -113.024612 54.151501 -160.645935
v -113.024612 54.151501 -160.645935
v -111.897018 57.169834 -157.597321
v -111.897018 57.169834 -157.597321
v -111.897018 54.151501 -157.597321
v -111.897018 54.151501 -157.597321
v -111.582787 57.169834 -154.406677
v -111.582787 57.169834 -154.406677
v -113.338844 57.169834 -157.455322
v -113.338844 57.169834 -157.455322
v -111.582787 54.151501 -154.406677
v -111.582787 54.151501 -154.406677
v -113.024612 57.169834 -154.264679
v -113.024612 57.169834 -154.264679
v -113.338844 54.151501 -157.455322
v -113.338844 54.151501 -157.455322
v -113.024612 54.151501 -154.264679
v -113.024612 54.151501 -154.264679
v -110.816231 57.169834 -151.879669
v -110.816231 57.169834 -151.879669
v -110.816231 54.151501 -151.879669
v -110.816231 54.151501 -151.879669
v -109.304939 57.169834 -149.052200
v -109.304939 57.169834 -149.052200
v -112.093964 57.169834 -151.196732
v -112.093964 57.169834 -151.196732
v -109.304939 54.151501 -149.052200
v -109.304939 54.151501 -149.052200
v -110.582672 57.169834 -148.369232
v -110.582672 57.169834 -148.369232
v -112.093964 54.151501 -151.196732
v -112.093964 54.151501 -151.196732
v -110.582672 54.151501 -148.369232
v -110.582672 54.151501 -148.369232
v -107.629745 57.169834 -147.010895
v -107.629745 57.169834 -147.010895
v -107.629745 54.151501 -147.010895
v -107.629745 54.151501 -147.010895
v -105.151436 57.169834 -144.977066
v -105.151436 57.169834 -144.977066
v -108.548836 57.169834 -145.890930
v -108.548836 57.169834 -145.890930
v -105.151436 54.151501 -144.977066
v -105.151436 54.151501 -144.977066
v -106.070526 57.169834 -143.857117
v -106.070526 57.169834 -143.857117
v -108.548836 54.151501 -145.890930
v -108.548836 54.151501 -145.890930
v -106.070526 54.151501 -143.857117
v -106.070526 54.151501 -143.857117
v -102.822495 57.169834 -143.732147
v -102.822495 57.169834 -143.732147
v -102.822495 54.151501 -143.732147
v -102.822495 54.151501 -143.732147
v -99.754547 57.169834 -142.801422
v -99.754547 57.169834 -142.801422
v -103.243088 57.169834 -142.345749
v -103.243088 57.169834 -142.345749
v -99.754547 54.151501 -142.801422
v -99.754547 54.151501 -142.801422
v -100.175140 57.169834 -141.415039
v -100.175140 57.169834 -141.415039
v -103.243088 54.151501 -142.345749
v -103.243088 54.151501 -142.345749
v -100.175140 54.151501 -141.415039
v -100.175140 54.151501 -141.415039
v -97.126564 57.169834 -142.542618
v -97.126564 57.169834 -142.542618
v -97.126564 54.151501 -142.542618
v -97.126564 54.151501 -142.542618
v -93.935959 57.169834 -142.856857
v -93.935959 57.169834 -142.856857
v -96.984558 57.169834 -141.100800
v -96.984558 57.169834 -141.100800
v -93.935959 54.151501 -142.856857
v -93.935959 54.151501 -142.856857
v -93.793961 57.169834 -141.415039
v -93.793961 57.169834 -141.415039
v -96.984558 54.151501 -141.100800
v -96.984558 54.151501 -141.100800
v -93.793961 54.151501 -141.415039
v -93.793961 54.151501 -141.415039
v -91.408951 57.169834 -143.623383
v -91.408951 57.169834 -143.623383
v -91.408951 54.151501 -143.623383
v -91.408951 54.151501 -143.623383
v -88.581490 57.169834 -145.134659
v -88.581490 57.169834 -145.134659
v -90.726013 57.169834 -142.345642
v -90.726013 57.169834 -142.345642
v -88.581490 54.151501 -145.134659
v -88.581490 54.151501 -145.134659
v -87.898544 57.169834 -143.856918
v -87.898544 57.169834 -143.856918
v -90.726013 54.151501 -142.345642
v -90.726013 54.151501 -142.345642
v -87.898544 54.151501 -143.856918
v -87.898544 54.151501 -143.856918
v 117.687149 34.313057 -102.323318
v 115.366974 34.313057 -106.341980
v 117.687149 34.313057 -97.682968
v 115.366959 34.313057 -93.664337
v 111.348320 34.313057 -91.344170
v 106.707993 34.313057 -91.344170
v 102.689331 34.313057 -93.664337
v 100.369156 34.313057 -97.682968
v 100.369156 34.313057 -102.323318
v 102.689331 34.313057 -106.341980
v 106.707993 34.313057 -108.662148
v 111.348320 34.313057 -108.662148
v 116.899963 34.313057 -102.112404
v 114.790726 34.313057 -105.765724
v 116.899963 34.313057 -97.893898
v 114.790703 34.313057 -94.240593
v 111.137398 34.313057 -92.131340
v 106.918915 34.313057 -92.131340
v 103.265587 34.313057 -94.240593
v 101.156342 34.313057 -97.893898
v 101.156342 34.313057 -102.112404
v 103.265587 34.313057 -105.765724
v 106.918915 34.313057 -107.874962
v 111.137398 34.313057 -107.874962
v 116.899963 19.221388 -102.112404
v 114.790726 19.221388 -105.765724
v 116.899963 19.221388 -97.893898
v 114.790703 19.221388 -94.240593
v 111.137398 19.221388 -92.131340
v 106.918915 19.221388 -92.131340
v 103.265587 19.221388 -94.240593
v 101.156342 19.221388 -97.893898
v 101.156342 19.221388 -102.112404
v 103.265587 19.221388 -105.765724
v 106.918915 19.221388 -107.874962
v 111.137398 19.221388 -107.874962
v 40.355179 19.221388 -166.294617
v 36.701855 19.221388 -168.403870
v 32.483372 19.221388 -168.403870
v 28.830044 19.221388 -166.294617
v 26.720798 19.221388 -162.641327
v 26.720798 19.221388 -158.422821
v 28.830044 19.221388 -154.769501
v 32.483372 19.221388 -152.660248
v 36.701855 19.221388 -152.660248
v 40.355160 19.221388 -154.769501
v 42.464420 19.221388 -158.422821
v 42.464420 19.221388 -162.641327
v 40.355179 34.313057 -166.294617
v 36.701855 34.313057 -168.403870
v 32.483372 34.313057 -168.403870
v 28.830044 34.313057 -166.294617
v 26.720798 34.313057 -162.641327
v 26.720798 34.313057 -158.422821
v 28.830044 34.313057 -154.769501
v 32.483372 34.313057 -152.660248
v 36.701855 34.313057 -152.660248
v 40.355160 34.313057 -154.769501
v 42.464420 34.313057 -158.422821
v 42.464420 34.313057 -162.641327
v 40.931435 34.313057 -166.870880
v 36.912777 34.313057 -169.191040
v 32.272449 34.313057 -169.191040
v 28.253790 34.313057 -166.870880
v 25.933613 34.313057 -162.852219
v 25.933613 34.313057 -158.211884
v 28.253790 34.313057 -154.193253
v 32.272449 34.313057 -151.873077
v 36.912777 34.313057 -151.873077
v 40.931412 34.313057 -154.193253
v 43.251602 34.313057 -158.211884
v 43.251602 34.313057 -162.852219
v -18.249857 34.313057 -162.852219
v -20.570024 34.313057 -166.870880
v -18.249857 34.313057 -158.211884
v -20.570047 34.313057 -154.193253
v -24.588684 34.313057 -151.873077
v -29.229010 34.313057 -151.873077
v -33.247665 34.313057 -154.193253
v -35.567844 34.313057 -158.211884
v -35.567844 34.313057 -162.852219
v -33.247665 34.313057 -166.870880
v -29.229010 34.313057 -169.191040
v -24.588684 34.313057 -169.191040
v -19.037041 34.313057 -162.641327
v -21.146280 34.313057 -166.294617
v -19.037041 34.313057 -158.422821
v -21.146301 34.313057 -154.769501
v -24.799606 34.313057 -152.660248
v -29.018087 34.313057 -152.660248
v -32.671413 34.313057 -154.769501
v -34.780659 34.313057 -158.422821
v -34.780659 34.313057 -162.641327
v -32.671413 34.313057 -166.294617
v -29.018087 34.313057 -168.403870
v -24.799606 34.313057 -168.403870
v -19.037041 19.221388 -162.641327
v -21.146280 19.221388 -166.294617
v -19.037041 19.221388 -158.422821
v -21.146301 19.221388 -154.769501
v -24.799606 19.221388 -152.660248
v -29.018087 19.221388 -152.660248
v -32.671413 19.221388 -154.769501
v -34.780659 19.221388 -158.422821
v -34.780659 19.221388 -162.641327
v -32.671413 19.221388 -166.294617
v -29.018087 19.221388 -168.403870
v -24.799606 19.221388 -168.403870
v -95.592270 19.221388 -105.751266
v -99.245598 19.221388 -107.860504
v -103.464081 19.221388 -107.860504
v -107.117409 19.221388 -105.751266
v -109.226654 19.221388 -102.097961
v -109.226654 19.221388 -97.879456
v -107.117409 19.221388 -94.226151
v -103.464081 19.221388 -92.116882
v -99.245598 19.221388 -92.116882
v -95.592293 19.221388 -94.226151
v -93.483032 19.221388 -97.879456
v -93.483032 19.221388 -102.097961
v -95.592270 34.313057 -105.751266
v -99.245598 34.313057 -107.860504
v -103.464081 34.313057 -107.860504
v -107.117409 34.313057 -105.751266
v -109.226654 34.313057 -102.097961
v -109.226654 34.313057 -97.879456
v -107.117409 34.313057 -94.226151
v -103.464081 34.313057 -92.116882
v -99.245598 34.313057 -92.116882
v -95.592293 34.313057 -94.226151
v -93.483032 34.313057 -97.879456
v -93.483032 34.313057 -102.097961
v -95.016022 34.313057 -106.327515
v -99.034676 34.313057 -108.647690
v -103.675011 34.313057 -108.647690
v -107.693665 34.313057 -106.327515
v -110.013832 34.313057 -102.308861
v -110.013832 34.313057 -97.668526
v -107.693665 34.313057 -93.649895
v -103.675011 34.313057 -91.329727
v -99.034676 34.313057 -91.329727
v -95.016045 34.313057 -93.649895
v -92.695854 34.313057 -97.668526
v -92.695854 34.313057 -102.308861
v -92.695854 34.313057 -41.942169
v -95.016022 34.313057 -45.960831
v -92.695854 34.313057 -37.301834
v -95.016045 34.313057 -33.283203
v -99.034676 34.313057 -30.963036
v -103.675011 34.313057 -30.963036
v -107.693665 34.313057 -33.283203
v -110.013832 34.313057 -37.301834
v -110.013832 34.313057 -41.942169
v -107.693665 34.313057 -45.960831
v -103.675011 34.313057 -48.280998
v -99.034676 34.313057 -48.280998
v -93.483032 34.313057 -41.731270
v -95.592270 34.313057 -45.384575
v -93.483032 34.313057 -37.512764
v -95.592293 34.313057 -33.859459
v -99.245598 34.313057 -31.750191
v -103.464081 34.313057 -31.750191
v -107.117409 34.313057 -33.859459
v -109.226654 34.313057 -37.512764
v -109.226654 34.313057 -41.731270
v -107.117409 34.313057 -45.384575
v -103.464081 34.313057 -47.493813
v -99.245598 34.313057 -47.493813
v -93.483032 19.221388 -41.731270
v -95.592270 19.221388 -45.384575
v -93.483032 19.221388 -37.512764
v -95.592293 19.221388 -33.859459
v -99.245598 19.221388 -31.750191
v -103.464081 19.221388 -31.750191
v -107.117409 19.221388 -33.859459
v -109.226654 19.221388 -37.512764
v -109.226654 19.221388 -41.731270
v -107.117409 19.221388 -45.384575
v -103.464081 19.221388 -47.493813
v -99.245598 19.221388 -47.493813
v -23.587038 36.645157 48.814926
v 31.156559 73.166763 31.258011
v -23.613186 73.166763 31.258011
v 10.768565 -37.857464 46.618034
v 10.768565 -37.857464 46.618034
v 10.768565 -35.153034 37.442299
v 10.768565 -35.153034 37.442299
v 10.768565 -35.693916 39.277451
v 10.768565 -35.693916 39.277451
v 10.768561 -35.964363 41.112595
v 10.768561 -35.964363 41.112595
v 10.768567 -34.882629 36.524727
v 8.147106 -34.883598 27.831924
v 95.081245 44.434494 20.829285
vt 0.040605 0.260855
vt 0.056221 0.260855
vt 0.056639 0.334021
vt 0.040605 0.330309
vt 0.020191 0.327538
vt 0.021230 0.258874
vt 0.035886 0.259012
vt 0.035272 0.324196
vt 0.056639 0.351158
vt 0.040605 0.341034
vt 0.020040 0.343621
vt 0.035177 0.334260
vt 0.848427 0.714932
vt 0.848427 0.640900
vt 0.884723 0.654674
vt 0.915012 0.714932
vt 0.945300 0.654674
vt 0.981596 0.640900
vt 0.981596 0.714932
vt 0.040607 0.429233
vt 0.056750 0.429232
vt 0.034397 0.417029
vt 0.019249 0.416886
vt 0.850774 0.771898
vt 0.915012 0.771898
vt 0.979249 0.771898
vt 0.040609 0.489360
vt 0.056753 0.489359
vt 0.033867 0.473449
vt 0.018720 0.473307
vt 0.865612 0.846459
vt 0.852660 0.810470
vt 0.915012 0.810470
vt 0.915012 0.846459
vt 0.977364 0.810470
vt 0.964411 0.846459
vt 0.032422 0.698601
vt 0.032172 0.736412
vt 0.017039 0.736311
vt 0.017290 0.698500
vt 0.018508 0.518476
vt 0.033644 0.518581
vt 0.033382 0.556400
vt 0.018247 0.556296
vt 0.881271 0.870252
vt 0.915012 0.870252
vt 0.948752 0.870252
vt 0.032609 0.670444
vt 0.017477 0.670344
vt 0.033188 0.584560
vt 0.018054 0.584457
vt 0.834664 0.555272
vt 0.848427 0.555272
vt 0.848427 0.621130
vt 0.834664 0.607779
vt 0.981596 0.621130
vt 0.981596 0.555272
vt 0.995359 0.555272
vt 0.995359 0.607779
vt 0.834664 0.524712
vt 0.848427 0.524712
vt 0.981596 0.524712
vt 0.995359 0.524712
vt 0.848427 0.631299
vt 0.834664 0.620086
vt 0.981596 0.631299
vt 0.995359 0.620086
vt 0.848427 0.714932
vt 0.834664 0.714932
vt 0.981596 0.714932
vt 0.995359 0.714932
vt 0.850774 0.771898
vt 0.834664 0.771898
vt 0.979249 0.771898
vt 0.995359 0.771898
vt 0.834664 0.810470
vt 0.852660 0.810470
vt 0.865612 0.846459
vt 0.834664 0.846459
vt 0.964411 0.846459
vt 0.977364 0.810470
vt 0.995359 0.810470
vt 0.995359 0.846459
vt 0.881271 0.870252
vt 0.834664 0.870252
vt 0.948752 0.870252
vt 0.995359 0.870252
vt 0.848427 0.624650
vt 0.848427 0.555272
vt 0.862101 0.555272
vt 0.967922 0.555272
vt 0.981596 0.555272
vt 0.981596 0.624650
vt 0.890274 0.621453
vt 0.939749 0.621453
vt 0.896174 0.917227
vt 0.901251 0.889293
vt 0.915012 0.897139
vt 0.915012 0.917227
vt 0.928773 0.889293
vt 0.933849 0.917227
vt 0.915012 0.897139
vt 0.901251 0.889293
vt 0.928773 0.889293
vt 0.896174 0.968503
vt 0.915012 0.968503
vt 0.933849 0.968503
vt 0.032791 0.643162
vt 0.017659 0.643061
vt 0.017646 0.627401
vt 0.032896 0.627504
vt 0.017646 0.627401
vt 0.017869 0.611742
vt 0.033002 0.611845
vt 0.032896 0.627504
vt 0.877040 0.907834
vt 0.952984 0.907834
vt 0.866964 0.968503
vt 0.963059 0.968503
vt 0.858908 0.917713
vt 0.834639 0.912414
vt 0.995384 0.912414
vt 0.971115 0.917713
vt 0.849724 0.968503
vt 0.980299 0.968503
vt 0.834605 0.968503
vt 0.995418 0.968503
vt 0.896174 0.995851
vt 0.915012 0.995851
vt 0.933849 0.995851
vt 0.849724 0.995851
vt 0.866964 0.995851
vt 0.980299 0.995851
vt 0.963059 0.995851
vt 0.834605 0.995851
vt 0.995418 0.995851
vt 0.238442 0.436413
vt 0.237979 0.433617
vt 0.252531 0.431227
vt 0.253007 0.434238
vt 0.224132 0.439152
vt 0.223468 0.436350
vt 0.209458 0.442504
vt 0.208718 0.439441
vt 0.194327 0.445636
vt 0.193640 0.442487
vt 0.179074 0.448456
vt 0.178323 0.445401
vt 0.163548 0.452142
vt 0.162674 0.448430
vt 0.614221 0.427655
vt 0.614689 0.424346
vt 0.630784 0.425742
vt 0.630704 0.429587
vt 0.598533 0.425855
vt 0.598957 0.422713
vt 0.583120 0.424115
vt 0.583499 0.421057
vt 0.567899 0.422476
vt 0.568251 0.419471
vt 0.552858 0.420967
vt 0.553177 0.418000
vt 0.537975 0.419599
vt 0.538264 0.416666
vt 0.523241 0.418395
vt 0.523494 0.415490
vt 0.508641 0.417362
vt 0.508859 0.414483
vt 0.494163 0.416518
vt 0.494347 0.413662
vt 0.479807 0.415872
vt 0.479946 0.413037
vt 0.465556 0.415433
vt 0.465648 0.412616
vt 0.451392 0.415213
vt 0.451444 0.412413
vt 0.437318 0.415225
vt 0.437321 0.412440
vt 0.423319 0.415475
vt 0.423262 0.412705
vt 0.409379 0.415984
vt 0.409237 0.413231
vt 0.395449 0.416796
vt 0.395178 0.414051
vt 0.381238 0.418185
vt 0.380962 0.415213
vt 0.366793 0.419327
vt 0.366633 0.416344
vt 0.352556 0.420198
vt 0.352400 0.417442
vt 0.338670 0.421612
vt 0.338313 0.418879
vt 0.324543 0.423641
vt 0.324129 0.420685
vt 0.310129 0.425454
vt 0.309813 0.422477
vt 0.295856 0.426989
vt 0.281450 0.430422
vt 0.296806 0.430422
vt 0.281888 0.429070
vt 0.281378 0.426327
vt 0.295543 0.424233
vt 0.267633 0.431764
vt 0.267060 0.428787
vt 0.239462 0.442589
vt 0.238442 0.436413
vt 0.253007 0.434238
vt 0.254028 0.440785
vt 0.225579 0.445339
vt 0.224132 0.439152
vt 0.211042 0.449166
vt 0.209458 0.442504
vt 0.195753 0.452469
vt 0.194327 0.445636
vt 0.180639 0.455095
vt 0.179074 0.448456
vt 0.165919 0.459196
vt 0.163548 0.452142
vt 0.613217 0.434809
vt 0.614221 0.427655
vt 0.630704 0.429587
vt 0.629486 0.437301
vt 0.597643 0.432714
vt 0.598533 0.425855
vt 0.582304 0.430823
vt 0.583120 0.424115
vt 0.567148 0.429083
vt 0.567899 0.422476
vt 0.552172 0.427490
vt 0.552858 0.420967
vt 0.537360 0.426053
vt 0.537975 0.419599
vt 0.522700 0.424783
vt 0.523241 0.418395
vt 0.508181 0.423694
vt 0.508641 0.417362
vt 0.493788 0.422795
vt 0.494163 0.416518
vt 0.479522 0.422100
vt 0.479807 0.415872
vt 0.465365 0.421619
vt 0.465556 0.415433
vt 0.451301 0.421362
vt 0.451392 0.415213
vt 0.437334 0.421336
vt 0.437318 0.415225
vt 0.423459 0.421555
vt 0.423319 0.415475
vt 0.409679 0.422029
vt 0.409379 0.415984
vt 0.396012 0.422833
vt 0.395449 0.416796
vt 0.381838 0.424625
vt 0.381238 0.418185
vt 0.367167 0.425782
vt 0.366793 0.419327
vt 0.352945 0.426249
vt 0.352556 0.420198
vt 0.339465 0.427615
vt 0.338670 0.421612
vt 0.325444 0.430048
vt 0.324543 0.423641
vt 0.310828 0.431904
vt 0.310129 0.425454
vt 0.296559 0.433049
vt 0.295856 0.426989
vt 0.283003 0.435113
vt 0.281888 0.429070
vt 0.268872 0.438232
vt 0.267633 0.431764
vt 0.239846 0.445147
vt 0.239462 0.442589
vt 0.254028 0.440785
vt 0.253054 0.442519
vt 0.226264 0.447897
vt 0.225579 0.445339
vt 0.212818 0.450740
vt 0.211042 0.449166
vt 0.181319 0.457874
vt 0.180639 0.455095
vt 0.195753 0.452469
vt 0.194756 0.454310
vt 0.167699 0.462015
vt 0.165919 0.459196
vt 0.612724 0.437942
vt 0.613217 0.434809
vt 0.629486 0.437301
vt 0.628310 0.440668
vt 0.597231 0.435695
vt 0.597643 0.432714
vt 0.581921 0.433717
vt 0.582304 0.430823
vt 0.566798 0.431924
vt 0.567148 0.429083
vt 0.551852 0.430291
vt 0.552172 0.427490
vt 0.537070 0.428822
vt 0.537360 0.426053
vt 0.522444 0.427524
vt 0.522700 0.424783
vt 0.507960 0.426409
vt 0.508181 0.423694
vt 0.493609 0.425487
vt 0.493788 0.422795
vt 0.479377 0.424771
vt 0.479522 0.422100
vt 0.465257 0.424271
vt 0.465365 0.421619
vt 0.451240 0.423997
vt 0.451301 0.421362
vt 0.437322 0.423958
vt 0.437334 0.421336
vt 0.423504 0.424166
vt 0.423459 0.421555
vt 0.409807 0.424625
vt 0.409679 0.422029
vt 0.396297 0.425323
vt 0.396012 0.422833
vt 0.383199 0.426039
vt 0.381838 0.424625
vt 0.353041 0.428773
vt 0.352945 0.426249
vt 0.367167 0.425782
vt 0.366017 0.427577
vt 0.339842 0.430103
vt 0.339465 0.427615
vt 0.326891 0.431503
vt 0.325444 0.430048
vt 0.296799 0.435569
vt 0.296559 0.433049
vt 0.310828 0.431904
vt 0.309767 0.433651
vt 0.283532 0.437616
vt 0.283003 0.435113
vt 0.270447 0.439754
vt 0.268872 0.438232
vt 0.251208 0.533869
vt 0.251208 0.442987
vt 0.264038 0.442987
vt 0.264038 0.533869
vt 0.238190 0.533869
vt 0.238190 0.442987
vt 0.224971 0.533869
vt 0.224971 0.442987
vt 0.196121 0.533869
vt 0.196121 0.442987
vt 0.209087 0.442987
vt 0.209087 0.533869
vt 0.183146 0.533869
vt 0.183146 0.442987
vt 0.602073 0.533869
vt 0.602073 0.442987
vt 0.617338 0.442987
vt 0.617338 0.533869
vt 0.587052 0.533869
vt 0.587052 0.442987
vt 0.572300 0.533869
vt 0.572300 0.442987
vt 0.557806 0.533869
vt 0.557806 0.442987
vt 0.543543 0.533869
vt 0.543543 0.442987
vt 0.529492 0.533869
vt 0.529492 0.442987
vt 0.515636 0.533869
vt 0.515636 0.442987
vt 0.501957 0.533869
vt 0.501957 0.442987
vt 0.488435 0.533869
vt 0.488435 0.442987
vt 0.475047 0.533869
vt 0.475047 0.442987
vt 0.461781 0.533869
vt 0.461781 0.442987
vt 0.448634 0.533869
vt 0.448634 0.442987
vt 0.435600 0.533869
vt 0.435600 0.442987
vt 0.422680 0.533869
vt 0.422680 0.442987
vt 0.409876 0.533869
vt 0.409876 0.442987
vt 0.397106 0.533869
vt 0.397106 0.442987
vt 0.384300 0.533869
vt 0.384300 0.442987
vt 0.356893 0.533869
vt 0.356893 0.442987
vt 0.369468 0.442987
vt 0.369468 0.533869
vt 0.344284 0.533869
vt 0.344284 0.442987
vt 0.331710 0.533869
vt 0.331710 0.442987
vt 0.304388 0.533869
vt 0.304388 0.442987
vt 0.316959 0.442987
vt 0.316959 0.533869
vt 0.291733 0.533869
vt 0.291733 0.442987
vt 0.279031 0.533869
vt 0.279031 0.442987
vt 0.220089 0.166345
vt 0.235474 0.166345
vt 0.235474 0.430422
vt 0.220089 0.430422
vt 0.204742 0.166345
vt 0.204742 0.430422
vt 0.189286 0.166345
vt 0.189286 0.430422
vt 0.173674 0.166345
vt 0.173674 0.430422
vt 0.157948 0.166345
vt 0.157948 0.430422
vt 0.142056 0.166345
vt 0.142056 0.430422
vt 0.621736 0.166345
vt 0.637852 0.166345
vt 0.637852 0.430422
vt 0.621736 0.430422
vt 0.605802 0.166345
vt 0.605802 0.430422
vt 0.590004 0.166345
vt 0.590004 0.430422
vt 0.574308 0.166345
vt 0.574308 0.430422
vt 0.558694 0.166345
vt 0.558694 0.430422
vt 0.543152 0.166345
vt 0.543152 0.430422
vt 0.527673 0.166345
vt 0.527673 0.430422
vt 0.512248 0.166345
vt 0.512248 0.430422
vt 0.496868 0.166345
vt 0.496868 0.430422
vt 0.481525 0.166345
vt 0.481525 0.430422
vt 0.466210 0.166345
vt 0.466210 0.430422
vt 0.450916 0.166345
vt 0.450916 0.430422
vt 0.435630 0.166345
vt 0.435630 0.430422
vt 0.420342 0.166345
vt 0.420342 0.430422
vt 0.405031 0.166345
vt 0.405031 0.430422
vt 0.389660 0.166345
vt 0.389660 0.430422
vt 0.374161 0.166345
vt 0.374161 0.430422
vt 0.358552 0.166345
vt 0.358552 0.430422
vt 0.343024 0.166345
vt 0.343024 0.430422
vt 0.327624 0.166345
vt 0.327624 0.430422
vt 0.312226 0.166345
vt 0.312226 0.430422
vt 0.296806 0.166345
vt 0.296806 0.430422
vt 0.281450 0.166345
vt 0.281450 0.430422
vt 0.266182 0.166345
vt 0.266182 0.430422
vt 0.250869 0.166345
vt 0.250869 0.430422
vt 0.385501 0.531636
vt 0.385400 0.517804
vt 0.397916 0.517215
vt 0.398056 0.532066
vt 0.361665 0.532875
vt 0.360746 0.519761
vt 0.372918 0.518642
vt 0.373865 0.532000
vt 0.338049 0.535451
vt 0.336530 0.522309
vt 0.348727 0.520970
vt 0.350241 0.534018
vt 0.314312 0.539384
vt 0.311976 0.526362
vt 0.324150 0.524169
vt 0.326540 0.537255
vt 0.290494 0.544498
vt 0.287615 0.531154
vt 0.299934 0.528678
vt 0.302816 0.541776
vt 0.278821 0.547556
vt 0.266349 0.551050
vt 0.262571 0.537488
vt 0.275021 0.534193
vt 0.241573 0.559437
vt 0.237124 0.543811
vt 0.250115 0.540689
vt 0.254466 0.554774
vt 0.299983 0.579542
vt 0.289106 0.582940
vt 0.278821 0.547556
vt 0.290494 0.544498
vt 0.302816 0.541776
vt 0.310851 0.576611
vt 0.314312 0.539384
vt 0.321673 0.574117
vt 0.326540 0.537255
vt 0.332531 0.572012
vt 0.338049 0.535451
vt 0.343369 0.570182
vt 0.350241 0.534018
vt 0.354150 0.568603
vt 0.361665 0.532875
vt 0.364851 0.567438
vt 0.373865 0.532000
vt 0.375566 0.566701
vt 0.385501 0.531636
vt 0.386257 0.566431
vt 0.398056 0.532066
vt 0.396975 0.566664
vt 0.409607 0.534012
vt 0.407645 0.567379
vt 0.420977 0.535185
vt 0.418318 0.568381
vt 0.432452 0.536239
vt 0.429067 0.569547
vt 0.444047 0.537421
vt 0.439807 0.570858
vt 0.455749 0.538848
vt 0.450532 0.572481
vt 0.467549 0.540580
vt 0.461286 0.574487
vt 0.479505 0.542550
vt 0.472095 0.576901
vt 0.491626 0.544958
vt 0.482996 0.579788
vt 0.503908 0.547708
vt 0.494027 0.583158
vt 0.516392 0.550810
vt 0.505255 0.587018
vt 0.529107 0.554264
vt 0.516820 0.591260
vt 0.542139 0.557973
vt 0.528576 0.595943
vt 0.555520 0.562146
vt 0.540574 0.601281
vt 0.569299 0.566686
vt 0.552941 0.607355
vt 0.583695 0.571518
vt 0.565858 0.614133
vt 0.599098 0.576787
vt 0.579744 0.621328
vt 0.219640 0.612542
vt 0.205126 0.574586
vt 0.217777 0.570153
vt 0.232079 0.607150
vt 0.244042 0.601640
vt 0.229829 0.565298
vt 0.241573 0.559437
vt 0.255708 0.596274
vt 0.254466 0.554774
vt 0.267043 0.591293
vt 0.266349 0.551050
vt 0.278134 0.586845
vt 0.254985 0.546049
vt 0.250115 0.540689
vt 0.262571 0.537488
vt 0.261191 0.544383
vt 0.376366 0.524365
vt 0.372918 0.518642
vt 0.385400 0.517804
vt 0.382483 0.524042
vt 0.352345 0.526477
vt 0.348727 0.520970
vt 0.360746 0.519761
vt 0.358294 0.525806
vt 0.328214 0.529530
vt 0.324150 0.524169
vt 0.336530 0.522309
vt 0.334282 0.528525
vt 0.304171 0.533913
vt 0.299934 0.528678
vt 0.311976 0.526362
vt 0.310135 0.532648
vt 0.279760 0.539372
vt 0.275021 0.534193
vt 0.287615 0.531154
vt 0.285916 0.537754
vt 0.382483 0.524042
vt 0.385501 0.531636
vt 0.373865 0.532000
vt 0.376366 0.524365
vt 0.358294 0.525806
vt 0.361665 0.532875
vt 0.350241 0.534018
vt 0.352345 0.526477
vt 0.334282 0.528525
vt 0.338049 0.535451
vt 0.326540 0.537255
vt 0.328214 0.529530
vt 0.310135 0.532648
vt 0.314312 0.539384
vt 0.302816 0.541776
vt 0.304171 0.533913
vt 0.279760 0.539372
vt 0.285916 0.537754
vt 0.290494 0.544498
vt 0.278821 0.547556
vt 0.261191 0.544383
vt 0.266349 0.551050
vt 0.254466 0.554774
vt 0.254985 0.546049
vt 0.279760 0.539372
vt 0.278821 0.547556
vt 0.275021 0.534193
vt 0.290494 0.544498
vt 0.285916 0.537754
vt 0.287615 0.531154
vt 0.266349 0.551050
vt 0.261191 0.544383
vt 0.262571 0.537488
vt 0.254985 0.546049
vt 0.254466 0.554774
vt 0.250115 0.540689
vt 0.225485 0.555163
vt 0.223419 0.545218
vt 0.237124 0.543811
vt 0.234686 0.552230
vt 0.234686 0.552230
vt 0.241573 0.559437
vt 0.229829 0.565298
vt 0.225485 0.555163
vt 0.214112 0.558972
vt 0.210922 0.548705
vt 0.202494 0.562757
vt 0.198592 0.552751
vt 0.587897 0.557339
vt 0.591422 0.544302
vt 0.606366 0.547922
vt 0.602531 0.561335
vt 0.573434 0.553252
vt 0.576874 0.540632
vt 0.559378 0.549216
vt 0.562678 0.537018
vt 0.545751 0.545434
vt 0.548815 0.533579
vt 0.532407 0.542027
vt 0.535235 0.530388
vt 0.519324 0.538826
vt 0.521913 0.527440
vt 0.506508 0.535949
vt 0.508828 0.524771
vt 0.493911 0.533393
vt 0.495953 0.522397
vt 0.481519 0.531159
vt 0.483261 0.520330
vt 0.469247 0.529328
vt 0.470717 0.518589
vt 0.457095 0.527732
vt 0.458306 0.517146
vt 0.445100 0.526458
vt 0.446028 0.516030
vt 0.433268 0.525486
vt 0.433877 0.515279
vt 0.421700 0.524793
vt 0.421856 0.514987
vt 0.410794 0.524337
vt 0.409944 0.515400
vt 0.402164 0.524038
vt 0.397916 0.517215
vt 0.217777 0.570153
vt 0.214112 0.558972
vt 0.205126 0.574586
vt 0.202494 0.562757
vt 0.602531 0.561335
vt 0.599098 0.576787
vt 0.583695 0.571518
vt 0.587897 0.557339
vt 0.569299 0.566686
vt 0.573434 0.553252
vt 0.555520 0.562146
vt 0.559378 0.549216
vt 0.542139 0.557973
vt 0.545751 0.545434
vt 0.529107 0.554264
vt 0.532407 0.542027
vt 0.516392 0.550810
vt 0.519324 0.538826
vt 0.503908 0.547708
vt 0.506508 0.535949
vt 0.491626 0.544958
vt 0.493911 0.533393
vt 0.479505 0.542550
vt 0.481519 0.531159
vt 0.467549 0.540580
vt 0.469247 0.529328
vt 0.455749 0.538848
vt 0.457095 0.527732
vt 0.444047 0.537421
vt 0.445100 0.526458
vt 0.432452 0.536239
vt 0.433268 0.525486
vt 0.328214 0.529530
vt 0.326540 0.537255
vt 0.324150 0.524169
vt 0.338049 0.535451
vt 0.334282 0.528525
vt 0.336530 0.522309
vt 0.352345 0.526477
vt 0.350241 0.534018
vt 0.348727 0.520970
vt 0.361665 0.532875
vt 0.358294 0.525806
vt 0.360746 0.519761
vt 0.376366 0.524365
vt 0.373865 0.532000
vt 0.372918 0.518642
vt 0.385501 0.531636
vt 0.382483 0.524042
vt 0.385400 0.517804
vt 0.402164 0.524038
vt 0.398056 0.532066
vt 0.397916 0.517215
vt 0.304171 0.533913
vt 0.302816 0.541776
vt 0.299934 0.528678
vt 0.314312 0.539384
vt 0.310135 0.532648
vt 0.311976 0.526362
vt 0.410794 0.524337
vt 0.409607 0.534012
vt 0.398056 0.532066
vt 0.402164 0.524038
vt 0.421700 0.524793
vt 0.420977 0.535185
vt 0.834639 0.912414
vt 0.881271 0.870252
vt 0.834664 0.870252
vt 0.995359 0.870252
vt 0.948752 0.870252
vt 0.995384 0.912414
vt 0.834605 0.995851
vt 0.849724 0.995851
vt 0.849724 0.968503
vt 0.834605 0.968503
vt 0.980299 0.968503
vt 0.980299 0.995851
vt 0.995418 0.995851
vt 0.995418 0.968503
vt 0.866964 0.995851
vt 0.866964 0.968503
vt 0.963059 0.968503
vt 0.963059 0.995851
vt 0.896174 0.995851
vt 0.915012 0.995851
vt 0.915012 0.968503
vt 0.896174 0.968503
vt 0.933849 0.995851
vt 0.933849 0.968503
vt 0.858908 0.917713
vt 0.971115 0.917713
vt 0.877040 0.907834
vt 0.952984 0.907834
vt 0.896174 0.917227
vt 0.933849 0.917227
vt 0.901251 0.889293
vt 0.928773 0.889293
vt 0.915012 0.917227
vt 0.915012 0.897139
vt 0.834664 0.846459
vt 0.865612 0.846459
vt 0.995359 0.846459
vt 0.964411 0.846459
vt 0.834664 0.810470
vt 0.852660 0.810470
vt 0.995359 0.810470
vt 0.977364 0.810470
vt 0.834664 0.714932
vt 0.834664 0.772184
vt 0.850774 0.771898
vt 0.848427 0.714932
vt 0.979249 0.771898
vt 0.995359 0.772184
vt 0.995359 0.714932
vt 0.981596 0.714932
vt 0.834664 0.627432
vt 0.848427 0.640900
vt 0.995359 0.627432
vt 0.981596 0.640900
vt 0.834664 0.607779
vt 0.848427 0.624650
vt 0.995359 0.607779
vt 0.981596 0.624650
vt 0.834664 0.555272
vt 0.848427 0.555272
vt 0.995359 0.555272
vt 0.981596 0.555272
vt 0.499496 0.091134
vt 0.484454 0.091134
vt 0.484454 0.078828
vt 0.499496 0.078828
vt 0.514539 0.078828
vt 0.514539 0.091134
vt 0.773289 0.620659
vt 0.773298 0.620686
vt 0.773273 0.621352
vt 0.773273 0.621352
vt 0.773273 0.621352
vt 0.773298 0.620686
vt 0.773289 0.620659
vt 0.773273 0.621352
vt 0.461129 0.091134
vt 0.447362 0.091134
vt 0.447362 0.078828
vt 0.461129 0.078828
vt 0.551631 0.078828
vt 0.551631 0.091134
vt 0.537864 0.091134
vt 0.537864 0.078828
vt 0.435289 0.090891
vt 0.435289 0.078828
vt 0.563703 0.078828
vt 0.563703 0.090891
vt 0.773282 0.620800
vt 0.773400 0.620736
vt 0.773236 0.620796
vt 0.773236 0.620796
vt 0.773236 0.620796
vt 0.773400 0.620736
vt 0.773282 0.620800
vt 0.773236 0.620796
vt 0.461129 0.091134
vt 0.461129 0.078828
vt 0.484454 0.078828
vt 0.484454 0.091134
vt 0.514539 0.078828
vt 0.537864 0.078828
vt 0.537864 0.091134
vt 0.514539 0.091134
vt 0.939404 0.550891
vt 0.939404 0.555373
vt 0.967922 0.555272
vt 0.967922 0.550891
vt 0.795899 0.255788
vt 0.796880 0.256509
vt 0.801767 0.249877
vt 0.796981 0.250794
vt 0.801767 0.249877
vt 0.796880 0.256509
vt 0.795899 0.255788
vt 0.796981 0.250794
vt 0.056221 0.256235
vt 0.021271 0.254538
vt 0.834664 0.550891
vt 0.848427 0.550891
vt 0.995359 0.550891
vt 0.981596 0.550891
vt 0.848427 0.550891
vt 0.862101 0.550891
vt 0.967922 0.550891
vt 0.981596 0.550891
vt 0.848427 0.550891
vt 0.848427 0.524712
vt 0.862101 0.524712
vt 0.862101 0.550891
vt 0.967922 0.524712
vt 0.981596 0.524712
vt 0.981596 0.550891
vt 0.967922 0.550891
vt 0.791570 0.256795
vt 0.787711 0.253774
vt 0.783686 0.255282
vt 0.790814 0.257962
vt 0.783686 0.255282
vt 0.787711 0.253774
vt 0.791570 0.256795
vt 0.790814 0.257962
vt 0.056222 0.228626
vt 0.040606 0.228626
vt 0.021515 0.228626
vt 0.036171 0.228764
vt 0.890445 0.598668
vt 0.939578 0.598668
vt 0.890619 0.555373
vt 0.939404 0.555373
vt 0.041754 0.635503
vt 0.020173 0.635586
vt 0.019954 0.608873
vt 0.041824 0.608794
vt 0.019952 0.391134
vt 0.020172 0.364419
vt 0.041754 0.364502
vt 0.041824 0.391213
vt 0.041889 0.679379
vt 0.020312 0.679557
vt 0.020310 0.320443
vt 0.041889 0.320621
vt 0.915012 0.655033
vt 0.915012 0.638497
vt 0.903114 0.635948
vt 0.890649 0.649497
vt 0.926909 0.635948
vt 0.939374 0.649497
vt 0.890455 0.623736
vt 0.871538 0.628504
vt 0.939568 0.623736
vt 0.958485 0.628504
vt 0.871062 0.598618
vt 0.891056 0.599345
vt 0.891056 0.549517
vt 0.871061 0.549517
vt 0.938968 0.549517
vt 0.938968 0.599345
vt 0.958961 0.598618
vt 0.958962 0.549517
vt 0.890467 0.649484
vt 0.903115 0.635946
vt 0.915012 0.638494
vt 0.915012 0.655117
vt 0.926908 0.635946
vt 0.939556 0.649484
vt 0.871520 0.628492
vt 0.890456 0.623734
vt 0.939567 0.623734
vt 0.958504 0.628492
vt 0.871061 0.549393
vt 0.891056 0.549517
vt 0.891056 0.599345
vt 0.871063 0.598601
vt 0.938967 0.599345
vt 0.938968 0.549517
vt 0.958962 0.549393
vt 0.958960 0.598601
vt 0.539562 0.428918
vt 0.548186 0.428918
vt 0.548186 0.437413
vt 0.539562 0.437413
vt 0.548186 0.445909
vt 0.539562 0.445909
vt 0.539562 0.416444
vt 0.548186 0.416444
vt 0.548186 0.458383
vt 0.539562 0.458383
vt 0.539562 0.363829
vt 0.548186 0.363829
vt 0.548186 0.399328
vt 0.539562 0.399328
vt 0.548186 0.475500
vt 0.548186 0.511001
vt 0.539562 0.511001
vt 0.539562 0.475500
vt 0.548186 0.416444
vt 0.539562 0.416444
vt 0.548186 0.458383
vt 0.539562 0.458383
vt 0.867685 0.092179
vt 0.868857 0.103345
vt 0.926108 0.098086
vt 0.897531 0.089642
vt 0.926108 0.098086
vt 0.897531 0.089642
vt 0.926108 0.098086
vt 0.927377 0.087105
vt 0.897531 0.089642
vt 0.000000 0.000000
vt 0.897531 0.089642
vt 0.927377 0.087105
vt 0.926108 0.098086
vt 0.000000 0.000000
vt 0.989321 0.026774
vt 0.980603 0.020573
vt 0.953990 0.053839
vt 0.000000 0.000000
vt 0.953990 0.053839
vt 0.980603 0.020573
vt 0.989321 0.026774
vt 0.000000 0.000000
vt 0.966205 0.077038
vt 0.953990 0.053839
vt 0.927377 0.087105
vt 0.000000 0.000000
vt 0.927377 0.087105
vt 0.953990 0.053839
vt 0.966205 0.077038
vt 0.000000 0.000000
vt 0.834664 0.778789
vt 0.851151 0.778789
vt 0.978872 0.778789
vt 0.995359 0.778789
vt 0.851717 0.778666
vt 0.978306 0.778666
vt 0.016821 0.767765
vt 0.031964 0.767765
vt 0.018715 0.487013
vt 0.033863 0.487218
vt 0.915012 0.778666
vt 0.851717 0.778666
vt 0.978306 0.778666
vt 0.499496 0.085694
vt 0.499496 0.091159
vt 0.448953 0.091052
vt 0.451653 0.085587
vt 0.550039 0.091052
vt 0.547340 0.085587
vt 0.448502 0.078828
vt 0.451201 0.073363
vt 0.550491 0.078828
vt 0.547791 0.073363
vt 0.435336 0.078828
vt 0.438036 0.073363
vt 0.563656 0.078828
vt 0.560957 0.073363
vt 0.807222 0.556387
vt 0.788237 0.553389
vt 0.784987 0.572648
vt 0.804873 0.563987
vt 0.784987 0.572648
vt 0.788237 0.553389
vt 0.807222 0.556387
vt 0.804873 0.563987
vt 0.450900 0.085587
vt 0.448200 0.091052
vt 0.499496 0.091159
vt 0.499496 0.085694
vt 0.550792 0.091052
vt 0.548092 0.085587
vt 0.450900 0.073363
vt 0.448200 0.078828
vt 0.550792 0.078828
vt 0.548092 0.073363
vt 0.438036 0.073363
vt 0.435336 0.078828
vt 0.563656 0.078828
vt 0.560957 0.073363
vt 0.838045 0.771571
vt 0.854155 0.771571
vt 0.854532 0.778463
vt 0.838045 0.778463
vt 0.975491 0.778463
vt 0.975868 0.771571
vt 0.991978 0.771571
vt 0.991978 0.778463
vt 0.770018 0.571133
vt 0.784987 0.572648
vt 0.788237 0.553389
vt 0.770287 0.551535
vt 0.040605 0.476872
vt 0.040551 0.483699
vt 0.025399 0.483492
vt 0.025461 0.476731
vt 0.915012 0.778340
vt 0.855098 0.778340
vt 0.854155 0.771571
vt 0.915012 0.771571
vt 0.975868 0.771571
vt 0.974926 0.778340
vt 0.102962 0.502170
vt 0.102962 0.478087
vt 0.336838 0.478087
vt 0.336838 0.502170
vt 0.682156 0.478087
vt 0.916032 0.478087
vt 0.916032 0.502170
vt 0.682156 0.502170
vt 0.102962 0.429544
vt 0.336838 0.429544
vt 0.336838 0.363028
vt 0.102962 0.363028
vt 0.682156 0.363028
vt 0.682156 0.429544
vt 0.916032 0.429544
vt 0.916032 0.363028
vt 0.102962 0.473066
vt 0.336838 0.473066
vt 0.682156 0.473066
vt 0.916032 0.473066
vt 0.102962 0.502170
vt 0.336838 0.502170
vt 0.682156 0.502170
vt 0.916032 0.502170
vt 0.336838 0.284732
vt 0.102962 0.284732
vt 0.682156 0.284732
vt 0.916032 0.284732
vt 0.102962 0.357443
vt 0.102962 0.284732
vt 0.336838 0.284732
vt 0.336838 0.357443
vt 0.682156 0.284732
vt 0.916032 0.284732
vt 0.916032 0.357443
vt 0.682156 0.357443
vt 0.102962 0.429544
vt 0.336838 0.429544
vt 0.336838 0.472848
vt 0.102962 0.472848
vt 0.682156 0.472848
vt 0.682156 0.429544
vt 0.916032 0.429544
vt 0.916032 0.472848
vt 0.290781 0.090980
vt 0.290781 0.078916
vt 0.318079 0.078916
vt 0.318079 0.090980
vt 0.680914 0.078916
vt 0.708211 0.078916
vt 0.708211 0.090980
vt 0.680914 0.090980
vt 0.310807 0.622304
vt 0.310807 0.643093
vt 0.336793 0.643093
vt 0.336793 0.622304
vt 0.682201 0.643093
vt 0.708187 0.643093
vt 0.708187 0.622304
vt 0.682201 0.622304
vt 0.310807 0.643093
vt 0.310807 0.622304
vt 0.336793 0.622304
vt 0.336793 0.643093
vt 0.682201 0.622304
vt 0.708187 0.622304
vt 0.708187 0.643093
vt 0.682201 0.643093
vt 0.258834 0.643093
vt 0.258834 0.622304
vt 0.284820 0.622304
vt 0.284820 0.643093
vt 0.734173 0.622304
vt 0.760160 0.622304
vt 0.760160 0.643093
vt 0.734173 0.643093
vt 0.258834 0.622304
vt 0.258834 0.643093
vt 0.284820 0.643093
vt 0.284820 0.622304
vt 0.734173 0.643093
vt 0.760160 0.643093
vt 0.760160 0.622304
vt 0.734173 0.622304
vt 0.236186 0.090980
vt 0.236186 0.078916
vt 0.263484 0.078916
vt 0.263484 0.090980
vt 0.735509 0.078916
vt 0.762806 0.078916
vt 0.762806 0.090980
vt 0.735509 0.090980
vt 0.181592 0.090980
vt 0.181592 0.078916
vt 0.208889 0.078916
vt 0.208889 0.090980
vt 0.790103 0.078916
vt 0.817401 0.078916
vt 0.817401 0.090980
vt 0.790103 0.090980
vt 0.206862 0.622304
vt 0.206862 0.643093
vt 0.232848 0.643093
vt 0.232848 0.622304
vt 0.786146 0.643093
vt 0.812132 0.643093
vt 0.812132 0.622304
vt 0.786146 0.622304
vt 0.206862 0.643093
vt 0.206862 0.622304
vt 0.232848 0.622304
vt 0.232848 0.643093
vt 0.786146 0.622304
vt 0.812132 0.622304
vt 0.812132 0.643093
vt 0.786146 0.643093
vt 0.154889 0.643093
vt 0.154889 0.622304
vt 0.180875 0.622304
vt 0.180875 0.643093
vt 0.838118 0.622304
vt 0.864105 0.622304
vt 0.864105 0.643093
vt 0.838118 0.643093
vt 0.154889 0.622304
vt 0.154889 0.643093
vt 0.180875 0.643093
vt 0.180875 0.622304
vt 0.838118 0.643093
vt 0.864105 0.643093
vt 0.864105 0.622304
vt 0.838118 0.622304
vt 0.126997 0.090980
vt 0.126997 0.078916
vt 0.154294 0.078916
vt 0.154294 0.090980
vt 0.844698 0.078916
vt 0.871995 0.078916
vt 0.871995 0.090980
vt 0.844698 0.090980
vt 1.000000 1.000000
vt 0.000000 1.000000
vt 0.000000 0.000000
vt 1.000000 0.000000
vt 0.000000 0.000000
vt 0.000000 1.000000
vt 1.000000 1.000000
vt 1.000000 0.000000
vt 1.000000 1.000000
vt 1.000000 0.000000
vt 0.000000 0.000000
vt 0.000000 1.000000
vt 0.000000 0.000000
vt 1.000000 0.000000
vt 1.000000 1.000000
vt 0.000000 1.000000
vt 1.000000 1.000000
vt 0.000000 1.000000
vt 0.000000 0.000000
vt 1.000000 0.000000
vt 0.000000 0.000000
vt 0.000000 1.000000
vt 1.000000 1.000000
vt 1.000000 0.000000
vt 1.000000 1.000000
vt 0.000000 1.000000
vt 0.000000 0.000000
vt 1.000000 0.000000
vt 0.000000 0.000000
vt 0.000000 1.000000
vt 1.000000 1.000000
vt 1.000000 0.000000
vt 1.000000 1.000000
vt 0.000000 1.000000
vt 0.000000 0.000000
vt 1.000000 0.000000
vt 0.000000 0.000000
vt 0.000000 1.000000
vt 1.000000 1.000000
vt 1.000000 0.000000
vt 1.000000 1.000000
vt 1.000000 0.000000
vt 0.000000 0.000000
vt 0.000000 1.000000
vt 0.000000 0.000000
vt 1.000000 0.000000
vt 1.000000 1.000000
vt 0.000000 1.000000
vt 0.673531 0.279533
vt 0.652013 0.279533
vt 0.651939 0.275589
vt 0.673351 0.275589
vt 0.427512 0.279533
vt 0.407453 0.279533
vt 0.407582 0.275589
vt 0.427665 0.275589
vt 0.510010 0.279533
vt 0.489527 0.279533
vt 0.489613 0.275589
vt 0.510081 0.275589
vt 0.591462 0.279533
vt 0.570962 0.279533
vt 0.571026 0.275589
vt 0.591498 0.275589
vt 0.338503 0.492283
vt 0.316699 0.492054
vt 0.316699 0.470842
vt 0.338503 0.471844
vt 0.349394 0.491445
vt 0.347752 0.472853
vt 0.371809 0.488315
vt 0.363204 0.472191
vt 0.525887 0.463347
vt 0.533831 0.477872
vt 0.527720 0.489883
vt 0.548209 0.463785
vt 0.549164 0.489839
vt 0.541916 0.475982
vt 0.372305 0.459168
vt 0.371809 0.488315
vt 0.363204 0.472191
vt 0.394410 0.460678
vt 0.402127 0.476218
vt 0.395102 0.488729
vt 0.417919 0.462122
vt 0.417313 0.489161
vt 0.410679 0.474563
vt 0.439156 0.461330
vt 0.446484 0.476231
vt 0.439434 0.488837
vt 0.461641 0.462177
vt 0.462053 0.489070
vt 0.454960 0.474498
vt 0.482556 0.462730
vt 0.490432 0.477344
vt 0.484123 0.489541
vt 0.505062 0.463043
vt 0.505958 0.489581
vt 0.498690 0.475434
vt 0.294602 0.491239
vt 0.294602 0.469658
vt 0.272451 0.490008
vt 0.272451 0.468173
vt 0.228055 0.485950
vt 0.205859 0.483556
vt 0.205859 0.462043
vt 0.228055 0.464740
vt 0.183650 0.480388
vt 0.183650 0.458811
vt 0.161268 0.475821
vt 0.161268 0.454609
vt 0.846936 0.482163
vt 0.824758 0.486114
vt 0.824758 0.464870
vt 0.846936 0.461909
vt 0.802629 0.488447
vt 0.802629 0.467610
vt 0.780551 0.490620
vt 0.780551 0.469198
vt 0.758601 0.492342
vt 0.758601 0.470378
vt 0.736777 0.493204
vt 0.736777 0.471835
vt 0.715128 0.493751
vt 0.715128 0.472893
vt 0.694356 0.493812
vt 0.694356 0.473756
vt 0.680239 0.492970
vt 0.681768 0.474846
vt 0.349841 0.454389
vt 0.372305 0.459168
vt 0.363204 0.472191
vt 0.347752 0.472853
vt 0.338503 0.452954
vt 0.338503 0.471844
vt 0.316699 0.451769
vt 0.316699 0.470842
vt 0.294602 0.450447
vt 0.294602 0.469658
vt 0.272451 0.448909
vt 0.272451 0.468173
vt 0.205859 0.443062
vt 0.228055 0.445346
vt 0.228055 0.464740
vt 0.205859 0.462043
vt 0.183650 0.440461
vt 0.183650 0.458811
vt 0.161268 0.437118
vt 0.161268 0.454609
vt 0.824758 0.446449
vt 0.846936 0.444259
vt 0.846936 0.461909
vt 0.824758 0.464870
vt 0.802629 0.448615
vt 0.802629 0.467610
vt 0.780551 0.450263
vt 0.780551 0.469198
vt 0.758601 0.451624
vt 0.758601 0.470378
vt 0.736777 0.453005
vt 0.736777 0.471835
vt 0.715128 0.454252
vt 0.715128 0.472893
vt 0.694356 0.455369
vt 0.694356 0.473756
vt 0.679604 0.456907
vt 0.681768 0.474846
vt 0.658321 0.489700
vt 0.666592 0.474187
vt 0.657832 0.461677
vt 0.666592 0.474187
vt 0.636360 0.463674
vt 0.636128 0.489521
vt 0.628985 0.476749
vt 0.613248 0.461433
vt 0.620751 0.476736
vt 0.614514 0.490713
vt 0.568977 0.464408
vt 0.576864 0.476910
vt 0.570437 0.489770
vt 0.591610 0.461010
vt 0.592077 0.490382
vt 0.585098 0.476544
vt 0.636128 0.489521
vt 0.614514 0.490713
vt 0.620751 0.476736
vt 0.628985 0.476749
vt 0.570437 0.489770
vt 0.576864 0.476910
vt 0.585098 0.476544
vt 0.592077 0.490382
vt 0.549164 0.489839
vt 0.527720 0.489883
vt 0.533831 0.477872
vt 0.541916 0.475982
vt 0.505958 0.489581
vt 0.484123 0.489541
vt 0.490432 0.477344
vt 0.498690 0.475434
vt 0.462053 0.489070
vt 0.439434 0.488837
vt 0.446484 0.476231
vt 0.454960 0.474498
vt 0.417313 0.489161
vt 0.395102 0.488729
vt 0.402127 0.476218
vt 0.410679 0.474563
vt 0.568977 0.464408
vt 0.591610 0.461010
vt 0.585098 0.476544
vt 0.576864 0.476910
vt 0.525887 0.463347
vt 0.548209 0.463785
vt 0.541916 0.475982
vt 0.533831 0.477872
vt 0.482556 0.462730
vt 0.505062 0.463043
vt 0.498690 0.475434
vt 0.490432 0.477344
vt 0.439156 0.461330
vt 0.461641 0.462177
vt 0.454960 0.474498
vt 0.446484 0.476231
vt 0.394410 0.460678
vt 0.417919 0.462122
vt 0.410679 0.474563
vt 0.402127 0.476218
vt 0.613248 0.461433
vt 0.636360 0.463674
vt 0.628985 0.476749
vt 0.620751 0.476736
vt 0.680239 0.492970
vt 0.694356 0.493812
vt 0.694356 0.553756
vt 0.676946 0.553756
vt 0.592077 0.490382
vt 0.614514 0.490713
vt 0.613760 0.553756
vt 0.592226 0.553756
vt 0.636128 0.489521
vt 0.634995 0.553756
vt 0.658321 0.489700
vt 0.656025 0.553756
vt 0.715128 0.493751
vt 0.715128 0.553756
vt 0.736777 0.493204
vt 0.736777 0.553756
vt 0.758601 0.492342
vt 0.758601 0.553756
vt 0.780551 0.490620
vt 0.780551 0.553756
vt 0.802629 0.488447
vt 0.802629 0.553756
vt 0.824758 0.486114
vt 0.824758 0.553756
vt 0.846936 0.482163
vt 0.846936 0.553756
vt 0.161268 0.475821
vt 0.183650 0.480388
vt 0.183650 0.553756
vt 0.161268 0.553756
vt 0.205859 0.483556
vt 0.205859 0.553756
vt 0.228055 0.485950
vt 0.228055 0.553756
vt 0.250256 0.488446
vt 0.250256 0.553756
vt 0.272451 0.490008
vt 0.272451 0.553756
vt 0.294602 0.491239
vt 0.294602 0.553756
vt 0.316699 0.492054
vt 0.316699 0.553756
vt 0.338503 0.492283
vt 0.338503 0.553756
vt 0.349394 0.491445
vt 0.351651 0.553756
vt 0.371809 0.488315
vt 0.375513 0.553756
vt 0.395102 0.488729
vt 0.397471 0.553756
vt 0.417313 0.489161
vt 0.419347 0.553756
vt 0.439434 0.488837
vt 0.441300 0.553756
vt 0.462053 0.489070
vt 0.463223 0.553756
vt 0.484123 0.489541
vt 0.485047 0.553756
vt 0.505958 0.489581
vt 0.506719 0.553756
vt 0.527720 0.489883
vt 0.528271 0.553756
vt 0.549164 0.489839
vt 0.549639 0.553756
vt 0.570437 0.489770
vt 0.570929 0.553756
vt 0.636360 0.463674
vt 0.657832 0.461677
vt 0.658321 0.489700
vt 0.636128 0.489521
vt 0.613248 0.461433
vt 0.614514 0.490713
vt 0.592077 0.490382
vt 0.591610 0.461010
vt 0.548209 0.463785
vt 0.568977 0.464408
vt 0.570437 0.489770
vt 0.549164 0.489839
vt 0.505062 0.463043
vt 0.525887 0.463347
vt 0.527720 0.489883
vt 0.505958 0.489581
vt 0.461641 0.462177
vt 0.482556 0.462730
vt 0.484123 0.489541
vt 0.462053 0.489070
vt 0.417919 0.462122
vt 0.439156 0.461330
vt 0.439434 0.488837
vt 0.417313 0.489161
vt 0.372305 0.459168
vt 0.394410 0.460678
vt 0.395102 0.488729
vt 0.371809 0.488315
vt 0.550646 0.279533
vt 0.570962 0.279533
vt 0.510010 0.279533
vt 0.530409 0.279533
vt 0.468621 0.279533
vt 0.489527 0.279533
vt 0.427512 0.279533
vt 0.447718 0.279533
vt 0.386923 0.279533
vt 0.407453 0.279533
vt 0.365924 0.279533
vt 0.338503 0.279533
vt 0.316699 0.279533
vt 0.294602 0.279533
vt 0.272451 0.279533
vt 0.250256 0.279533
vt 0.250256 0.447151
vt 0.228055 0.279533
vt 0.205859 0.279533
vt 0.183650 0.279533
vt 0.161268 0.279533
vt 0.824758 0.279533
vt 0.846936 0.279533
vt 0.802629 0.279533
vt 0.780551 0.279533
vt 0.758601 0.279533
vt 0.736777 0.279533
vt 0.715128 0.279533
vt 0.694356 0.279533
vt 0.673531 0.279533
vt 0.631546 0.279533
vt 0.652013 0.279533
vt 0.591462 0.279533
vt 0.611552 0.279533
vt 0.550696 0.275589
vt 0.550646 0.279533
vt 0.530464 0.275589
vt 0.530409 0.279533
vt 0.468742 0.275589
vt 0.468621 0.279533
vt 0.447879 0.275589
vt 0.447718 0.279533
vt 0.387049 0.275589
vt 0.386923 0.279533
vt 0.366047 0.275589
vt 0.365924 0.279533
vt 0.338503 0.275589
vt 0.338503 0.279533
vt 0.316699 0.275589
vt 0.316699 0.279533
vt 0.294602 0.275589
vt 0.294602 0.279533
vt 0.272451 0.275589
vt 0.272451 0.279533
vt 0.250256 0.275589
vt 0.250256 0.279533
vt 0.228055 0.275589
vt 0.228055 0.279533
vt 0.205859 0.275589
vt 0.205859 0.279533
vt 0.183650 0.275589
vt 0.183650 0.279533
vt 0.161268 0.275589
vt 0.161268 0.279533
vt 0.824758 0.275589
vt 0.846936 0.275589
vt 0.846936 0.279533
vt 0.824758 0.279533
vt 0.802629 0.275589
vt 0.802629 0.279533
vt 0.780551 0.275589
vt 0.780551 0.279533
vt 0.758601 0.275589
vt 0.758601 0.279533
vt 0.736777 0.275589
vt 0.736777 0.279533
vt 0.715128 0.275589
vt 0.715128 0.279533
vt 0.694356 0.275589
vt 0.694356 0.279533
vt 0.631495 0.275589
vt 0.631546 0.279533
vt 0.611533 0.275589
vt 0.611552 0.279533
vt 0.571157 0.266003
vt 0.591578 0.266003
vt 0.591498 0.275589
vt 0.571026 0.275589
vt 0.550908 0.266003
vt 0.550696 0.275589
vt 0.530674 0.266003
vt 0.530464 0.275589
vt 0.510319 0.266003
vt 0.510081 0.275589
vt 0.489945 0.266003
vt 0.489613 0.275589
vt 0.469121 0.266003
vt 0.468742 0.275589
vt 0.448326 0.266003
vt 0.447879 0.275589
vt 0.428132 0.266003
vt 0.427665 0.275589
vt 0.408021 0.266003
vt 0.407582 0.275589
vt 0.387485 0.266003
vt 0.387049 0.275589
vt 0.366453 0.266003
vt 0.366047 0.275589
vt 0.338503 0.266003
vt 0.338503 0.275589
vt 0.316699 0.266003
vt 0.316699 0.275589
vt 0.294602 0.266003
vt 0.294602 0.275589
vt 0.272451 0.266003
vt 0.272451 0.275589
vt 0.250256 0.266003
vt 0.250256 0.275589
vt 0.228055 0.266003
vt 0.228055 0.275589
vt 0.205859 0.266003
vt 0.205859 0.275589
vt 0.183650 0.266003
vt 0.183650 0.275589
vt 0.161268 0.266003
vt 0.161268 0.275589
vt 0.824758 0.266003
vt 0.846936 0.266003
vt 0.846936 0.275589
vt 0.824758 0.275589
vt 0.802629 0.266003
vt 0.802629 0.275589
vt 0.780551 0.266003
vt 0.780551 0.275589
vt 0.758601 0.266003
vt 0.758601 0.275589
vt 0.736777 0.266003
vt 0.736777 0.275589
vt 0.715128 0.266003
vt 0.715128 0.275589
vt 0.694356 0.266003
vt 0.694356 0.275589
vt 0.673045 0.266003
vt 0.673351 0.275589
vt 0.651832 0.266003
vt 0.651939 0.275589
vt 0.631458 0.266003
vt 0.631495 0.275589
vt 0.611589 0.266003
vt 0.611533 0.275589
vt 0.571216 0.261853
vt 0.591626 0.261853
vt 0.591578 0.266003
vt 0.571157 0.266003
vt 0.550954 0.261853
vt 0.550908 0.266003
vt 0.530733 0.261853
vt 0.530674 0.266003
vt 0.510392 0.261853
vt 0.510319 0.266003
vt 0.490050 0.261853
vt 0.489945 0.266003
vt 0.469243 0.261853
vt 0.469121 0.266003
vt 0.448460 0.261853
vt 0.448326 0.266003
vt 0.428279 0.261853
vt 0.428132 0.266003
vt 0.408178 0.261853
vt 0.408021 0.266003
vt 0.387646 0.261853
vt 0.387485 0.266003
vt 0.366615 0.261853
vt 0.366453 0.266003
vt 0.338503 0.261853
vt 0.338503 0.266003
vt 0.316699 0.261853
vt 0.316699 0.266003
vt 0.294602 0.261853
vt 0.294602 0.266003
vt 0.272451 0.261853
vt 0.272451 0.266003
vt 0.250256 0.261853
vt 0.250256 0.266003
vt 0.228055 0.261853
vt 0.228055 0.266003
vt 0.205859 0.261853
vt 0.205859 0.266003
vt 0.183650 0.261853
vt 0.183650 0.266003
vt 0.161268 0.261853
vt 0.161268 0.266003
vt 0.824758 0.261853
vt 0.846936 0.261853
vt 0.846936 0.266003
vt 0.824758 0.266003
vt 0.802629 0.261853
vt 0.802629 0.266003
vt 0.780551 0.261853
vt 0.780551 0.266003
vt 0.758601 0.261853
vt 0.758601 0.266003
vt 0.736777 0.261853
vt 0.736777 0.266003
vt 0.715128 0.261853
vt 0.715128 0.266003
vt 0.694356 0.261853
vt 0.694356 0.266003
vt 0.672842 0.261853
vt 0.673045 0.266003
vt 0.651683 0.261853
vt 0.651832 0.266003
vt 0.631371 0.261853
vt 0.631458 0.266003
vt 0.611576 0.261853
vt 0.611589 0.266003
vt 0.336838 0.547615
vt 0.307584 0.579666
vt 0.336818 0.579666
vt 0.682176 0.579666
vt 0.711410 0.579666
vt 0.682156 0.547615
vt 0.278349 0.579666
vt 0.740645 0.579666
vt 0.249115 0.579666
vt 0.769879 0.579666
vt 0.102962 0.547615
vt 0.161411 0.579666
vt 0.190646 0.579666
vt 0.828348 0.579666
vt 0.857583 0.579666
vt 0.916032 0.547615
vt 0.132177 0.579666
vt 0.886817 0.579666
vt 0.000000 1.000000
vt 1.000000 1.000000
vt 1.000000 0.875000
vt 1.000000 0.875000
vt 1.000000 1.000000
vt 0.000000 1.000000
vt 1.000000 1.000000
vt 0.000000 0.875000
vt 0.000000 1.000000
vt 0.000000 1.000000
vt 0.000000 0.875000
vt 1.000000 1.000000
vt 0.102962 0.547615
vt 0.161411 0.579666
vt 0.132177 0.579666
vt 0.886817 0.579666
vt 0.857583 0.579666
vt 0.916032 0.547615
vt 0.190646 0.579666
vt 0.828348 0.579666
vt 0.336838 0.547615
vt 0.278349 0.579666
vt 0.249115 0.579666
vt 0.769879 0.579666
vt 0.740645 0.579666
vt 0.682156 0.547615
vt 0.307584 0.579666
vt 0.711410 0.579666
vt 0.336818 0.579666
vt 0.682176 0.579666
vt 0.219880 0.579666
vt 0.799114 0.579666
vt 0.219880 0.579666
vt 0.799114 0.579666
vt 0.290781 0.078916
vt 0.290781 0.090980
vt 0.263484 0.090980
vt 0.263484 0.078916
vt 0.735509 0.090980
vt 0.708211 0.090980
vt 0.708211 0.078916
vt 0.735509 0.078916
vt 0.208889 0.078916
vt 0.236186 0.078916
vt 0.236186 0.090980
vt 0.208889 0.090980
vt 0.762806 0.090980
vt 0.762806 0.078916
vt 0.790103 0.078916
vt 0.790103 0.090980
vt 0.128903 0.622304
vt 0.890091 0.622304
vt 0.128903 0.622304
vt 0.890091 0.622304
vt 1.000000 1.000000
vt 0.000000 0.875000
vt 0.000000 1.000000
vt 0.500000 0.500000
vt 0.000000 1.000000
vt 0.000000 0.875000
vt 1.000000 1.000000
vt 0.500000 0.500000
vt 0.000000 0.000000
vt 0.000000 0.500000
vt 1.000000 1.000000
vt 1.000000 0.875000
vt 1.000000 1.000000
vt 0.000000 0.500000
vt 0.000000 0.000000
vt 1.000000 0.875000
vt 1.000000 1.000000
vt 0.000000 1.000000
vt 0.000000 0.000000
vt 1.000000 0.000000
vt 0.864105 0.643093
vt 0.864105 0.622304
vt 0.864105 0.622304
vt 0.864105 0.643093
vt 0.126997 0.078916
vt 0.126997 0.090980
vt 0.099700 0.090980
vt 0.099700 0.078916
vt 0.899293 0.090980
vt 0.871995 0.090980
vt 0.871995 0.078916
vt 0.899293 0.078916
vt 0.181592 0.078916
vt 0.181592 0.090980
vt 0.154294 0.090980
vt 0.154294 0.078916
vt 0.844698 0.090980
vt 0.817401 0.090980
vt 0.817401 0.078916
vt 0.844698 0.078916
vt 0.161431 0.547615
vt 0.102962 0.529529
vt 0.916032 0.529529
vt 0.857563 0.547615
vt 0.336838 0.529529
vt 0.278369 0.547615
vt 0.740625 0.547615
vt 0.682156 0.529529
vt 0.102962 0.529529
vt 0.161431 0.547615
vt 0.857563 0.547615
vt 0.916032 0.529529
vt 0.336838 0.529529
vt 0.278369 0.547615
vt 0.740625 0.547615
vt 0.682156 0.529529
vt 0.219900 0.547615
vt 0.799094 0.547615
vt 0.219900 0.547615
vt 0.799094 0.547615
vt 0.219900 0.529529
vt 0.799094 0.529529
vt 0.219900 0.529529
vt 0.799094 0.529529
vt 1.000000 1.000000
vt 1.000000 0.000000
vt 0.000000 0.000000
vt 0.000000 1.000000
vt 0.000000 0.000000
vt 1.000000 0.000000
vt 1.000000 1.000000
vt 0.000000 1.000000
vt 1.000000 1.000000
vt 1.000000 0.000000
vt 0.000000 0.000000
vt 0.000000 1.000000
vt 0.000000 0.000000
vt 1.000000 0.000000
vt 1.000000 1.000000
vt 0.000000 1.000000
vt 1.000000 1.000000
vt 1.000000 0.000000
vt 0.000000 0.000000
vt 0.000000 1.000000
vt 0.000000 0.000000
vt 1.000000 0.000000
vt 1.000000 1.000000
vt 0.000000 1.000000
vt 1.000000 1.000000
vt 1.000000 0.000000
vt 0.000000 0.000000
vt 0.000000 1.000000
vt 0.000000 0.000000
vt 1.000000 0.000000
vt 1.000000 1.000000
vt 0.000000 1.000000
vt 0.102962 0.472848
vt 0.336838 0.472848
vt 0.336838 0.478087
vt 0.102962 0.478087
vt 0.682156 0.478087
vt 0.682156 0.472848
vt 0.916032 0.472848
vt 0.916032 0.478087
vt 0.591626 0.261853
vt 0.587645 0.101694
vt 0.607405 0.101694
vt 0.611576 0.261853
vt 0.627214 0.101694
vt 0.631371 0.261853
vt 0.647048 0.101694
vt 0.651683 0.261853
vt 0.666975 0.101694
vt 0.672842 0.261853
vt 0.694356 0.101694
vt 0.694356 0.261853
vt 0.715128 0.101694
vt 0.715128 0.261853
vt 0.736777 0.101694
vt 0.736777 0.261853
vt 0.758601 0.101694
vt 0.758601 0.261853
vt 0.780551 0.101694
vt 0.780551 0.261853
vt 0.802629 0.101694
vt 0.802629 0.261853
vt 0.824758 0.101694
vt 0.824758 0.261853
vt 0.846936 0.101694
vt 0.846936 0.261853
vt 0.161268 0.261853
vt 0.161268 0.101694
vt 0.183650 0.101694
vt 0.183650 0.261853
vt 0.205859 0.101694
vt 0.205859 0.261853
vt 0.228055 0.101694
vt 0.228055 0.261853
vt 0.250256 0.101694
vt 0.250256 0.261853
vt 0.272451 0.101694
vt 0.272451 0.261853
vt 0.294602 0.101694
vt 0.294602 0.261853
vt 0.316699 0.101694
vt 0.316699 0.261853
vt 0.338503 0.101694
vt 0.338503 0.261853
vt 0.369745 0.101694
vt 0.366615 0.261853
vt 0.389781 0.101694
vt 0.387646 0.261853
vt 0.409729 0.101694
vt 0.408178 0.261853
vt 0.429605 0.101694
vt 0.428279 0.261853
vt 0.449437 0.101694
vt 0.448460 0.261853
vt 0.469244 0.101694
vt 0.469243 0.261853
vt 0.489019 0.101694
vt 0.490050 0.261853
vt 0.508762 0.101694
vt 0.510392 0.261853
vt 0.528486 0.101694
vt 0.530733 0.261853
vt 0.548196 0.101694
vt 0.550954 0.261853
vt 0.567913 0.101694
vt 0.571216 0.261853
vt 0.373227 0.848663
vt 0.349675 0.765374
vt 0.353174 0.764222
vt 0.378133 0.845405
vt 0.391631 0.835757
vt 0.363581 0.760540
vt 0.367074 0.759180
vt 0.395761 0.832612
vt 0.387324 0.838943
vt 0.360078 0.761808
vt 0.382828 0.842162
vt 0.356618 0.763085
vt 0.368154 0.850000
vt 0.346092 0.766297
vt 0.464810 0.775917
vt 0.438869 0.740057
vt 0.440158 0.739342
vt 0.466928 0.774294
vt 0.462685 0.777545
vt 0.437344 0.740568
vt 0.460549 0.779187
vt 0.435667 0.740964
vt 0.458394 0.780850
vt 0.433825 0.741288
vt 0.456217 0.782541
vt 0.431808 0.741557
vt 0.454012 0.784267
vt 0.429669 0.741880
vt 0.451774 0.786035
vt 0.427351 0.742204
vt 0.449499 0.787852
vt 0.424872 0.742567
vt 0.447180 0.789724
vt 0.422274 0.743011
vt 0.444815 0.791654
vt 0.419552 0.743454
vt 0.442396 0.793649
vt 0.416744 0.743991
vt 0.439921 0.795712
vt 0.413832 0.744531
vt 0.437383 0.797847
vt 0.410833 0.745129
vt 0.434776 0.800057
vt 0.407809 0.745871
vt 0.432095 0.802345
vt 0.404665 0.746645
vt 0.429333 0.804713
vt 0.401445 0.747542
vt 0.426484 0.807161
vt 0.398143 0.748448
vt 0.423542 0.809689
vt 0.394771 0.749414
vt 0.420500 0.812297
vt 0.391383 0.750490
vt 0.417351 0.814984
vt 0.387944 0.751554
vt 0.414087 0.817748
vt 0.384480 0.752665
vt 0.410702 0.820588
vt 0.381069 0.753914
vt 0.407185 0.823498
vt 0.377620 0.755216
vt 0.403529 0.826476
vt 0.374121 0.756496
vt 0.399724 0.829516
vt 0.370589 0.757802
vt 0.048680 0.920831
vt 0.096888 0.947248
vt 0.072792 0.947248
vt 0.000488 0.905923
vt 0.072792 0.947248
vt 0.096888 0.947248
vt 0.048680 0.920831
vt 0.000488 0.905923
vt 0.145064 0.920831
vt 0.192980 0.920831
vt 0.120984 0.947248
vt 0.120984 0.947248
vt 0.192980 0.920831
vt 0.145064 0.920831
vt 0.096872 0.905923
vt 0.184240 0.883374
vt 0.096872 0.920831
vt 0.184240 0.883374
vt 0.096872 0.905923
vt 0.096872 0.920831
vt 0.096872 0.883574
vt 0.000488 0.905923
vt 0.058319 0.919494
vt 0.096872 0.897928
vt 0.058319 0.919494
vt 0.000488 0.905923
vt 0.096872 0.883574
vt 0.096872 0.897928
vt 0.135426 0.907372
vt 0.181570 0.883374
vt 0.135426 0.907372
vt 0.181570 0.883374
vt 0.096888 0.947248
vt 0.120984 0.947248
vt 0.120984 0.947248
vt 0.096888 0.947248
vt 0.072792 0.947248
vt 0.072792 0.947248
vt 0.000488 0.883374
vt 0.000488 0.883374
vt 0.037490 0.273671
vt 0.049554 0.273671
vt 0.049554 0.300969
vt 0.037490 0.300969
vt 0.949439 0.300969
vt 0.949439 0.273671
vt 0.961502 0.273671
vt 0.961502 0.300969
vt 0.037490 0.328266
vt 0.049554 0.328266
vt 0.049554 0.355563
vt 0.037490 0.355563
vt 0.949439 0.355563
vt 0.949439 0.328266
vt 0.961502 0.328266
vt 0.961502 0.355563
vt 0.150456 0.982391
vt 0.150456 0.982391
vt 0.150456 0.999526
vt 0.150456 0.999526
vt 0.150456 0.999526
vt 0.150456 0.982391
vt 0.150456 0.982391
vt 0.150456 0.999526
vt 0.193293 0.982391
vt 0.171874 0.982391
vt 0.166928 0.947248
vt 0.184268 0.947248
vt 0.166928 0.947248
vt 0.171874 0.982391
vt 0.193293 0.982391
vt 0.184268 0.947248
vt 0.193293 0.982391
vt 0.181602 0.947248
vt 0.167826 0.935099
vt 0.171874 0.982391
vt 0.167826 0.935099
vt 0.181602 0.947248
vt 0.193293 0.982391
vt 0.171874 0.982391
vt 0.150456 0.982391
vt 0.150456 0.982391
vt 0.150456 0.982391
vt 0.150456 0.982391
vt 0.037490 0.246374
vt 0.037490 0.219076
vt 0.049554 0.219076
vt 0.049554 0.246374
vt 0.949439 0.219076
vt 0.961502 0.219076
vt 0.961502 0.246374
vt 0.949439 0.246374
vt 0.037490 0.164482
vt 0.049554 0.164482
vt 0.049554 0.191779
vt 0.037490 0.191779
vt 0.949439 0.191779
vt 0.949439 0.164482
vt 0.961502 0.164482
vt 0.961502 0.191779
vt 0.143706 0.957957
vt 0.129037 0.982391
vt 0.143706 0.957957
vt 0.129037 0.982391
vt 0.107618 0.982391
vt 0.107618 0.982391
vt 0.086200 0.982391
vt 0.086200 0.982391
vt 0.021944 0.982391
vt 0.018175 0.949390
vt 0.000505 0.947248
vt 0.000525 0.982391
vt 0.000505 0.947248
vt 0.018175 0.949390
vt 0.021944 0.982391
vt 0.000525 0.982391
vt 0.043363 0.982391
vt 0.051909 0.957957
vt 0.051909 0.957957
vt 0.043363 0.982391
vt 0.064781 0.982391
vt 0.064781 0.982391
vt 0.129037 0.982391
vt 0.145080 0.947248
vt 0.145080 0.947248
vt 0.129037 0.982391
vt 0.086200 0.982391
vt 0.107618 0.982391
vt 0.086200 0.982391
vt 0.107618 0.982391
vt 0.000525 0.982391
vt 0.000505 0.947248
vt 0.024600 0.947248
vt 0.021944 0.982391
vt 0.024600 0.947248
vt 0.000505 0.947248
vt 0.000525 0.982391
vt 0.021944 0.982391
vt 0.048696 0.947248
vt 0.043363 0.982391
vt 0.048696 0.947248
vt 0.043363 0.982391
vt 0.064781 0.982391
vt 0.064781 0.982391
vt 1.000000 1.000000
vt 0.000000 1.000000
vt 0.000000 0.000000
vt 1.000000 0.000000
vt 0.000000 0.000000
vt 0.000000 1.000000
vt 1.000000 1.000000
vt 1.000000 0.000000
vt 0.129037 0.999526
vt 0.129037 0.999526
vt 0.129037 0.982391
vt 0.129037 0.982391
vt 0.129037 0.982391
vt 0.129037 0.999526
vt 0.129037 0.999526
vt 0.129037 0.982391
vt 1.000000 1.000000
vt 0.000000 1.000000
vt 0.000000 0.000000
vt 1.000000 0.000000
vt 0.000000 0.000000
vt 0.000000 1.000000
vt 1.000000 1.000000
vt 1.000000 0.000000
vt 1.000000 1.000000
vt 0.000000 1.000000
vt 0.000000 0.000000
vt 1.000000 0.000000
vt 0.000000 0.000000
vt 0.000000 1.000000
vt 1.000000 1.000000
vt 1.000000 0.000000
vt 1.000000 1.000000
vt 0.000000 1.000000
vt 0.000000 0.000000
vt 1.000000 0.000000
vt 0.000000 0.000000
vt 0.000000 1.000000
vt 1.000000 1.000000
vt 1.000000 0.000000
vt 1.000000 1.000000
vt 1.000000 0.000000
vt 0.000000 0.000000
vt 0.000000 1.000000
vt 0.000000 0.000000
vt 1.000000 0.000000
vt 1.000000 1.000000
vt 0.000000 1.000000
vt 1.000000 1.000000
vt 0.000000 1.000000
vt 0.000000 0.000000
vt 1.000000 0.000000
vt 0.000000 0.000000
vt 0.000000 1.000000
vt 1.000000 1.000000
vt 1.000000 0.000000
vt 0.193293 0.999526
vt 0.171874 0.999526
vt 0.193293 0.999526
vt 0.171874 0.999526
vt 0.193293 0.999526
vt 0.171874 0.999526
vt 0.171874 0.999526
vt 0.193293 0.999526
vt 0.049554 0.382861
vt 0.037490 0.382861
vt 0.037490 0.355563
vt 0.049554 0.355563
vt 0.961502 0.355563
vt 0.961502 0.382861
vt 0.949439 0.382861
vt 0.949439 0.355563
vt 0.049554 0.328266
vt 0.037490 0.328266
vt 0.037490 0.300969
vt 0.049554 0.300969
vt 0.961502 0.300969
vt 0.961502 0.328266
vt 0.949439 0.328266
vt 0.949439 0.300969
vt 0.150456 0.999526
vt 0.129037 0.999526
vt 0.129037 0.999526
vt 0.150456 0.999526
vt 0.150456 0.999526
vt 0.129037 0.999526
vt 0.150456 0.999526
vt 0.129037 0.999526
vt 0.107618 0.999526
vt 0.086200 0.999526
vt 0.107618 0.999526
vt 0.086200 0.999526
vt 0.107618 0.999526
vt 0.086200 0.999526
vt 0.086200 0.999526
vt 0.107618 0.999526
vt 0.049554 0.273671
vt 0.037490 0.273671
vt 0.037490 0.246374
vt 0.049554 0.246374
vt 0.961502 0.246374
vt 0.961502 0.273671
vt 0.949439 0.273671
vt 0.949439 0.246374
vt 0.049554 0.219076
vt 0.037490 0.219076
vt 0.037490 0.191779
vt 0.049554 0.191779
vt 0.961502 0.191779
vt 0.961502 0.219076
vt 0.949439 0.219076
vt 0.949439 0.191779
vt 0.064781 0.999526
vt 0.043363 0.999526
vt 0.043363 0.999526
vt 0.064781 0.999526
vt 0.064781 0.999526
vt 0.043363 0.999526
vt 0.064781 0.999526
vt 0.043363 0.999526
vt 0.021944 0.999526
vt 0.000525 0.999526
vt 0.021944 0.999526
vt 0.000525 0.999526
vt 0.021944 0.999526
vt 0.000525 0.999526
vt 0.000525 0.999526
vt 0.021944 0.999526
vt 0.049554 0.164482
vt 0.037490 0.164482
vt 0.037490 0.137184
vt 0.049554 0.137184
vt 0.961502 0.137184
vt 0.961502 0.164482
vt 0.949439 0.164482
vt 0.949439 0.137184
vt 0.000488 0.805839
vt 0.184240 0.805839
vt 0.000488 0.805839
vt 0.184240 0.805839
vt 0.000488 0.737839
vt 0.184240 0.737839
vt 0.000488 0.737839
vt 0.184240 0.737839
vt 0.096872 0.883574
vt 0.107581 0.876948
vt 0.096872 0.876948
vt 0.096872 0.876948
vt 0.107581 0.876948
vt 0.096872 0.883574
vt 0.108438 0.881812
vt 0.108438 0.881812
vt 0.109402 0.797092
vt 0.109402 0.737839
vt 0.096872 0.737839
vt 0.096872 0.797092
vt 0.096872 0.737839
vt 0.109402 0.737839
vt 0.109402 0.797092
vt 0.096872 0.797092
vt 0.069681 0.367150
vt 0.069681 0.284866
vt 0.054819 0.284866
vt 0.054819 0.356755
vt 0.964175 0.284866
vt 0.949313 0.284866
vt 0.949313 0.367150
vt 0.964175 0.356755
vt 0.181570 0.805659
vt 0.181570 0.737839
vt 0.111908 0.737839
vt 0.111908 0.805659
vt 0.111908 0.737839
vt 0.181570 0.737839
vt 0.181570 0.805659
vt 0.111908 0.805659
vt 0.109402 0.809977
vt 0.096872 0.809977
vt 0.096872 0.809977
vt 0.109402 0.809977
vt 0.069681 0.459543
vt 0.069681 0.372388
vt 0.057667 0.372388
vt 0.064790 0.453641
vt 0.961326 0.372388
vt 0.949313 0.372388
vt 0.949313 0.459543
vt 0.954204 0.453641
vt 0.181570 0.809977
vt 0.111908 0.809977
vt 0.108438 0.881812
vt 0.111908 0.809977
vt 0.181570 0.809977
vt 0.108438 0.881812
vt 0.086163 0.876948
vt 0.085306 0.881812
vt 0.085306 0.881812
vt 0.086163 0.876948
vt 0.081836 0.805659
vt 0.081836 0.737839
vt 0.000488 0.737839
vt 0.000488 0.805659
vt 0.000488 0.737839
vt 0.081836 0.737839
vt 0.081836 0.805659
vt 0.000488 0.805659
vt 0.054819 0.356755
vt 0.054819 0.284866
vt 0.069681 0.284866
vt 0.069681 0.367150
vt 0.949313 0.284866
vt 0.964175 0.284866
vt 0.964175 0.356755
vt 0.949313 0.367150
vt 0.084342 0.737839
vt 0.084342 0.797092
vt 0.084342 0.737839
vt 0.084342 0.797092
vt 0.085306 0.881812
vt 0.081836 0.809977
vt 0.000488 0.809977
vt 0.000488 0.883374
vt 0.000488 0.809977
vt 0.081836 0.809977
vt 0.085306 0.881812
vt 0.000488 0.883374
vt 0.064790 0.453641
vt 0.057667 0.372388
vt 0.069681 0.372388
vt 0.069681 0.459543
vt 0.949313 0.372388
vt 0.961326 0.372388
vt 0.954204 0.453641
vt 0.949313 0.459543
vt 0.084342 0.809977
vt 0.084342 0.809977
vt 0.272505 0.919494
vt 0.311074 0.947248
vt 0.349611 0.907372
vt 0.311058 0.897928
vt 0.349611 0.907372
vt 0.311074 0.947248
vt 0.272505 0.919494
vt 0.311058 0.897928
vt 0.382012 0.935099
vt 0.395756 0.883374
vt 0.335170 0.947248
vt 0.357892 0.957957
vt 0.335170 0.947248
vt 0.395756 0.883374
vt 0.382012 0.935099
vt 0.357892 0.957957
vt 0.286978 0.947248
vt 0.224407 0.905923
vt 0.242706 0.949390
vt 0.266095 0.957957
vt 0.242706 0.949390
vt 0.224407 0.905923
vt 0.286978 0.947248
vt 0.266095 0.957957
vt 0.322624 0.881812
vt 0.311058 0.883574
vt 0.311058 0.883574
vt 0.322624 0.881812
vt 0.299492 0.881812
vt 0.224407 0.883374
vt 0.224407 0.883374
vt 0.299492 0.881812
vt 0.224407 0.805659
vt 0.224407 0.809977
vt 0.296022 0.809977
vt 0.296022 0.805659
vt 0.296022 0.809977
vt 0.224407 0.809977
vt 0.224407 0.805659
vt 0.296022 0.805659
vt 0.069681 0.367150
vt 0.069681 0.372388
vt 0.057667 0.372388
vt 0.054819 0.356755
vt 0.961326 0.372388
vt 0.949313 0.372388
vt 0.949313 0.367150
vt 0.964175 0.356755
vt 0.298528 0.797092
vt 0.298528 0.809977
vt 0.311058 0.809977
vt 0.311058 0.797092
vt 0.311058 0.809977
vt 0.298528 0.809977
vt 0.298528 0.797092
vt 0.311058 0.797092
vt 0.311058 0.876948
vt 0.300349 0.876948
vt 0.311058 0.876948
vt 0.300349 0.876948
vt 0.064790 0.453641
vt 0.069681 0.459543
vt 0.954204 0.453641
vt 0.949313 0.459543
vt 0.311058 0.737839
vt 0.298528 0.737839
vt 0.298528 0.737839
vt 0.311058 0.737839
vt 0.054819 0.284866
vt 0.069681 0.284866
vt 0.949313 0.284866
vt 0.964175 0.284866
vt 0.296022 0.737839
vt 0.224407 0.737839
vt 0.224407 0.737839
vt 0.296022 0.737839
vt 0.311058 0.883574
vt 0.311058 0.883574
vt 0.299492 0.881812
vt 0.299492 0.881812
vt 0.323588 0.809977
vt 0.323588 0.797092
vt 0.323588 0.809977
vt 0.323588 0.797092
vt 0.054819 0.356755
vt 0.057667 0.372388
vt 0.069681 0.372388
vt 0.069681 0.367150
vt 0.949313 0.372388
vt 0.961326 0.372388
vt 0.964175 0.356755
vt 0.949313 0.367150
vt 0.326094 0.805659
vt 0.326094 0.809977
vt 0.395756 0.809977
vt 0.395756 0.805659
vt 0.395756 0.809977
vt 0.326094 0.809977
vt 0.326094 0.805659
vt 0.395756 0.805659
vt 0.069681 0.459543
vt 0.064790 0.453641
vt 0.949313 0.459543
vt 0.954204 0.453641
vt 0.321767 0.876948
vt 0.321767 0.876948
vt 0.395756 0.737839
vt 0.326094 0.737839
vt 0.326094 0.737839
vt 0.395756 0.737839
vt 0.069681 0.284866
vt 0.054819 0.284866
vt 0.964175 0.284866
vt 0.949313 0.284866
vt 0.323588 0.737839
vt 0.323588 0.737839
vt 0.322624 0.881812
vt 0.322624 0.881812
vt 0.398426 0.805839
vt 0.222183 0.805839
vt 0.222184 0.737839
vt 0.398425 0.737839
vt 0.222184 0.737839
vt 0.222183 0.805839
vt 0.398426 0.805839
vt 0.398425 0.737839
vt 0.398425 0.883374
vt 0.222184 0.883374
vt 0.222184 0.883374
vt 0.398425 0.883374
vt 0.049554 0.437455
vt 0.037490 0.437455
vt 0.037490 0.410158
vt 0.049554 0.410158
vt 0.961502 0.410158
vt 0.961502 0.437455
vt 0.949439 0.437455
vt 0.949439 0.410158
vt 0.236130 0.982391
vt 0.236130 0.999526
vt 0.214711 0.999526
vt 0.214711 0.982391
vt 0.214711 0.999526
vt 0.236130 0.999526
vt 0.236130 0.982391
vt 0.214711 0.982391
vt 0.236130 0.999526
vt 0.236130 0.982391
vt 0.214711 0.982391
vt 0.214711 0.999526
vt 0.214711 0.982391
vt 0.236130 0.982391
vt 0.236130 0.999526
vt 0.214711 0.999526
vt 0.278967 0.999526
vt 0.278967 0.982391
vt 0.257549 0.982391
vt 0.257549 0.999526
vt 0.257549 0.982391
vt 0.278967 0.982391
vt 0.278967 0.999526
vt 0.257549 0.999526
vt 0.278967 0.982391
vt 0.278967 0.999526
vt 0.257549 0.999526
vt 0.257549 0.982391
vt 0.257549 0.999526
vt 0.278967 0.999526
vt 0.278967 0.982391
vt 0.257549 0.982391
vt 0.049554 0.492050
vt 0.037490 0.492050
vt 0.037490 0.464753
vt 0.049554 0.464753
vt 0.961502 0.464753
vt 0.961502 0.492050
vt 0.949439 0.492050
vt 0.949439 0.464753
vt 0.049554 0.546645
vt 0.037490 0.546645
vt 0.037490 0.519347
vt 0.049554 0.519347
vt 0.961502 0.519347
vt 0.961502 0.546645
vt 0.949439 0.546645
vt 0.949439 0.519347
vt 0.321804 0.982391
vt 0.321804 0.999526
vt 0.300386 0.999526
vt 0.300386 0.982391
vt 0.300386 0.999526
vt 0.321804 0.999526
vt 0.321804 0.982391
vt 0.300386 0.982391
vt 0.321804 0.999526
vt 0.321804 0.982391
vt 0.300386 0.982391
vt 0.300386 0.999526
vt 0.300386 0.982391
vt 0.321804 0.982391
vt 0.321804 0.999526
vt 0.300386 0.999526
vt 0.364642 0.999526
vt 0.364642 0.982391
vt 0.343223 0.982391
vt 0.343223 0.999526
vt 0.343223 0.982391
vt 0.364642 0.982391
vt 0.364642 0.999526
vt 0.343223 0.999526
vt 0.364642 0.982391
vt 0.364642 0.999526
vt 0.343223 0.999526
vt 0.343223 0.982391
vt 0.343223 0.999526
vt 0.364642 0.999526
vt 0.364642 0.982391
vt 0.343223 0.982391
vt 0.049554 0.601240
vt 0.037490 0.601240
vt 0.037490 0.573942
vt 0.049554 0.573942
vt 0.961502 0.573942
vt 0.961502 0.601240
vt 0.949439 0.601240
vt 0.949439 0.573942
vt 0.049554 0.655834
vt 0.037490 0.655834
vt 0.037490 0.628537
vt 0.049554 0.628537
vt 0.961502 0.628537
vt 0.961502 0.655834
vt 0.949439 0.655834
vt 0.949439 0.628537
vt 0.407479 0.982391
vt 0.407479 0.999526
vt 0.386060 0.999526
vt 0.386060 0.982391
vt 0.386060 0.999526
vt 0.407479 0.999526
vt 0.407479 0.982391
vt 0.386060 0.982391
vt 0.407479 0.999526
vt 0.407479 0.982391
vt 0.386060 0.982391
vt 0.386060 0.999526
vt 0.386060 0.982391
vt 0.407479 0.982391
vt 0.407479 0.999526
vt 0.386060 0.999526
vt 1.000000 1.000000
vt 0.000000 1.000000
vt 0.000000 0.000000
vt 1.000000 0.000000
vt 0.000000 0.000000
vt 0.000000 1.000000
vt 1.000000 1.000000
vt 1.000000 0.000000
vt 1.000000 1.000000
vt 1.000000 0.000000
vt 0.000000 0.000000
vt 0.000000 1.000000
vt 0.000000 0.000000
vt 1.000000 0.000000
vt 1.000000 1.000000
vt 0.000000 1.000000
vt 1.000000 1.000000
vt 0.000000 1.000000
vt 0.000000 0.000000
vt 1.000000 0.000000
vt 0.000000 0.000000
vt 0.000000 1.000000
vt 1.000000 1.000000
vt 1.000000 0.000000
vt 1.000000 1.000000
vt 0.000000 1.000000
vt 0.000000 0.000000
vt 1.000000 0.000000
vt 0.000000 0.000000
vt 0.000000 1.000000
vt 1.000000 1.000000
vt 1.000000 0.000000
vt 1.000000 1.000000
vt 0.000000 1.000000
vt 0.000000 0.000000
vt 1.000000 0.000000
vt 0.000000 0.000000
vt 0.000000 1.000000
vt 1.000000 1.000000
vt 1.000000 0.000000
vt 0.343223 0.999526
vt 0.343223 0.999526
vt 0.343223 0.982391
vt 0.343223 0.982391
vt 0.343223 0.982391
vt 0.343223 0.999526
vt 0.343223 0.999526
vt 0.343223 0.982391
vt 1.000000 1.000000
vt 0.000000 1.000000
vt 0.000000 0.000000
vt 1.000000 0.000000
vt 0.000000 0.000000
vt 0.000000 1.000000
vt 1.000000 1.000000
vt 1.000000 0.000000
vt 0.222184 0.905923
vt 0.240913 0.947248
vt 0.222212 0.947248
vt 0.222212 0.947248
vt 0.240913 0.947248
vt 0.222184 0.905923
vt 0.262882 0.947248
vt 0.262882 0.947248
vt 0.286978 0.947248
vt 0.286978 0.947248
vt 0.407166 0.920831
vt 0.359266 0.947248
vt 0.335170 0.947248
vt 0.335170 0.947248
vt 0.359266 0.947248
vt 0.407166 0.920831
vt 0.381114 0.947248
vt 0.381114 0.947248
vt 0.398454 0.947248
vt 0.398454 0.947248
vt 0.395788 0.947248
vt 0.395788 0.947248
vt 0.224439 0.947248
vt 0.224439 0.947248
vt 0.311074 0.947248
vt 0.311074 0.947248
vt 0.037490 0.437455
vt 0.049554 0.437455
vt 0.049554 0.464753
vt 0.037490 0.464753
vt 0.949439 0.464753
vt 0.949439 0.437455
vt 0.961502 0.437455
vt 0.961502 0.464753
vt 0.037490 0.519347
vt 0.037490 0.492050
vt 0.049554 0.492050
vt 0.049554 0.519347
vt 0.949439 0.492050
vt 0.961502 0.492050
vt 0.961502 0.519347
vt 0.949439 0.519347
vt 1.000000 1.000000
vt 0.000000 1.000000
vt 0.000000 0.000000
vt 1.000000 0.000000
vt 0.000000 0.000000
vt 0.000000 1.000000
vt 1.000000 1.000000
vt 1.000000 0.000000
vt 0.037490 0.601240
vt 0.049554 0.601240
vt 0.049554 0.628537
vt 0.037490 0.628537
vt 0.949439 0.628537
vt 0.949439 0.601240
vt 0.961502 0.601240
vt 0.961502 0.628537
vt 0.037490 0.546645
vt 0.049554 0.546645
vt 0.049554 0.573942
vt 0.037490 0.573942
vt 0.949439 0.573942
vt 0.949439 0.546645
vt 0.961502 0.546645
vt 0.961502 0.573942
vt 0.359250 0.920831
vt 0.359250 0.920831
vt 0.311058 0.920831
vt 0.311058 0.920831
vt 0.262866 0.920831
vt 0.262866 0.920831
vt 0.311058 0.905923
vt 0.311058 0.905923
vt 0.477052 0.920831
vt 0.525260 0.947248
vt 0.501164 0.947248
vt 0.436369 0.905923
vt 0.501164 0.947248
vt 0.525260 0.947248
vt 0.477052 0.920831
vt 0.436369 0.905923
vt 0.573436 0.920831
vt 0.621628 0.920831
vt 0.549356 0.947248
vt 0.549356 0.947248
vt 0.621628 0.920831
vt 0.573436 0.920831
vt 0.525244 0.905923
vt 0.621628 0.883374
vt 0.525244 0.920831
vt 0.621628 0.883374
vt 0.525244 0.905923
vt 0.525244 0.920831
vt 0.525244 0.883574
vt 0.438593 0.905923
vt 0.486690 0.919494
vt 0.525244 0.897928
vt 0.486690 0.919494
vt 0.438593 0.905923
vt 0.525244 0.883574
vt 0.525244 0.897928
vt 0.563797 0.907372
vt 0.621628 0.883374
vt 0.563797 0.907372
vt 0.621628 0.883374
vt 0.525260 0.947248
vt 0.549356 0.947248
vt 0.549356 0.947248
vt 0.525260 0.947248
vt 0.501164 0.947248
vt 0.501164 0.947248
vt 0.436369 0.883374
vt 0.436369 0.883374
vt 0.037490 0.819618
vt 0.049554 0.819618
vt 0.049554 0.846916
vt 0.037490 0.846916
vt 0.949439 0.846916
vt 0.949439 0.819618
vt 0.961502 0.819618
vt 0.961502 0.846916
vt 1.000000 1.000000
vt 1.000000 0.000000
vt 0.000000 0.000000
vt 0.000000 1.000000
vt 0.949439 0.901511
vt 0.949439 0.874214
vt 0.961502 0.874214
vt 0.961502 0.901511
vt 0.578827 0.982391
vt 0.578827 0.982391
vt 0.578827 0.999526
vt 0.578827 0.999526
vt 0.578827 0.999526
vt 0.578827 0.982391
vt 0.578827 0.982391
vt 0.578827 0.999526
vt 0.000000 0.000000
vt 0.000000 0.500000
vt 1.000000 1.000000
vt 1.000000 0.875000
vt 1.000000 1.000000
vt 0.000000 0.500000
vt 0.000000 0.000000
vt 1.000000 0.875000
vt 0.621665 0.982391
vt 0.621644 0.947248
vt 0.597548 0.935099
vt 0.600246 0.982391
vt 0.597548 0.935099
vt 0.621644 0.947248
vt 0.621665 0.982391
vt 0.600246 0.982391
vt 0.578827 0.982391
vt 0.578827 0.982391
vt 0.000000 1.000000
vt 0.000000 1.000000
vt 0.037490 0.792321
vt 0.037490 0.765024
vt 0.049554 0.765024
vt 0.049554 0.792321
vt 0.949439 0.765024
vt 0.961502 0.765024
vt 0.961502 0.792321
vt 0.949439 0.792321
vt 0.037490 0.710429
vt 0.049554 0.710429
vt 0.049554 0.737726
vt 0.037490 0.737726
vt 0.949439 0.737726
vt 0.949439 0.710429
vt 0.961502 0.710429
vt 0.961502 0.737726
vt 0.572078 0.957957
vt 0.557409 0.982391
vt 0.572078 0.957957
vt 0.557409 0.982391
vt 0.535990 0.982391
vt 0.535990 0.982391
vt 0.514572 0.982391
vt 0.514572 0.982391
vt 0.450316 0.982391
vt 0.456892 0.949390
vt 0.438625 0.947248
vt 0.428897 0.982391
vt 0.438625 0.947248
vt 0.456892 0.949390
vt 0.450316 0.982391
vt 0.428897 0.982391
vt 0.471734 0.982391
vt 0.480281 0.957957
vt 0.480281 0.957957
vt 0.471734 0.982391
vt 0.493153 0.982391
vt 0.493153 0.982391
vt 0.557409 0.982391
vt 0.573452 0.947248
vt 0.597548 0.947248
vt 0.578827 0.982391
vt 0.597548 0.947248
vt 0.573452 0.947248
vt 0.557409 0.982391
vt 0.578827 0.982391
vt 0.514572 0.982391
vt 0.535990 0.982391
vt 0.514572 0.982391
vt 0.535990 0.982391
vt 0.428897 0.982391
vt 0.436398 0.947248
vt 0.455099 0.947248
vt 0.450316 0.982391
vt 0.455099 0.947248
vt 0.436398 0.947248
vt 0.428897 0.982391
vt 0.450316 0.982391
vt 0.477068 0.947248
vt 0.471734 0.982391
vt 0.477068 0.947248
vt 0.471734 0.982391
vt 0.493153 0.982391
vt 0.493153 0.982391
vt 0.000000 1.000000
vt 1.000000 1.000000
vt 1.000000 0.875000
vt 1.000000 0.875000
vt 1.000000 1.000000
vt 0.000000 1.000000
vt 1.000000 1.000000
vt 0.000000 1.000000
vt 0.000000 0.000000
vt 1.000000 0.000000
vt 0.000000 0.000000
vt 0.000000 1.000000
vt 1.000000 1.000000
vt 1.000000 0.000000
vt 1.000000 1.000000
vt 1.000000 0.000000
vt 0.000000 0.000000
vt 0.000000 1.000000
vt 0.000000 0.000000
vt 1.000000 0.000000
vt 1.000000 1.000000
vt 0.000000 1.000000
vt 1.000000 1.000000
vt 0.000000 1.000000
vt 0.000000 0.000000
vt 1.000000 0.000000
vt 0.000000 0.000000
vt 0.000000 1.000000
vt 1.000000 1.000000
vt 1.000000 0.000000
vt 1.000000 1.000000
vt 0.000000 1.000000
vt 0.000000 0.000000
vt 1.000000 0.000000
vt 0.000000 0.000000
vt 0.000000 1.000000
vt 1.000000 1.000000
vt 1.000000 0.000000
vt 1.000000 1.000000
vt 0.000000 1.000000
vt 0.000000 0.000000
vt 1.000000 0.000000
vt 0.000000 0.000000
vt 0.000000 1.000000
vt 1.000000 1.000000
vt 1.000000 0.000000
vt 1.000000 1.000000
vt 1.000000 0.000000
vt 0.000000 0.000000
vt 0.000000 1.000000
vt 0.000000 0.000000
vt 1.000000 0.000000
vt 1.000000 1.000000
vt 0.000000 1.000000
vt 1.000000 1.000000
vt 0.000000 1.000000
vt 0.000000 0.000000
vt 1.000000 0.000000
vt 0.000000 0.000000
vt 0.000000 1.000000
vt 1.000000 1.000000
vt 1.000000 0.000000
vt 1.000000 1.000000
vt 0.000000 1.000000
vt 0.000000 0.000000
vt 1.000000 0.000000
vt 0.000000 0.000000
vt 0.000000 1.000000
vt 1.000000 1.000000
vt 1.000000 0.000000
vt 1.000000 1.000000
vt 0.000000 1.000000
vt 0.000000 0.000000
vt 1.000000 0.000000
vt 0.000000 0.000000
vt 0.000000 1.000000
vt 1.000000 1.000000
vt 1.000000 0.000000
vt 1.000000 1.000000
vt 0.000000 1.000000
vt 0.000000 0.000000
vt 1.000000 0.000000
vt 0.961502 0.901511
vt 0.961502 0.928808
vt 0.949439 0.928808
vt 0.949439 0.901511
vt 0.049554 0.874214
vt 0.037490 0.874214
vt 0.037490 0.846916
vt 0.049554 0.846916
vt 0.961502 0.846916
vt 0.961502 0.874214
vt 0.949439 0.874214
vt 0.949439 0.846916
vt 0.578827 0.999526
vt 0.557409 0.999526
vt 0.557409 0.999526
vt 0.578827 0.999526
vt 0.578827 0.999526
vt 0.557409 0.999526
vt 0.578827 0.999526
vt 0.557409 0.999526
vt 0.535990 0.999526
vt 0.514572 0.999526
vt 0.535990 0.999526
vt 0.514572 0.999526
vt 0.535990 0.999526
vt 0.514572 0.999526
vt 0.514572 0.999526
vt 0.535990 0.999526
vt 0.049554 0.819618
vt 0.037490 0.819618
vt 0.037490 0.792321
vt 0.049554 0.792321
vt 0.961502 0.792321
vt 0.961502 0.819618
vt 0.949439 0.819618
vt 0.949439 0.792321
vt 0.049554 0.765024
vt 0.037490 0.765024
vt 0.037490 0.737726
vt 0.049554 0.737726
vt 0.961502 0.737726
vt 0.961502 0.765024
vt 0.949439 0.765024
vt 0.949439 0.737726
vt 0.493153 0.999526
vt 0.471734 0.999526
vt 0.471734 0.999526
vt 0.493153 0.999526
vt 0.493153 0.999526
vt 0.471734 0.999526
vt 0.493153 0.999526
vt 0.471734 0.999526
vt 0.450316 0.999526
vt 0.428897 0.999526
vt 0.450316 0.999526
vt 0.428897 0.999526
vt 0.450316 0.999526
vt 0.428897 0.999526
vt 0.428897 0.999526
vt 0.450316 0.999526
vt 0.049554 0.710429
vt 0.037490 0.710429
vt 0.037490 0.683131
vt 0.049554 0.683131
vt 0.961502 0.683131
vt 0.961502 0.710429
vt 0.949439 0.710429
vt 0.949439 0.683131
vt 0.436369 0.805839
vt 0.621628 0.805839
vt 0.436369 0.805839
vt 0.621628 0.805839
vt 0.436369 0.737839
vt 0.621628 0.737839
vt 0.436369 0.737839
vt 0.621628 0.737839
vt 0.525244 0.883574
vt 0.535953 0.876948
vt 0.525244 0.876948
vt 0.525244 0.876948
vt 0.535953 0.876948
vt 0.525244 0.883574
vt 0.536810 0.881812
vt 0.536810 0.881812
vt 0.537774 0.797092
vt 0.537774 0.737839
vt 0.525244 0.737839
vt 0.525244 0.797092
vt 0.525244 0.737839
vt 0.537774 0.737839
vt 0.537774 0.797092
vt 0.525244 0.797092
vt 0.069681 0.367150
vt 0.069681 0.284866
vt 0.054819 0.284866
vt 0.054819 0.356755
vt 0.964175 0.284866
vt 0.949313 0.284866
vt 0.949313 0.367150
vt 0.964175 0.356755
vt 0.621628 0.805659
vt 0.621628 0.737839
vt 0.540280 0.737839
vt 0.540280 0.805659
vt 0.540280 0.737839
vt 0.621628 0.737839
vt 0.621628 0.805659
vt 0.540280 0.805659
vt 0.537774 0.809977
vt 0.525244 0.809977
vt 0.525244 0.809977
vt 0.537774 0.809977
vt 0.069681 0.459543
vt 0.069681 0.372389
vt 0.057667 0.372389
vt 0.064790 0.453641
vt 0.961326 0.372389
vt 0.949313 0.372389
vt 0.949313 0.459543
vt 0.954204 0.453641
vt 0.621628 0.809977
vt 0.540280 0.809977
vt 0.536810 0.881812
vt 0.540280 0.809977
vt 0.621628 0.809977
vt 0.536810 0.881812
vt 0.514534 0.876948
vt 0.513678 0.881812
vt 0.513678 0.881812
vt 0.514534 0.876948
vt 0.510208 0.805659
vt 0.510208 0.737839
vt 0.438593 0.737839
vt 0.438593 0.805659
vt 0.438593 0.737839
vt 0.510208 0.737839
vt 0.510208 0.805659
vt 0.438593 0.805659
vt 0.054819 0.356755
vt 0.054819 0.284866
vt 0.069681 0.284866
vt 0.069681 0.367150
vt 0.949313 0.284866
vt 0.964175 0.284866
vt 0.964175 0.356755
vt 0.949313 0.367150
vt 0.512714 0.737839
vt 0.512714 0.797092
vt 0.512714 0.737839
vt 0.512714 0.797092
vt 0.513678 0.881812
vt 0.510208 0.809977
vt 0.438593 0.809977
vt 0.438593 0.883374
vt 0.438593 0.809977
vt 0.510208 0.809977
vt 0.513678 0.881812
vt 0.438593 0.883374
vt 0.064790 0.453641
vt 0.057667 0.372389
vt 0.069681 0.372389
vt 0.069681 0.459543
vt 0.949313 0.372389
vt 0.961326 0.372389
vt 0.954204 0.453641
vt 0.949313 0.459543
vt 0.512714 0.809977
vt 0.512714 0.809977
vt 0.404952 0.947248
vt 0.395788 0.947248
vt 0.438625 0.947248
vt 0.430970 0.947248
vt 0.438625 0.947248
vt 0.395788 0.947248
vt 0.404952 0.947248
vt 0.430970 0.947248
vt 0.043695 0.488796
vt 0.069681 0.488796
vt 0.069681 0.461437
vt 0.043695 0.461437
vt 0.949313 0.461437
vt 0.949313 0.488796
vt 0.975299 0.488796
vt 0.975299 0.461437
vt 0.069681 0.372389
vt 0.043695 0.372389
vt 0.949313 0.372389
vt 0.975299 0.372389
vt 0.069681 0.367150
vt 0.043695 0.367150
vt 0.949313 0.367150
vt 0.975299 0.367150
vt 0.043695 0.538933
vt 0.069681 0.538933
vt 0.949313 0.538933
vt 0.975299 0.538933
vt 0.069681 0.284866
vt 0.043695 0.284866
vt 0.949313 0.284866
vt 0.975299 0.284866
vt 0.043695 0.284866
vt 0.069681 0.284866
vt 0.069681 0.367150
vt 0.043695 0.367150
vt 0.949313 0.367150
vt 0.949313 0.284866
vt 0.975299 0.284866
vt 0.975299 0.367150
vt 0.069681 0.372388
vt 0.043695 0.372388
vt 0.949313 0.372388
vt 0.975299 0.372388
vt 0.069681 0.461437
vt 0.043695 0.461437
vt 0.949313 0.461437
vt 0.975299 0.461437
vt 0.043695 0.367150
vt 0.069681 0.367150
vt 0.069681 0.284866
vt 0.043695 0.284866
vt 0.949313 0.284866
vt 0.949313 0.367150
vt 0.975299 0.367150
vt 0.975299 0.284866
vt 0.043695 0.538933
vt 0.069681 0.538933
vt 0.069681 0.488796
vt 0.043695 0.488796
vt 0.949313 0.488796
vt 0.949313 0.538933
vt 0.975299 0.538933
vt 0.975299 0.488796
vt 0.043695 0.372388
vt 0.069681 0.372388
vt 0.949313 0.372388
vt 0.975299 0.372388
vt 0.043695 0.461437
vt 0.069681 0.461437
vt 0.949313 0.461437
vt 0.975299 0.461437
vt 0.069681 0.538933
vt 0.043695 0.538933
vt 0.949313 0.538933
vt 0.975299 0.538933
vt 0.043695 0.461437
vt 0.069681 0.461437
vt 0.069681 0.538933
vt 0.043695 0.538933
vt 0.949313 0.538933
vt 0.949313 0.461437
vt 0.975299 0.461437
vt 0.975299 0.538933
vt 0.043695 0.372388
vt 0.069681 0.372388
vt 0.949313 0.372388
vt 0.975299 0.372388
vt 0.043695 0.367150
vt 0.069681 0.367150
vt 0.949313 0.367150
vt 0.975299 0.367150
vt 0.043695 0.284866
vt 0.069681 0.284866
vt 0.949313 0.284866
vt 0.975299 0.284866
vt 0.430950 0.737839
vt 0.404932 0.737839
vt 0.404932 0.805659
vt 0.430950 0.805659
vt 0.404932 0.805659
vt 0.404932 0.737839
vt 0.430950 0.737839
vt 0.430950 0.805659
vt 0.404932 0.809977
vt 0.430950 0.809977
vt 0.404932 0.809977
vt 0.430950 0.809977
vt 0.430950 0.883374
vt 0.404932 0.883374
vt 0.430950 0.883374
vt 0.404932 0.883374
vt 0.430950 0.905923
vt 0.430950 0.905923
vt 0.430970 0.947248
vt 0.404952 0.947248
vt 0.430970 0.947248
vt 0.404952 0.947248
vt 0.216764 0.805659
vt 0.216764 0.737839
vt 0.190746 0.737839
vt 0.190746 0.805659
vt 0.190746 0.737839
vt 0.216764 0.737839
vt 0.216764 0.805659
vt 0.190746 0.805659
vt 0.216764 0.809977
vt 0.190746 0.809977
vt 0.216764 0.809977
vt 0.190746 0.809977
vt 0.190746 0.883374
vt 0.216764 0.883374
vt 0.190746 0.883374
vt 0.216764 0.883374
vt 0.216764 0.905923
vt 0.216764 0.905923
vt 0.190766 0.947248
vt 0.216784 0.947248
vt 0.190766 0.947248
vt 0.216784 0.947248
vt 0.080080 0.048312
vt 0.091000 0.098667
vt 0.040978 0.087746
vt 0.040978 0.048312
vt 0.948712 0.087746
vt 0.898688 0.098667
vt 0.909609 0.048312
vt 0.948712 0.048312
vt 0.082648 0.109587
vt 0.040978 0.101397
vt 0.948712 0.101397
vt 0.907041 0.109587
vt 0.094540 0.048312
vt 0.102892 0.090476
vt 0.886796 0.090476
vt 0.895148 0.048312
vt 0.080080 0.117109
vt 0.040978 0.117109
vt 0.948712 0.117109
vt 0.909609 0.117109
vt 0.080080 0.808437
vt 0.040978 0.808437
vt 0.948712 0.808437
vt 0.909609 0.808437
vt 0.112372 0.048312
vt 0.112372 0.087746
vt 0.877317 0.087746
vt 0.877317 0.048312
vt 0.356990 0.048312
vt 0.356990 0.087746
vt 0.632699 0.087746
vt 0.632699 0.048312
vt -2.737922 0.014752
vt -2.739048 0.020908
vt -3.242579 0.017052
vt -3.241453 0.010896
vt 4.241692 0.019065
vt 3.735404 0.024054
vt 3.736292 0.017907
vt 4.242579 0.012918
vt 0.678532 0.025546
vt 0.678600 0.021449
vt 0.692930 0.021701
vt 0.692862 0.025798
vt 0.304367 0.019607
vt 0.318677 0.019806
vt 0.318624 0.023897
vt 0.304314 0.023698
vt -1.120518 0.020342
vt -1.121561 0.026502
vt -1.625459 0.022666
vt -1.624378 0.016507
vt 2.623423 0.022657
vt 2.116741 0.027985
vt 2.117634 0.021834
vt 2.624316 0.016508
vt 0.626033 0.024630
vt 0.626098 0.020531
vt 0.637649 0.020730
vt 0.637583 0.024828
vt 0.359569 0.020376
vt 0.371103 0.020537
vt 0.371049 0.024630
vt 0.359516 0.024468
vt 0.657557 0.025177
vt 0.657624 0.021080
vt 0.339624 0.020098
vt 0.339570 0.024189
vt 0.040978 0.808437
vt 0.080080 0.808437
vt 0.080080 0.808437
vt 0.040978 0.808437
vt 0.909609 0.808437
vt 0.909609 0.808437
vt 0.948712 0.808437
vt 0.948712 0.808437
vt 0.040978 0.087746
vt 0.091000 0.098667
vt 0.080080 0.048312
vt 0.040978 0.048312
vt 0.909609 0.048312
vt 0.898688 0.098667
vt 0.948712 0.087746
vt 0.948712 0.048312
vt 0.040978 0.101397
vt 0.082648 0.109587
vt 0.907041 0.109587
vt 0.948712 0.101397
vt 0.102892 0.090476
vt 0.094540 0.048312
vt 0.895148 0.048312
vt 0.886796 0.090476
vt 0.040978 0.117109
vt 0.080080 0.117109
vt 0.909609 0.117109
vt 0.948712 0.117109
vt 0.040978 0.808437
vt 0.080080 0.808437
vt 0.909609 0.808437
vt 0.948712 0.808437
vt 0.112372 0.087746
vt 0.112372 0.048312
vt 0.877317 0.048312
vt 0.877317 0.087746
vt 0.356990 0.087746
vt 0.356990 0.048312
vt 0.632699 0.048312
vt 0.632699 0.087746
vt 0.393348 0.488796
vt 0.361781 0.461437
vt 0.361805 0.538933
vt 0.393372 0.538933
vt 0.657189 0.538933
vt 0.657213 0.461437
vt 0.625646 0.488796
vt 0.625622 0.538933
vt 0.393348 0.461437
vt 0.625646 0.461437
vt 0.393348 0.372389
vt 0.361781 0.372389
vt 0.657213 0.372389
vt 0.625646 0.372389
vt 0.393348 0.367150
vt 0.361781 0.367150
vt 0.657213 0.367150
vt 0.625646 0.367150
vt 0.393348 0.284866
vt 0.361781 0.284866
vt 0.657213 0.284866
vt 0.625646 0.284866
vt 0.594305 0.374587
vt 0.562724 0.374587
vt 0.562724 0.474586
vt 0.594305 0.474586
vt 0.562724 0.474586
vt 0.562724 0.374587
vt 0.594305 0.374587
vt 0.594305 0.474586
vt 0.562724 0.480953
vt 0.594305 0.480953
vt 0.562724 0.480953
vt 0.594305 0.480953
vt 0.562724 0.589173
vt 0.594305 0.589173
vt 0.562724 0.589173
vt 0.594305 0.589173
vt 0.562724 0.683353
vt 0.594305 0.683353
vt 0.562724 0.683353
vt 0.594305 0.683353
vt 0.594305 0.622421
vt 0.562724 0.622421
vt 0.562724 0.589173
vt 0.594305 0.589173
vt 0.562724 0.589173
vt 0.562724 0.622421
vt 0.594305 0.622421
vt 0.594305 0.589173
vt 0.562724 0.480953
vt 0.594305 0.480953
vt 0.562724 0.480953
vt 0.594305 0.480953
vt 0.562724 0.474586
vt 0.594305 0.474586
vt 0.562724 0.474586
vt 0.594305 0.474586
vt 0.594305 0.683353
vt 0.562724 0.683353
vt 0.562724 0.683353
vt 0.594305 0.683353
vt 0.562724 0.374587
vt 0.594305 0.374587
vt 0.562724 0.374587
vt 0.594305 0.374587
vt 0.399923 0.488796
vt 0.399957 0.538933
vt 0.353922 0.538933
vt 0.364492 0.506882
vt 0.665072 0.538933
vt 0.619036 0.538933
vt 0.619071 0.488796
vt 0.654502 0.506882
vt 0.399923 0.461437
vt 0.353887 0.461437
vt 0.619071 0.461437
vt 0.665107 0.461437
vt 0.399922 0.367367
vt 0.353888 0.367367
vt 0.619072 0.367367
vt 0.665106 0.367367
vt 0.399923 0.284866
vt 0.353887 0.284866
vt 0.619071 0.284866
vt 0.665107 0.284866
vt 0.449281 0.506882
vt 0.509497 0.538933
vt 0.478535 0.538933
vt 0.540459 0.538933
vt 0.569713 0.506882
vt 0.509497 0.488796
vt 0.509497 0.506882
vt 0.509497 0.461680
vt 0.402621 0.488796
vt 0.509497 0.505260
vt 0.509497 0.479095
vt 0.616373 0.488796
vt 0.478535 0.538933
vt 0.509497 0.538933
vt 0.540459 0.538933
vt 0.402168 0.928785
vt 0.402168 0.916721
vt 0.429465 0.916721
vt 0.429465 0.928785
vt 0.569527 0.916721
vt 0.596825 0.916721
vt 0.596825 0.928785
vt 0.569527 0.928785
vt 0.416843 0.581571
vt 0.424822 0.541532
vt 0.402659 0.538933
vt 0.390857 0.581571
vt 0.616334 0.538933
vt 0.594172 0.541532
vt 0.602151 0.581571
vt 0.628137 0.581571
vt 0.442830 0.581571
vt 0.453199 0.551926
vt 0.565795 0.551926
vt 0.576164 0.581571
vt 0.468816 0.581571
vt 0.550178 0.581571
vt 0.390857 0.581571
vt 0.422647 0.538933
vt 0.416843 0.581571
vt 0.596347 0.538933
vt 0.628137 0.581571
vt 0.602151 0.581571
vt 0.449301 0.538933
vt 0.442830 0.581571
vt 0.569693 0.538933
vt 0.576164 0.581571
vt 0.468816 0.581571
vt 0.550178 0.581571
vt 1.000000 1.000000
vt 0.000000 1.000000
vt 0.000000 0.000000
vt 1.000000 0.000000
vt 0.000000 0.000000
vt 0.000000 1.000000
vt 1.000000 1.000000
vt 1.000000 0.000000
vt 1.000000 1.000000
vt 1.000000 0.000000
vt 0.000000 0.000000
vt 0.000000 1.000000
vt 0.000000 0.000000
vt 1.000000 0.000000
vt 1.000000 1.000000
vt 0.000000 1.000000
vt 1.000000 1.000000
vt 0.000000 1.000000
vt 0.000000 0.000000
vt 1.000000 0.000000
vt 0.000000 0.000000
vt 0.000000 1.000000
vt 1.000000 1.000000
vt 1.000000 0.000000
vt 0.456762 0.916721
vt 0.456762 0.928785
vt 0.429465 0.928785
vt 0.429465 0.916721
vt 0.569527 0.928785
vt 0.542230 0.928785
vt 0.542230 0.916721
vt 0.569527 0.916721
vt 0.468816 0.602360
vt 0.442830 0.602360
vt 0.576164 0.602360
vt 0.550178 0.602360
vt 0.468816 0.602360
vt 0.442830 0.602360
vt 0.550178 0.602360
vt 0.576164 0.602360
vt 0.416843 0.602360
vt 0.390857 0.602360
vt 0.602151 0.602360
vt 0.628137 0.602360
vt 0.416843 0.602360
vt 0.390857 0.602360
vt 0.628137 0.602360
vt 0.602151 0.602360
vt 0.402168 0.916721
vt 0.402168 0.928785
vt 0.374870 0.928785
vt 0.374870 0.916721
vt 0.624122 0.928785
vt 0.596825 0.928785
vt 0.596825 0.916721
vt 0.624122 0.916721
vt 0.509497 0.461680
vt 0.496572 0.453641
vt 0.495533 0.459543
vt 0.523461 0.459543
vt 0.522422 0.453641
vt 0.509497 0.453641
vt 0.491323 0.367150
vt 0.491323 0.284866
vt 0.402621 0.284866
vt 0.402621 0.367150
vt 0.616373 0.284866
vt 0.527671 0.284866
vt 0.527671 0.367150
vt 0.616373 0.367150
vt 0.580786 0.461954
vt 0.580786 0.374587
vt 0.562724 0.374587
vt 0.562724 0.474586
vt 0.562724 0.374587
vt 0.580786 0.374587
vt 0.580786 0.461954
vt 0.562724 0.474586
vt 0.509497 0.356755
vt 0.509497 0.284866
vt 0.494363 0.284866
vt 0.494363 0.356755
vt 0.524631 0.284866
vt 0.524631 0.356755
vt 0.495533 0.459543
vt 0.491323 0.372389
vt 0.402621 0.372389
vt 0.402621 0.461437
vt 0.616373 0.372389
vt 0.527671 0.372389
vt 0.523461 0.459543
vt 0.616373 0.461437
vt 0.568669 0.579698
vt 0.577324 0.480953
vt 0.562724 0.480953
vt 0.562724 0.586870
vt 0.562724 0.480953
vt 0.577324 0.480953
vt 0.568669 0.579698
vt 0.562724 0.586870
vt 0.509497 0.372389
vt 0.494363 0.372389
vt 0.524631 0.372389
vt 0.201113 0.505260
vt 0.247907 0.538933
vt 0.294663 0.490554
vt 0.247888 0.479095
vt 0.724331 0.490554
vt 0.771087 0.538933
vt 0.817881 0.505260
vt 0.771106 0.479095
vt 0.333973 0.524193
vt 0.350648 0.461437
vt 0.277142 0.538933
vt 0.304710 0.551926
vt 0.741852 0.538933
vt 0.668346 0.461437
vt 0.685021 0.524193
vt 0.714284 0.551926
vt 0.218673 0.538933
vt 0.130950 0.488796
vt 0.152408 0.541532
vt 0.193336 0.551926
vt 0.866586 0.541532
vt 0.888044 0.488796
vt 0.800321 0.538933
vt 0.825658 0.551926
vt 0.261920 0.459543
vt 0.247888 0.461680
vt 0.771106 0.461680
vt 0.757074 0.459543
vt 0.233855 0.459543
vt 0.130950 0.461437
vt 0.888044 0.461437
vt 0.785139 0.459543
vt 0.130950 0.367150
vt 0.130950 0.372389
vt 0.229645 0.372389
vt 0.229645 0.367150
vt 0.789348 0.372389
vt 0.888044 0.372389
vt 0.888044 0.367150
vt 0.789348 0.367150
vt 0.562724 0.474586
vt 0.562724 0.480953
vt 0.577324 0.480953
vt 0.580786 0.461954
vt 0.577324 0.480953
vt 0.562724 0.480953
vt 0.562724 0.474586
vt 0.580786 0.461954
vt 0.232686 0.356755
vt 0.232686 0.372389
vt 0.247888 0.372389
vt 0.247888 0.356755
vt 0.771106 0.372389
vt 0.786308 0.372389
vt 0.786308 0.356755
vt 0.771106 0.356755
vt 0.247888 0.453641
vt 0.234895 0.453641
vt 0.771106 0.453641
vt 0.784099 0.453641
vt 0.568669 0.579698
vt 0.562724 0.586870
vt 0.568669 0.579698
vt 0.562724 0.586870
vt 0.247888 0.284866
vt 0.232686 0.284866
vt 0.786308 0.284866
vt 0.771106 0.284866
vt 0.580786 0.374587
vt 0.562724 0.374587
vt 0.562724 0.374587
vt 0.580786 0.374587
vt 0.229645 0.284866
vt 0.130950 0.284866
vt 0.888044 0.284866
vt 0.789348 0.284866
vt 0.247888 0.461680
vt 0.771106 0.461680
vt 0.233855 0.459543
vt 0.785139 0.459543
vt 0.263090 0.372389
vt 0.263090 0.356755
vt 0.755904 0.372389
vt 0.755904 0.356755
vt 0.580786 0.461954
vt 0.577324 0.480953
vt 0.562724 0.480953
vt 0.562724 0.474586
vt 1.000000 0.166667
vt 1.000000 0.333333
vt 0.000000 0.333333
vt 0.000000 0.166667
vt 0.266130 0.367150
vt 0.266130 0.372389
vt 0.350648 0.372389
vt 0.350648 0.367150
vt 0.668346 0.372389
vt 0.752864 0.372389
vt 0.752864 0.367150
vt 0.668346 0.367150
vt 0.562724 0.586870
vt 0.568669 0.579698
vt 0.000000 0.666667
vt 0.000000 0.833333
vt 1.000000 0.833333
vt 1.000000 0.666667
vt 0.260881 0.453641
vt 0.758113 0.453641
vt 0.350648 0.284866
vt 0.266130 0.284866
vt 0.752864 0.284866
vt 0.668346 0.284866
vt 0.562724 0.374587
vt 0.580786 0.374587
vt 1.000000 0.666667
vt 1.000000 0.833333
vt 0.000000 0.833333
vt 0.000000 0.666667
vt 0.263090 0.284866
vt 0.755904 0.284866
vt 0.261920 0.459543
vt 0.757074 0.459543
vt 0.130950 0.367367
vt 0.130950 0.284866
vt 0.888044 0.284866
vt 0.888044 0.367367
vt 0.130950 0.461437
vt 0.888044 0.461437
vt 0.129194 0.916721
vt 0.129194 0.928785
vt 0.101897 0.928785
vt 0.101897 0.916721
vt 0.897096 0.928785
vt 0.869798 0.928785
vt 0.869798 0.916721
vt 0.897096 0.916721
vt 0.156981 0.581571
vt 0.156981 0.602360
vt 0.130995 0.602360
vt 0.130995 0.581571
vt 0.887999 0.602360
vt 0.862013 0.602360
vt 0.862013 0.581571
vt 0.887999 0.581571
vt 0.156981 0.602360
vt 0.156981 0.581571
vt 0.130995 0.581571
vt 0.130995 0.602360
vt 0.887999 0.581571
vt 0.862013 0.581571
vt 0.862013 0.602360
vt 0.887999 0.602360
vt 0.208953 0.602360
vt 0.208953 0.581571
vt 0.182967 0.581571
vt 0.182967 0.602360
vt 0.836027 0.581571
vt 0.810041 0.581571
vt 0.810041 0.602360
vt 0.836027 0.602360
vt 0.208953 0.581571
vt 0.208953 0.602360
vt 0.182967 0.602360
vt 0.182967 0.581571
vt 0.836027 0.602360
vt 0.810041 0.602360
vt 0.810041 0.581571
vt 0.836027 0.581571
vt 0.183789 0.916721
vt 0.183789 0.928785
vt 0.156492 0.928785
vt 0.156492 0.916721
vt 0.842501 0.928785
vt 0.815204 0.928785
vt 0.815204 0.916721
vt 0.842501 0.916721
vt 0.238384 0.916721
vt 0.238384 0.928785
vt 0.211086 0.928785
vt 0.211086 0.916721
vt 0.787906 0.928785
vt 0.760609 0.928785
vt 0.760609 0.916721
vt 0.787906 0.916721
vt 0.260926 0.581571
vt 0.260926 0.602360
vt 0.234940 0.602360
vt 0.234940 0.581571
vt 0.784054 0.602360
vt 0.758068 0.602360
vt 0.758068 0.581571
vt 0.784054 0.581571
vt 0.260926 0.602360
vt 0.260926 0.581571
vt 0.234940 0.581571
vt 0.234940 0.602360
vt 0.784054 0.581571
vt 0.758068 0.581571
vt 0.758068 0.602360
vt 0.784054 0.602360
vt 0.312898 0.602360
vt 0.312898 0.581571
vt 0.286912 0.581571
vt 0.286912 0.602360
vt 0.732082 0.581571
vt 0.706096 0.581571
vt 0.706096 0.602360
vt 0.732082 0.602360
vt 0.312898 0.581571
vt 0.312898 0.602360
vt 0.286912 0.602360
vt 0.286912 0.581571
vt 0.732082 0.602360
vt 0.706096 0.602360
vt 0.706096 0.581571
vt 0.732082 0.581571
vt 0.292978 0.916721
vt 0.292978 0.928785
vt 0.265681 0.928785
vt 0.265681 0.916721
vt 0.733311 0.928785
vt 0.706014 0.928785
vt 0.706014 0.916721
vt 0.733311 0.916721
vt 0.347573 0.916721
vt 0.347573 0.928785
vt 0.320276 0.928785
vt 0.320276 0.916721
vt 0.678717 0.928785
vt 0.651419 0.928785
vt 0.651419 0.916721
vt 0.678717 0.916721
vt 0.364871 0.581571
vt 0.364871 0.602360
vt 0.338885 0.602360
vt 0.338885 0.581571
vt 0.680109 0.602360
vt 0.654123 0.602360
vt 0.654123 0.581571
vt 0.680109 0.581571
vt 0.364871 0.602360
vt 0.364871 0.581571
vt 0.338885 0.581571
vt 0.338885 0.602360
vt 0.000000 0.000000
vt 0.000000 1.000000
vt 1.000000 1.000000
vt 1.000000 0.000000
vt 1.000000 1.000000
vt 0.000000 1.000000
vt 0.000000 0.000000
vt 1.000000 0.000000
vt 0.000000 0.000000
vt 0.000000 1.000000
vt 1.000000 1.000000
vt 1.000000 0.000000
vt 1.000000 1.000000
vt 1.000000 0.000000
vt 0.000000 0.000000
vt 0.000000 1.000000
vt 0.000000 0.000000
vt 1.000000 0.000000
vt 1.000000 1.000000
vt 0.000000 1.000000
vt 1.000000 1.000000
vt 0.000000 1.000000
vt 0.000000 0.000000
vt 1.000000 0.000000
vt 0.000000 0.000000
vt 0.000000 1.000000
vt 1.000000 1.000000
vt 1.000000 0.000000
vt 1.000000 1.000000
vt 0.000000 1.000000
vt 0.000000 0.000000
vt 1.000000 0.000000
vt 0.000000 0.000000
vt 0.000000 1.000000
vt 1.000000 1.000000
vt 1.000000 0.000000
vt 1.000000 1.000000
vt 0.000000 1.000000
vt 0.000000 0.000000
vt 1.000000 0.000000
vt 0.000000 0.000000
vt 0.000000 1.000000
vt 1.000000 1.000000
vt 1.000000 0.000000
vt 1.000000 1.000000
vt 1.000000 0.000000
vt 0.000000 0.000000
vt 0.000000 1.000000
vt 0.000000 0.000000
vt 1.000000 0.000000
vt 1.000000 1.000000
vt 0.000000 1.000000
vt 1.000000 1.000000
vt 0.000000 1.000000
vt 0.000000 0.000000
vt 1.000000 0.000000
vt 0.000000 0.000000
vt 0.000000 1.000000
vt 1.000000 1.000000
vt 1.000000 0.000000
vt 0.130950 0.488796
vt 0.160204 0.538933
vt 0.130969 0.538933
vt 0.888025 0.538933
vt 0.858790 0.538933
vt 0.888044 0.488796
vt 0.189438 0.538933
vt 0.829556 0.538933
vt 0.218673 0.538933
vt 0.800321 0.538933
vt 0.306376 0.538933
vt 0.277142 0.538933
vt 0.741852 0.538933
vt 0.712618 0.538933
vt 0.332884 0.538933
vt 0.686110 0.538933
vt 0.350687 0.538933
vt 0.668307 0.538933
vt 0.130969 0.538933
vt 0.888025 0.538933
vt 0.247907 0.538933
vt 0.771087 0.538933
vt 0.129194 0.928785
vt 0.129194 0.916721
vt 0.156492 0.916721
vt 0.156492 0.928785
vt 0.842501 0.916721
vt 0.869798 0.916721
vt 0.869798 0.928785
vt 0.842501 0.928785
vt 0.211086 0.928785
vt 0.183789 0.928785
vt 0.183789 0.916721
vt 0.211086 0.916721
vt 0.815204 0.916721
vt 0.815204 0.928785
vt 0.787906 0.928785
vt 0.787906 0.916721
vt 0.680109 0.581571
vt 0.654123 0.581571
vt 1.000000 1.000000
vt 0.000000 1.000000
vt 0.000000 0.000000
vt 1.000000 0.000000
vt 0.000000 0.000000
vt 0.000000 1.000000
vt 1.000000 1.000000
vt 1.000000 0.000000
vt 0.292978 0.928785
vt 0.292978 0.916721
vt 0.320276 0.916721
vt 0.320276 0.928785
vt 0.678717 0.916721
vt 0.706014 0.916721
vt 0.706014 0.928785
vt 0.678717 0.928785
vt 0.238384 0.928785
vt 0.238384 0.916721
vt 0.265681 0.916721
vt 0.265681 0.928785
vt 0.733311 0.916721
vt 0.760609 0.916721
vt 0.760609 0.928785
vt 0.733311 0.928785
vt 0.306357 0.506882
vt 0.712637 0.506882
vt 0.247888 0.506882
vt 0.771106 0.506882
vt 0.189419 0.506882
vt 0.829575 0.506882
vt 0.247888 0.488796
vt 0.771106 0.488796
vt 0.509497 0.461437
vt 0.509497 0.367367
vt 0.509497 0.284866
vt 0.495250 0.581571
vt 0.523743 0.581571
vt 0.495250 0.581571
vt 0.523743 0.581571
vt 0.484531 0.916721
vt 0.484531 0.928785
vt 0.456762 0.928785
vt 0.456762 0.916721
vt 0.542230 0.928785
vt 0.514462 0.928785
vt 0.514462 0.916721
vt 0.542230 0.916721
vt 0.509497 0.581571
vt 0.509497 0.581571
vt 0.500000 0.000000
vt 0.500000 1.000000
vt 0.000000 1.000000
vt 0.000000 0.000000
vt 0.000000 1.000000
vt 0.500000 1.000000
vt 0.500000 0.000000
vt 0.000000 0.000000
vt 0.495250 0.602153
vt 0.509497 0.602153
vt 0.523743 0.602153
vt 0.509497 0.602153
vt 0.495250 0.602153
vt 0.523743 0.602153
vt 0.484531 0.916721
vt 0.499496 0.916721
vt 0.499496 0.928785
vt 0.484531 0.928785
vt 0.514462 0.916721
vt 0.514462 0.928785
vt 0.112372 0.837800
vt 0.112372 0.877234
vt 0.494845 0.877234
vt 0.494845 0.837800
vt 0.877317 0.877234
vt 0.877317 0.837800
vt 0.102892 0.835069
vt 0.094540 0.877234
vt 0.895148 0.877234
vt 0.886796 0.835069
vt 0.040978 0.824149
vt 0.082648 0.815959
vt 0.080080 0.808437
vt 0.040978 0.808437
vt 0.909609 0.808437
vt 0.907041 0.815959
vt 0.948712 0.824149
vt 0.948712 0.808437
vt 0.091000 0.826880
vt 0.080080 0.877234
vt 0.909609 0.877234
vt 0.898688 0.826880
vt 0.040978 0.837800
vt 0.948712 0.837800
vt 0.040978 0.877234
vt 0.948712 0.877234
vt 0.584241 0.021894
vt 0.564257 0.021589
vt 0.564315 0.017489
vt 0.584301 0.017794
vt 0.433012 0.017433
vt 0.432958 0.021528
vt 0.412996 0.021247
vt 0.413050 0.017153
vt 0.543269 0.021278
vt 0.543326 0.017179
vt 0.453982 0.017729
vt 0.453928 0.021826
vt 0.595794 0.022078
vt 0.595857 0.017978
vt 0.401457 0.021085
vt 0.401511 0.016991
vt 0.528932 0.021069
vt 0.528987 0.016970
vt 0.468312 0.017933
vt 0.468257 0.022030
vt -0.006413 0.021858
vt 0.500876 0.016694
vt 0.499959 0.022851
vt -0.007339 0.028016
vt 1.004577 0.020414
vt 1.003664 0.026570
vt 0.494845 0.877234
vt 0.112372 0.877234
vt 0.112372 0.837800
vt 0.494845 0.837800
vt 0.877317 0.837800
vt 0.877317 0.877234
vt 0.094540 0.877234
vt 0.102892 0.835069
vt 0.886796 0.835069
vt 0.895148 0.877234
vt 0.080080 0.808437
vt 0.082648 0.815959
vt 0.040978 0.824149
vt 0.040978 0.808437
vt 0.948712 0.824149
vt 0.907041 0.815959
vt 0.909609 0.808437
vt 0.948712 0.808437
vt 0.080080 0.877234
vt 0.091000 0.826880
vt 0.898688 0.826880
vt 0.909609 0.877234
vt 0.040978 0.837800
vt 0.948712 0.837800
vt 0.040978 0.877234
vt 0.948712 0.877234
vt 0.890467 0.717852
vt 0.871520 0.696860
vt 0.939556 0.717852
vt 0.958504 0.696860
vt 0.915012 0.723485
vt 0.871538 0.696872
vt 0.890649 0.717865
vt 0.958485 0.696872
vt 0.939374 0.717865
vt 0.915012 0.723401
vt 0.019855 0.547779
vt 0.041725 0.547701
vt 0.019854 0.452233
vt 0.041725 0.452311
vt 0.041615 0.500007
vt 0.041702 0.522332
vt 0.019753 0.522510
vt 0.019802 0.500007
vt 0.019753 0.477503
vt 0.041702 0.477681
vt 0.041725 0.547701
vt 0.019855 0.547779
vt 0.019854 0.452233
vt 0.041725 0.452311
vt 0.395761 0.832612
vt 0.367074 0.759180
vt 0.370589 0.757802
vt 0.399724 0.829516
vt 0.374121 0.756496
vt 0.403529 0.826476
vt 0.377620 0.755216
vt 0.407185 0.823498
vt 0.381069 0.753914
vt 0.410702 0.820588
vt 0.384480 0.752665
vt 0.414087 0.817748
vt 0.387944 0.751554
vt 0.417351 0.814984
vt 0.391383 0.750490
vt 0.420500 0.812297
vt 0.394771 0.749414
vt 0.423542 0.809689
vt 0.398143 0.748448
vt 0.426484 0.807161
vt 0.401445 0.747542
vt 0.429333 0.804713
vt 0.404665 0.746645
vt 0.432095 0.802345
vt 0.407809 0.745871
vt 0.434776 0.800057
vt 0.410833 0.745129
vt 0.437383 0.797847
vt 0.413832 0.744531
vt 0.439921 0.795712
vt 0.416744 0.743991
vt 0.442396 0.793649
vt 0.419552 0.743454
vt 0.444815 0.791654
vt 0.422274 0.743011
vt 0.447180 0.789724
vt 0.424872 0.742567
vt 0.449499 0.787852
vt 0.427351 0.742204
vt 0.451774 0.786035
vt 0.429669 0.741880
vt 0.454012 0.784267
vt 0.431808 0.741557
vt 0.456217 0.782541
vt 0.433825 0.741288
vt 0.458394 0.780850
vt 0.435667 0.740964
vt 0.460549 0.779187
vt 0.437344 0.740568
vt 0.462685 0.777545
vt 0.438869 0.740057
vt 0.464810 0.775917
vt 0.440158 0.739342
vt 0.466928 0.774294
vt 0.368154 0.850000
vt 0.346092 0.766297
vt 0.349675 0.765374
vt 0.373227 0.848663
vt 0.378133 0.845405
vt 0.353174 0.764222
vt 0.356618 0.763085
vt 0.382828 0.842162
vt 0.360078 0.761808
vt 0.387324 0.838943
vt 0.363581 0.760540
vt 0.391631 0.835757
vt 0.433268 0.525486
vt 0.432452 0.536239
vt 0.420977 0.535185
vt 0.421700 0.524793
vt 0.409607 0.534012
vt 0.410794 0.524337
vt 0.398056 0.532066
vt 0.402164 0.524038
vt 0.314312 0.539384
vt 0.310135 0.532648
vt 0.311976 0.526362
vt 0.304171 0.533913
vt 0.302816 0.541776
vt 0.299934 0.528678
vt 0.402164 0.524038
vt 0.398056 0.532066
vt 0.397916 0.517215
vt 0.385501 0.531636
vt 0.382483 0.524042
vt 0.385400 0.517804
vt 0.376366 0.524365
vt 0.373865 0.532000
vt 0.372918 0.518642
vt 0.361665 0.532875
vt 0.358294 0.525806
vt 0.360746 0.519761
vt 0.352345 0.526477
vt 0.350241 0.534018
vt 0.348727 0.520970
vt 0.338049 0.535451
vt 0.334282 0.528525
vt 0.336530 0.522309
vt 0.328214 0.529530
vt 0.326540 0.537255
vt 0.324150 0.524169
vt 0.445100 0.526458
vt 0.444047 0.537421
vt 0.457095 0.527732
vt 0.455749 0.538848
vt 0.469247 0.529328
vt 0.467549 0.540580
vt 0.481519 0.531159
vt 0.479505 0.542550
vt 0.493911 0.533393
vt 0.491626 0.544958
vt 0.506508 0.535949
vt 0.503908 0.547708
vt 0.519324 0.538826
vt 0.516392 0.550810
vt 0.532407 0.542027
vt 0.529107 0.554264
vt 0.545751 0.545434
vt 0.542139 0.557973
vt 0.559378 0.549216
vt 0.555520 0.562146
vt 0.573434 0.553252
vt 0.569299 0.566686
vt 0.587897 0.557339
vt 0.583695 0.571518
vt 0.602531 0.561335
vt 0.599098 0.576787
vt 0.214112 0.558972
vt 0.217777 0.570153
vt 0.205126 0.574586
vt 0.202494 0.562757
vt 0.225485 0.555163
vt 0.229829 0.565298
vt 0.402164 0.524038
vt 0.397916 0.517215
vt 0.409944 0.515400
vt 0.410794 0.524337
vt 0.421856 0.514987
vt 0.421700 0.524793
vt 0.433877 0.515279
vt 0.433268 0.525486
vt 0.446028 0.516030
vt 0.445100 0.526458
vt 0.458306 0.517146
vt 0.457095 0.527732
vt 0.470717 0.518589
vt 0.469247 0.529328
vt 0.483261 0.520330
vt 0.481519 0.531159
vt 0.495953 0.522397
vt 0.493911 0.533393
vt 0.508828 0.524771
vt 0.506508 0.535949
vt 0.521913 0.527440
vt 0.519324 0.538826
vt 0.535235 0.530388
vt 0.532407 0.542027
vt 0.548815 0.533579
vt 0.545751 0.545434
vt 0.562678 0.537018
vt 0.559378 0.549216
vt 0.576874 0.540632
vt 0.573434 0.553252
vt 0.591422 0.544302
vt 0.587897 0.557339
vt 0.606366 0.547922
vt 0.602531 0.561335
vt 0.202494 0.562757
vt 0.198592 0.552751
vt 0.210922 0.548705
vt 0.214112 0.558972
vt 0.223419 0.545218
vt 0.225485 0.555163
vt 0.234686 0.552230
vt 0.241573 0.559437
vt 0.237124 0.543811
vt 0.234686 0.552230
vt 0.254985 0.546049
vt 0.254466 0.554774
vt 0.250115 0.540689
vt 0.266349 0.551050
vt 0.261191 0.544383
vt 0.262571 0.537488
vt 0.290494 0.544498
vt 0.285916 0.537754
vt 0.287615 0.531154
vt 0.279760 0.539372
vt 0.278821 0.547556
vt 0.275021 0.534193
vt 0.261191 0.544383
vt 0.266349 0.551050
vt 0.254466 0.554774
vt 0.254985 0.546049
vt 0.279760 0.539372
vt 0.285916 0.537754
vt 0.290494 0.544498
vt 0.278821 0.547556
vt 0.310135 0.532648
vt 0.314312 0.539384
vt 0.302816 0.541776
vt 0.304171 0.533913
vt 0.334282 0.528525
vt 0.338049 0.535451
vt 0.326540 0.537255
vt 0.328214 0.529530
vt 0.358294 0.525806
vt 0.361665 0.532875
vt 0.350241 0.534018
vt 0.352345 0.526477
vt 0.382483 0.524042
vt 0.385501 0.531636
vt 0.373865 0.532000
vt 0.376366 0.524365
vt 0.279760 0.539372
vt 0.275021 0.534193
vt 0.287615 0.531154
vt 0.285916 0.537754
vt 0.304171 0.533913
vt 0.299934 0.528678
vt 0.311976 0.526362
vt 0.310135 0.532648
vt 0.328214 0.529530
vt 0.324150 0.524169
vt 0.336530 0.522309
vt 0.334282 0.528525
vt 0.352345 0.526477
vt 0.348727 0.520970
vt 0.360746 0.519761
vt 0.358294 0.525806
vt 0.376366 0.524365
vt 0.372918 0.518642
vt 0.385400 0.517804
vt 0.382483 0.524042
vt 0.254985 0.546049
vt 0.250115 0.540689
vt 0.262571 0.537488
vt 0.261191 0.544383
vt 0.232079 0.607150
vt 0.217777 0.570153
vt 0.229829 0.565298
vt 0.244042 0.601640
vt 0.278134 0.586845
vt 0.266349 0.551050
vt 0.278821 0.547556
vt 0.289106 0.582940
vt 0.267043 0.591293
vt 0.254466 0.554774
vt 0.255708 0.596274
vt 0.241573 0.559437
vt 0.219640 0.612542
vt 0.205126 0.574586
vt 0.565858 0.614133
vt 0.583695 0.571518
vt 0.599098 0.576787
vt 0.579744 0.621328
vt 0.552941 0.607355
vt 0.569299 0.566686
vt 0.540574 0.601281
vt 0.555520 0.562146
vt 0.528576 0.595943
vt 0.542139 0.557973
vt 0.516820 0.591260
vt 0.529107 0.554264
vt 0.505255 0.587018
vt 0.516392 0.550810
vt 0.494027 0.583158
vt 0.503908 0.547708
vt 0.482996 0.579788
vt 0.491626 0.544958
vt 0.472095 0.576901
vt 0.479505 0.542550
vt 0.461286 0.574487
vt 0.467549 0.540580
vt 0.450532 0.572481
vt 0.455749 0.538848
vt 0.439807 0.570858
vt 0.444047 0.537421
vt 0.429067 0.569547
vt 0.432452 0.536239
vt 0.418318 0.568381
vt 0.420977 0.535185
vt 0.407645 0.567379
vt 0.409607 0.534012
vt 0.396975 0.566664
vt 0.398056 0.532066
vt 0.386257 0.566431
vt 0.385501 0.531636
vt 0.375566 0.566701
vt 0.373865 0.532000
vt 0.364851 0.567438
vt 0.361665 0.532875
vt 0.354150 0.568603
vt 0.350241 0.534018
vt 0.343369 0.570182
vt 0.338049 0.535451
vt 0.332531 0.572012
vt 0.326540 0.537255
vt 0.321673 0.574117
vt 0.314312 0.539384
vt 0.310851 0.576611
vt 0.302816 0.541776
vt 0.299983 0.579542
vt 0.290494 0.544498
vt 0.241573 0.559437
vt 0.237124 0.543811
vt 0.250115 0.540689
vt 0.254466 0.554774
vt 0.278821 0.547556
vt 0.266349 0.551050
vt 0.262571 0.537488
vt 0.275021 0.534193
vt 0.290494 0.544498
vt 0.287615 0.531154
vt 0.299934 0.528678
vt 0.302816 0.541776
vt 0.314312 0.539384
vt 0.311976 0.526362
vt 0.324150 0.524169
vt 0.326540 0.537255
vt 0.338049 0.535451
vt 0.336530 0.522309
vt 0.348727 0.520970
vt 0.350241 0.534018
vt 0.361665 0.532875
vt 0.360746 0.519761
vt 0.372918 0.518642
vt 0.373865 0.532000
vt 0.385501 0.531636
vt 0.385400 0.517804
vt 0.397916 0.517215
vt 0.398056 0.532066
vt 0.235474 0.166345
vt 0.250869 0.166345
vt 0.250869 0.430422
vt 0.235474 0.430422
vt 0.266182 0.166345
vt 0.266182 0.430422
vt 0.281450 0.166345
vt 0.281450 0.430422
vt 0.296806 0.166345
vt 0.296806 0.430422
vt 0.312226 0.166345
vt 0.312226 0.430422
vt 0.327624 0.166345
vt 0.327624 0.430422
vt 0.343024 0.166345
vt 0.343024 0.430422
vt 0.358552 0.166345
vt 0.358552 0.430422
vt 0.374161 0.166345
vt 0.374161 0.430422
vt 0.389660 0.166345
vt 0.389660 0.430422
vt 0.405031 0.166345
vt 0.405031 0.430422
vt 0.420342 0.166345
vt 0.420342 0.430422
vt 0.435630 0.166345
vt 0.435630 0.430422
vt 0.450916 0.166345
vt 0.450916 0.430422
vt 0.466210 0.166345
vt 0.466210 0.430422
vt 0.481525 0.166345
vt 0.481525 0.430422
vt 0.496868 0.166345
vt 0.496868 0.430422
vt 0.512248 0.166345
vt 0.512248 0.430422
vt 0.527673 0.166345
vt 0.527673 0.430422
vt 0.543152 0.166345
vt 0.543152 0.430422
vt 0.558694 0.166345
vt 0.558694 0.430422
vt 0.574308 0.166345
vt 0.574308 0.430422
vt 0.590004 0.166345
vt 0.590004 0.430422
vt 0.605802 0.166345
vt 0.605802 0.430422
vt 0.621736 0.166345
vt 0.621736 0.430422
vt 0.637852 0.166345
vt 0.637852 0.430422
vt 0.142056 0.166345
vt 0.157948 0.166345
vt 0.157948 0.430422
vt 0.142056 0.430422
vt 0.173674 0.166345
vt 0.173674 0.430422
vt 0.189286 0.166345
vt 0.189286 0.430422
vt 0.204742 0.166345
vt 0.204742 0.430422
vt 0.220089 0.166345
vt 0.220089 0.430422
vt 0.279031 0.533869
vt 0.279031 0.442987
vt 0.291733 0.442987
vt 0.291733 0.533869
vt 0.304388 0.442987
vt 0.304388 0.533869
vt 0.316959 0.442987
vt 0.316959 0.533869
vt 0.331710 0.533869
vt 0.331710 0.442987
vt 0.344284 0.442987
vt 0.344284 0.533869
vt 0.356893 0.442987
vt 0.356893 0.533869
vt 0.369468 0.442987
vt 0.369468 0.533869
vt 0.384300 0.533869
vt 0.384300 0.442987
vt 0.397106 0.442987
vt 0.397106 0.533869
vt 0.409876 0.442987
vt 0.409876 0.533869
vt 0.422680 0.442987
vt 0.422680 0.533869
vt 0.435600 0.442987
vt 0.435600 0.533869
vt 0.448634 0.442987
vt 0.448634 0.533869
vt 0.461781 0.442987
vt 0.461781 0.533869
vt 0.475047 0.442987
vt 0.475047 0.533869
vt 0.488435 0.442987
vt 0.488435 0.533869
vt 0.501957 0.442987
vt 0.501957 0.533869
vt 0.515636 0.442987
vt 0.515636 0.533869
vt 0.529492 0.442987
vt 0.529492 0.533869
vt 0.543543 0.442987
vt 0.543543 0.533869
vt 0.557806 0.442987
vt 0.557806 0.533869
vt 0.572300 0.442987
vt 0.572300 0.533869
vt 0.587052 0.442987
vt 0.587052 0.533869
vt 0.602073 0.442987
vt 0.602073 0.533869
vt 0.617338 0.442987
vt 0.617338 0.533869
vt 0.183146 0.533869
vt 0.183146 0.442987
vt 0.196121 0.442987
vt 0.196121 0.533869
vt 0.209087 0.442987
vt 0.209087 0.533869
vt 0.224971 0.533869
vt 0.224971 0.442987
vt 0.238190 0.442987
vt 0.238190 0.533869
vt 0.251208 0.442987
vt 0.251208 0.533869
vt 0.264038 0.442987
vt 0.264038 0.533869
vt 0.270447 0.439754
vt 0.268872 0.438232
vt 0.283003 0.435113
vt 0.283532 0.437616
vt 0.296559 0.433049
vt 0.296799 0.435569
vt 0.310828 0.431904
vt 0.309767 0.433651
vt 0.326891 0.431503
vt 0.325444 0.430048
vt 0.339465 0.427615
vt 0.339842 0.430103
vt 0.352945 0.426249
vt 0.353041 0.428773
vt 0.367167 0.425782
vt 0.366017 0.427577
vt 0.383199 0.426039
vt 0.381838 0.424625
vt 0.396012 0.422833
vt 0.396297 0.425323
vt 0.409679 0.422029
vt 0.409807 0.424625
vt 0.423459 0.421555
vt 0.423504 0.424166
vt 0.437334 0.421336
vt 0.437322 0.423958
vt 0.451301 0.421362
vt 0.451240 0.423997
vt 0.465365 0.421619
vt 0.465257 0.424271
vt 0.479522 0.422100
vt 0.479377 0.424771
vt 0.493788 0.422795
vt 0.493609 0.425487
vt 0.508181 0.423694
vt 0.507960 0.426409
vt 0.522700 0.424783
vt 0.522444 0.427524
vt 0.537360 0.426053
vt 0.537070 0.428822
vt 0.552172 0.427490
vt 0.551852 0.430291
vt 0.567148 0.429083
vt 0.566798 0.431924
vt 0.582304 0.430823
vt 0.581921 0.433717
vt 0.597643 0.432714
vt 0.597231 0.435695
vt 0.613217 0.434809
vt 0.612724 0.437942
vt 0.629486 0.437301
vt 0.628310 0.440668
vt 0.167699 0.462015
vt 0.165919 0.459196
vt 0.180639 0.455095
vt 0.181319 0.457874
vt 0.195753 0.452469
vt 0.194756 0.454310
vt 0.212818 0.450740
vt 0.211042 0.449166
vt 0.225579 0.445339
vt 0.226264 0.447897
vt 0.239462 0.442589
vt 0.239846 0.445147
vt 0.254028 0.440785
vt 0.253054 0.442519
vt 0.254028 0.440785
vt 0.253007 0.434238
vt 0.267633 0.431764
vt 0.268872 0.438232
vt 0.281888 0.429070
vt 0.283003 0.435113
vt 0.295856 0.426989
vt 0.296559 0.433049
vt 0.310129 0.425454
vt 0.310828 0.431904
vt 0.324543 0.423641
vt 0.325444 0.430048
vt 0.338670 0.421612
vt 0.339465 0.427615
vt 0.352556 0.420198
vt 0.352945 0.426249
vt 0.366793 0.419327
vt 0.367167 0.425782
vt 0.381238 0.418185
vt 0.381838 0.424625
vt 0.395449 0.416796
vt 0.396012 0.422833
vt 0.409379 0.415984
vt 0.409679 0.422029
vt 0.423319 0.415475
vt 0.423459 0.421555
vt 0.437318 0.415225
vt 0.437334 0.421336
vt 0.451392 0.415213
vt 0.451301 0.421362
vt 0.465556 0.415433
vt 0.465365 0.421619
vt 0.479807 0.415872
vt 0.479522 0.422100
vt 0.494163 0.416518
vt 0.493788 0.422795
vt 0.508641 0.417362
vt 0.508181 0.423694
vt 0.523241 0.418395
vt 0.522700 0.424783
vt 0.537975 0.419599
vt 0.537360 0.426053
vt 0.552858 0.420967
vt 0.552172 0.427490
vt 0.567899 0.422476
vt 0.567148 0.429083
vt 0.583120 0.424115
vt 0.582304 0.430823
vt 0.598533 0.425855
vt 0.597643 0.432714
vt 0.614221 0.427655
vt 0.613217 0.434809
vt 0.630704 0.429587
vt 0.629486 0.437301
vt 0.165919 0.459196
vt 0.163548 0.452142
vt 0.179074 0.448456
vt 0.180639 0.455095
vt 0.194327 0.445636
vt 0.195753 0.452469
vt 0.209458 0.442504
vt 0.211042 0.449166
vt 0.224132 0.439152
vt 0.225579 0.445339
vt 0.238442 0.436413
vt 0.239462 0.442589
vt 0.253007 0.434238
vt 0.252531 0.431227
vt 0.267060 0.428787
vt 0.267633 0.431764
vt 0.281378 0.426327
vt 0.281888 0.429070
vt 0.295543 0.424233
vt 0.295856 0.426989
vt 0.281450 0.430422
vt 0.296806 0.430422
vt 0.310129 0.425454
vt 0.309813 0.422477
vt 0.324129 0.420685
vt 0.324543 0.423641
vt 0.338313 0.418879
vt 0.338670 0.421612
vt 0.352400 0.417442
vt 0.352556 0.420198
vt 0.366633 0.416344
vt 0.366793 0.419327
vt 0.380962 0.415213
vt 0.381238 0.418185
vt 0.395178 0.414051
vt 0.395449 0.416796
vt 0.409237 0.413231
vt 0.409379 0.415984
vt 0.423262 0.412705
vt 0.423319 0.415475
vt 0.437321 0.412440
vt 0.437318 0.415225
vt 0.451444 0.412413
vt 0.451392 0.415213
vt 0.465648 0.412616
vt 0.465556 0.415433
vt 0.479946 0.413037
vt 0.479807 0.415872
vt 0.494347 0.413662
vt 0.494163 0.416518
vt 0.508859 0.414483
vt 0.508641 0.417362
vt 0.523494 0.415490
vt 0.523241 0.418395
vt 0.538264 0.416666
vt 0.537975 0.419599
vt 0.553177 0.418000
vt 0.552858 0.420967
vt 0.568251 0.419471
vt 0.567899 0.422476
vt 0.583499 0.421057
vt 0.583120 0.424115
vt 0.598957 0.422713
vt 0.598533 0.425855
vt 0.614689 0.424346
vt 0.614221 0.427655
vt 0.630784 0.425742
vt 0.630704 0.429587
vt 0.163548 0.452142
vt 0.162674 0.448430
vt 0.178323 0.445401
vt 0.179074 0.448456
vt 0.193640 0.442487
vt 0.194327 0.445636
vt 0.208718 0.439441
vt 0.209458 0.442504
vt 0.223468 0.436350
vt 0.224132 0.439152
vt 0.237979 0.433617
vt 0.238442 0.436413
vt 0.501142 0.453314
vt 0.521951 0.453381
vt 0.521891 0.474153
vt 0.501082 0.474085
vt 0.501142 0.453314
vt 0.521951 0.453381
vt 0.521891 0.474153
vt 0.501082 0.474085
vt 0.501142 0.453314
vt 0.521951 0.453381
vt 0.521891 0.474153
vt 0.501082 0.474085
vt 0.501082 0.432542
vt 0.521891 0.432474
vt 0.521951 0.453246
vt 0.501142 0.453314
vt 0.501142 0.432474
vt 0.521951 0.432542
vt 0.521891 0.453314
vt 0.501082 0.453246
vt 0.501082 0.432542
vt 0.521891 0.432474
vt 0.521951 0.453246
vt 0.501142 0.453314
vt 0.501142 0.432474
vt 0.521951 0.432542
vt 0.521891 0.453314
vt 0.501082 0.453246
vt 0.501142 0.453314
vt 0.521951 0.453381
vt 0.521891 0.474153
vt 0.501082 0.474085
vt 0.501142 0.432474
vt 0.521951 0.432542
vt 0.521891 0.453314
vt 0.501082 0.453246
vt 0.501142 0.432474
vt 0.521951 0.432542
vt 0.521891 0.453314
vt 0.501082 0.453246
vt 0.501142 0.453314
vt 0.521951 0.453381
vt 0.521891 0.474153
vt 0.501082 0.474085
vt 0.501142 0.453314
vt 0.521951 0.453381
vt 0.521891 0.474153
vt 0.501082 0.474085
vt 0.521891 0.432474
vt 0.521951 0.453246
vt 0.501142 0.453314
vt 0.501082 0.432542
vt 0.501082 0.453381
vt 0.521891 0.453314
vt 0.521951 0.474085
vt 0.501142 0.474153
vt 0.501142 0.453314
vt 0.521951 0.453381
vt 0.521891 0.474153
vt 0.501082 0.474085
vt 0.501142 0.453314
vt 0.521951 0.453381
vt 0.521891 0.474153
vt 0.501082 0.474086
vt 0.521891 0.432474
vt 0.521951 0.453246
vt 0.501142 0.453314
vt 0.501082 0.432542
vt 0.501082 0.473254
vt 0.481490 0.473318
vt 0.481461 0.463348
vt 0.501053 0.463284
vt 0.501082 0.453314
vt 0.480272 0.453313
vt 0.480272 0.443343
vt 0.501082 0.443343
vt 0.501053 0.442508
vt 0.481461 0.442444
vt 0.481490 0.432474
vt 0.501082 0.432538
vt 0.501082 0.463284
vt 0.480272 0.463284
vt 0.480272 0.453314
vt 0.501082 0.453314
vt 0.521951 0.453381
vt 0.521891 0.474153
vt 0.501082 0.474085
vt 0.501142 0.453314
vt 0.501082 0.442445
vt 0.481491 0.442508
vt 0.481462 0.432538
vt 0.501053 0.432474
vt 0.480272 0.443343
vt 0.501082 0.443343
vt 0.501082 0.453314
vt 0.480272 0.453313
vt 0.481462 0.463348
vt 0.501053 0.463284
vt 0.501082 0.473255
vt 0.481491 0.473318
vt 0.480272 0.453314
vt 0.501082 0.453314
vt 0.501082 0.463284
vt 0.480272 0.463284
vt 0.521891 0.432474
vt 0.521951 0.453246
vt 0.501142 0.453314
vt 0.501082 0.432542
vt 0.501082 0.473255
vt 0.481491 0.473318
vt 0.481462 0.463348
vt 0.501053 0.463284
vt 0.480272 0.443343
vt 0.501082 0.443343
vt 0.501082 0.453314
vt 0.480272 0.453313
vt 0.481462 0.432538
vt 0.501053 0.432474
vt 0.501082 0.442445
vt 0.481491 0.442508
vt 0.480272 0.453314
vt 0.501082 0.453314
vt 0.501082 0.463284
vt 0.480272 0.463284
vt 0.521891 0.453314
vt 0.521951 0.474085
vt 0.501142 0.474153
vt 0.501082 0.453381
vt 0.501082 0.442444
vt 0.481490 0.442508
vt 0.481461 0.432538
vt 0.501053 0.432474
vt 0.501082 0.453314
vt 0.480272 0.453313
vt 0.480272 0.443343
vt 0.501082 0.443343
vt 0.501053 0.473318
vt 0.481461 0.473255
vt 0.481490 0.463284
vt 0.501082 0.463348
vt 0.501082 0.463284
vt 0.480272 0.463284
vt 0.480272 0.453314
vt 0.501082 0.453314
vt 0.521891 0.453314
vt 0.521951 0.474085
vt 0.501142 0.474153
vt 0.501082 0.453381
vt 0.501082 0.442445
vt 0.481490 0.442508
vt 0.481461 0.432538
vt 0.501053 0.432474
vt 0.501082 0.453314
vt 0.480272 0.453313
vt 0.480272 0.443343
vt 0.501082 0.443343
vt 0.481462 0.463348
vt 0.501053 0.463284
vt 0.501082 0.473255
vt 0.481490 0.473318
vt 0.501082 0.463284
vt 0.480272 0.463284
vt 0.480272 0.453314
vt 0.501082 0.453314
vt 0.521891 0.432474
vt 0.521951 0.453246
vt 0.501142 0.453314
vt 0.501082 0.432542
vt 0.481491 0.463284
vt 0.501082 0.463348
vt 0.501053 0.473318
vt 0.481462 0.473255
vt 0.501082 0.453313
vt 0.480272 0.453314
vt 0.480272 0.443343
vt 0.501082 0.443343
vt 0.481462 0.432538
vt 0.501053 0.432474
vt 0.501082 0.442445
vt 0.481491 0.442508
vt 0.501082 0.463284
vt 0.480272 0.463284
vt 0.480272 0.453314
vt 0.501082 0.453314
vt 0.521891 0.453314
vt 0.521951 0.474085
vt 0.501142 0.474153
vt 0.501082 0.453381
vt 0.481491 0.432474
vt 0.501082 0.432538
vt 0.501053 0.442508
vt 0.481462 0.442445
vt 0.501082 0.453313
vt 0.480272 0.453314
vt 0.480272 0.443343
vt 0.501082 0.443343
vt 0.501053 0.473318
vt 0.481462 0.473255
vt 0.481491 0.463284
vt 0.501082 0.463348
vt 0.501082 0.463284
vt 0.480272 0.463284
vt 0.480272 0.453314
vt 0.501082 0.453314
vt 0.521891 0.453314
vt 0.521951 0.474085
vt 0.501142 0.474153
vt 0.501082 0.453381
vt 0.481491 0.463284
vt 0.501082 0.463348
vt 0.501053 0.473318
vt 0.481462 0.473255
vt 0.501082 0.453314
vt 0.480272 0.453313
vt 0.480272 0.443343
vt 0.501082 0.443343
vt 0.501053 0.442508
vt 0.481462 0.442445
vt 0.481491 0.432474
vt 0.501082 0.432538
vt 0.501082 0.463284
vt 0.480272 0.463284
vt 0.480272 0.453314
vt 0.501082 0.453314
vt 0.521891 0.453314
vt 0.521951 0.474085
vt 0.501142 0.474153
vt 0.501082 0.453381
vt 0.481491 0.432474
vt 0.501082 0.432538
vt 0.501053 0.442508
vt 0.481462 0.442445
vt 0.501082 0.453314
vt 0.480272 0.453313
vt 0.480272 0.443343
vt 0.501082 0.443343
vt 0.501053 0.473318
vt 0.481462 0.473255
vt 0.481491 0.463284
vt 0.501082 0.463348
vt 0.501082 0.463284
vt 0.480272 0.463284
vt 0.480272 0.453314
vt 0.501082 0.453314
vt 0.521951 0.453381
vt 0.521891 0.474153
vt 0.501082 0.474085
vt 0.501142 0.453314
vt 0.501082 0.442445
vt 0.481490 0.442508
vt 0.481462 0.432538
vt 0.501053 0.432474
vt 0.501082 0.453313
vt 0.480272 0.453314
vt 0.480272 0.443343
vt 0.501082 0.443343
vt 0.501053 0.473318
vt 0.481462 0.473255
vt 0.481491 0.463284
vt 0.501082 0.463348
vt 0.501082 0.463284
vt 0.480272 0.463284
vt 0.480272 0.453314
vt 0.501082 0.453314
vt 0.521891 0.432474
vt 0.521951 0.453246
vt 0.501142 0.453314
vt 0.501082 0.432542
vt 0.481491 0.463284
vt 0.501082 0.463348
vt 0.501053 0.473318
vt 0.481462 0.473255
vt 0.480272 0.443343
vt 0.501082 0.443343
vt 0.501082 0.453313
vt 0.480272 0.453314
vt 0.481462 0.432538
vt 0.501053 0.432474
vt 0.501082 0.442445
vt 0.481491 0.442508
vt 0.480272 0.453314
vt 0.501082 0.453314
vt 0.501082 0.463284
vt 0.480272 0.463284
vt 0.521891 0.432474
vt 0.521951 0.453246
vt 0.501142 0.453314
vt 0.501082 0.432542
vt 0.481491 0.463284
vt 0.501082 0.463348
vt 0.501053 0.473318
vt 0.481462 0.473255
vt 0.480272 0.443343
vt 0.501082 0.443343
vt 0.501082 0.453313
vt 0.480272 0.453314
vt 0.501053 0.442508
vt 0.481462 0.442445
vt 0.481491 0.432474
vt 0.501082 0.432538
vt 0.480272 0.453314
vt 0.501082 0.453314
vt 0.501082 0.463284
vt 0.480272 0.463284
vt 0.521891 0.432474
vt 0.521951 0.453246
vt 0.501142 0.453314
vt 0.501082 0.432542
vt 0.481491 0.463284
vt 0.501082 0.463348
vt 0.501053 0.473319
vt 0.481462 0.473255
vt 0.480272 0.443343
vt 0.501082 0.443343
vt 0.501082 0.453314
vt 0.480272 0.453313
vt 0.481462 0.432538
vt 0.501053 0.432474
vt 0.501082 0.442445
vt 0.481491 0.442508
vt 0.480272 0.453314
vt 0.501082 0.453314
vt 0.501082 0.463284
vt 0.480272 0.463284
vt 0.521891 0.432474
vt 0.521951 0.453246
vt 0.501142 0.453314
vt 0.501082 0.432542
vt 0.501082 0.473255
vt 0.481491 0.473319
vt 0.481462 0.463348
vt 0.501053 0.463284
vt 0.480272 0.443343
vt 0.501082 0.443343
vt 0.501082 0.453313
vt 0.480272 0.453314
vt 0.481462 0.432538
vt 0.501053 0.432474
vt 0.501082 0.442445
vt 0.481491 0.442508
vt 0.480272 0.453314
vt 0.501082 0.453314
vt 0.501082 0.463284
vt 0.480272 0.463284
vt 0.521891 0.432474
vt 0.521951 0.453246
vt 0.501142 0.453314
vt 0.501082 0.432542
vt 0.481491 0.463284
vt 0.501082 0.463348
vt 0.501053 0.473318
vt 0.481462 0.473255
vt 0.480272 0.443343
vt 0.501082 0.443343
vt 0.501082 0.453313
vt 0.480272 0.453314
vt 0.481462 0.432538
vt 0.501053 0.432474
vt 0.501082 0.442445
vt 0.481491 0.442508
vt 0.480272 0.453314
vt 0.501082 0.453314
vt 0.501082 0.463284
vt 0.480272 0.463284
vt 0.521951 0.432542
vt 0.521891 0.453314
vt 0.501082 0.453246
vt 0.501142 0.432474
vt 0.481491 0.432474
vt 0.501082 0.432538
vt 0.501053 0.442508
vt 0.481462 0.442444
vt 0.480272 0.443343
vt 0.501082 0.443343
vt 0.501082 0.453313
vt 0.480272 0.453314
vt 0.481462 0.463348
vt 0.501053 0.463284
vt 0.501082 0.473255
vt 0.481491 0.473318
vt 0.480272 0.453314
vt 0.501082 0.453314
vt 0.501082 0.463284
vt 0.480272 0.463284
vt 0.480272 0.453314
vt 0.501082 0.453314
vt 0.501082 0.463284
vt 0.480272 0.463284
vt 0.481462 0.463348
vt 0.501053 0.463284
vt 0.501082 0.473255
vt 0.481491 0.473318
vt 0.480272 0.443343
vt 0.501082 0.443343
vt 0.501082 0.453313
vt 0.480272 0.453314
vt 0.481491 0.432474
vt 0.501082 0.432538
vt 0.501053 0.442508
vt 0.481462 0.442444
vt 0.521951 0.432542
vt 0.521891 0.453314
vt 0.501082 0.453246
vt 0.501142 0.432474
vt 0.480272 0.453314
vt 0.501082 0.453314
vt 0.501082 0.463284
vt 0.480272 0.463284
vt 0.481462 0.432538
vt 0.501053 0.432474
vt 0.501082 0.442445
vt 0.481491 0.442508
vt 0.480272 0.443343
vt 0.501082 0.443343
vt 0.501082 0.453313
vt 0.480272 0.453314
vt 0.481491 0.463284
vt 0.501082 0.463348
vt 0.501053 0.473318
vt 0.481462 0.473255
vt 0.521891 0.432474
vt 0.521951 0.453246
vt 0.501142 0.453314
vt 0.501082 0.432542
vt 0.480272 0.453314
vt 0.501082 0.453314
vt 0.501082 0.463284
vt 0.480272 0.463284
vt 0.481462 0.432538
vt 0.501053 0.432474
vt 0.501082 0.442445
vt 0.481491 0.442508
vt 0.480272 0.443343
vt 0.501082 0.443343
vt 0.501082 0.453313
vt 0.480272 0.453314
vt 0.501082 0.473255
vt 0.481491 0.473319
vt 0.481462 0.463348
vt 0.501053 0.463284
vt 0.521891 0.432474
vt 0.521951 0.453246
vt 0.501142 0.453314
vt 0.501082 0.432542
vt 0.480272 0.453314
vt 0.501082 0.453314
vt 0.501082 0.463284
vt 0.480272 0.463284
vt 0.481462 0.432538
vt 0.501053 0.432474
vt 0.501082 0.442445
vt 0.481491 0.442508
vt 0.480272 0.443343
vt 0.501082 0.443343
vt 0.501082 0.453314
vt 0.480272 0.453313
vt 0.481491 0.463284
vt 0.501082 0.463348
vt 0.501053 0.473319
vt 0.481462 0.473255
vt 0.521891 0.432474
vt 0.521951 0.453246
vt 0.501142 0.453314
vt 0.501082 0.432542
vt 0.480272 0.453314
vt 0.501082 0.453314
vt 0.501082 0.463284
vt 0.480272 0.463284
vt 0.501053 0.442508
vt 0.481462 0.442445
vt 0.481491 0.432474
vt 0.501082 0.432538
vt 0.480272 0.443343
vt 0.501082 0.443343
vt 0.501082 0.453313
vt 0.480272 0.453314
vt 0.481491 0.463284
vt 0.501082 0.463348
vt 0.501053 0.473318
vt 0.481462 0.473255
vt 0.521891 0.432474
vt 0.521951 0.453246
vt 0.501142 0.453314
vt 0.501082 0.432542
vt 0.480272 0.453314
vt 0.501082 0.453314
vt 0.501082 0.463284
vt 0.480272 0.463284
vt 0.481462 0.432538
vt 0.501053 0.432474
vt 0.501082 0.442445
vt 0.481491 0.442508
vt 0.480272 0.443343
vt 0.501082 0.443343
vt 0.501082 0.453313
vt 0.480272 0.453314
vt 0.481491 0.463284
vt 0.501082 0.463348
vt 0.501053 0.473318
vt 0.481462 0.473255
vt 0.521891 0.432474
vt 0.521951 0.453246
vt 0.501142 0.453314
vt 0.501082 0.432542
vt 0.501082 0.463284
vt 0.480272 0.463284
vt 0.480272 0.453314
vt 0.501082 0.453314
vt 0.501053 0.473318
vt 0.481462 0.473255
vt 0.481491 0.463284
vt 0.501082 0.463348
vt 0.501082 0.453313
vt 0.480272 0.453314
vt 0.480272 0.443343
vt 0.501082 0.443343
vt 0.501082 0.442445
vt 0.481490 0.442508
vt 0.481462 0.432538
vt 0.501053 0.432474
vt 0.521951 0.453381
vt 0.521891 0.474153
vt 0.501082 0.474085
vt 0.501142 0.453314
vt 0.501082 0.463284
vt 0.480272 0.463284
vt 0.480272 0.453314
vt 0.501082 0.453314
vt 0.501053 0.473318
vt 0.481462 0.473255
vt 0.481491 0.463284
vt 0.501082 0.463348
vt 0.501082 0.453314
vt 0.480272 0.453313
vt 0.480272 0.443343
vt 0.501082 0.443343
vt 0.481491 0.432474
vt 0.501082 0.432538
vt 0.501053 0.442508
vt 0.481462 0.442445
vt 0.521891 0.453314
vt 0.521951 0.474085
vt 0.501142 0.474153
vt 0.501082 0.453381
vt 0.501082 0.463284
vt 0.480272 0.463284
vt 0.480272 0.453314
vt 0.501082 0.453314
vt 0.501053 0.442508
vt 0.481462 0.442445
vt 0.481491 0.432474
vt 0.501082 0.432538
vt 0.501082 0.453314
vt 0.480272 0.453313
vt 0.480272 0.443343
vt 0.501082 0.443343
vt 0.481491 0.463284
vt 0.501082 0.463348
vt 0.501053 0.473318
vt 0.481462 0.473255
vt 0.521891 0.453314
vt 0.521951 0.474085
vt 0.501142 0.474153
vt 0.501082 0.453381
vt 0.501082 0.463284
vt 0.480272 0.463284
vt 0.480272 0.453314
vt 0.501082 0.453314
vt 0.501053 0.473318
vt 0.481462 0.473255
vt 0.481491 0.463284
vt 0.501082 0.463348
vt 0.501082 0.453313
vt 0.480272 0.453314
vt 0.480272 0.443343
vt 0.501082 0.443343
vt 0.481491 0.432474
vt 0.501082 0.432538
vt 0.501053 0.442508
vt 0.481462 0.442445
vt 0.521891 0.453314
vt 0.521951 0.474085
vt 0.501142 0.474153
vt 0.501082 0.453381
vt 0.501082 0.463284
vt 0.480272 0.463284
vt 0.480272 0.453314
vt 0.501082 0.453314
vt 0.481462 0.432538
vt 0.501053 0.432474
vt 0.501082 0.442445
vt 0.481491 0.442508
vt 0.501082 0.453313
vt 0.480272 0.453314
vt 0.480272 0.443343
vt 0.501082 0.443343
vt 0.481491 0.463284
vt 0.501082 0.463348
vt 0.501053 0.473318
vt 0.481462 0.473255
vt 0.521891 0.432474
vt 0.521951 0.453246
vt 0.501142 0.453314
vt 0.501082 0.432542
vt 0.501082 0.463284
vt 0.480272 0.463284
vt 0.480272 0.453314
vt 0.501082 0.453314
vt 0.481462 0.463348
vt 0.501053 0.463284
vt 0.501082 0.473255
vt 0.481490 0.473318
vt 0.501082 0.453314
vt 0.480272 0.453313
vt 0.480272 0.443343
vt 0.501082 0.443343
vt 0.501082 0.442445
vt 0.481490 0.442508
vt 0.481461 0.432538
vt 0.501053 0.432474
vt 0.521891 0.453314
vt 0.521951 0.474085
vt 0.501142 0.474153
vt 0.501082 0.453381
vt 0.501082 0.463284
vt 0.480272 0.463284
vt 0.480272 0.453314
vt 0.501082 0.453314
vt 0.501053 0.473318
vt 0.481461 0.473255
vt 0.481490 0.463284
vt 0.501082 0.463348
vt 0.501082 0.453314
vt 0.480272 0.453313
vt 0.480272 0.443343
vt 0.501082 0.443343
vt 0.501082 0.442444
vt 0.481490 0.442508
vt 0.481461 0.432538
vt 0.501053 0.432474
vt 0.521891 0.453314
vt 0.521951 0.474085
vt 0.501142 0.474153
vt 0.501082 0.453381
vt 0.480272 0.453314
vt 0.501082 0.453314
vt 0.501082 0.463284
vt 0.480272 0.463284
vt 0.481462 0.432538
vt 0.501053 0.432474
vt 0.501082 0.442445
vt 0.481491 0.442508
vt 0.480272 0.443343
vt 0.501082 0.443343
vt 0.501082 0.453314
vt 0.480272 0.453313
vt 0.501082 0.473255
vt 0.481491 0.473318
vt 0.481462 0.463348
vt 0.501053 0.463284
vt 0.521891 0.432474
vt 0.521951 0.453246
vt 0.501142 0.453314
vt 0.501082 0.432542
vt 0.480272 0.453314
vt 0.501082 0.453314
vt 0.501082 0.463284
vt 0.480272 0.463284
vt 0.481462 0.463348
vt 0.501053 0.463284
vt 0.501082 0.473255
vt 0.481491 0.473318
vt 0.480272 0.443343
vt 0.501082 0.443343
vt 0.501082 0.453314
vt 0.480272 0.453313
vt 0.501082 0.442445
vt 0.481491 0.442508
vt 0.481462 0.432538
vt 0.501053 0.432474
vt 0.521951 0.453381
vt 0.521891 0.474153
vt 0.501082 0.474085
vt 0.501142 0.453314
vt 0.501082 0.463284
vt 0.480272 0.463284
vt 0.480272 0.453314
vt 0.501082 0.453314
vt 0.501053 0.442508
vt 0.481461 0.442444
vt 0.481490 0.432474
vt 0.501082 0.432538
vt 0.501082 0.453314
vt 0.480272 0.453313
vt 0.480272 0.443343
vt 0.501082 0.443343
vt 0.501082 0.473254
vt 0.481490 0.473318
vt 0.481461 0.463348
vt 0.501053 0.463284
vt 0.521891 0.432474
vt 0.521951 0.453246
vt 0.501142 0.453314
vt 0.501082 0.432542
vt 0.501142 0.453314
vt 0.521951 0.453381
vt 0.521891 0.474153
vt 0.501082 0.474086
vt 0.501142 0.453314
vt 0.521951 0.453381
vt 0.521891 0.474153
vt 0.501082 0.474085
vt 0.501082 0.453381
vt 0.521891 0.453314
vt 0.521951 0.474085
vt 0.501142 0.474153
vt 0.521891 0.432474
vt 0.521951 0.453246
vt 0.501142 0.453314
vt 0.501082 0.432542
vt 0.501142 0.453314
vt 0.521951 0.453381
vt 0.521891 0.474153
vt 0.501082 0.474085
vt 0.501142 0.453314
vt 0.521951 0.453381
vt 0.521891 0.474153
vt 0.501082 0.474085
vt 0.501142 0.432474
vt 0.521951 0.432542
vt 0.521891 0.453314
vt 0.501082 0.453246
vt 0.501142 0.432474
vt 0.521951 0.432542
vt 0.521891 0.453314
vt 0.501082 0.453246
vt 0.501142 0.453314
vt 0.521951 0.453381
vt 0.521891 0.474153
vt 0.501082 0.474085
vt 0.501142 0.432474
vt 0.521951 0.432542
vt 0.521891 0.453314
vt 0.501082 0.453246
vt 0.501082 0.432542
vt 0.521891 0.432474
vt 0.521951 0.453246
vt 0.501142 0.453314
vt 0.501142 0.432474
vt 0.521951 0.432542
vt 0.521891 0.453314
vt 0.501082 0.453246
vt 0.501082 0.432542
vt 0.521891 0.432474
vt 0.521951 0.453246
vt 0.501142 0.453314
vt 0.501142 0.453314
vt 0.521951 0.453381
vt 0.521891 0.474153
vt 0.501082 0.474085
vt 0.501142 0.453314
vt 0.521951 0.453381
vt 0.521891 0.474153
vt 0.501082 0.474085
vt 0.501142 0.453314
vt 0.521951 0.453381
vt 0.521891 0.474153
vt 0.501082 0.474085
vt 0.571216 0.261853
vt 0.567913 0.101694
vt 0.587645 0.101694
vt 0.591626 0.261853
vt 0.550954 0.261853
vt 0.548196 0.101694
vt 0.530733 0.261853
vt 0.528486 0.101694
vt 0.510392 0.261853
vt 0.508762 0.101694
vt 0.490050 0.261853
vt 0.489019 0.101694
vt 0.469243 0.261853
vt 0.469244 0.101694
vt 0.448460 0.261853
vt 0.449437 0.101694
vt 0.428279 0.261853
vt 0.429605 0.101694
vt 0.408178 0.261853
vt 0.409729 0.101694
vt 0.387646 0.261853
vt 0.389781 0.101694
vt 0.366615 0.261853
vt 0.369745 0.101694
vt 0.338503 0.261853
vt 0.338503 0.101694
vt 0.316699 0.261853
vt 0.316699 0.101694
vt 0.294602 0.261853
vt 0.294602 0.101694
vt 0.272451 0.261853
vt 0.272451 0.101694
vt 0.250256 0.261853
vt 0.250256 0.101694
vt 0.228055 0.261853
vt 0.228055 0.101694
vt 0.205859 0.261853
vt 0.205859 0.101694
vt 0.183650 0.261853
vt 0.183650 0.101694
vt 0.161268 0.261853
vt 0.161268 0.101694
vt 0.824758 0.261853
vt 0.824758 0.101694
vt 0.846936 0.101694
vt 0.846936 0.261853
vt 0.802629 0.261853
vt 0.802629 0.101694
vt 0.780551 0.261853
vt 0.780551 0.101694
vt 0.758601 0.261853
vt 0.758601 0.101694
vt 0.736777 0.261853
vt 0.736777 0.101694
vt 0.715128 0.261853
vt 0.715128 0.101694
vt 0.694356 0.261853
vt 0.694356 0.101694
vt 0.672842 0.261853
vt 0.666975 0.101694
vt 0.651683 0.261853
vt 0.647048 0.101694
vt 0.631371 0.261853
vt 0.627214 0.101694
vt 0.611576 0.261853
vt 0.607405 0.101694
vt 0.679604 0.456907
vt 0.657832 0.461677
vt 0.652013 0.279533
vt 0.673531 0.279533
vt 0.636360 0.463674
vt 0.613248 0.461433
vt 0.611552 0.279533
vt 0.631546 0.279533
vt 0.568977 0.464408
vt 0.570962 0.279533
vt 0.591462 0.279533
vt 0.591610 0.461010
vt 0.530409 0.279533
vt 0.550646 0.279533
vt 0.548209 0.463785
vt 0.525887 0.463347
vt 0.505062 0.463043
vt 0.482556 0.462730
vt 0.489527 0.279533
vt 0.510010 0.279533
vt 0.447718 0.279533
vt 0.468621 0.279533
vt 0.461641 0.462177
vt 0.439156 0.461330
vt 0.417919 0.462122
vt 0.394410 0.460678
vt 0.407453 0.279533
vt 0.427512 0.279533
vt 0.591626 0.261853
vt 0.611576 0.261853
vt 0.611589 0.266003
vt 0.591578 0.266003
vt 0.631371 0.261853
vt 0.631458 0.266003
vt 0.651683 0.261853
vt 0.651832 0.266003
vt 0.672842 0.261853
vt 0.673045 0.266003
vt 0.694356 0.261853
vt 0.694356 0.266003
vt 0.715128 0.261853
vt 0.715128 0.266003
vt 0.736777 0.261853
vt 0.736777 0.266003
vt 0.758601 0.261853
vt 0.758601 0.266003
vt 0.780551 0.261853
vt 0.780551 0.266003
vt 0.802629 0.261853
vt 0.802629 0.266003
vt 0.824758 0.261853
vt 0.824758 0.266003
vt 0.846936 0.261853
vt 0.846936 0.266003
vt 0.161268 0.261853
vt 0.183650 0.261853
vt 0.183650 0.266003
vt 0.161268 0.266003
vt 0.205859 0.261853
vt 0.205859 0.266003
vt 0.228055 0.261853
vt 0.228055 0.266003
vt 0.250256 0.261853
vt 0.250256 0.266003
vt 0.272451 0.261853
vt 0.272451 0.266003
vt 0.294602 0.261853
vt 0.294602 0.266003
vt 0.316699 0.261853
vt 0.316699 0.266003
vt 0.338503 0.261853
vt 0.338503 0.266003
vt 0.366615 0.261853
vt 0.366453 0.266003
vt 0.387646 0.261853
vt 0.387485 0.266003
vt 0.408178 0.261853
vt 0.408021 0.266003
vt 0.428279 0.261853
vt 0.428132 0.266003
vt 0.448460 0.261853
vt 0.448326 0.266003
vt 0.469243 0.261853
vt 0.469121 0.266003
vt 0.490050 0.261853
vt 0.489945 0.266003
vt 0.510392 0.261853
vt 0.510319 0.266003
vt 0.530733 0.261853
vt 0.530674 0.266003
vt 0.550954 0.261853
vt 0.550908 0.266003
vt 0.571216 0.261853
vt 0.571157 0.266003
vt 0.591578 0.266003
vt 0.611589 0.266003
vt 0.611533 0.275589
vt 0.591498 0.275589
vt 0.631458 0.266003
vt 0.631495 0.275589
vt 0.651832 0.266003
vt 0.651939 0.275589
vt 0.673045 0.266003
vt 0.673351 0.275589
vt 0.694356 0.266003
vt 0.694356 0.275589
vt 0.715128 0.266003
vt 0.715128 0.275589
vt 0.736777 0.266003
vt 0.736777 0.275589
vt 0.758601 0.266003
vt 0.758601 0.275589
vt 0.780551 0.266003
vt 0.780551 0.275589
vt 0.802629 0.266003
vt 0.802629 0.275589
vt 0.824758 0.266003
vt 0.824758 0.275589
vt 0.846936 0.266003
vt 0.846936 0.275589
vt 0.161268 0.266003
vt 0.183650 0.266003
vt 0.183650 0.275589
vt 0.161268 0.275589
vt 0.205859 0.266003
vt 0.205859 0.275589
vt 0.228055 0.266003
vt 0.228055 0.275589
vt 0.250256 0.266003
vt 0.250256 0.275589
vt 0.272451 0.266003
vt 0.272451 0.275589
vt 0.294602 0.266003
vt 0.294602 0.275589
vt 0.316699 0.266003
vt 0.316699 0.275589
vt 0.338503 0.266003
vt 0.338503 0.275589
vt 0.366453 0.266003
vt 0.366047 0.275589
vt 0.387485 0.266003
vt 0.387049 0.275589
vt 0.408021 0.266003
vt 0.407582 0.275589
vt 0.428132 0.266003
vt 0.427665 0.275589
vt 0.448326 0.266003
vt 0.447879 0.275589
vt 0.469121 0.266003
vt 0.468742 0.275589
vt 0.489945 0.266003
vt 0.489613 0.275589
vt 0.510319 0.266003
vt 0.510081 0.275589
vt 0.530674 0.266003
vt 0.530464 0.275589
vt 0.550908 0.266003
vt 0.550696 0.275589
vt 0.571157 0.266003
vt 0.571026 0.275589
vt 0.591498 0.275589
vt 0.611533 0.275589
vt 0.611552 0.279533
vt 0.591462 0.279533
vt 0.631495 0.275589
vt 0.631546 0.279533
vt 0.651939 0.275589
vt 0.652013 0.279533
vt 0.673351 0.275589
vt 0.694356 0.275589
vt 0.694356 0.279533
vt 0.673531 0.279533
vt 0.715128 0.275589
vt 0.715128 0.279533
vt 0.736777 0.275589
vt 0.736777 0.279533
vt 0.758601 0.275589
vt 0.758601 0.279533
vt 0.780551 0.275589
vt 0.780551 0.279533
vt 0.802629 0.275589
vt 0.802629 0.279533
vt 0.824758 0.275589
vt 0.824758 0.279533
vt 0.846936 0.275589
vt 0.846936 0.279533
vt 0.161268 0.275589
vt 0.183650 0.275589
vt 0.183650 0.279533
vt 0.161268 0.279533
vt 0.205859 0.275589
vt 0.205859 0.279533
vt 0.228055 0.275589
vt 0.228055 0.279533
vt 0.250256 0.275589
vt 0.250256 0.279533
vt 0.272451 0.275589
vt 0.272451 0.279533
vt 0.294602 0.275589
vt 0.294602 0.279533
vt 0.316699 0.275589
vt 0.316699 0.279533
vt 0.338503 0.275589
vt 0.338503 0.279533
vt 0.366047 0.275589
vt 0.365924 0.279533
vt 0.387049 0.275589
vt 0.386923 0.279533
vt 0.407582 0.275589
vt 0.407453 0.279533
vt 0.427665 0.275589
vt 0.447879 0.275589
vt 0.447718 0.279533
vt 0.427512 0.279533
vt 0.468742 0.275589
vt 0.468621 0.279533
vt 0.489613 0.275589
vt 0.489527 0.279533
vt 0.510081 0.275589
vt 0.530464 0.275589
vt 0.530409 0.279533
vt 0.510010 0.279533
vt 0.550696 0.275589
vt 0.550646 0.279533
vt 0.571026 0.275589
vt 0.570962 0.279533
vt 0.694356 0.279533
vt 0.694356 0.455369
vt 0.715128 0.279533
vt 0.715128 0.454252
vt 0.736777 0.279533
vt 0.736777 0.453005
vt 0.758601 0.279533
vt 0.758601 0.451624
vt 0.780551 0.279533
vt 0.780551 0.450263
vt 0.802629 0.279533
vt 0.802629 0.448615
vt 0.824758 0.279533
vt 0.824758 0.446449
vt 0.846936 0.279533
vt 0.846936 0.444259
vt 0.161268 0.279533
vt 0.183650 0.279533
vt 0.183650 0.440461
vt 0.161268 0.437118
vt 0.205859 0.279533
vt 0.205859 0.443062
vt 0.228055 0.279533
vt 0.228055 0.445346
vt 0.250256 0.279533
vt 0.250256 0.447151
vt 0.272451 0.279533
vt 0.272451 0.448909
vt 0.294602 0.279533
vt 0.294602 0.450447
vt 0.316699 0.279533
vt 0.316699 0.451769
vt 0.338503 0.279533
vt 0.338503 0.452954
vt 0.365924 0.279533
vt 0.349841 0.454389
vt 0.386923 0.279533
vt 0.372305 0.459168
vt 0.372305 0.459168
vt 0.394410 0.460678
vt 0.395102 0.488729
vt 0.371809 0.488315
vt 0.417919 0.462122
vt 0.439156 0.461330
vt 0.439434 0.488837
vt 0.417313 0.489161
vt 0.461641 0.462177
vt 0.482556 0.462730
vt 0.484123 0.489541
vt 0.462053 0.489070
vt 0.505062 0.463043
vt 0.525887 0.463347
vt 0.527720 0.489883
vt 0.505958 0.489581
vt 0.548209 0.463785
vt 0.568977 0.464408
vt 0.570437 0.489770
vt 0.549164 0.489839
vt 0.613248 0.461433
vt 0.614514 0.490713
vt 0.592077 0.490382
vt 0.591610 0.461010
vt 0.636360 0.463674
vt 0.657832 0.461677
vt 0.658321 0.489700
vt 0.636128 0.489521
vt 0.592077 0.490382
vt 0.592226 0.553756
vt 0.570929 0.553756
vt 0.570437 0.489770
vt 0.549164 0.489839
vt 0.549639 0.553756
vt 0.527720 0.489883
vt 0.528271 0.553756
vt 0.505958 0.489581
vt 0.506719 0.553756
vt 0.484123 0.489541
vt 0.485047 0.553756
vt 0.462053 0.489070
vt 0.463223 0.553756
vt 0.439434 0.488837
vt 0.441300 0.553756
vt 0.417313 0.489161
vt 0.419347 0.553756
vt 0.395102 0.488729
vt 0.397471 0.553756
vt 0.371809 0.488315
vt 0.375513 0.553756
vt 0.349394 0.491445
vt 0.351651 0.553756
vt 0.338503 0.492283
vt 0.338503 0.553756
vt 0.316699 0.492054
vt 0.316699 0.553756
vt 0.294602 0.491239
vt 0.294602 0.553756
vt 0.272451 0.490008
vt 0.272451 0.553756
vt 0.250256 0.488446
vt 0.250256 0.553756
vt 0.228055 0.485950
vt 0.228055 0.553756
vt 0.205859 0.483556
vt 0.205859 0.553756
vt 0.183650 0.480388
vt 0.183650 0.553756
vt 0.161268 0.475821
vt 0.161268 0.553756
vt 0.824758 0.486114
vt 0.846936 0.482163
vt 0.846936 0.553756
vt 0.824758 0.553756
vt 0.802629 0.488447
vt 0.802629 0.553756
vt 0.780551 0.490620
vt 0.780551 0.553756
vt 0.758601 0.492342
vt 0.758601 0.553756
vt 0.736777 0.493204
vt 0.736777 0.553756
vt 0.715128 0.493751
vt 0.715128 0.553756
vt 0.694356 0.493812
vt 0.694356 0.553756
vt 0.658321 0.489700
vt 0.680239 0.492970
vt 0.676946 0.553756
vt 0.656025 0.553756
vt 0.636128 0.489521
vt 0.634995 0.553756
vt 0.614514 0.490713
vt 0.613760 0.553756
vt 0.628985 0.476749
vt 0.620751 0.476736
vt 0.410679 0.474563
vt 0.402127 0.476218
vt 0.454960 0.474498
vt 0.446484 0.476231
vt 0.498690 0.475434
vt 0.490432 0.477344
vt 0.541916 0.475982
vt 0.533831 0.477872
vt 0.585098 0.476544
vt 0.576864 0.476910
vt 0.417313 0.489161
vt 0.395102 0.488729
vt 0.402127 0.476218
vt 0.410679 0.474563
vt 0.462053 0.489070
vt 0.439434 0.488837
vt 0.446484 0.476231
vt 0.454960 0.474498
vt 0.505958 0.489581
vt 0.484123 0.489541
vt 0.490432 0.477344
vt 0.498690 0.475434
vt 0.549164 0.489839
vt 0.527720 0.489883
vt 0.533831 0.477872
vt 0.541916 0.475982
vt 0.570437 0.489770
vt 0.576864 0.476910
vt 0.585098 0.476544
vt 0.592077 0.490382
vt 0.636128 0.489521
vt 0.614514 0.490713
vt 0.620751 0.476736
vt 0.628985 0.476749
vt 0.591610 0.461010
vt 0.592077 0.490382
vt 0.585098 0.476544
vt 0.568977 0.464408
vt 0.576864 0.476910
vt 0.570437 0.489770
vt 0.613248 0.461433
vt 0.620751 0.476736
vt 0.614514 0.490713
vt 0.636360 0.463674
vt 0.636128 0.489521
vt 0.628985 0.476749
vt 0.681768 0.474846
vt 0.666592 0.474187
vt 0.680239 0.492970
vt 0.658321 0.489700
vt 0.666592 0.474187
vt 0.681768 0.474846
vt 0.694356 0.473756
vt 0.715128 0.472893
vt 0.736777 0.471835
vt 0.758601 0.470378
vt 0.780551 0.469198
vt 0.802629 0.467610
vt 0.824758 0.464870
vt 0.846936 0.461909
vt 0.183650 0.458811
vt 0.161268 0.454609
vt 0.205859 0.462043
vt 0.228055 0.464740
vt 0.250256 0.466263
vt 0.272451 0.468173
vt 0.294602 0.469658
vt 0.316699 0.470842
vt 0.338503 0.471844
vt 0.347752 0.472853
vt 0.363204 0.472191
vt 0.694356 0.493812
vt 0.694356 0.473756
vt 0.715128 0.493751
vt 0.715128 0.472893
vt 0.736777 0.493204
vt 0.736777 0.471835
vt 0.758601 0.492342
vt 0.758601 0.470378
vt 0.780551 0.490620
vt 0.780551 0.469198
vt 0.802629 0.488447
vt 0.802629 0.467610
vt 0.824758 0.486114
vt 0.824758 0.464870
vt 0.846936 0.482163
vt 0.846936 0.461909
vt 0.183650 0.480388
vt 0.161268 0.475821
vt 0.161268 0.454609
vt 0.183650 0.458811
vt 0.205859 0.483556
vt 0.205859 0.462043
vt 0.228055 0.485950
vt 0.228055 0.464740
vt 0.250256 0.488446
vt 0.250256 0.466263
vt 0.272451 0.490008
vt 0.272451 0.468173
vt 0.294602 0.491239
vt 0.294602 0.469658
vt 0.316699 0.492054
vt 0.316699 0.470842
vt 0.505062 0.463043
vt 0.505958 0.489581
vt 0.498690 0.475434
vt 0.482556 0.462730
vt 0.490432 0.477344
vt 0.484123 0.489541
vt 0.461641 0.462177
vt 0.462053 0.489070
vt 0.454960 0.474498
vt 0.439156 0.461330
vt 0.446484 0.476231
vt 0.439434 0.488837
vt 0.417919 0.462122
vt 0.417313 0.489161
vt 0.410679 0.474563
vt 0.394410 0.460678
vt 0.402127 0.476218
vt 0.395102 0.488729
vt 0.372305 0.459168
vt 0.371809 0.488315
vt 0.363204 0.472191
vt 0.548209 0.463785
vt 0.549164 0.489839
vt 0.541916 0.475982
vt 0.525887 0.463347
vt 0.533831 0.477872
vt 0.527720 0.489883
vt 0.371809 0.488315
vt 0.349394 0.491445
vt 0.347752 0.472853
vt 0.363204 0.472191
vt 0.338503 0.492283
vt 0.338503 0.471844
vt 0.480272 0.453314
vt 0.501082 0.453314
vt 0.501082 0.463284
vt 0.480272 0.463284
vt 0.481462 0.463348
vt 0.501053 0.463284
vt 0.501082 0.473255
vt 0.481491 0.473318
vt 0.480272 0.443343
vt 0.501082 0.443343
vt 0.501082 0.453313
vt 0.480272 0.453314
vt 0.481491 0.432474
vt 0.501082 0.432538
vt 0.501053 0.442508
vt 0.481462 0.442444
vt 0.521951 0.432542
vt 0.521891 0.453314
vt 0.501082 0.453246
vt 0.501142 0.432474
vt 0.480272 0.453314
vt 0.501082 0.453314
vt 0.501082 0.463284
vt 0.480272 0.463284
vt 0.481462 0.432538
vt 0.501053 0.432474
vt 0.501082 0.442445
vt 0.481491 0.442508
vt 0.480272 0.443343
vt 0.501082 0.443343
vt 0.501082 0.453313
vt 0.480272 0.453314
vt 0.481491 0.463284
vt 0.501082 0.463348
vt 0.501053 0.473318
vt 0.481462 0.473255
vt 0.521891 0.432474
vt 0.521951 0.453246
vt 0.501142 0.453314
vt 0.501082 0.432542
vt 0.480272 0.453314
vt 0.501082 0.453314
vt 0.501082 0.463284
vt 0.480272 0.463284
vt 0.481462 0.432538
vt 0.501053 0.432474
vt 0.501082 0.442445
vt 0.481491 0.442508
vt 0.480272 0.443343
vt 0.501082 0.443343
vt 0.501082 0.453313
vt 0.480272 0.453314
vt 0.501082 0.473255
vt 0.481491 0.473319
vt 0.481462 0.463348
vt 0.501053 0.463284
vt 0.521891 0.432474
vt 0.521951 0.453246
vt 0.501142 0.453314
vt 0.501082 0.432542
vt 0.480272 0.453314
vt 0.501082 0.453314
vt 0.501082 0.463284
vt 0.480272 0.463284
vt 0.481462 0.432538
vt 0.501053 0.432474
vt 0.501082 0.442445
vt 0.481491 0.442508
vt 0.480272 0.443343
vt 0.501082 0.443343
vt 0.501082 0.453314
vt 0.480272 0.453313
vt 0.481491 0.463284
vt 0.501082 0.463348
vt 0.501053 0.473319
vt 0.481462 0.473255
vt 0.521891 0.432474
vt 0.521951 0.453246
vt 0.501142 0.453314
vt 0.501082 0.432542
vt 0.480272 0.453314
vt 0.501082 0.453314
vt 0.501082 0.463284
vt 0.480272 0.463284
vt 0.501053 0.442508
vt 0.481462 0.442445
vt 0.481491 0.432474
vt 0.501082 0.432538
vt 0.480272 0.443343
vt 0.501082 0.443343
vt 0.501082 0.453313
vt 0.480272 0.453314
vt 0.481491 0.463284
vt 0.501082 0.463348
vt 0.501053 0.473318
vt 0.481462 0.473255
vt 0.521891 0.432474
vt 0.521951 0.453246
vt 0.501142 0.453314
vt 0.501082 0.432542
vt 0.480272 0.453314
vt 0.501082 0.453314
vt 0.501082 0.463284
vt 0.480272 0.463284
vt 0.481462 0.432538
vt 0.501053 0.432474
vt 0.501082 0.442445
vt 0.481491 0.442508
vt 0.480272 0.443343
vt 0.501082 0.443343
vt 0.501082 0.453313
vt 0.480272 0.453314
vt 0.481491 0.463284
vt 0.501082 0.463348
vt 0.501053 0.473318
vt 0.481462 0.473255
vt 0.521891 0.432474
vt 0.521951 0.453246
vt 0.501142 0.453314
vt 0.501082 0.432542
vt 0.501082 0.463284
vt 0.480272 0.463284
vt 0.480272 0.453314
vt 0.501082 0.453314
vt 0.501053 0.473318
vt 0.481462 0.473255
vt 0.481491 0.463284
vt 0.501082 0.463348
vt 0.501082 0.453313
vt 0.480272 0.453314
vt 0.480272 0.443343
vt 0.501082 0.443343
vt 0.501082 0.442445
vt 0.481490 0.442508
vt 0.481462 0.432538
vt 0.501053 0.432474
vt 0.521951 0.453381
vt 0.521891 0.474153
vt 0.501082 0.474085
vt 0.501142 0.453314
vt 0.501082 0.463284
vt 0.480272 0.463284
vt 0.480272 0.453314
vt 0.501082 0.453314
vt 0.501053 0.473318
vt 0.481462 0.473255
vt 0.481491 0.463284
vt 0.501082 0.463348
vt 0.501082 0.453314
vt 0.480272 0.453313
vt 0.480272 0.443343
vt 0.501082 0.443343
vt 0.481491 0.432474
vt 0.501082 0.432538
vt 0.501053 0.442508
vt 0.481462 0.442445
vt 0.521891 0.453314
vt 0.521951 0.474085
vt 0.501142 0.474153
vt 0.501082 0.453381
vt 0.501082 0.463284
vt 0.480272 0.463284
vt 0.480272 0.453314
vt 0.501082 0.453314
vt 0.501053 0.442508
vt 0.481462 0.442445
vt 0.481491 0.432474
vt 0.501082 0.432538
vt 0.501082 0.453314
vt 0.480272 0.453313
vt 0.480272 0.443343
vt 0.501082 0.443343
vt 0.481491 0.463284
vt 0.501082 0.463348
vt 0.501053 0.473318
vt 0.481462 0.473255
vt 0.521891 0.453314
vt 0.521951 0.474085
vt 0.501142 0.474153
vt 0.501082 0.453381
vt 0.501082 0.463284
vt 0.480272 0.463284
vt 0.480272 0.453314
vt 0.501082 0.453314
vt 0.501053 0.473318
vt 0.481462 0.473255
vt 0.481491 0.463284
vt 0.501082 0.463348
vt 0.501082 0.453313
vt 0.480272 0.453314
vt 0.480272 0.443343
vt 0.501082 0.443343
vt 0.481491 0.432474
vt 0.501082 0.432538
vt 0.501053 0.442508
vt 0.481462 0.442445
vt 0.521891 0.453314
vt 0.521951 0.474085
vt 0.501142 0.474153
vt 0.501082 0.453381
vt 0.501082 0.463284
vt 0.480272 0.463284
vt 0.480272 0.453314
vt 0.501082 0.453314
vt 0.481462 0.432538
vt 0.501053 0.432474
vt 0.501082 0.442445
vt 0.481491 0.442508
vt 0.501082 0.453313
vt 0.480272 0.453314
vt 0.480272 0.443343
vt 0.501082 0.443343
vt 0.481491 0.463284
vt 0.501082 0.463348
vt 0.501053 0.473318
vt 0.481462 0.473255
vt 0.521891 0.432474
vt 0.521951 0.453246
vt 0.501142 0.453314
vt 0.501082 0.432542
vt 0.501082 0.463284
vt 0.480272 0.463284
vt 0.480272 0.453314
vt 0.501082 0.453314
vt 0.481462 0.463348
vt 0.501053 0.463284
vt 0.501082 0.473255
vt 0.481490 0.473318
vt 0.501082 0.453314
vt 0.480272 0.453313
vt 0.480272 0.443343
vt 0.501082 0.443343
vt 0.501082 0.442445
vt 0.481490 0.442508
vt 0.481461 0.432538
vt 0.501053 0.432474
vt 0.521891 0.453314
vt 0.521951 0.474085
vt 0.501142 0.474153
vt 0.501082 0.453381
vt 0.501082 0.463284
vt 0.480272 0.463284
vt 0.480272 0.453314
vt 0.501082 0.453314
vt 0.501053 0.473318
vt 0.481461 0.473255
vt 0.481490 0.463284
vt 0.501082 0.463348
vt 0.501082 0.453314
vt 0.480272 0.453313
vt 0.480272 0.443343
vt 0.501082 0.443343
vt 0.501082 0.442444
vt 0.481490 0.442508
vt 0.481461 0.432538
vt 0.501053 0.432474
vt 0.521891 0.453314
vt 0.521951 0.474085
vt 0.501142 0.474153
vt 0.501082 0.453381
vt 0.480272 0.453314
vt 0.501082 0.453314
vt 0.501082 0.463284
vt 0.480272 0.463284
vt 0.481462 0.432538
vt 0.501053 0.432474
vt 0.501082 0.442445
vt 0.481491 0.442508
vt 0.480272 0.443343
vt 0.501082 0.443343
vt 0.501082 0.453314
vt 0.480272 0.453313
vt 0.501082 0.473255
vt 0.481491 0.473318
vt 0.481462 0.463348
vt 0.501053 0.463284
vt 0.521891 0.432474
vt 0.521951 0.453246
vt 0.501142 0.453314
vt 0.501082 0.432542
vt 0.480272 0.453314
vt 0.501082 0.453314
vt 0.501082 0.463284
vt 0.480272 0.463284
vt 0.481462 0.463348
vt 0.501053 0.463284
vt 0.501082 0.473255
vt 0.481491 0.473318
vt 0.480272 0.443343
vt 0.501082 0.443343
vt 0.501082 0.453314
vt 0.480272 0.453313
vt 0.501082 0.442445
vt 0.481491 0.442508
vt 0.481462 0.432538
vt 0.501053 0.432474
vt 0.521951 0.453381
vt 0.521891 0.474153
vt 0.501082 0.474085
vt 0.501142 0.453314
vt 0.501082 0.463284
vt 0.480272 0.463284
vt 0.480272 0.453314
vt 0.501082 0.453314
vt 0.501053 0.442508
vt 0.481461 0.442444
vt 0.481490 0.432474
vt 0.501082 0.432538
vt 0.501082 0.453314
vt 0.480272 0.453313
vt 0.480272 0.443343
vt 0.501082 0.443343
vt 0.501082 0.473254
vt 0.481490 0.473318
vt 0.481461 0.463348
vt 0.501053 0.463284
vt 0.521891 0.432474
vt 0.521951 0.453246
vt 0.501142 0.453314
vt 0.501082 0.432542
vt 0.501142 0.453314
vt 0.521951 0.453381
vt 0.521891 0.474153
vt 0.501082 0.474086
vt 0.501142 0.453314
vt 0.521951 0.453381
vt 0.521891 0.474153
vt 0.501082 0.474085
vt 0.501082 0.453381
vt 0.521891 0.453314
vt 0.521951 0.474085
vt 0.501142 0.474153
vt 0.521891 0.432474
vt 0.521951 0.453246
vt 0.501142 0.453314
vt 0.501082 0.432542
vt 0.501142 0.453314
vt 0.521951 0.453381
vt 0.521891 0.474153
vt 0.501082 0.474085
vt 0.501142 0.453314
vt 0.521951 0.453381
vt 0.521891 0.474153
vt 0.501082 0.474085
vt 0.501142 0.432474
vt 0.521951 0.432542
vt 0.521891 0.453314
vt 0.501082 0.453246
vt 0.501142 0.432474
vt 0.521951 0.432542
vt 0.521891 0.453314
vt 0.501082 0.453246
vt 0.501142 0.453314
vt 0.521951 0.453381
vt 0.521891 0.474153
vt 0.501082 0.474085
vt 0.501142 0.432474
vt 0.521951 0.432542
vt 0.521891 0.453314
vt 0.501082 0.453246
vt 0.501082 0.432542
vt 0.521891 0.432474
vt 0.521951 0.453246
vt 0.501142 0.453314
vt 0.501142 0.432474
vt 0.521951 0.432542
vt 0.521891 0.453314
vt 0.501082 0.453246
vt 0.501082 0.432542
vt 0.521891 0.432474
vt 0.521951 0.453246
vt 0.501142 0.453314
vt 0.501142 0.453314
vt 0.521951 0.453381
vt 0.521891 0.474153
vt 0.501082 0.474085
vt 0.501142 0.453314
vt 0.521951 0.453381
vt 0.521891 0.474153
vt 0.501082 0.474085
vt 0.501142 0.453314
vt 0.521951 0.453381
vt 0.521891 0.474153
vt 0.501082 0.474085
vt 0.571216 0.261853
vt 0.567913 0.101694
vt 0.587645 0.101694
vt 0.591626 0.261853
vt 0.550954 0.261853
vt 0.548196 0.101694
vt 0.530733 0.261853
vt 0.528486 0.101694
vt 0.510392 0.261853
vt 0.508762 0.101694
vt 0.490050 0.261853
vt 0.489019 0.101694
vt 0.469243 0.261853
vt 0.469244 0.101694
vt 0.448460 0.261853
vt 0.449437 0.101694
vt 0.428279 0.261853
vt 0.429605 0.101694
vt 0.408178 0.261853
vt 0.409729 0.101694
vt 0.387646 0.261853
vt 0.389781 0.101694
vt 0.366615 0.261853
vt 0.369745 0.101694
vt 0.338503 0.261853
vt 0.338503 0.101694
vt 0.316699 0.261853
vt 0.316699 0.101694
vt 0.294602 0.261853
vt 0.294602 0.101694
vt 0.272451 0.261853
vt 0.272451 0.101694
vt 0.250256 0.261853
vt 0.250256 0.101694
vt 0.228055 0.261853
vt 0.228055 0.101694
vt 0.205859 0.261853
vt 0.205859 0.101694
vt 0.183650 0.261853
vt 0.183650 0.101694
vt 0.161268 0.261853
vt 0.161268 0.101694
vt 0.824758 0.261853
vt 0.824758 0.101694
vt 0.846936 0.101694
vt 0.846936 0.261853
vt 0.802629 0.261853
vt 0.802629 0.101694
vt 0.780551 0.261853
vt 0.780551 0.101694
vt 0.758601 0.261853
vt 0.758601 0.101694
vt 0.736777 0.261853
vt 0.736777 0.101694
vt 0.715128 0.261853
vt 0.715128 0.101694
vt 0.694356 0.261853
vt 0.694356 0.101694
vt 0.672842 0.261853
vt 0.666975 0.101694
vt 0.651683 0.261853
vt 0.647048 0.101694
vt 0.631371 0.261853
vt 0.627214 0.101694
vt 0.611576 0.261853
vt 0.607405 0.101694
vt 0.679604 0.456907
vt 0.657832 0.461677
vt 0.652013 0.279533
vt 0.673531 0.279533
vt 0.636360 0.463674
vt 0.613248 0.461433
vt 0.611552 0.279533
vt 0.631546 0.279533
vt 0.568977 0.464408
vt 0.570962 0.279533
vt 0.591462 0.279533
vt 0.591610 0.461010
vt 0.530409 0.279533
vt 0.550646 0.279533
vt 0.548209 0.463785
vt 0.525887 0.463347
vt 0.505062 0.463043
vt 0.482556 0.462730
vt 0.489527 0.279533
vt 0.510010 0.279533
vt 0.447718 0.279533
vt 0.468621 0.279533
vt 0.461641 0.462177
vt 0.439156 0.461330
vt 0.417919 0.462122
vt 0.394410 0.460678
vt 0.407453 0.279533
vt 0.427512 0.279533
vt 0.591626 0.261853
vt 0.611576 0.261853
vt 0.611589 0.266003
vt 0.591578 0.266003
vt 0.631371 0.261853
vt 0.631458 0.266003
vt 0.651683 0.261853
vt 0.651832 0.266003
vt 0.672842 0.261853
vt 0.673045 0.266003
vt 0.694356 0.261853
vt 0.694356 0.266003
vt 0.715128 0.261853
vt 0.715128 0.266003
vt 0.736777 0.261853
vt 0.736777 0.266003
vt 0.758601 0.261853
vt 0.758601 0.266003
vt 0.780551 0.261853
vt 0.780551 0.266003
vt 0.802629 0.261853
vt 0.802629 0.266003
vt 0.824758 0.261853
vt 0.824758 0.266003
vt 0.846936 0.261853
vt 0.846936 0.266003
vt 0.161268 0.261853
vt 0.183650 0.261853
vt 0.183650 0.266003
vt 0.161268 0.266003
vt 0.205859 0.261853
vt 0.205859 0.266003
vt 0.228055 0.261853
vt 0.228055 0.266003
vt 0.250256 0.261853
vt 0.250256 0.266003
vt 0.272451 0.261853
vt 0.272451 0.266003
vt 0.294602 0.261853
vt 0.294602 0.266003
vt 0.316699 0.261853
vt 0.316699 0.266003
vt 0.338503 0.261853
vt 0.338503 0.266003
vt 0.366615 0.261853
vt 0.366453 0.266003
vt 0.387646 0.261853
vt 0.387485 0.266003
vt 0.408178 0.261853
vt 0.408021 0.266003
vt 0.428279 0.261853
vt 0.428132 0.266003
vt 0.448460 0.261853
vt 0.448326 0.266003
vt 0.469243 0.261853
vt 0.469121 0.266003
vt 0.490050 0.261853
vt 0.489945 0.266003
vt 0.510392 0.261853
vt 0.510319 0.266003
vt 0.530733 0.261853
vt 0.530674 0.266003
vt 0.550954 0.261853
vt 0.550908 0.266003
vt 0.571216 0.261853
vt 0.571157 0.266003
vt 0.591578 0.266003
vt 0.611589 0.266003
vt 0.611533 0.275589
vt 0.591498 0.275589
vt 0.631458 0.266003
vt 0.631495 0.275589
vt 0.651832 0.266003
vt 0.651939 0.275589
vt 0.673045 0.266003
vt 0.673351 0.275589
vt 0.694356 0.266003
vt 0.694356 0.275589
vt 0.715128 0.266003
vt 0.715128 0.275589
vt 0.736777 0.266003
vt 0.736777 0.275589
vt 0.758601 0.266003
vt 0.758601 0.275589
vt 0.780551 0.266003
vt 0.780551 0.275589
vt 0.802629 0.266003
vt 0.802629 0.275589
vt 0.824758 0.266003
vt 0.824758 0.275589
vt 0.846936 0.266003
vt 0.846936 0.275589
vt 0.161268 0.266003
vt 0.183650 0.266003
vt 0.183650 0.275589
vt 0.161268 0.275589
vt 0.205859 0.266003
vt 0.205859 0.275589
vt 0.228055 0.266003
vt 0.228055 0.275589
vt 0.250256 0.266003
vt 0.250256 0.275589
vt 0.272451 0.266003
vt 0.272451 0.275589
vt 0.294602 0.266003
vt 0.294602 0.275589
vt 0.316699 0.266003
vt 0.316699 0.275589
vt 0.338503 0.266003
vt 0.338503 0.275589
vt 0.366453 0.266003
vt 0.366047 0.275589
vt 0.387485 0.266003
vt 0.387049 0.275589
vt 0.408021 0.266003
vt 0.407582 0.275589
vt 0.428132 0.266003
vt 0.427665 0.275589
vt 0.448326 0.266003
vt 0.447879 0.275589
vt 0.469121 0.266003
vt 0.468742 0.275589
vt 0.489945 0.266003
vt 0.489613 0.275589
vt 0.510319 0.266003
vt 0.510081 0.275589
vt 0.530674 0.266003
vt 0.530464 0.275589
vt 0.550908 0.266003
vt 0.550696 0.275589
vt 0.571157 0.266003
vt 0.571026 0.275589
vt 0.591498 0.275589
vt 0.611533 0.275589
vt 0.611552 0.279533
vt 0.591462 0.279533
vt 0.631495 0.275589
vt 0.631546 0.279533
vt 0.651939 0.275589
vt 0.652013 0.279533
vt 0.673351 0.275589
vt 0.694356 0.275589
vt 0.694356 0.279533
vt 0.673531 0.279533
vt 0.715128 0.275589
vt 0.715128 0.279533
vt 0.736777 0.275589
vt 0.736777 0.279533
vt 0.758601 0.275589
vt 0.758601 0.279533
vt 0.780551 0.275589
vt 0.780551 0.279533
vt 0.802629 0.275589
vt 0.802629 0.279533
vt 0.824758 0.275589
vt 0.824758 0.279533
vt 0.846936 0.275589
vt 0.846936 0.279533
vt 0.161268 0.275589
vt 0.183650 0.275589
vt 0.183650 0.279533
vt 0.161268 0.279533
vt 0.205859 0.275589
vt 0.205859 0.279533
vt 0.228055 0.275589
vt 0.228055 0.279533
vt 0.250256 0.275589
vt 0.250256 0.279533
vt 0.272451 0.275589
vt 0.272451 0.279533
vt 0.294602 0.275589
vt 0.294602 0.279533
vt 0.316699 0.275589
vt 0.316699 0.279533
vt 0.338503 0.275589
vt 0.338503 0.279533
vt 0.366047 0.275589
vt 0.365924 0.279533
vt 0.387049 0.275589
vt 0.386923 0.279533
vt 0.407582 0.275589
vt 0.407453 0.279533
vt 0.427665 0.275589
vt 0.447879 0.275589
vt 0.447718 0.279533
vt 0.427512 0.279533
vt 0.468742 0.275589
vt 0.468621 0.279533
vt 0.489613 0.275589
vt 0.489527 0.279533
vt 0.510081 0.275589
vt 0.530464 0.275589
vt 0.530409 0.279533
vt 0.510010 0.279533
vt 0.550696 0.275589
vt 0.550646 0.279533
vt 0.571026 0.275589
vt 0.570962 0.279533
vt 0.694356 0.279533
vt 0.694356 0.455369
vt 0.715128 0.279533
vt 0.715128 0.454252
vt 0.736777 0.279533
vt 0.736777 0.453005
vt 0.758601 0.279533
vt 0.758601 0.451624
vt 0.780551 0.279533
vt 0.780551 0.450263
vt 0.802629 0.279533
vt 0.802629 0.448615
vt 0.824758 0.279533
vt 0.824758 0.446449
vt 0.846936 0.279533
vt 0.846936 0.444259
vt 0.161268 0.279533
vt 0.183650 0.279533
vt 0.183650 0.440461
vt 0.161268 0.437118
vt 0.205859 0.279533
vt 0.205859 0.443062
vt 0.228055 0.279533
vt 0.228055 0.445346
vt 0.250256 0.279533
vt 0.250256 0.447151
vt 0.272451 0.279533
vt 0.272451 0.448909
vt 0.294602 0.279533
vt 0.294602 0.450447
vt 0.316699 0.279533
vt 0.316699 0.451769
vt 0.338503 0.279533
vt 0.338503 0.452954
vt 0.365924 0.279533
vt 0.349841 0.454389
vt 0.386923 0.279533
vt 0.372305 0.459168
vt 0.372305 0.459168
vt 0.394410 0.460678
vt 0.395102 0.488729
vt 0.371809 0.488315
vt 0.417919 0.462122
vt 0.439156 0.461330
vt 0.439434 0.488837
vt 0.417313 0.489161
vt 0.461641 0.462177
vt 0.482556 0.462730
vt 0.484123 0.489541
vt 0.462053 0.489070
vt 0.505062 0.463043
vt 0.525887 0.463347
vt 0.527720 0.489883
vt 0.505958 0.489581
vt 0.548209 0.463785
vt 0.568977 0.464408
vt 0.570437 0.489770
vt 0.549164 0.489839
vt 0.613248 0.461433
vt 0.614514 0.490713
vt 0.592077 0.490382
vt 0.591610 0.461010
vt 0.636360 0.463674
vt 0.657832 0.461677
vt 0.658321 0.489700
vt 0.636128 0.489521
vt 0.592077 0.490382
vt 0.592226 0.553756
vt 0.570929 0.553756
vt 0.570437 0.489770
vt 0.549164 0.489839
vt 0.549639 0.553756
vt 0.527720 0.489883
vt 0.528271 0.553756
vt 0.505958 0.489581
vt 0.506719 0.553756
vt 0.484123 0.489541
vt 0.485047 0.553756
vt 0.462053 0.489070
vt 0.463223 0.553756
vt 0.439434 0.488837
vt 0.441300 0.553756
vt 0.417313 0.489161
vt 0.419347 0.553756
vt 0.395102 0.488729
vt 0.397471 0.553756
vt 0.371809 0.488315
vt 0.375513 0.553756
vt 0.349394 0.491445
vt 0.351651 0.553756
vt 0.338503 0.492283
vt 0.338503 0.553756
vt 0.316699 0.492054
vt 0.316699 0.553756
vt 0.294602 0.491239
vt 0.294602 0.553756
vt 0.272451 0.490008
vt 0.272451 0.553756
vt 0.250256 0.488446
vt 0.250256 0.553756
vt 0.228055 0.485950
vt 0.228055 0.553756
vt 0.205859 0.483556
vt 0.205859 0.553756
vt 0.183650 0.480388
vt 0.183650 0.553756
vt 0.161268 0.475821
vt 0.161268 0.553756
vt 0.824758 0.486114
vt 0.846936 0.482163
vt 0.846936 0.553756
vt 0.824758 0.553756
vt 0.802629 0.488447
vt 0.802629 0.553756
vt 0.780551 0.490620
vt 0.780551 0.553756
vt 0.758601 0.492342
vt 0.758601 0.553756
vt 0.736777 0.493204
vt 0.736777 0.553756
vt 0.715128 0.493751
vt 0.715128 0.553756
vt 0.694356 0.493812
vt 0.694356 0.553756
vt 0.658321 0.489700
vt 0.680239 0.492970
vt 0.676946 0.553756
vt 0.656025 0.553756
vt 0.636128 0.489521
vt 0.634995 0.553756
vt 0.614514 0.490713
vt 0.613760 0.553756
vt 0.628985 0.476749
vt 0.620751 0.476736
vt 0.410679 0.474563
vt 0.402127 0.476218
vt 0.454960 0.474498
vt 0.446484 0.476231
vt 0.498690 0.475434
vt 0.490432 0.477344
vt 0.541916 0.475982
vt 0.533831 0.477872
vt 0.585098 0.476544
vt 0.576864 0.476910
vt 0.417313 0.489161
vt 0.395102 0.488729
vt 0.402127 0.476218
vt 0.410679 0.474563
vt 0.462053 0.489070
vt 0.439434 0.488837
vt 0.446484 0.476231
vt 0.454960 0.474498
vt 0.505958 0.489581
vt 0.484123 0.489541
vt 0.490432 0.477344
vt 0.498690 0.475434
vt 0.549164 0.489839
vt 0.527720 0.489883
vt 0.533831 0.477872
vt 0.541916 0.475982
vt 0.570437 0.489770
vt 0.576864 0.476910
vt 0.585098 0.476544
vt 0.592077 0.490382
vt 0.636128 0.489521
vt 0.614514 0.490713
vt 0.620751 0.476736
vt 0.628985 0.476749
vt 0.591610 0.461010
vt 0.592077 0.490382
vt 0.585098 0.476544
vt 0.568977 0.464408
vt 0.576864 0.476910
vt 0.570437 0.489770
vt 0.613248 0.461433
vt 0.620751 0.476736
vt 0.614514 0.490713
vt 0.636360 0.463674
vt 0.636128 0.489521
vt 0.628985 0.476749
vt 0.681768 0.474846
vt 0.666592 0.474187
vt 0.680239 0.492970
vt 0.658321 0.489700
vt 0.666592 0.474187
vt 0.681768 0.474846
vt 0.694356 0.473756
vt 0.715128 0.472893
vt 0.736777 0.471835
vt 0.758601 0.470378
vt 0.780551 0.469198
vt 0.802629 0.467610
vt 0.824758 0.464870
vt 0.846936 0.461909
vt 0.183650 0.458811
vt 0.161268 0.454609
vt 0.205859 0.462043
vt 0.228055 0.464740
vt 0.250256 0.466263
vt 0.272451 0.468173
vt 0.294602 0.469658
vt 0.316699 0.470842
vt 0.338503 0.471844
vt 0.347752 0.472853
vt 0.363204 0.472191
vt 0.694356 0.493812
vt 0.694356 0.473756
vt 0.715128 0.493751
vt 0.715128 0.472893
vt 0.736777 0.493204
vt 0.736777 0.471835
vt 0.758601 0.492342
vt 0.758601 0.470378
vt 0.780551 0.490620
vt 0.780551 0.469198
vt 0.802629 0.488447
vt 0.802629 0.467610
vt 0.824758 0.486114
vt 0.824758 0.464870
vt 0.846936 0.482163
vt 0.846936 0.461909
vt 0.183650 0.480388
vt 0.161268 0.475821
vt 0.161268 0.454609
vt 0.183650 0.458811
vt 0.205859 0.483556
vt 0.205859 0.462043
vt 0.228055 0.485950
vt 0.228055 0.464740
vt 0.250256 0.488446
vt 0.250256 0.466263
vt 0.272451 0.490008
vt 0.272451 0.468173
vt 0.294602 0.491239
vt 0.294602 0.469658
vt 0.316699 0.492054
vt 0.316699 0.470842
vt 0.505062 0.463043
vt 0.505958 0.489581
vt 0.498690 0.475434
vt 0.482556 0.462730
vt 0.490432 0.477344
vt 0.484123 0.489541
vt 0.461641 0.462177
vt 0.462053 0.489070
vt 0.454960 0.474498
vt 0.439156 0.461330
vt 0.446484 0.476231
vt 0.439434 0.488837
vt 0.417919 0.462122
vt 0.417313 0.489161
vt 0.410679 0.474563
vt 0.394410 0.460678
vt 0.402127 0.476218
vt 0.395102 0.488729
vt 0.372305 0.459168
vt 0.371809 0.488315
vt 0.363204 0.472191
vt 0.548209 0.463785
vt 0.549164 0.489839
vt 0.541916 0.475982
vt 0.525887 0.463347
vt 0.533831 0.477872
vt 0.527720 0.489883
vt 0.371809 0.488315
vt 0.349394 0.491445
vt 0.347752 0.472853
vt 0.363204 0.472191
vt 0.338503 0.492283
vt 0.338503 0.471844
vt 0.673531 0.279533
vt 0.652013 0.279533
vt 0.651939 0.275589
vt 0.673351 0.275589
vt 0.427512 0.279533
vt 0.407453 0.279533
vt 0.407582 0.275589
vt 0.427665 0.275589
vt 0.510010 0.279533
vt 0.489527 0.279533
vt 0.489613 0.275589
vt 0.510081 0.275589
vt 0.591462 0.279533
vt 0.570962 0.279533
vt 0.571026 0.275589
vt 0.591498 0.275589
vt 0.338503 0.492283
vt 0.316699 0.492054
vt 0.316699 0.470842
vt 0.338503 0.471844
vt 0.349394 0.491445
vt 0.347752 0.472853
vt 0.371809 0.488315
vt 0.363204 0.472191
vt 0.525887 0.463347
vt 0.533831 0.477872
vt 0.527720 0.489883
vt 0.548209 0.463785
vt 0.549164 0.489839
vt 0.541916 0.475982
vt 0.372305 0.459168
vt 0.371809 0.488315
vt 0.363204 0.472191
vt 0.394410 0.460678
vt 0.402127 0.476218
vt 0.395102 0.488729
vt 0.417919 0.462122
vt 0.417313 0.489161
vt 0.410679 0.474563
vt 0.439156 0.461330
vt 0.446484 0.476231
vt 0.439434 0.488837
vt 0.461641 0.462177
vt 0.462053 0.489070
vt 0.454960 0.474498
vt 0.482556 0.462730
vt 0.490432 0.477344
vt 0.484123 0.489541
vt 0.505062 0.463043
vt 0.505958 0.489581
vt 0.498690 0.475434
vt 0.294602 0.491239
vt 0.294602 0.469658
vt 0.272451 0.490008
vt 0.272451 0.468173
vt 0.250256 0.488446
vt 0.250256 0.466263
vt 0.228055 0.485950
vt 0.228055 0.464740
vt 0.205859 0.483556
vt 0.205859 0.462043
vt 0.183650 0.480388
vt 0.183650 0.458811
vt 0.161268 0.475821
vt 0.161268 0.454609
vt 0.846936 0.482163
vt 0.824758 0.486114
vt 0.824758 0.464870
vt 0.846936 0.461909
vt 0.802629 0.488447
vt 0.802629 0.467610
vt 0.780551 0.490620
vt 0.780551 0.469198
vt 0.758601 0.492342
vt 0.758601 0.470378
vt 0.736777 0.493204
vt 0.736777 0.471835
vt 0.715128 0.493751
vt 0.715128 0.472893
vt 0.694356 0.493812
vt 0.694356 0.473756
vt 0.680239 0.492970
vt 0.681768 0.474846
vt 0.349841 0.454389
vt 0.372305 0.459168
vt 0.363204 0.472191
vt 0.347752 0.472853
vt 0.338503 0.452954
vt 0.338503 0.471844
vt 0.316699 0.451769
vt 0.316699 0.470842
vt 0.294602 0.450447
vt 0.294602 0.469658
vt 0.272451 0.448909
vt 0.272451 0.468173
vt 0.250256 0.447151
vt 0.250256 0.466263
vt 0.228055 0.445346
vt 0.228055 0.464740
vt 0.205859 0.443062
vt 0.205859 0.462043
vt 0.183650 0.440461
vt 0.183650 0.458811
vt 0.161268 0.437118
vt 0.161268 0.454609
vt 0.824758 0.446449
vt 0.846936 0.444259
vt 0.846936 0.461909
vt 0.824758 0.464870
vt 0.802629 0.448615
vt 0.802629 0.467610
vt 0.780551 0.450263
vt 0.780551 0.469198
vt 0.758601 0.451624
vt 0.758601 0.470378
vt 0.736777 0.453005
vt 0.736777 0.471835
vt 0.715128 0.454252
vt 0.715128 0.472893
vt 0.694356 0.455369
vt 0.694356 0.473756
vt 0.679604 0.456907
vt 0.681768 0.474846
vt 0.658321 0.489700
vt 0.666592 0.474187
vt 0.657832 0.461677
vt 0.666592 0.474187
vt 0.636360 0.463674
vt 0.636128 0.489521
vt 0.628985 0.476749
vt 0.613248 0.461433
vt 0.620751 0.476736
vt 0.614514 0.490713
vt 0.568977 0.464408
vt 0.576864 0.476910
vt 0.570437 0.489770
vt 0.591610 0.461010
vt 0.592077 0.490382
vt 0.585098 0.476544
vt 0.636128 0.489521
vt 0.614514 0.490713
vt 0.620751 0.476736
vt 0.628985 0.476749
vt 0.570437 0.489770
vt 0.576864 0.476910
vt 0.585098 0.476544
vt 0.592077 0.490382
vt 0.549164 0.489839
vt 0.527720 0.489883
vt 0.533831 0.477872
vt 0.541916 0.475982
vt 0.505958 0.489581
vt 0.484123 0.489541
vt 0.490432 0.477344
vt 0.498690 0.475434
vt 0.462053 0.489070
vt 0.439434 0.488837
vt 0.446484 0.476231
vt 0.454960 0.474498
vt 0.417313 0.489161
vt 0.395102 0.488729
vt 0.402127 0.476218
vt 0.410679 0.474563
vt 0.568977 0.464408
vt 0.591610 0.461010
vt 0.585098 0.476544
vt 0.576864 0.476910
vt 0.525887 0.463347
vt 0.548209 0.463785
vt 0.541916 0.475982
vt 0.533831 0.477872
vt 0.482556 0.462730
vt 0.505062 0.463043
vt 0.498690 0.475434
vt 0.490432 0.477344
vt 0.439156 0.461330
vt 0.461641 0.462177
vt 0.454960 0.474498
vt 0.446484 0.476231
vt 0.394410 0.460678
vt 0.417919 0.462122
vt 0.410679 0.474563
vt 0.402127 0.476218
vt 0.613248 0.461433
vt 0.636360 0.463674
vt 0.628985 0.476749
vt 0.620751 0.476736
vt 0.680239 0.492970
vt 0.694356 0.493812
vt 0.694356 0.553756
vt 0.676946 0.553756
vt 0.592077 0.490382
vt 0.614514 0.490713
vt 0.613760 0.553756
vt 0.592226 0.553756
vt 0.636128 0.489521
vt 0.634995 0.553756
vt 0.658321 0.489700
vt 0.656025 0.553756
vt 0.715128 0.493751
vt 0.715128 0.553756
vt 0.736777 0.493204
vt 0.736777 0.553756
vt 0.758601 0.492342
vt 0.758601 0.553756
vt 0.780551 0.490620
vt 0.780551 0.553756
vt 0.802629 0.488447
vt 0.802629 0.553756
vt 0.824758 0.486114
vt 0.824758 0.553756
vt 0.846936 0.482163
vt 0.846936 0.553756
vt 0.161268 0.475821
vt 0.183650 0.480388
vt 0.183650 0.553756
vt 0.161268 0.553756
vt 0.205859 0.483556
vt 0.205859 0.553756
vt 0.228055 0.485950
vt 0.228055 0.553756
vt 0.250256 0.488446
vt 0.250256 0.553756
vt 0.272451 0.490008
vt 0.272451 0.553756
vt 0.294602 0.491239
vt 0.294602 0.553756
vt 0.316699 0.492054
vt 0.316699 0.553756
vt 0.338503 0.492283
vt 0.338503 0.553756
vt 0.349394 0.491445
vt 0.351651 0.553756
vt 0.371809 0.488315
vt 0.375513 0.553756
vt 0.395102 0.488729
vt 0.397471 0.553756
vt 0.417313 0.489161
vt 0.419347 0.553756
vt 0.439434 0.488837
vt 0.441300 0.553756
vt 0.462053 0.489070
vt 0.463223 0.553756
vt 0.484123 0.489541
vt 0.485047 0.553756
vt 0.505958 0.489581
vt 0.506719 0.553756
vt 0.527720 0.489883
vt 0.528271 0.553756
vt 0.549164 0.489839
vt 0.549639 0.553756
vt 0.570437 0.489770
vt 0.570929 0.553756
vt 0.636360 0.463674
vt 0.657832 0.461677
vt 0.658321 0.489700
vt 0.636128 0.489521
vt 0.613248 0.461433
vt 0.614514 0.490713
vt 0.592077 0.490382
vt 0.591610 0.461010
vt 0.548209 0.463785
vt 0.568977 0.464408
vt 0.570437 0.489770
vt 0.549164 0.489839
vt 0.505062 0.463043
vt 0.525887 0.463347
vt 0.527720 0.489883
vt 0.505958 0.489581
vt 0.461641 0.462177
vt 0.482556 0.462730
vt 0.484123 0.489541
vt 0.462053 0.489070
vt 0.417919 0.462122
vt 0.439156 0.461330
vt 0.439434 0.488837
vt 0.417313 0.489161
vt 0.372305 0.459168
vt 0.394410 0.460678
vt 0.395102 0.488729
vt 0.371809 0.488315
vt 0.550646 0.279533
vt 0.570962 0.279533
vt 0.510010 0.279533
vt 0.530409 0.279533
vt 0.468621 0.279533
vt 0.489527 0.279533
vt 0.427512 0.279533
vt 0.447718 0.279533
vt 0.386923 0.279533
vt 0.407453 0.279533
vt 0.365924 0.279533
vt 0.338503 0.279533
vt 0.316699 0.279533
vt 0.294602 0.279533
vt 0.272451 0.279533
vt 0.250256 0.279533
vt 0.228055 0.279533
vt 0.205859 0.279533
vt 0.183650 0.279533
vt 0.161268 0.279533
vt 0.824758 0.279533
vt 0.846936 0.279533
vt 0.802629 0.279533
vt 0.780551 0.279533
vt 0.758601 0.279533
vt 0.736777 0.279533
vt 0.715128 0.279533
vt 0.694356 0.279533
vt 0.673531 0.279533
vt 0.631546 0.279533
vt 0.652013 0.279533
vt 0.591462 0.279533
vt 0.611552 0.279533
vt 0.550696 0.275589
vt 0.550646 0.279533
vt 0.530464 0.275589
vt 0.530409 0.279533
vt 0.468742 0.275589
vt 0.468621 0.279533
vt 0.447879 0.275589
vt 0.447718 0.279533
vt 0.387049 0.275589
vt 0.386923 0.279533
vt 0.366047 0.275589
vt 0.365924 0.279533
vt 0.338503 0.275589
vt 0.338503 0.279533
vt 0.316699 0.275589
vt 0.316699 0.279533
vt 0.294602 0.275589
vt 0.294602 0.279533
vt 0.272451 0.275589
vt 0.272451 0.279533
vt 0.250256 0.275589
vt 0.250256 0.279533
vt 0.228055 0.275589
vt 0.228055 0.279533
vt 0.205859 0.275589
vt 0.205859 0.279533
vt 0.183650 0.275589
vt 0.183650 0.279533
vt 0.161268 0.275589
vt 0.161268 0.279533
vt 0.824758 0.275589
vt 0.846936 0.275589
vt 0.846936 0.279533
vt 0.824758 0.279533
vt 0.802629 0.275589
vt 0.802629 0.279533
vt 0.780551 0.275589
vt 0.780551 0.279533
vt 0.758601 0.275589
vt 0.758601 0.279533
vt 0.736777 0.275589
vt 0.736777 0.279533
vt 0.715128 0.275589
vt 0.715128 0.279533
vt 0.694356 0.275589
vt 0.694356 0.279533
vt 0.631495 0.275589
vt 0.631546 0.279533
vt 0.611533 0.275589
vt 0.611552 0.279533
vt 0.571157 0.266003
vt 0.591578 0.266003
vt 0.591498 0.275589
vt 0.571026 0.275589
vt 0.550908 0.266003
vt 0.550696 0.275589
vt 0.530674 0.266003
vt 0.530464 0.275589
vt 0.510319 0.266003
vt 0.510081 0.275589
vt 0.489945 0.266003
vt 0.489613 0.275589
vt 0.469121 0.266003
vt 0.468742 0.275589
vt 0.448326 0.266003
vt 0.447879 0.275589
vt 0.428132 0.266003
vt 0.427665 0.275589
vt 0.408021 0.266003
vt 0.407582 0.275589
vt 0.387485 0.266003
vt 0.387049 0.275589
vt 0.366453 0.266003
vt 0.366047 0.275589
vt 0.338503 0.266003
vt 0.338503 0.275589
vt 0.316699 0.266003
vt 0.316699 0.275589
vt 0.294602 0.266003
vt 0.294602 0.275589
vt 0.272451 0.266003
vt 0.272451 0.275589
vt 0.250256 0.266003
vt 0.250256 0.275589
vt 0.228055 0.266003
vt 0.228055 0.275589
vt 0.205859 0.266003
vt 0.205859 0.275589
vt 0.183650 0.266003
vt 0.183650 0.275589
vt 0.161268 0.266003
vt 0.161268 0.275589
vt 0.824758 0.266003
vt 0.846936 0.266003
vt 0.846936 0.275589
vt 0.824758 0.275589
vt 0.802629 0.266003
vt 0.802629 0.275589
vt 0.780551 0.266003
vt 0.780551 0.275589
vt 0.758601 0.266003
vt 0.758601 0.275589
vt 0.736777 0.266003
vt 0.736777 0.275589
vt 0.715128 0.266003
vt 0.715128 0.275589
vt 0.694356 0.266003
vt 0.694356 0.275589
vt 0.673045 0.266003
vt 0.673351 0.275589
vt 0.651832 0.266003
vt 0.651939 0.275589
vt 0.631458 0.266003
vt 0.631495 0.275589
vt 0.611589 0.266003
vt 0.611533 0.275589
vt 0.571216 0.261853
vt 0.591626 0.261853
vt 0.591578 0.266003
vt 0.571157 0.266003
vt 0.550954 0.261853
vt 0.550908 0.266003
vt 0.530733 0.261853
vt 0.530674 0.266003
vt 0.510392 0.261853
vt 0.510319 0.266003
vt 0.490050 0.261853
vt 0.489945 0.266003
vt 0.469243 0.261853
vt 0.469121 0.266003
vt 0.448460 0.261853
vt 0.448326 0.266003
vt 0.428279 0.261853
vt 0.428132 0.266003
vt 0.408178 0.261853
vt 0.408021 0.266003
vt 0.387646 0.261853
vt 0.387485 0.266003
vt 0.366615 0.261853
vt 0.366453 0.266003
vt 0.338503 0.261853
vt 0.338503 0.266003
vt 0.316699 0.261853
vt 0.316699 0.266003
vt 0.294602 0.261853
vt 0.294602 0.266003
vt 0.272451 0.261853
vt 0.272451 0.266003
vt 0.250256 0.261853
vt 0.250256 0.266003
vt 0.228055 0.261853
vt 0.228055 0.266003
vt 0.205859 0.261853
vt 0.205859 0.266003
vt 0.183650 0.261853
vt 0.183650 0.266003
vt 0.161268 0.261853
vt 0.161268 0.266003
vt 0.824758 0.261853
vt 0.846936 0.261853
vt 0.846936 0.266003
vt 0.824758 0.266003
vt 0.802629 0.261853
vt 0.802629 0.266003
vt 0.780551 0.261853
vt 0.780551 0.266003
vt 0.758601 0.261853
vt 0.758601 0.266003
vt 0.736777 0.261853
vt 0.736777 0.266003
vt 0.715128 0.261853
vt 0.715128 0.266003
vt 0.694356 0.261853
vt 0.694356 0.266003
vt 0.672842 0.261853
vt 0.673045 0.266003
vt 0.651683 0.261853
vt 0.651832 0.266003
vt 0.631371 0.261853
vt 0.631458 0.266003
vt 0.611576 0.261853
vt 0.611589 0.266003
vt 0.591626 0.261853
vt 0.587645 0.101694
vt 0.607405 0.101694
vt 0.611576 0.261853
vt 0.627214 0.101694
vt 0.631371 0.261853
vt 0.647048 0.101694
vt 0.651683 0.261853
vt 0.666975 0.101694
vt 0.672842 0.261853
vt 0.694356 0.101694
vt 0.694356 0.261853
vt 0.715128 0.101694
vt 0.715128 0.261853
vt 0.736777 0.101694
vt 0.736777 0.261853
vt 0.758601 0.101694
vt 0.758601 0.261853
vt 0.780551 0.101694
vt 0.780551 0.261853
vt 0.802629 0.101694
vt 0.802629 0.261853
vt 0.824758 0.101694
vt 0.824758 0.261853
vt 0.846936 0.101694
vt 0.846936 0.261853
vt 0.161268 0.261853
vt 0.161268 0.101694
vt 0.183650 0.101694
vt 0.183650 0.261853
vt 0.205859 0.101694
vt 0.205859 0.261853
vt 0.228055 0.101694
vt 0.228055 0.261853
vt 0.250256 0.101694
vt 0.250256 0.261853
vt 0.272451 0.101694
vt 0.272451 0.261853
vt 0.294602 0.101694
vt 0.294602 0.261853
vt 0.316699 0.101694
vt 0.316699 0.261853
vt 0.338503 0.101694
vt 0.338503 0.261853
vt 0.369745 0.101694
vt 0.366615 0.261853
vt 0.389781 0.101694
vt 0.387646 0.261853
vt 0.409729 0.101694
vt 0.408178 0.261853
vt 0.429605 0.101694
vt 0.428279 0.261853
vt 0.449437 0.101694
vt 0.448460 0.261853
vt 0.469244 0.101694
vt 0.469243 0.261853
vt 0.489019 0.101694
vt 0.490050 0.261853
vt 0.508762 0.101694
vt 0.510392 0.261853
vt 0.528486 0.101694
vt 0.530733 0.261853
vt 0.548196 0.101694
vt 0.550954 0.261853
vt 0.567913 0.101694
vt 0.571216 0.261853
vt 0.501142 0.453314
vt 0.521951 0.453381
vt 0.521891 0.474153
vt 0.501082 0.474085
vt 0.501142 0.453314
vt 0.521951 0.453381
vt 0.521891 0.474153
vt 0.501082 0.474085
vt 0.501142 0.453314
vt 0.521951 0.453381
vt 0.521891 0.474153
vt 0.501082 0.474085
vt 0.501082 0.432542
vt 0.521891 0.432474
vt 0.521951 0.453246
vt 0.501142 0.453314
vt 0.501142 0.432474
vt 0.521951 0.432542
vt 0.521891 0.453314
vt 0.501082 0.453246
vt 0.501082 0.432542
vt 0.521891 0.432474
vt 0.521951 0.453246
vt 0.501142 0.453314
vt 0.501142 0.432474
vt 0.521951 0.432542
vt 0.521891 0.453314
vt 0.501082 0.453246
vt 0.501142 0.453314
vt 0.521951 0.453381
vt 0.521891 0.474153
vt 0.501082 0.474085
vt 0.501142 0.432474
vt 0.521951 0.432542
vt 0.521891 0.453314
vt 0.501082 0.453246
vt 0.501142 0.432474
vt 0.521951 0.432542
vt 0.521891 0.453314
vt 0.501082 0.453246
vt 0.501142 0.453314
vt 0.521951 0.453381
vt 0.521891 0.474153
vt 0.501082 0.474085
vt 0.501142 0.453314
vt 0.521951 0.453381
vt 0.521891 0.474153
vt 0.501082 0.474085
vt 0.521891 0.432474
vt 0.521951 0.453246
vt 0.501142 0.453314
vt 0.501082 0.432542
vt 0.501082 0.453381
vt 0.521891 0.453314
vt 0.521951 0.474085
vt 0.501142 0.474153
vt 0.501142 0.453314
vt 0.521951 0.453381
vt 0.521891 0.474153
vt 0.501082 0.474085
vt 0.501142 0.453314
vt 0.521951 0.453381
vt 0.521891 0.474153
vt 0.501082 0.474086
vt 0.521891 0.432474
vt 0.521951 0.453246
vt 0.501142 0.453314
vt 0.501082 0.432542
vt 0.501082 0.473254
vt 0.481490 0.473318
vt 0.481461 0.463348
vt 0.501053 0.463284
vt 0.501082 0.453314
vt 0.480272 0.453313
vt 0.480272 0.443343
vt 0.501082 0.443343
vt 0.501053 0.442508
vt 0.481461 0.442444
vt 0.481490 0.432474
vt 0.501082 0.432538
vt 0.501082 0.463284
vt 0.480272 0.463284
vt 0.480272 0.453314
vt 0.501082 0.453314
vt 0.521951 0.453381
vt 0.521891 0.474153
vt 0.501082 0.474085
vt 0.501142 0.453314
vt 0.501082 0.442445
vt 0.481491 0.442508
vt 0.481462 0.432538
vt 0.501053 0.432474
vt 0.480272 0.443343
vt 0.501082 0.443343
vt 0.501082 0.453314
vt 0.480272 0.453313
vt 0.481462 0.463348
vt 0.501053 0.463284
vt 0.501082 0.473255
vt 0.481491 0.473318
vt 0.480272 0.453314
vt 0.501082 0.453314
vt 0.501082 0.463284
vt 0.480272 0.463284
vt 0.521891 0.432474
vt 0.521951 0.453246
vt 0.501142 0.453314
vt 0.501082 0.432542
vt 0.501082 0.473255
vt 0.481491 0.473318
vt 0.481462 0.463348
vt 0.501053 0.463284
vt 0.480272 0.443343
vt 0.501082 0.443343
vt 0.501082 0.453314
vt 0.480272 0.453313
vt 0.481462 0.432538
vt 0.501053 0.432474
vt 0.501082 0.442445
vt 0.481491 0.442508
vt 0.480272 0.453314
vt 0.501082 0.453314
vt 0.501082 0.463284
vt 0.480272 0.463284
vt 0.521891 0.453314
vt 0.521951 0.474085
vt 0.501142 0.474153
vt 0.501082 0.453381
vt 0.501082 0.442444
vt 0.481490 0.442508
vt 0.481461 0.432538
vt 0.501053 0.432474
vt 0.501082 0.453314
vt 0.480272 0.453313
vt 0.480272 0.443343
vt 0.501082 0.443343
vt 0.501053 0.473318
vt 0.481461 0.473255
vt 0.481490 0.463284
vt 0.501082 0.463348
vt 0.501082 0.463284
vt 0.480272 0.463284
vt 0.480272 0.453314
vt 0.501082 0.453314
vt 0.521891 0.453314
vt 0.521951 0.474085
vt 0.501142 0.474153
vt 0.501082 0.453381
vt 0.501082 0.442445
vt 0.481490 0.442508
vt 0.481461 0.432538
vt 0.501053 0.432474
vt 0.501082 0.453314
vt 0.480272 0.453313
vt 0.480272 0.443343
vt 0.501082 0.443343
vt 0.481462 0.463348
vt 0.501053 0.463284
vt 0.501082 0.473255
vt 0.481490 0.473318
vt 0.501082 0.463284
vt 0.480272 0.463284
vt 0.480272 0.453314
vt 0.501082 0.453314
vt 0.521891 0.432474
vt 0.521951 0.453246
vt 0.501142 0.453314
vt 0.501082 0.432542
vt 0.481491 0.463284
vt 0.501082 0.463348
vt 0.501053 0.473318
vt 0.481462 0.473255
vt 0.501082 0.453313
vt 0.480272 0.453314
vt 0.480272 0.443343
vt 0.501082 0.443343
vt 0.481462 0.432538
vt 0.501053 0.432474
vt 0.501082 0.442445
vt 0.481491 0.442508
vt 0.501082 0.463284
vt 0.480272 0.463284
vt 0.480272 0.453314
vt 0.501082 0.453314
vt 0.521891 0.453314
vt 0.521951 0.474085
vt 0.501142 0.474153
vt 0.501082 0.453381
vt 0.481491 0.432474
vt 0.501082 0.432538
vt 0.501053 0.442508
vt 0.481462 0.442445
vt 0.501082 0.453313
vt 0.480272 0.453314
vt 0.480272 0.443343
vt 0.501082 0.443343
vt 0.501053 0.473318
vt 0.481462 0.473255
vt 0.481491 0.463284
vt 0.501082 0.463348
vt 0.501082 0.463284
vt 0.480272 0.463284
vt 0.480272 0.453314
vt 0.501082 0.453314
vt 0.521891 0.453314
vt 0.521951 0.474085
vt 0.501142 0.474153
vt 0.501082 0.453381
vt 0.481491 0.463284
vt 0.501082 0.463348
vt 0.501053 0.473318
vt 0.481462 0.473255
vt 0.501082 0.453314
vt 0.480272 0.453313
vt 0.480272 0.443343
vt 0.501082 0.443343
vt 0.501053 0.442508
vt 0.481462 0.442445
vt 0.481491 0.432474
vt 0.501082 0.432538
vt 0.501082 0.463284
vt 0.480272 0.463284
vt 0.480272 0.453314
vt 0.501082 0.453314
vt 0.521891 0.453314
vt 0.521951 0.474085
vt 0.501142 0.474153
vt 0.501082 0.453381
vt 0.481491 0.432474
vt 0.501082 0.432538
vt 0.501053 0.442508
vt 0.481462 0.442445
vt 0.501082 0.453314
vt 0.480272 0.453313
vt 0.480272 0.443343
vt 0.501082 0.443343
vt 0.501053 0.473318
vt 0.481462 0.473255
vt 0.481491 0.463284
vt 0.501082 0.463348
vt 0.501082 0.463284
vt 0.480272 0.463284
vt 0.480272 0.453314
vt 0.501082 0.453314
vt 0.521951 0.453381
vt 0.521891 0.474153
vt 0.501082 0.474085
vt 0.501142 0.453314
vt 0.501082 0.442445
vt 0.481490 0.442508
vt 0.481462 0.432538
vt 0.501053 0.432474
vt 0.501082 0.453313
vt 0.480272 0.453314
vt 0.480272 0.443343
vt 0.501082 0.443343
vt 0.501053 0.473318
vt 0.481462 0.473255
vt 0.481491 0.463284
vt 0.501082 0.463348
vt 0.501082 0.463284
vt 0.480272 0.463284
vt 0.480272 0.453314
vt 0.501082 0.453314
vt 0.521891 0.432474
vt 0.521951 0.453246
vt 0.501142 0.453314
vt 0.501082 0.432542
vt 0.481491 0.463284
vt 0.501082 0.463348
vt 0.501053 0.473318
vt 0.481462 0.473255
vt 0.480272 0.443343
vt 0.501082 0.443343
vt 0.501082 0.453313
vt 0.480272 0.453314
vt 0.481462 0.432538
vt 0.501053 0.432474
vt 0.501082 0.442445
vt 0.481491 0.442508
vt 0.480272 0.453314
vt 0.501082 0.453314
vt 0.501082 0.463284
vt 0.480272 0.463284
vt 0.521891 0.432474
vt 0.521951 0.453246
vt 0.501142 0.453314
vt 0.501082 0.432542
vt 0.481491 0.463284
vt 0.501082 0.463348
vt 0.501053 0.473318
vt 0.481462 0.473255
vt 0.480272 0.443343
vt 0.501082 0.443343
vt 0.501082 0.453313
vt 0.480272 0.453314
vt 0.501053 0.442508
vt 0.481462 0.442445
vt 0.481491 0.432474
vt 0.501082 0.432538
vt 0.480272 0.453314
vt 0.501082 0.453314
vt 0.501082 0.463284
vt 0.480272 0.463284
vt 0.521891 0.432474
vt 0.521951 0.453246
vt 0.501142 0.453314
vt 0.501082 0.432542
vt 0.481491 0.463284
vt 0.501082 0.463348
vt 0.501053 0.473319
vt 0.481462 0.473255
vt 0.480272 0.443343
vt 0.501082 0.443343
vt 0.501082 0.453314
vt 0.480272 0.453313
vt 0.481462 0.432538
vt 0.501053 0.432474
vt 0.501082 0.442445
vt 0.481491 0.442508
vt 0.480272 0.453314
vt 0.501082 0.453314
vt 0.501082 0.463284
vt 0.480272 0.463284
vt 0.521891 0.432474
vt 0.521951 0.453246
vt 0.501142 0.453314
vt 0.501082 0.432542
vt 0.501082 0.473255
vt 0.481491 0.473319
vt 0.481462 0.463348
vt 0.501053 0.463284
vt 0.480272 0.443343
vt 0.501082 0.443343
vt 0.501082 0.453313
vt 0.480272 0.453314
vt 0.481462 0.432538
vt 0.501053 0.432474
vt 0.501082 0.442445
vt 0.481491 0.442508
vt 0.480272 0.453314
vt 0.501082 0.453314
vt 0.501082 0.463284
vt 0.480272 0.463284
vt 0.521891 0.432474
vt 0.521951 0.453246
vt 0.501142 0.453314
vt 0.501082 0.432542
vt 0.481491 0.463284
vt 0.501082 0.463348
vt 0.501053 0.473318
vt 0.481462 0.473255
vt 0.480272 0.443343
vt 0.501082 0.443343
vt 0.501082 0.453313
vt 0.480272 0.453314
vt 0.481462 0.432538
vt 0.501053 0.432474
vt 0.501082 0.442445
vt 0.481491 0.442508
vt 0.480272 0.453314
vt 0.501082 0.453314
vt 0.501082 0.463284
vt 0.480272 0.463284
vt 0.521951 0.432542
vt 0.521891 0.453314
vt 0.501082 0.453246
vt 0.501142 0.432474
vt 0.481491 0.432474
vt 0.501082 0.432538
vt 0.501053 0.442508
vt 0.481462 0.442444
vt 0.480272 0.443343
vt 0.501082 0.443343
vt 0.501082 0.453313
vt 0.480272 0.453314
vt 0.481462 0.463348
vt 0.501053 0.463284
vt 0.501082 0.473255
vt 0.481491 0.473318
vt 0.480272 0.453314
vt 0.501082 0.453314
vt 0.501082 0.463284
vt 0.480272 0.463284
vt 0.538664 0.202736
vt 0.577366 0.274732
vt 0.551893 0.274732
vt 0.525206 0.202736
vt 0.550552 0.202736
vt 0.601849 0.274732
vt 0.560941 0.202736
vt 0.624674 0.274732
vt 0.570140 0.202736
vt 0.645600 0.274732
vt 0.427829 0.202736
vt 0.435962 0.202736
vt 0.373908 0.274732
vt 0.354400 0.274732
vt 0.446784 0.202736
vt 0.394702 0.274732
vt 0.458004 0.202736
vt 0.417809 0.274732
vt 0.470977 0.202736
vt 0.441921 0.274732
vt 0.484414 0.202736
vt 0.468040 0.274732
vt 0.498052 0.202736
vt 0.495753 0.274732
vt 0.511577 0.202736
vt 0.524377 0.274732
vt 0.538664 0.202736
vt 0.525206 0.202736
vt 0.498465 0.188291
vt 0.550552 0.202736
vt 0.560941 0.202736
vt 0.570140 0.202736
vt 0.435962 0.202736
vt 0.427829 0.202736
vt 0.446784 0.202736
vt 0.458004 0.202736
vt 0.470977 0.202736
vt 0.484414 0.202736
vt 0.498052 0.202736
vt 0.511577 0.202736
vt 0.525206 0.202736
vt 0.511577 0.202736
vt 0.498465 0.188291
vt 0.498052 0.202736
vt 0.484414 0.202736
vt 0.470977 0.202736
vt 0.458004 0.202736
vt 0.446784 0.202736
vt 0.435962 0.202736
vt 0.427829 0.202736
vt 0.570140 0.202736
vt 0.560941 0.202736
vt 0.550552 0.202736
vt 0.538664 0.202736
vt 0.525206 0.202736
vt 0.551893 0.274732
vt 0.524377 0.274732
vt 0.511577 0.202736
vt 0.498052 0.202736
vt 0.495753 0.274732
vt 0.484414 0.202736
vt 0.468040 0.274732
vt 0.470977 0.202736
vt 0.441921 0.274732
vt 0.458004 0.202736
vt 0.417809 0.274732
vt 0.394702 0.274732
vt 0.446784 0.202736
vt 0.435962 0.202736
vt 0.373908 0.274732
vt 0.427829 0.202736
vt 0.354400 0.274732
vt 0.570140 0.202736
vt 0.645600 0.274732
vt 0.624674 0.274732
vt 0.560941 0.202736
vt 0.550552 0.202736
vt 0.601849 0.274732
vt 0.538664 0.202736
vt 0.577366 0.274732
vt 0.538664 0.202736
vt 0.577366 0.274732
vt 0.551893 0.274732
vt 0.525206 0.202736
vt 0.550552 0.202736
vt 0.601849 0.274732
vt 0.560941 0.202736
vt 0.624674 0.274732
vt 0.570140 0.202736
vt 0.645600 0.274732
vt 0.427829 0.202736
vt 0.435962 0.202736
vt 0.373908 0.274732
vt 0.354400 0.274732
vt 0.446784 0.202736
vt 0.394702 0.274732
vt 0.458004 0.202736
vt 0.417809 0.274732
vt 0.470977 0.202736
vt 0.441921 0.274732
vt 0.484414 0.202736
vt 0.468040 0.274732
vt 0.498052 0.202736
vt 0.495753 0.274732
vt 0.511577 0.202736
vt 0.524377 0.274732
vt 0.538664 0.202736
vt 0.525206 0.202736
vt 0.498465 0.188291
vt 0.550552 0.202736
vt 0.560941 0.202736
vt 0.570140 0.202736
vt 0.435962 0.202736
vt 0.427829 0.202736
vt 0.446784 0.202736
vt 0.458004 0.202736
vt 0.470977 0.202736
vt 0.484414 0.202736
vt 0.498052 0.202736
vt 0.511577 0.202736
vt 0.525206 0.202736
vt 0.511577 0.202736
vt 0.498465 0.188291
vt 0.498052 0.202736
vt 0.484414 0.202736
vt 0.470977 0.202736
vt 0.458004 0.202736
vt 0.446784 0.202736
vt 0.435962 0.202736
vt 0.427829 0.202736
vt 0.570140 0.202736
vt 0.560941 0.202736
vt 0.550552 0.202736
vt 0.538664 0.202736
vt 0.525206 0.202736
vt 0.551893 0.274732
vt 0.524377 0.274732
vt 0.511577 0.202736
vt 0.498052 0.202736
vt 0.495753 0.274732
vt 0.484414 0.202736
vt 0.468040 0.274732
vt 0.470977 0.202736
vt 0.441921 0.274732
vt 0.458004 0.202736
vt 0.417809 0.274732
vt 0.394702 0.274732
vt 0.446784 0.202736
vt 0.435962 0.202736
vt 0.373908 0.274732
vt 0.427829 0.202736
vt 0.354400 0.274732
vt 0.570140 0.202736
vt 0.645600 0.274732
vt 0.624674 0.274732
vt 0.560941 0.202736
vt 0.550552 0.202736
vt 0.601849 0.274732
vt 0.538664 0.202736
vt 0.577366 0.274732
vt 0.538664 0.202736
vt 0.577366 0.274732
vt 0.551893 0.274732
vt 0.525206 0.202736
vt 0.550552 0.202736
vt 0.601849 0.274732
vt 0.560941 0.202736
vt 0.624674 0.274732
vt 0.570140 0.202736
vt 0.645600 0.274732
vt 0.427829 0.202736
vt 0.435962 0.202736
vt 0.373908 0.274732
vt 0.354400 0.274732
vt 0.446784 0.202736
vt 0.394702 0.274732
vt 0.458004 0.202736
vt 0.417809 0.274732
vt 0.470977 0.202736
vt 0.441921 0.274732
vt 0.484414 0.202736
vt 0.468040 0.274732
vt 0.498052 0.202736
vt 0.495753 0.274732
vt 0.511577 0.202736
vt 0.524377 0.274732
vt 0.538664 0.202736
vt 0.525206 0.202736
vt 0.498465 0.188291
vt 0.550552 0.202736
vt 0.560941 0.202736
vt 0.570140 0.202736
vt 0.435962 0.202736
vt 0.427829 0.202736
vt 0.446784 0.202736
vt 0.458004 0.202736
vt 0.470977 0.202736
vt 0.484414 0.202736
vt 0.498052 0.202736
vt 0.511577 0.202736
vt 0.525206 0.202736
vt 0.511577 0.202736
vt 0.498465 0.188291
vt 0.498052 0.202736
vt 0.484414 0.202736
vt 0.470977 0.202736
vt 0.458004 0.202736
vt 0.446784 0.202736
vt 0.435962 0.202736
vt 0.427829 0.202736
vt 0.570140 0.202736
vt 0.560941 0.202736
vt 0.550552 0.202736
vt 0.538664 0.202736
vt 0.525206 0.202736
vt 0.551893 0.274732
vt 0.524377 0.274732
vt 0.511577 0.202736
vt 0.498052 0.202736
vt 0.495753 0.274732
vt 0.484414 0.202736
vt 0.468040 0.274732
vt 0.470977 0.202736
vt 0.441921 0.274732
vt 0.458004 0.202736
vt 0.417809 0.274732
vt 0.394702 0.274732
vt 0.446784 0.202736
vt 0.435962 0.202736
vt 0.373908 0.274732
vt 0.427829 0.202736
vt 0.354400 0.274732
vt 0.570140 0.202736
vt 0.645600 0.274732
vt 0.624674 0.274732
vt 0.560941 0.202736
vt 0.550552 0.202736
vt 0.601849 0.274732
vt 0.538664 0.202736
vt 0.577366 0.274732
vt 0.157680 0.952789
vt 0.151545 0.947725
vt 0.157680 0.940277
vt 0.430181 0.502698
vt 0.429340 0.518527
vt 0.411123 0.517857
vt 0.411123 0.501624
vt 0.392065 0.502698
vt 0.392905 0.518527
vt 0.392065 0.502698
vt 0.388591 0.483247
vt 0.411123 0.481473
vt 0.411123 0.501624
vt 0.430181 0.502698
vt 0.433656 0.483247
vt 0.494157 0.494157
vt 0.505843 0.494157
vt 0.505843 0.505843
vt 0.494535 0.494535
vt 0.505465 0.505465
vt 0.505465 0.494535
vt 0.199363 0.726276
vt 0.182433 0.726276
vt 0.182433 0.608805
vt 0.199363 0.608805
vt 0.182433 0.491112
vt 0.199363 0.491112
vt 0.182433 0.384483
vt 0.199363 0.384483
vt 0.274784 0.726276
vt 0.255019 0.726276
vt 0.255019 0.608805
vt 0.274784 0.608805
vt 0.255019 0.491112
vt 0.274784 0.491112
vt 0.255019 0.384483
vt 0.274784 0.384483
vt 0.235650 0.726276
vt 0.235650 0.608805
vt 0.235650 0.491112
vt 0.235650 0.384483
vt 0.217152 0.726276
vt 0.217152 0.608805
vt 0.217152 0.491112
vt 0.217152 0.384483
vt 0.165847 0.726276
vt 0.165847 0.608805
vt 0.165847 0.491112
vt 0.165847 0.384483
vt 0.814167 0.726276
vt 0.797808 0.726276
vt 0.797808 0.608805
vt 0.814167 0.608805
vt 0.797808 0.491112
vt 0.814167 0.491112
vt 0.797808 0.384483
vt 0.814167 0.384483
vt 0.781063 0.726276
vt 0.781063 0.608805
vt 0.781063 0.491112
vt 0.781063 0.384483
vt 0.763346 0.726276
vt 0.763346 0.608805
vt 0.763346 0.491112
vt 0.763346 0.384483
vt 0.745336 0.726276
vt 0.745336 0.608805
vt 0.745336 0.491112
vt 0.745336 0.384483
vt 0.726711 0.726276
vt 0.726711 0.608805
vt 0.726711 0.491112
vt 0.726711 0.384483
vt 0.707437 0.726276
vt 0.687841 0.726276
vt 0.687841 0.608805
vt 0.707437 0.608805
vt 0.687841 0.491112
vt 0.707437 0.491112
vt 0.687841 0.384483
vt 0.707437 0.384483
vt 0.667273 0.726276
vt 0.667273 0.608805
vt 0.667273 0.491112
vt 0.667273 0.384483
vt 0.646286 0.726276
vt 0.646286 0.608805
vt 0.646286 0.491112
vt 0.646286 0.384483
vt 0.625152 0.726276
vt 0.625152 0.608805
vt 0.625152 0.491112
vt 0.625152 0.384483
vt 0.603785 0.726276
vt 0.603785 0.608805
vt 0.603785 0.491112
vt 0.603785 0.384483
vt 0.582470 0.726276
vt 0.582470 0.608805
vt 0.582470 0.491112
vt 0.582470 0.384483
vt 0.560529 0.726276
vt 0.560529 0.608805
vt 0.560529 0.491112
vt 0.560529 0.384483
vt 0.539910 0.726276
vt 0.516700 0.726276
vt 0.516700 0.608805
vt 0.539910 0.608805
vt 0.516700 0.491112
vt 0.539910 0.491112
vt 0.516700 0.384483
vt 0.539910 0.384483
vt 0.494549 0.726276
vt 0.494549 0.608805
vt 0.494549 0.491112
vt 0.494549 0.384483
vt 0.472099 0.726276
vt 0.472099 0.608805
vt 0.472099 0.491112
vt 0.472099 0.384483
vt 0.449141 0.726276
vt 0.449141 0.608805
vt 0.449141 0.491112
vt 0.449141 0.384483
vt 0.426311 0.726276
vt 0.426311 0.608805
vt 0.426311 0.491112
vt 0.426311 0.384483
vt 0.401780 0.726276
vt 0.401780 0.608805
vt 0.423542 0.608805
vt 0.404549 0.608805
vt 0.404549 0.491112
vt 0.423542 0.491112
vt 0.424660 0.491112
vt 0.403432 0.491112
vt 0.403432 0.384484
vt 0.424660 0.384484
vt 0.389760 0.726276
vt 0.389760 0.608805
vt 0.409167 0.608805
vt 0.382373 0.608805
vt 0.382373 0.491112
vt 0.409167 0.491112
vt 0.382373 0.384484
vt 0.409167 0.384484
vt 0.359640 0.726276
vt 0.338250 0.726276
vt 0.338250 0.608805
vt 0.359640 0.608805
vt 0.338250 0.491112
vt 0.359640 0.491112
vt 0.338250 0.384483
vt 0.359640 0.384483
vt 0.317070 0.726276
vt 0.317070 0.608805
vt 0.317070 0.491112
vt 0.317070 0.384483
vt 0.295627 0.726276
vt 0.295627 0.608805
vt 0.295627 0.491112
vt 0.295627 0.384483
vt 0.182433 0.754395
vt 0.182433 0.726276
vt 0.199363 0.726276
vt 0.199363 0.754395
vt 0.255019 0.754395
vt 0.255019 0.726276
vt 0.274784 0.726276
vt 0.274784 0.754395
vt 0.235650 0.754395
vt 0.235650 0.726276
vt 0.217152 0.754395
vt 0.217152 0.726276
vt 0.165847 0.754395
vt 0.165847 0.726276
vt 0.797808 0.754395
vt 0.797808 0.726276
vt 0.814167 0.726276
vt 0.814167 0.754395
vt 0.781063 0.754395
vt 0.781063 0.726276
vt 0.763346 0.754395
vt 0.763346 0.726276
vt 0.745336 0.754395
vt 0.745336 0.726276
vt 0.726711 0.754395
vt 0.726711 0.726276
vt 0.707437 0.754395
vt 0.707437 0.726276
vt 0.687841 0.754395
vt 0.687841 0.726276
vt 0.667273 0.754395
vt 0.667273 0.726276
vt 0.646286 0.754395
vt 0.646286 0.726276
vt 0.625152 0.754395
vt 0.625152 0.726276
vt 0.603785 0.754395
vt 0.603785 0.726276
vt 0.582470 0.754395
vt 0.582470 0.726276
vt 0.560529 0.754395
vt 0.560529 0.726276
vt 0.517113 0.754395
vt 0.539910 0.726276
vt 0.516700 0.754395
vt 0.516700 0.726276
vt 0.494549 0.754395
vt 0.494549 0.726276
vt 0.472099 0.754395
vt 0.472099 0.726276
vt 0.449141 0.754395
vt 0.449141 0.726276
vt 0.426311 0.754395
vt 0.426311 0.726276
vt 0.401780 0.754395
vt 0.401780 0.726276
vt 0.390335 0.754395
vt 0.389760 0.726276
vt 0.359640 0.754395
vt 0.359640 0.726276
vt 0.338250 0.754395
vt 0.338250 0.726276
vt 0.317070 0.754395
vt 0.317070 0.726276
vt 0.295627 0.754395
vt 0.295627 0.726276
vt 0.182433 0.379474
vt 0.199363 0.379474
vt 0.255019 0.379474
vt 0.274784 0.379474
vt 0.235650 0.379474
vt 0.217152 0.379474
vt 0.165847 0.379474
vt 0.797808 0.379474
vt 0.814167 0.379474
vt 0.781063 0.379474
vt 0.763346 0.379474
vt 0.745336 0.379474
vt 0.726711 0.379474
vt 0.707437 0.379474
vt 0.687841 0.379474
vt 0.667273 0.379474
vt 0.646286 0.379474
vt 0.625152 0.379474
vt 0.603785 0.379474
vt 0.582470 0.379474
vt 0.560529 0.379474
vt 0.539910 0.379474
vt 0.516700 0.379474
vt 0.494549 0.379474
vt 0.472099 0.379474
vt 0.449141 0.379474
vt 0.426311 0.379474
vt 0.401780 0.384483
vt 0.401780 0.379474
vt 0.389760 0.384483
vt 0.389820 0.379474
vt 0.359640 0.379474
vt 0.317070 0.379474
vt 0.338960 0.379474
vt 0.295627 0.379474
vt 0.182433 0.379474
vt 0.182433 0.364628
vt 0.199363 0.364628
vt 0.199363 0.379474
vt 0.255019 0.379474
vt 0.255019 0.364628
vt 0.274784 0.364628
vt 0.274784 0.379474
vt 0.235650 0.379474
vt 0.235650 0.364628
vt 0.217152 0.379474
vt 0.217152 0.364628
vt 0.165847 0.379474
vt 0.165847 0.364628
vt 0.797808 0.379474
vt 0.797808 0.364628
vt 0.814167 0.364628
vt 0.814167 0.379474
vt 0.781063 0.379474
vt 0.781063 0.364628
vt 0.763346 0.379474
vt 0.763346 0.364628
vt 0.745336 0.379474
vt 0.745336 0.364628
vt 0.726711 0.379474
vt 0.726711 0.364628
vt 0.707437 0.379474
vt 0.707437 0.364628
vt 0.687841 0.379474
vt 0.687841 0.364628
vt 0.667273 0.379474
vt 0.667273 0.364628
vt 0.646286 0.379474
vt 0.646286 0.364628
vt 0.625152 0.379474
vt 0.625152 0.364628
vt 0.603785 0.379474
vt 0.603785 0.364628
vt 0.582470 0.379474
vt 0.582470 0.364628
vt 0.560529 0.379474
vt 0.560529 0.364628
vt 0.539910 0.379474
vt 0.539910 0.364628
vt 0.516700 0.379474
vt 0.516700 0.364628
vt 0.494549 0.379474
vt 0.494549 0.364628
vt 0.472099 0.379474
vt 0.472099 0.364628
vt 0.449141 0.379474
vt 0.449141 0.364628
vt 0.426311 0.379474
vt 0.426311 0.364628
vt 0.401780 0.379474
vt 0.401780 0.364628
vt 0.389820 0.379474
vt 0.389933 0.364628
vt 0.359640 0.379474
vt 0.359640 0.364628
vt 0.389760 0.379474
vt 0.389760 0.364628
vt 0.317070 0.379474
vt 0.317070 0.364628
vt 0.340960 0.364628
vt 0.340960 0.379474
vt 0.295627 0.379474
vt 0.295627 0.364628
vt 0.632921 0.417797
vt 0.632899 0.428356
vt 0.585587 0.427942
vt 0.585440 0.420714
vt 0.689508 0.418398
vt 0.688999 0.429426
vt 0.757381 0.422126
vt 0.756795 0.435085
vt 0.844980 0.421375
vt 0.850000 0.441113
vt 0.154812 0.427154
vt 0.247627 0.424424
vt 0.248586 0.439217
vt 0.150000 0.448224
vt 0.314765 0.424810
vt 0.315245 0.434898
vt 0.370984 0.420399
vt 0.371563 0.431081
vt 0.419820 0.420395
vt 0.419873 0.428647
vt 0.461227 0.422542
vt 0.461219 0.429351
vt 0.502027 0.420501
vt 0.502146 0.428993
vt 0.543918 0.420946
vt 0.543983 0.428617
vt 0.632899 0.428356
vt 0.629511 0.470088
vt 0.583847 0.464835
vt 0.585587 0.427942
vt 0.688999 0.429426
vt 0.682902 0.480182
vt 0.756795 0.435085
vt 0.745166 0.494695
vt 0.850000 0.441113
vt 0.820692 0.521940
vt 0.150000 0.448224
vt 0.248586 0.439217
vt 0.262127 0.500141
vt 0.184192 0.532761
vt 0.315245 0.434898
vt 0.323163 0.480912
vt 0.371563 0.431081
vt 0.374974 0.471356
vt 0.419873 0.428647
vt 0.421213 0.466194
vt 0.461219 0.429351
vt 0.462383 0.461910
vt 0.502146 0.428993
vt 0.501985 0.461445
vt 0.543983 0.428617
vt 0.542416 0.462275
vt 0.616828 0.524205
vt 0.576339 0.514705
vt 0.660705 0.540065
vt 0.708628 0.567642
vt 0.760383 0.610318
vt 0.299811 0.569278
vt 0.251066 0.611608
vt 0.345623 0.541359
vt 0.388657 0.525342
vt 0.428494 0.515959
vt 0.465732 0.509284
vt 0.502022 0.508742
vt 0.538447 0.509792
vt 0.588833 0.590640
vt 0.559795 0.579280
vt 0.617219 0.609567
vt 0.643951 0.635997
vt 0.666411 0.671215
vt 0.362436 0.634030
vt 0.340863 0.667573
vt 0.388494 0.608115
vt 0.416620 0.590668
vt 0.445262 0.579479
vt 0.473808 0.571952
vt 0.502424 0.570478
vt 0.530969 0.573280
vt 0.501459 0.713621
vt 0.274784 0.379474
vt 0.274784 0.364628
vt 0.295627 0.364628
vt 0.295627 0.379474
vt 0.317070 0.364628
vt 0.317070 0.379474
vt 0.340960 0.364628
vt 0.340960 0.379474
vt 0.389760 0.379474
vt 0.389760 0.364628
vt 0.359640 0.364628
vt 0.359640 0.379474
vt 0.389933 0.364628
vt 0.389820 0.379474
vt 0.401780 0.364628
vt 0.401780 0.379474
vt 0.426311 0.364628
vt 0.426311 0.379474
vt 0.449141 0.364628
vt 0.449141 0.379474
vt 0.472099 0.364628
vt 0.472099 0.379474
vt 0.494549 0.364628
vt 0.494549 0.379474
vt 0.516700 0.364628
vt 0.516700 0.379474
vt 0.539910 0.364628
vt 0.539910 0.379474
vt 0.560529 0.364628
vt 0.560529 0.379474
vt 0.582470 0.364628
vt 0.582470 0.379474
vt 0.603785 0.364628
vt 0.603785 0.379474
vt 0.625152 0.364628
vt 0.625152 0.379474
vt 0.646286 0.364628
vt 0.646286 0.379474
vt 0.667273 0.364628
vt 0.667273 0.379474
vt 0.687841 0.364628
vt 0.687841 0.379474
vt 0.707437 0.364628
vt 0.707437 0.379474
vt 0.726711 0.364628
vt 0.726711 0.379474
vt 0.745336 0.364628
vt 0.745336 0.379474
vt 0.763346 0.364628
vt 0.763346 0.379474
vt 0.781063 0.364628
vt 0.781063 0.379474
vt 0.797808 0.364628
vt 0.797808 0.379474
vt 0.814167 0.364628
vt 0.814167 0.379474
vt 0.165847 0.379474
vt 0.165847 0.364628
vt 0.182433 0.364628
vt 0.182433 0.379474
vt 0.199363 0.379474
vt 0.199363 0.364628
vt 0.217152 0.364628
vt 0.217152 0.379474
vt 0.235650 0.364628
vt 0.235650 0.379474
vt 0.255019 0.364628
vt 0.255019 0.379474
vt 0.274784 0.384483
vt 0.274784 0.379474
vt 0.295627 0.379474
vt 0.295627 0.384483
vt 0.317070 0.379474
vt 0.317070 0.384483
vt 0.338960 0.379474
vt 0.338250 0.384483
vt 0.359640 0.384483
vt 0.359640 0.379474
vt 0.389820 0.379474
vt 0.389760 0.384483
vt 0.401780 0.379474
vt 0.401780 0.384483
vt 0.426311 0.379474
vt 0.426311 0.384483
vt 0.449141 0.379474
vt 0.449141 0.384483
vt 0.472099 0.379474
vt 0.472099 0.384483
vt 0.494549 0.379474
vt 0.494549 0.384483
vt 0.516700 0.379474
vt 0.516700 0.384483
vt 0.539910 0.379474
vt 0.539910 0.384483
vt 0.560529 0.379474
vt 0.560529 0.384483
vt 0.582470 0.379474
vt 0.582470 0.384483
vt 0.603785 0.379474
vt 0.603785 0.384483
vt 0.625152 0.379474
vt 0.625152 0.384483
vt 0.646286 0.379474
vt 0.646286 0.384483
vt 0.667273 0.379474
vt 0.667273 0.384483
vt 0.687841 0.379474
vt 0.687841 0.384483
vt 0.707437 0.379474
vt 0.707437 0.384483
vt 0.726711 0.379474
vt 0.726711 0.384483
vt 0.745336 0.379474
vt 0.745336 0.384483
vt 0.763346 0.379474
vt 0.763346 0.384483
vt 0.781063 0.379474
vt 0.781063 0.384483
vt 0.797808 0.379474
vt 0.797808 0.384483
vt 0.814167 0.379474
vt 0.814167 0.384483
vt 0.165847 0.384483
vt 0.165847 0.379474
vt 0.182433 0.379474
vt 0.182433 0.384483
vt 0.199363 0.384483
vt 0.199363 0.379474
vt 0.217152 0.379474
vt 0.217152 0.384483
vt 0.235650 0.379474
vt 0.235650 0.384483
vt 0.255019 0.379474
vt 0.255019 0.384483
vt 0.274784 0.754395
vt 0.274784 0.726276
vt 0.295627 0.726276
vt 0.295627 0.754395
vt 0.317070 0.726276
vt 0.317070 0.754395
vt 0.338250 0.726276
vt 0.338250 0.754395
vt 0.359640 0.726276
vt 0.359640 0.754395
vt 0.389760 0.726276
vt 0.390335 0.754395
vt 0.401780 0.726276
vt 0.401780 0.754395
vt 0.426311 0.726276
vt 0.426311 0.754395
vt 0.449141 0.726276
vt 0.449141 0.754395
vt 0.472099 0.726276
vt 0.472099 0.754395
vt 0.494549 0.726276
vt 0.494549 0.754395
vt 0.516700 0.726276
vt 0.516700 0.754395
vt 0.539910 0.726276
vt 0.517113 0.754395
vt 0.560529 0.726276
vt 0.560529 0.754395
vt 0.582470 0.726276
vt 0.582470 0.754395
vt 0.603785 0.726276
vt 0.603785 0.754395
vt 0.625152 0.726276
vt 0.625152 0.754395
vt 0.646286 0.726276
vt 0.646286 0.754395
vt 0.667273 0.726276
vt 0.667273 0.754395
vt 0.687841 0.726276
vt 0.687841 0.754395
vt 0.707437 0.726276
vt 0.707437 0.754395
vt 0.726711 0.726276
vt 0.726711 0.754395
vt 0.745336 0.726276
vt 0.745336 0.754395
vt 0.763346 0.726276
vt 0.763346 0.754395
vt 0.781063 0.726276
vt 0.781063 0.754395
vt 0.797808 0.726276
vt 0.797808 0.754395
vt 0.814167 0.726276
vt 0.814167 0.754395
vt 0.165847 0.754395
vt 0.165847 0.726276
vt 0.182433 0.726276
vt 0.182433 0.754395
vt 0.199363 0.754395
vt 0.199363 0.726276
vt 0.217152 0.726276
vt 0.217152 0.754395
vt 0.235650 0.726276
vt 0.235650 0.754395
vt 0.255019 0.726276
vt 0.255019 0.754395
vt 0.295627 0.491112
vt 0.274784 0.491112
vt 0.295627 0.608805
vt 0.274784 0.608805
vt 0.295627 0.726276
vt 0.274784 0.726276
vt 0.317070 0.491112
vt 0.317070 0.608805
vt 0.317070 0.726276
vt 0.338250 0.491112
vt 0.338250 0.608805
vt 0.338250 0.726276
vt 0.359640 0.491112
vt 0.359640 0.608805
vt 0.359640 0.726276
vt 0.410084 0.491112
vt 0.381456 0.491112
vt 0.381456 0.384484
vt 0.410084 0.384484
vt 0.409167 0.608805
vt 0.382373 0.608805
vt 0.382373 0.491112
vt 0.409167 0.491112
vt 0.401780 0.726276
vt 0.389760 0.726276
vt 0.389760 0.608805
vt 0.401780 0.608805
vt 0.424475 0.491112
vt 0.403616 0.491112
vt 0.403616 0.384484
vt 0.424475 0.384484
vt 0.423542 0.608805
vt 0.404549 0.608805
vt 0.404549 0.491112
vt 0.423542 0.491112
vt 0.426311 0.726276
vt 0.426311 0.608805
vt 0.449141 0.491112
vt 0.426311 0.491112
vt 0.449141 0.608805
vt 0.449141 0.726276
vt 0.472099 0.491112
vt 0.472099 0.608805
vt 0.472099 0.726276
vt 0.494549 0.491112
vt 0.494549 0.608805
vt 0.494549 0.726276
vt 0.516700 0.491112
vt 0.516700 0.608805
vt 0.516700 0.726276
vt 0.539910 0.491112
vt 0.539910 0.608805
vt 0.539910 0.726276
vt 0.582470 0.491112
vt 0.560529 0.491112
vt 0.582470 0.608805
vt 0.560529 0.608805
vt 0.582470 0.726276
vt 0.560529 0.726276
vt 0.603785 0.491112
vt 0.603785 0.608805
vt 0.603785 0.726276
vt 0.625152 0.491112
vt 0.625152 0.608805
vt 0.625152 0.726276
vt 0.646286 0.491112
vt 0.646286 0.608805
vt 0.646286 0.726276
vt 0.667273 0.491112
vt 0.667273 0.608805
vt 0.667273 0.726276
vt 0.687841 0.491112
vt 0.687841 0.608805
vt 0.687841 0.726276
vt 0.707437 0.491112
vt 0.707437 0.608805
vt 0.707437 0.726276
vt 0.745336 0.491112
vt 0.726711 0.491112
vt 0.745336 0.608805
vt 0.726711 0.608805
vt 0.745336 0.726276
vt 0.726711 0.726276
vt 0.763346 0.491112
vt 0.763346 0.608805
vt 0.763346 0.726276
vt 0.781063 0.491112
vt 0.781063 0.608805
vt 0.781063 0.726276
vt 0.797808 0.491112
vt 0.797808 0.608805
vt 0.797808 0.726276
vt 0.814167 0.491112
vt 0.814167 0.608805
vt 0.814167 0.726276
vt 0.182433 0.491112
vt 0.165847 0.491112
vt 0.182433 0.608805
vt 0.165847 0.608805
vt 0.182433 0.726276
vt 0.165847 0.726276
vt 0.235650 0.491112
vt 0.217152 0.491112
vt 0.235650 0.608805
vt 0.217152 0.608805
vt 0.235650 0.726276
vt 0.217152 0.726276
vt 0.255019 0.491112
vt 0.255019 0.608805
vt 0.255019 0.726276
vt 0.199363 0.491112
vt 0.199363 0.608805
vt 0.199363 0.726276
vt 0.559795 0.579280
vt 0.501459 0.713621
vt 0.530969 0.573280
vt 0.502424 0.570478
vt 0.473808 0.571952
vt 0.445262 0.579479
vt 0.416620 0.590668
vt 0.388494 0.608115
vt 0.362436 0.634030
vt 0.340863 0.667573
vt 0.666411 0.671215
vt 0.643951 0.635997
vt 0.617219 0.609567
vt 0.588833 0.590640
vt 0.576339 0.514705
vt 0.538447 0.509792
vt 0.502022 0.508742
vt 0.465732 0.509284
vt 0.428494 0.515959
vt 0.388657 0.525342
vt 0.345623 0.541359
vt 0.299811 0.569278
vt 0.251066 0.611608
vt 0.760383 0.610318
vt 0.708628 0.567642
vt 0.660705 0.540065
vt 0.616828 0.524205
vt 0.583847 0.464835
vt 0.542416 0.462275
vt 0.501985 0.461445
vt 0.462383 0.461910
vt 0.421213 0.466194
vt 0.374974 0.471356
vt 0.323163 0.480912
vt 0.262127 0.500141
vt 0.184192 0.532761
vt 0.820692 0.521940
vt 0.745166 0.494695
vt 0.682902 0.480182
vt 0.629511 0.470088
vt 0.585587 0.427942
vt 0.543983 0.428617
vt 0.502146 0.428993
vt 0.461219 0.429351
vt 0.419873 0.428647
vt 0.371563 0.431081
vt 0.315245 0.434898
vt 0.248586 0.439217
vt 0.150000 0.448224
vt 0.850000 0.441113
vt 0.756795 0.435085
vt 0.688999 0.429426
vt 0.632899 0.428356
vt 0.585440 0.420714
vt 0.585587 0.427942
vt 0.543983 0.428617
vt 0.543918 0.420946
vt 0.502027 0.420501
vt 0.502146 0.428993
vt 0.461227 0.422542
vt 0.461219 0.429351
vt 0.419820 0.420395
vt 0.419873 0.428647
vt 0.370984 0.420399
vt 0.371563 0.431081
vt 0.315245 0.434898
vt 0.314765 0.424810
vt 0.247627 0.424424
vt 0.248586 0.439217
vt 0.154812 0.427154
vt 0.150000 0.448224
vt 0.844980 0.421375
vt 0.850000 0.441113
vt 0.756795 0.435085
vt 0.757381 0.422126
vt 0.689508 0.418398
vt 0.688999 0.429426
vt 0.632921 0.417797
vt 0.632899 0.428356
vt 0.632921 0.417797
vt 0.632899 0.428356
vt 0.585587 0.427942
vt 0.585440 0.420714
vt 0.689508 0.418398
vt 0.688999 0.429426
vt 0.757381 0.422126
vt 0.756795 0.435085
vt 0.844980 0.421375
vt 0.850000 0.441113
vt 0.154812 0.427154
vt 0.247627 0.424424
vt 0.248586 0.439217
vt 0.150000 0.448224
vt 0.314765 0.424810
vt 0.315245 0.434898
vt 0.370984 0.420399
vt 0.371563 0.431081
vt 0.419820 0.420395
vt 0.419873 0.428647
vt 0.461227 0.422542
vt 0.461219 0.429351
vt 0.502027 0.420501
vt 0.502146 0.428993
vt 0.543918 0.420946
vt 0.543983 0.428617
vt 0.632899 0.428356
vt 0.629511 0.470088
vt 0.583847 0.464835
vt 0.585587 0.427942
vt 0.688999 0.429426
vt 0.682902 0.480182
vt 0.756795 0.435085
vt 0.745166 0.494695
vt 0.850000 0.441113
vt 0.820692 0.521940
vt 0.150000 0.448224
vt 0.248586 0.439217
vt 0.262127 0.500141
vt 0.184192 0.532761
vt 0.315245 0.434898
vt 0.323163 0.480912
vt 0.371563 0.431081
vt 0.374974 0.471356
vt 0.419873 0.428647
vt 0.421213 0.466194
vt 0.461219 0.429351
vt 0.462383 0.461910
vt 0.502146 0.428993
vt 0.501985 0.461445
vt 0.543983 0.428617
vt 0.542416 0.462275
vt 0.616828 0.524205
vt 0.576339 0.514705
vt 0.660705 0.540065
vt 0.708628 0.567642
vt 0.760383 0.610318
vt 0.299811 0.569278
vt 0.251066 0.611608
vt 0.345623 0.541359
vt 0.388657 0.525342
vt 0.428494 0.515959
vt 0.465732 0.509284
vt 0.502022 0.508742
vt 0.538447 0.509792
vt 0.588833 0.590640
vt 0.559795 0.579280
vt 0.617219 0.609567
vt 0.643951 0.635997
vt 0.666411 0.671215
vt 0.362436 0.634030
vt 0.340863 0.667573
vt 0.388494 0.608115
vt 0.416620 0.590668
vt 0.445262 0.579479
vt 0.473808 0.571952
vt 0.502424 0.570478
vt 0.530969 0.573280
vt 0.501459 0.713621
vt 0.559795 0.579280
vt 0.501459 0.713621
vt 0.530969 0.573280
vt 0.502424 0.570478
vt 0.473808 0.571952
vt 0.445262 0.579479
vt 0.416620 0.590668
vt 0.388494 0.608115
vt 0.362436 0.634030
vt 0.340863 0.667573
vt 0.666411 0.671215
vt 0.643951 0.635997
vt 0.617219 0.609567
vt 0.588833 0.590640
vt 0.576339 0.514705
vt 0.538447 0.509792
vt 0.502022 0.508742
vt 0.465732 0.509284
vt 0.428494 0.515959
vt 0.388657 0.525342
vt 0.345623 0.541359
vt 0.299811 0.569278
vt 0.251066 0.611608
vt 0.760383 0.610318
vt 0.708628 0.567642
vt 0.660705 0.540065
vt 0.616828 0.524205
vt 0.583847 0.464835
vt 0.542416 0.462275
vt 0.501985 0.461445
vt 0.462383 0.461910
vt 0.421213 0.466194
vt 0.374974 0.471356
vt 0.323163 0.480912
vt 0.262127 0.500141
vt 0.184192 0.532761
vt 0.820692 0.521940
vt 0.745166 0.494695
vt 0.682902 0.480182
vt 0.629511 0.470088
vt 0.585587 0.427942
vt 0.543983 0.428617
vt 0.502146 0.428993
vt 0.461219 0.429351
vt 0.419873 0.428647
vt 0.371563 0.431081
vt 0.315245 0.434898
vt 0.248586 0.439217
vt 0.150000 0.448224
vt 0.850000 0.441113
vt 0.756795 0.435085
vt 0.688999 0.429426
vt 0.632899 0.428356
vt 0.585440 0.420714
vt 0.585587 0.427942
vt 0.543983 0.428617
vt 0.543918 0.420946
vt 0.502027 0.420501
vt 0.502146 0.428993
vt 0.461227 0.422542
vt 0.461219 0.429351
vt 0.419820 0.420395
vt 0.419873 0.428647
vt 0.370984 0.420399
vt 0.371563 0.431081
vt 0.315245 0.434898
vt 0.314765 0.424810
vt 0.247627 0.424424
vt 0.248586 0.439217
vt 0.154812 0.427154
vt 0.150000 0.448224
vt 0.844980 0.421375
vt 0.850000 0.441113
vt 0.756795 0.435085
vt 0.757381 0.422126
vt 0.689508 0.418398
vt 0.688999 0.429426
vt 0.632921 0.417797
vt 0.632899 0.428356
vt 0.632921 0.417797
vt 0.632899 0.428356
vt 0.585587 0.427942
vt 0.585440 0.420714
vt 0.689508 0.418398
vt 0.688999 0.429426
vt 0.757381 0.422126
vt 0.756795 0.435085
vt 0.844980 0.421375
vt 0.850000 0.441113
vt 0.154812 0.427154
vt 0.247627 0.424424
vt 0.248586 0.439217
vt 0.150000 0.448224
vt 0.314765 0.424810
vt 0.315245 0.434898
vt 0.370984 0.420399
vt 0.371563 0.431081
vt 0.419820 0.420395
vt 0.419873 0.428647
vt 0.461227 0.422542
vt 0.461219 0.429351
vt 0.502027 0.420501
vt 0.502146 0.428993
vt 0.543918 0.420946
vt 0.543983 0.428617
vt 0.632899 0.428356
vt 0.629511 0.470088
vt 0.583847 0.464835
vt 0.585587 0.427942
vt 0.688999 0.429426
vt 0.682902 0.480182
vt 0.756795 0.435085
vt 0.745166 0.494695
vt 0.850000 0.441113
vt 0.820692 0.521940
vt 0.150000 0.448224
vt 0.248586 0.439217
vt 0.262127 0.500141
vt 0.184192 0.532761
vt 0.315245 0.434898
vt 0.323163 0.480912
vt 0.371563 0.431081
vt 0.374974 0.471356
vt 0.419873 0.428647
vt 0.421213 0.466194
vt 0.461219 0.429351
vt 0.462383 0.461910
vt 0.502146 0.428993
vt 0.501985 0.461445
vt 0.543983 0.428617
vt 0.542416 0.462275
vt 0.616828 0.524205
vt 0.576339 0.514705
vt 0.660705 0.540065
vt 0.708628 0.567642
vt 0.760383 0.610318
vt 0.299811 0.569278
vt 0.251066 0.611608
vt 0.345623 0.541359
vt 0.388657 0.525342
vt 0.428494 0.515959
vt 0.465732 0.509284
vt 0.502022 0.508742
vt 0.538447 0.509792
vt 0.588833 0.590640
vt 0.559795 0.579280
vt 0.617219 0.609567
vt 0.643951 0.635997
vt 0.666411 0.671215
vt 0.362436 0.634030
vt 0.340863 0.667573
vt 0.388494 0.608115
vt 0.416620 0.590668
vt 0.445262 0.579479
vt 0.473808 0.571952
vt 0.502424 0.570478
vt 0.530969 0.573280
vt 0.501459 0.713621
vt 0.559795 0.579280
vt 0.501459 0.713621
vt 0.530969 0.573280
vt 0.502424 0.570478
vt 0.473808 0.571952
vt 0.445262 0.579479
vt 0.416620 0.590668
vt 0.388494 0.608115
vt 0.362436 0.634030
vt 0.340863 0.667573
vt 0.666411 0.671215
vt 0.643951 0.635997
vt 0.617219 0.609567
vt 0.588833 0.590640
vt 0.576339 0.514705
vt 0.538447 0.509792
vt 0.502022 0.508742
vt 0.465732 0.509284
vt 0.428494 0.515959
vt 0.388657 0.525342
vt 0.345623 0.541359
vt 0.299811 0.569278
vt 0.251066 0.611608
vt 0.760383 0.610318
vt 0.708628 0.567642
vt 0.660705 0.540065
vt 0.616828 0.524205
vt 0.583847 0.464835
vt 0.542416 0.462275
vt 0.501985 0.461445
vt 0.462383 0.461910
vt 0.421213 0.466194
vt 0.374974 0.471356
vt 0.323163 0.480912
vt 0.262127 0.500141
vt 0.184192 0.532761
vt 0.820692 0.521940
vt 0.745166 0.494695
vt 0.682902 0.480182
vt 0.629511 0.470088
vt 0.585587 0.427942
vt 0.543983 0.428617
vt 0.502146 0.428993
vt 0.461219 0.429351
vt 0.419873 0.428647
vt 0.371563 0.431081
vt 0.315245 0.434898
vt 0.248586 0.439217
vt 0.150000 0.448224
vt 0.850000 0.441113
vt 0.756795 0.435085
vt 0.688999 0.429426
vt 0.632899 0.428356
vt 0.585440 0.420714
vt 0.585587 0.427942
vt 0.543983 0.428617
vt 0.543918 0.420946
vt 0.502027 0.420501
vt 0.502146 0.428993
vt 0.461227 0.422542
vt 0.461219 0.429351
vt 0.419820 0.420395
vt 0.419873 0.428647
vt 0.370984 0.420399
vt 0.371563 0.431081
vt 0.315245 0.434898
vt 0.314765 0.424810
vt 0.247627 0.424424
vt 0.248586 0.439217
vt 0.154812 0.427154
vt 0.150000 0.448224
vt 0.844980 0.421375
vt 0.850000 0.441113
vt 0.756795 0.435085
vt 0.757381 0.422126
vt 0.689508 0.418398
vt 0.688999 0.429426
vt 0.632921 0.417797
vt 0.632899 0.428356
vt 0.389850 0.384483
vt 0.389760 0.379474
vt 0.389850 0.384483
vt 0.389760 0.379474
vt 0.006468 0.001586
vt 0.989139 0.001589
vt 0.993584 0.364818
vt 0.008203 0.364699
vt 0.980842 0.752999
vt -0.004547 0.752882
vt 0.971849 0.995940
vt -0.008335 0.995291
vt -0.004547 0.752882
vt 0.980842 0.752999
vt 0.971849 0.995940
vt -0.008335 0.995291
vt 0.008203 0.364699
vt 0.993584 0.364818
vt 0.006468 0.001586
vt 0.989139 0.001589
vt 0.604348 0.346196
vt 0.591684 0.346196
vt 0.591915 0.343845
vt 0.604117 0.343845
vt 0.308345 0.446177
vt 0.308345 0.514141
vt 0.307623 0.514141
vt 0.307623 0.446177
vt 0.316056 0.515470
vt 0.324518 0.513538
vt 0.325207 0.514315
vt 0.315814 0.516581
vt 0.317722 0.514141
vt 0.317722 0.446177
vt 0.318805 0.446177
vt 0.318805 0.514141
vt 0.308345 0.516340
vt 0.308345 0.448560
vt 0.317722 0.448560
vt 0.317722 0.516340
vt 0.604348 0.343845
vt 0.591684 0.343845
vt 0.591915 0.341494
vt 0.604117 0.341494
vt 0.347854 0.446177
vt 0.347854 0.514141
vt 0.347091 0.514141
vt 0.347091 0.446177
vt 0.352764 0.508072
vt 0.361111 0.506886
vt 0.361687 0.507719
vt 0.352454 0.509106
vt 0.357104 0.514141
vt 0.357104 0.446177
vt 0.358093 0.446177
vt 0.358093 0.514141
vt 0.347854 0.516340
vt 0.347854 0.448560
vt 0.357104 0.448560
vt 0.357104 0.516340
vt 0.604348 0.348546
vt 0.591684 0.348546
vt 0.591915 0.346196
vt 0.604116 0.346196
vt 0.387079 0.446177
vt 0.387079 0.514141
vt 0.386252 0.514141
vt 0.386252 0.446177
vt 0.389234 0.503976
vt 0.397641 0.503477
vt 0.398134 0.504358
vt 0.388825 0.504983
vt 0.396384 0.514141
vt 0.396384 0.446177
vt 0.397314 0.446177
vt 0.397314 0.514141
vt 0.387079 0.516340
vt 0.387079 0.448560
vt 0.396384 0.448560
vt 0.396384 0.516340
vt 0.591684 0.339144
vt 0.604348 0.339144
vt 0.604117 0.341494
vt 0.591915 0.341494
vt 0.267524 0.446177
vt 0.267524 0.514141
vt 0.266641 0.514141
vt 0.266641 0.446177
vt 0.277787 0.524111
vt 0.286678 0.522485
vt 0.287551 0.523755
vt 0.277329 0.524804
vt 0.277242 0.514141
vt 0.277242 0.446177
vt 0.278487 0.446177
vt 0.278487 0.514141
vt 0.267524 0.516340
vt 0.267524 0.448560
vt 0.277242 0.448560
vt 0.277242 0.516340
vt 0.267524 0.516340
vt 0.267524 0.448560
vt 0.277242 0.448560
vt 0.277242 0.516340
vt 0.277242 0.514141
vt 0.277242 0.446177
vt 0.278487 0.446177
vt 0.278487 0.514141
vt 0.277787 0.524111
vt 0.286678 0.522485
vt 0.287551 0.523755
vt 0.277329 0.524804
vt 0.267524 0.446177
vt 0.267524 0.514141
vt 0.266641 0.514141
vt 0.266641 0.446177
vt 0.591684 0.339144
vt 0.604348 0.339144
vt 0.604117 0.341494
vt 0.591915 0.341494
vt 0.387079 0.516340
vt 0.387079 0.448560
vt 0.396384 0.448560
vt 0.396384 0.516340
vt 0.396384 0.514141
vt 0.396384 0.446177
vt 0.397314 0.446177
vt 0.397314 0.514141
vt 0.389234 0.503976
vt 0.397641 0.503477
vt 0.398134 0.504358
vt 0.388825 0.504983
vt 0.387079 0.446177
vt 0.387079 0.514141
vt 0.386252 0.514141
vt 0.386252 0.446177
vt 0.604348 0.348546
vt 0.591684 0.348546
vt 0.591915 0.346196
vt 0.604116 0.346196
vt 0.347854 0.516340
vt 0.347854 0.448560
vt 0.357104 0.448560
vt 0.357104 0.516340
vt 0.357104 0.514141
vt 0.357104 0.446177
vt 0.358093 0.446177
vt 0.358093 0.514141
vt 0.352764 0.508072
vt 0.361111 0.506886
vt 0.361687 0.507719
vt 0.352454 0.509106
vt 0.347854 0.446177
vt 0.347854 0.514141
vt 0.347091 0.514141
vt 0.347091 0.446177
vt 0.604348 0.343845
vt 0.591684 0.343845
vt 0.591915 0.341494
vt 0.604117 0.341494
vt 0.308345 0.516340
vt 0.308345 0.448560
vt 0.317722 0.448560
vt 0.317722 0.516340
vt 0.317722 0.514141
vt 0.317722 0.446177
vt 0.318805 0.446177
vt 0.318805 0.514141
vt 0.316056 0.515470
vt 0.324518 0.513538
vt 0.325207 0.514315
vt 0.315814 0.516581
vt 0.308345 0.446177
vt 0.308345 0.514141
vt 0.307623 0.514141
vt 0.307623 0.446177
vt 0.604348 0.346196
vt 0.591684 0.346196
vt 0.591915 0.343845
vt 0.604117 0.343845
vt 0.388745 0.564295
vt 0.383326 0.561802
vt 0.383765 0.515961
vt 0.391363 0.515993
vt 0.383362 0.453283
vt 0.393993 0.453424
vt 0.394042 0.572941
vt 0.388745 0.564295
vt 0.391363 0.515993
vt 0.399147 0.516113
vt 0.393993 0.453424
vt 0.401744 0.454605
vt 0.398352 0.392733
vt 0.405928 0.394131
vt 0.375788 0.454018
vt 0.383362 0.453283
vt 0.383765 0.515961
vt 0.374916 0.515552
vt 0.383326 0.561802
vt 0.375103 0.590680
vt 0.420288 0.564537
vt 0.414224 0.564485
vt 0.414513 0.515462
vt 0.422801 0.515591
vt 0.413506 0.449083
vt 0.425837 0.449150
vt 0.412605 0.397516
vt 0.426104 0.397009
vt 0.424753 0.587045
vt 0.420288 0.564537
vt 0.422801 0.515591
vt 0.431802 0.515780
vt 0.425837 0.449150
vt 0.433685 0.450020
vt 0.426104 0.397009
vt 0.432971 0.391481
vt 0.407015 0.394108
vt 0.412605 0.397516
vt 0.413506 0.449083
vt 0.405928 0.449805
vt 0.414513 0.515462
vt 0.405928 0.515315
vt 0.414224 0.564485
vt 0.409902 0.580211
vt 0.473770 0.564352
vt 0.469414 0.563790
vt 0.469140 0.508674
vt 0.477221 0.508698
vt 0.468119 0.445386
vt 0.479834 0.445500
vt 0.468186 0.396237
vt 0.481118 0.395898
vt 0.481537 0.571485
vt 0.473770 0.564352
vt 0.477221 0.508698
vt 0.485481 0.508682
vt 0.479834 0.445500
vt 0.487145 0.446330
vt 0.481118 0.395898
vt 0.486593 0.392440
vt 0.461908 0.391481
vt 0.468186 0.396237
vt 0.468119 0.445386
vt 0.460780 0.446066
vt 0.469140 0.508674
vt 0.460780 0.508326
vt 0.469414 0.563790
vt 0.461390 0.572724
vt 0.553778 0.566864
vt 0.553737 0.566870
vt 0.553641 0.515880
vt 0.559012 0.516070
vt 0.552582 0.451556
vt 0.563441 0.451753
vt 0.550771 0.392755
vt 0.566221 0.392827
vt 0.554471 0.566890
vt 0.553778 0.566864
vt 0.559012 0.516070
vt 0.561376 0.516202
vt 0.563441 0.451753
vt 0.566183 0.452027
vt 0.566221 0.392827
vt 0.567493 0.391481
vt 0.549515 0.391481
vt 0.550771 0.392755
vt 0.552582 0.451556
vt 0.549843 0.451733
vt 0.553641 0.515880
vt 0.551281 0.515837
vt 0.553737 0.566870
vt 0.553047 0.566820
vt 0.553600 0.568606
vt 0.553656 0.568597
vt 0.554471 0.566890
vt 0.553047 0.566820
vt 0.553638 0.568641
vt 0.553600 0.568606
vt 0.553600 0.568593
vt 0.553638 0.568641
vt 0.553656 0.568597
vt 0.553600 0.568593
vt 0.474937 0.547757
vt 0.463839 0.546597
vt 0.481537 0.571485
vt 0.461390 0.572724
vt 0.473455 0.569654
vt 0.474937 0.547757
vt 0.470759 0.570155
vt 0.473455 0.569654
vt 0.463839 0.546597
vt 0.470759 0.570155
vt 0.420069 0.566307
vt 0.413853 0.565298
vt 0.424753 0.587045
vt 0.409902 0.580211
vt 0.418377 0.572945
vt 0.420069 0.566307
vt 0.414669 0.572352
vt 0.418377 0.572945
vt 0.413853 0.565298
vt 0.414669 0.572352
vt 0.392889 0.564244
vt 0.388389 0.563527
vt 0.394042 0.572941
vt 0.375103 0.590680
vt 0.388389 0.563527
vt 0.384768 0.570975
vt 0.426104 0.397009
vt 0.412605 0.397516
vt 0.407015 0.394108
vt 0.432971 0.391481
vt 0.481118 0.395898
vt 0.468186 0.396237
vt 0.461908 0.391481
vt 0.486593 0.392440
vt 0.566221 0.392827
vt 0.550771 0.392755
vt 0.549515 0.391481
vt 0.567493 0.391481
vt 0.530222 0.392765
vt 0.514715 0.392827
vt 0.513441 0.391481
vt 0.531483 0.391481
vt 0.507428 0.395885
vt 0.494529 0.396224
vt 0.488267 0.391481
vt 0.512889 0.392435
vt 0.453382 0.396877
vt 0.440204 0.397372
vt 0.434747 0.394044
vt 0.460086 0.391481
vt 0.548255 0.392759
vt 0.532758 0.392831
vt 0.531483 0.391481
vt 0.549515 0.391481
vt 0.545412 0.569296
vt 0.545347 0.569301
vt 0.545291 0.567499
vt 0.545985 0.567451
vt 0.545361 0.569311
vt 0.545412 0.569296
vt 0.545985 0.567451
vt 0.544552 0.567520
vt 0.441417 0.561144
vt 0.442213 0.568030
vt 0.447697 0.560402
vt 0.452053 0.582371
vt 0.442213 0.568030
vt 0.445832 0.568609
vt 0.441778 0.560351
vt 0.447697 0.560402
vt 0.445832 0.568609
vt 0.447483 0.562129
vt 0.437560 0.575699
vt 0.441778 0.560351
vt 0.447483 0.562129
vt 0.441417 0.561144
vt 0.452053 0.582371
vt 0.437560 0.575699
vt 0.490191 0.546180
vt 0.497088 0.569671
vt 0.500092 0.563885
vt 0.507835 0.570998
vt 0.497088 0.569671
vt 0.499777 0.569172
vt 0.495748 0.563324
vt 0.500092 0.563885
vt 0.499777 0.569172
vt 0.501257 0.547338
vt 0.487746 0.572232
vt 0.495748 0.563324
vt 0.501257 0.547338
vt 0.490191 0.546180
vt 0.507835 0.570998
vt 0.487746 0.572232
vt 0.526466 0.569304
vt 0.526412 0.569307
vt 0.526369 0.567562
vt 0.527065 0.567528
vt 0.526412 0.569307
vt 0.526457 0.569349
vt 0.526328 0.567570
vt 0.526369 0.567562
vt 0.526457 0.569349
vt 0.526412 0.569319
vt 0.525632 0.567580
vt 0.526328 0.567570
vt 0.526412 0.569319
vt 0.526466 0.569304
vt 0.527065 0.567528
vt 0.525632 0.567580
vt 0.519609 0.516597
vt 0.521982 0.516487
vt 0.514985 0.452215
vt 0.517735 0.451940
vt 0.513441 0.391481
vt 0.514715 0.392827
vt 0.531388 0.451927
vt 0.528639 0.451750
vt 0.530222 0.392765
vt 0.531483 0.391481
vt 0.529751 0.516308
vt 0.527379 0.516329
vt 0.528639 0.451750
vt 0.517735 0.451940
vt 0.514715 0.392827
vt 0.530222 0.392765
vt 0.527379 0.516329
vt 0.521982 0.516487
vt 0.487145 0.508019
vt 0.495481 0.508366
vt 0.487145 0.445924
vt 0.494464 0.445246
vt 0.488267 0.391481
vt 0.494529 0.396224
vt 0.513441 0.446187
vt 0.506149 0.445360
vt 0.507428 0.395885
vt 0.512889 0.392435
vt 0.511777 0.508375
vt 0.503541 0.508391
vt 0.506149 0.445360
vt 0.494464 0.445246
vt 0.494529 0.396224
vt 0.507428 0.395885
vt 0.503541 0.508391
vt 0.495481 0.508366
vt 0.433685 0.512362
vt 0.442064 0.512506
vt 0.433685 0.448416
vt 0.441083 0.447711
vt 0.434747 0.394044
vt 0.440204 0.397372
vt 0.460780 0.448626
vt 0.453119 0.447777
vt 0.453382 0.396877
vt 0.460086 0.391481
vt 0.458939 0.512817
vt 0.450154 0.512632
vt 0.453119 0.447777
vt 0.441083 0.447711
vt 0.440204 0.397372
vt 0.453382 0.396877
vt 0.450154 0.512632
vt 0.442064 0.512506
vt 0.537614 0.516603
vt 0.539988 0.516471
vt 0.545251 0.567493
vt 0.544552 0.567520
vt 0.532793 0.452212
vt 0.535544 0.451937
vt 0.531483 0.391481
vt 0.532758 0.392831
vt 0.549186 0.451917
vt 0.546438 0.451739
vt 0.548255 0.392759
vt 0.549515 0.391481
vt 0.547748 0.516235
vt 0.545380 0.516280
vt 0.546438 0.451739
vt 0.535544 0.451937
vt 0.532758 0.392831
vt 0.548255 0.392759
vt 0.545380 0.516280
vt 0.539988 0.516471
vt 0.545291 0.567499
vt 0.545251 0.567493
vt 0.382098 0.391481
vt 0.398352 0.392733
vt 0.374916 0.396043
vt 0.382098 0.391481
vt 0.545402 0.569346
vt 0.545361 0.569311
vt 0.545347 0.569301
vt 0.545402 0.569346
vt 0.384768 0.570975
vt 0.389147 0.571102
vt 0.392889 0.564244
vt 0.389147 0.571102
vt 0.123993 0.354247
vt 0.032689 0.288225
vt 0.067448 0.242038
vt 0.150912 0.314640
vt 0.897493 0.435665
vt 0.923594 0.442119
vt 0.910434 0.493694
vt 0.887780 0.487634
vt 0.104973 0.199606
vt 0.181676 0.278929
vt 0.871620 0.430565
vt 0.864628 0.483363
vt 0.145393 0.161315
vt 0.216018 0.246308
vt 0.845880 0.426856
vt 0.840655 0.480349
vt 0.188178 0.127575
vt 0.252547 0.216921
vt 0.820544 0.424483
vt 0.816917 0.478236
vt 0.232384 0.098395
vt 0.289442 0.191547
vt 0.795781 0.423181
vt 0.794011 0.476883
vt 0.278873 0.072462
vt 0.329000 0.170314
vt 0.770861 0.423022
vt 0.771008 0.476885
vt 0.329061 0.049683
vt 0.372096 0.151145
vt 0.745107 0.423837
vt 0.746992 0.477575
vt 0.382566 0.030937
vt 0.417683 0.135316
vt 0.718645 0.425904
vt 0.722339 0.479166
vt 0.438552 0.016663
vt 0.464489 0.124271
vt 0.691867 0.429311
vt 0.698324 0.482078
vt 0.496483 0.006630
vt 0.513532 0.118606
vt 0.664808 0.434004
vt 0.674453 0.486871
vt 0.555914 0.000000
vt 0.566423 0.119991
vt 0.637481 0.439846
vt 0.650227 0.494599
vt 0.100612 0.402778
vt 0.000000 0.337897
vt 0.950150 0.449899
vt 0.934301 0.503201
vt 0.229600 0.441031
vt 0.195284 0.395025
vt 0.221365 0.372580
vt 0.261940 0.417517
vt 0.879954 0.535520
vt 0.898263 0.533872
vt 0.905284 0.562821
vt 0.882722 0.568761
vt 0.251468 0.471094
vt 0.282606 0.442760
vt 0.912786 0.582317
vt 0.886613 0.588957
vt 0.270631 0.493563
vt 0.300466 0.461026
vt 0.735554 0.711120
vt 0.796170 0.766584
vt 0.763034 0.807474
vt 0.702150 0.752718
vt 0.291901 0.510938
vt 0.317239 0.475060
vt 0.729609 0.842575
vt 0.673595 0.785280
vt 0.313598 0.523825
vt 0.334058 0.485824
vt 0.696173 0.871132
vt 0.646581 0.812448
vt 0.336356 0.533203
vt 0.350536 0.494788
vt 0.661358 0.895141
vt 0.621097 0.835822
vt 0.360778 0.538810
vt 0.368268 0.501188
vt 0.623765 0.914276
vt 0.593614 0.855820
vt 0.386543 0.538166
vt 0.387335 0.505546
vt 0.582365 0.925609
vt 0.564051 0.873582
vt 0.413803 0.531680
vt 0.408920 0.506757
vt 0.536581 0.929684
vt 0.530026 0.888078
vt 0.441180 0.516794
vt 0.434094 0.502991
vt 0.486850 0.922952
vt 0.488861 0.897941
vt 0.464910 0.489607
vt 0.435345 0.898606
vt 0.455783 0.528566
vt 0.472439 0.948732
vt 0.432775 0.562835
vt 0.524735 0.985831
vt 0.397414 0.583602
vt 0.586926 1.000000
vt 0.360189 0.591769
vt 0.646680 0.996724
vt 0.323023 0.591769
vt 0.703374 0.982419
vt 0.286319 0.581554
vt 0.756076 0.954679
vt 0.254916 0.560005
vt 0.799361 0.913848
vt 0.229877 0.532059
vt 0.834022 0.866350
vt 0.209552 0.499210
vt 0.862426 0.814441
vt 0.195770 0.461806
vt 0.924189 0.554470
vt 0.936276 0.569683
vt 0.176681 0.418602
vt 0.913796 0.534758
vt 0.541171 0.257654
vt 0.515570 0.205202
vt 0.545204 0.197164
vt 0.579058 0.232497
vt 0.669162 0.528917
vt 0.685149 0.530177
vt 0.675807 0.560150
vt 0.654368 0.547551
vt 0.558321 0.290852
vt 0.606952 0.267493
vt 0.666428 0.580930
vt 0.638797 0.564419
vt 0.568015 0.321604
vt 0.627858 0.303584
vt 0.000000 0.812637
vt 0.068060 0.758929
vt 0.105673 0.804055
vt 0.030178 0.866606
vt 0.573366 0.348930
vt 0.637481 0.343209
vt 0.138391 0.839973
vt 0.068172 0.914394
vt 0.574295 0.375362
vt 0.636807 0.381997
vt 0.171773 0.870293
vt 0.113648 0.952543
vt 0.569653 0.400841
vt 0.628565 0.419342
vt 0.208284 0.894399
vt 0.164811 0.982339
vt 0.560598 0.424558
vt 0.609999 0.454196
vt 0.246841 0.912324
vt 0.223131 1.000000
vt 0.547808 0.447849
vt 0.579912 0.480296
vt 0.288237 0.926147
vt 0.284565 0.998439
vt 0.527778 0.467459
vt 0.544052 0.498061
vt 0.333637 0.929694
vt 0.344571 0.983095
vt 0.500488 0.482477
vt 0.503134 0.501561
vt 0.383140 0.921933
vt 0.397757 0.948290
vt 0.492045 0.469837
vt 0.382002 0.897331
vt 0.508114 0.449830
vt 0.340871 0.886892
vt 0.518311 0.430828
vt 0.306932 0.872545
vt 0.524683 0.411877
vt 0.276969 0.854908
vt 0.527924 0.392911
vt 0.249773 0.833929
vt 0.528716 0.373549
vt 0.223828 0.809687
vt 0.527685 0.353273
vt 0.197432 0.781981
vt 0.523992 0.331050
vt 0.169356 0.747881
vt 0.517137 0.305053
vt 0.134701 0.704809
vt 0.504428 0.272606
vt 0.698765 0.566295
vt 0.693739 0.588405
vt 0.480928 0.214864
vt 0.704791 0.531465
vt 0.468753 0.285037
vt 0.447152 0.230773
vt 0.725600 0.534683
vt 0.722995 0.569097
vt 0.480190 0.316682
vt 0.721232 0.591577
vt 0.486762 0.339298
vt 0.204755 0.656412
vt 0.232875 0.701570
vt 0.490941 0.358662
vt 0.255265 0.737330
vt 0.493320 0.375546
vt 0.274834 0.765696
vt 0.494733 0.391496
vt 0.293268 0.790760
vt 0.494865 0.407459
vt 0.312391 0.813691
vt 0.493033 0.423722
vt 0.333531 0.834912
vt 0.489244 0.441500
vt 0.357837 0.855879
vt 0.481456 0.461926
vt 0.388789 0.876539
vt 0.470256 0.459143
vt 0.401859 0.861908
vt 0.471297 0.439204
vt 0.381191 0.834135
vt 0.470605 0.422924
vt 0.365343 0.809227
vt 0.468929 0.408436
vt 0.351934 0.785338
vt 0.466757 0.394620
vt 0.339184 0.761220
vt 0.463573 0.380850
vt 0.327347 0.735461
vt 0.459601 0.365783
vt 0.314199 0.705224
vt 0.454156 0.349035
vt 0.299801 0.669134
vt 0.446774 0.328598
vt 0.280954 0.621633
vt 0.435408 0.299390
vt 0.746721 0.570502
vt 0.747106 0.591769
vt 0.410173 0.240908
vt 0.747478 0.532807
vt 0.403547 0.315355
vt 0.375366 0.258245
vt 0.769988 0.533243
vt 0.770130 0.571250
vt 0.416474 0.342046
vt 0.770321 0.591070
vt 0.425048 0.360443
vt 0.358798 0.603646
vt 0.367583 0.650010
vt 0.431804 0.375768
vt 0.374999 0.686919
vt 0.437474 0.389092
vt 0.381058 0.717392
vt 0.442206 0.401610
vt 0.387296 0.744285
vt 0.446589 0.413956
vt 0.393531 0.769548
vt 0.450802 0.426736
vt 0.400020 0.794590
vt 0.454983 0.441096
vt 0.407640 0.821074
vt 0.459391 0.459359
vt 0.417871 0.852370
vt 0.449840 0.463391
vt 0.435675 0.849881
vt 0.440597 0.447326
vt 0.435881 0.817255
vt 0.433179 0.434485
vt 0.436082 0.789829
vt 0.426527 0.423030
vt 0.436327 0.764363
vt 0.420264 0.412012
vt 0.436255 0.738964
vt 0.413611 0.400602
vt 0.436518 0.711279
vt 0.406602 0.388585
vt 0.436840 0.681268
vt 0.398399 0.374640
vt 0.436993 0.644254
vt 0.387759 0.356549
vt 0.437815 0.591769
vt 0.372101 0.330002
vt 0.792641 0.570173
vt 0.792563 0.590786
vt 0.337835 0.273045
vt 0.793245 0.530513
vt 0.344346 0.350358
vt 0.307566 0.299297
vt 0.816146 0.534117
vt 0.814931 0.571493
vt 0.361384 0.374711
vt 0.814687 0.591185
vt 0.373311 0.391163
vt 0.515564 0.606331
vt 0.505878 0.652387
vt 0.383013 0.404161
vt 0.498489 0.687778
vt 0.391812 0.415644
vt 0.491886 0.718186
vt 0.400357 0.425959
vt 0.485204 0.745087
vt 0.408805 0.435883
vt 0.478776 0.770361
vt 0.417721 0.445836
vt 0.471961 0.795130
vt 0.428001 0.456611
vt 0.464044 0.821417
vt 0.441543 0.469597
vt 0.453447 0.852570
vt 0.435889 0.478836
vt 0.469340 0.862276
vt 0.418190 0.469670
vt 0.490286 0.834713
vt 0.404615 0.460908
vt 0.506209 0.810091
vt 0.393015 0.452417
vt 0.519979 0.786676
vt 0.382260 0.443666
vt 0.532885 0.762741
vt 0.371696 0.434272
vt 0.545708 0.736967
vt 0.361033 0.423458
vt 0.558536 0.707476
vt 0.349320 0.410769
vt 0.573177 0.671986
vt 0.335159 0.394588
vt 0.591833 0.624449
vt 0.315255 0.369925
vt 0.837781 0.570818
vt 0.837891 0.591769
vt 0.276455 0.322011
vt 0.838289 0.534629
vt 0.288971 0.393333
vt 0.251104 0.350049
vt 0.859428 0.537648
vt 0.860262 0.570832
vt 0.308994 0.417202
vt 0.862125 0.591384
vt 0.325628 0.433944
vt 0.669169 0.657804
vt 0.639629 0.705838
vt 0.339558 0.446687
vt 0.617235 0.739941
vt 0.352638 0.457276
vt 0.597628 0.768277
vt 0.365766 0.466017
vt 0.578341 0.792545
vt 0.379358 0.473624
vt 0.558688 0.814634
vt 0.394162 0.480782
vt 0.537814 0.836300
vt 0.411086 0.486231
vt 0.513507 0.856628
vt 0.432630 0.489871
vt 0.482272 0.877041
vt 0.192892 0.391766
vt 0.123993 0.354247
vt 0.150912 0.314640
vt 0.219279 0.368714
vt 0.887780 0.487634
vt 0.910434 0.493694
vt 0.897868 0.531788
vt 0.879288 0.533231
vt 0.181676 0.278929
vt 0.248733 0.346072
vt 0.864628 0.483363
vt 0.858948 0.535110
vt 0.216018 0.246308
vt 0.274076 0.318135
vt 0.840655 0.480349
vt 0.838023 0.532052
vt 0.252547 0.216921
vt 0.305327 0.294932
vt 0.816917 0.478236
vt 0.815831 0.531311
vt 0.289442 0.191547
vt 0.336060 0.268476
vt 0.794011 0.476883
vt 0.792797 0.527714
vt 0.329000 0.170314
vt 0.374292 0.253428
vt 0.771008 0.476885
vt 0.769280 0.530479
vt 0.372096 0.151145
vt 0.409349 0.236374
vt 0.746992 0.477575
vt 0.746888 0.530227
vt 0.417683 0.135316
vt 0.446452 0.226154
vt 0.722339 0.479166
vt 0.725148 0.532076
vt 0.464489 0.124271
vt 0.480199 0.210522
vt 0.698324 0.482078
vt 0.704579 0.529032
vt 0.513532 0.118606
vt 0.515224 0.200790
vt 0.674453 0.486871
vt 0.684863 0.527845
vt 0.566423 0.119991
vt 0.545747 0.193255
vt 0.650227 0.494599
vt 0.668502 0.526987
vt 0.174057 0.416623
vt 0.100612 0.402778
vt 0.934301 0.503201
vt 0.913937 0.533084
vt 0.221365 0.372580
vt 0.219279 0.368714
vt 0.248733 0.346072
vt 0.251104 0.350049
vt 0.858948 0.535110
vt 0.879288 0.533231
vt 0.879954 0.535520
vt 0.859428 0.537648
vt 0.195284 0.395025
vt 0.192892 0.391766
vt 0.897868 0.531788
vt 0.898263 0.533872
vt 0.176681 0.418602
vt 0.174057 0.416623
vt 0.913937 0.533084
vt 0.913796 0.534758
vt 0.515570 0.205202
vt 0.515224 0.200790
vt 0.545747 0.193255
vt 0.545204 0.197164
vt 0.668502 0.526987
vt 0.684863 0.527845
vt 0.685149 0.530177
vt 0.669162 0.528917
vt 0.480928 0.214864
vt 0.480199 0.210522
vt 0.704579 0.529032
vt 0.704791 0.531465
vt 0.447152 0.230773
vt 0.446452 0.226154
vt 0.725148 0.532076
vt 0.725600 0.534683
vt 0.410173 0.240908
vt 0.409349 0.236374
vt 0.746888 0.530227
vt 0.747478 0.532807
vt 0.375366 0.258245
vt 0.374292 0.253428
vt 0.769280 0.530479
vt 0.769988 0.533243
vt 0.337835 0.273045
vt 0.336060 0.268476
vt 0.792797 0.527714
vt 0.793245 0.530513
vt 0.307566 0.299297
vt 0.305327 0.294932
vt 0.815831 0.531311
vt 0.816146 0.534117
vt 0.276455 0.322011
vt 0.274076 0.318135
vt 0.838023 0.532052
vt 0.838289 0.534629
vt 0.558632 0.231450
vt 0.414827 0.231891
vt 0.414117 0.000441
vt 0.537305 0.000063
vt 0.269601 0.630636
vt 0.270312 0.399186
vt 0.414117 0.399627
vt 0.392790 0.631014
vt 0.633029 0.630939
vt 0.633092 0.765058
vt 0.612000 0.764993
vt 0.612412 0.630876
vt 0.557922 0.000000
vt 0.413406 0.631077
vt 0.269601 0.297962
vt 0.256747 0.298528
vt 0.256043 0.069102
vt 0.268900 0.069589
vt 0.415877 0.573923
vt 0.458793 0.573791
vt 0.451662 0.598331
vt 0.423866 0.598417
vt 0.307147 0.032746
vt 0.314278 0.057286
vt 0.271362 0.057154
vt 0.279351 0.032660
vt 0.416660 0.598439
vt 0.272145 0.032638
vt 0.494450 0.451527
vt 0.487319 0.475980
vt 0.415577 0.476200
vt 0.415502 0.451769
vt 0.271062 0.154877
vt 0.342803 0.155097
vt 0.349935 0.179550
vt 0.270987 0.179308
vt 0.544369 0.280356
vt 0.537238 0.304809
vt 0.415052 0.305184
vt 0.414977 0.280753
vt 0.270537 0.325893
vt 0.392723 0.326268
vt 0.399854 0.350721
vt 0.270462 0.350324
vt 0.530107 0.329262
vt 0.415127 0.329615
vt 0.270612 0.301462
vt 0.385591 0.301815
vt 0.501581 0.427074
vt 0.415427 0.427338
vt 0.357066 0.204003
vt 0.270912 0.203739
vt 0.480187 0.500433
vt 0.415652 0.500630
vt 0.271137 0.130446
vt 0.335672 0.130644
vt 0.473056 0.524886
vt 0.415727 0.525061
vt 0.271212 0.106016
vt 0.328541 0.106191
vt 0.465925 0.549339
vt 0.415802 0.549492
vt 0.321409 0.081738
vt 0.271287 0.081585
vt 0.508713 0.402621
vt 0.415352 0.402907
vt 0.364197 0.228456
vt 0.270837 0.228170
vt 0.515844 0.378168
vt 0.415277 0.378476
vt 0.371329 0.252909
vt 0.270762 0.252601
vt 0.522975 0.353715
vt 0.415202 0.354045
vt 0.378460 0.277362
vt 0.270687 0.277032
vt 0.551501 0.255903
vt 0.414902 0.256322
vt 0.406985 0.375174
vt 0.270387 0.374755
vt 0.735927 0.393300
vt 0.799877 0.386212
vt 0.825383 0.616073
vt 0.692008 0.630876
vt 0.692008 0.014804
vt 0.666502 0.244664
vt 0.602551 0.237576
vt 0.558632 0.000000
vt 0.928617 0.403845
vt 0.948883 0.407487
vt 0.908109 0.636753
vt 0.887350 0.633022
vt 0.846359 0.000000
vt 0.887133 0.229266
vt 0.866867 0.232909
vt 0.825601 0.003731
vt 0.025559 0.369049
vt 0.024427 0.000000
vt 0.692260 0.000000
vt 0.758881 0.017414
vt 0.695012 0.024579
vt 0.561637 0.606297
vt 0.625506 0.613462
vt 0.558885 0.630876
vt 0.761691 0.042072
vt 0.697740 0.049160
vt 0.628315 0.588804
vt 0.564364 0.581716
vt 0.764418 0.066654
vt 0.700468 0.073742
vt 0.631043 0.564222
vt 0.567092 0.557135
vt 0.703195 0.098323
vt 0.767146 0.091235
vt 0.769873 0.115817
vt 0.705923 0.122904
vt 0.636498 0.515060
vt 0.633770 0.539641
vt 0.569820 0.532553
vt 0.572547 0.507972
vt 0.772601 0.140398
vt 0.708650 0.147486
vt 0.639225 0.490478
vt 0.575275 0.483390
vt 0.711378 0.172067
vt 0.775329 0.164980
vt 0.778056 0.189561
vt 0.714106 0.196649
vt 0.644681 0.441315
vt 0.641953 0.465897
vt 0.578003 0.458809
vt 0.580730 0.434227
vt 0.780784 0.214142
vt 0.716833 0.221230
vt 0.647408 0.416734
vt 0.583458 0.409646
vt 0.783512 0.238724
vt 0.719561 0.245812
vt 0.650136 0.392152
vt 0.586185 0.385065
vt 0.786239 0.263305
vt 0.722289 0.270393
vt 0.652864 0.367571
vt 0.588913 0.360483
vt 0.788967 0.287887
vt 0.725016 0.294975
vt 0.655591 0.342990
vt 0.591641 0.335902
vt 0.791694 0.312468
vt 0.727744 0.319556
vt 0.658319 0.318408
vt 0.594368 0.311320
vt 0.794422 0.337050
vt 0.730471 0.344137
vt 0.661046 0.293827
vt 0.597096 0.286739
vt 0.797150 0.361631
vt 0.733199 0.368719
vt 0.663774 0.269245
vt 0.599823 0.262157
vt 0.240278 0.369209
vt 0.268074 0.369124
vt 0.261065 0.433402
vt 0.247682 0.433443
vt 0.262197 0.802402
vt 0.269601 0.866637
vt 0.241805 0.866722
vt 0.248814 0.802443
vt 0.240475 0.433465
vt 0.241608 0.802465
vt 0.423967 0.631055
vt 0.416760 0.631077
vt 0.272245 0.000000
vt 0.279451 0.000022
vt 0.887133 0.024045
vt 0.891460 0.000000
vt 0.894225 0.025319
vt 0.832476 0.611434
vt 0.829710 0.636753
vt 0.825383 0.612709
vt 0.889898 0.049365
vt 0.896991 0.050640
vt 0.835241 0.586114
vt 0.828149 0.587389
vt 0.892664 0.074685
vt 0.899757 0.075960
vt 0.838007 0.560794
vt 0.830914 0.562069
vt 0.895430 0.100005
vt 0.902522 0.101280
vt 0.840773 0.535474
vt 0.833680 0.536749
vt 0.898196 0.125325
vt 0.905288 0.126600
vt 0.843538 0.510154
vt 0.836446 0.511429
vt 0.900961 0.150645
vt 0.908054 0.151920
vt 0.846304 0.484834
vt 0.839212 0.486109
vt 0.903727 0.175965
vt 0.910819 0.177240
vt 0.849070 0.459514
vt 0.841977 0.460789
vt 0.906493 0.201285
vt 0.913585 0.202560
vt 0.851835 0.434194
vt 0.844743 0.435468
vt 0.909258 0.226605
vt 0.916351 0.227880
vt 0.854601 0.408874
vt 0.847509 0.410148
vt 0.912024 0.251925
vt 0.919116 0.253200
vt 0.857367 0.383554
vt 0.850274 0.384828
vt 0.921882 0.278520
vt 0.914790 0.277245
vt 0.853040 0.359508
vt 0.860133 0.358234
vt 0.917555 0.302565
vt 0.924648 0.303840
vt 0.862898 0.332914
vt 0.855806 0.334188
vt 0.920321 0.327885
vt 0.927414 0.329160
vt 0.865664 0.307594
vt 0.858571 0.308868
vt 0.923087 0.353205
vt 0.930179 0.354480
vt 0.868430 0.282274
vt 0.861337 0.283548
vt 0.925852 0.378525
vt 0.932928 0.379797
vt 0.871178 0.256957
vt 0.864103 0.258228
vt 0.907397 0.027687
vt 0.910163 0.053007
vt 0.848413 0.583746
vt 0.845648 0.609066
vt 0.912929 0.078327
vt 0.851179 0.558426
vt 0.915694 0.103647
vt 0.918460 0.128967
vt 0.856710 0.507786
vt 0.853945 0.533106
vt 0.921226 0.154287
vt 0.859476 0.482466
vt 0.923991 0.179607
vt 0.926757 0.204927
vt 0.865007 0.431826
vt 0.862242 0.457146
vt 0.929523 0.230247
vt 0.867773 0.406506
vt 0.932288 0.255567
vt 0.870539 0.381186
vt 0.935054 0.280887
vt 0.873304 0.355866
vt 0.937820 0.306207
vt 0.876070 0.330546
vt 0.940585 0.331527
vt 0.878836 0.305226
vt 0.943351 0.356847
vt 0.881601 0.279906
vt 0.946117 0.382167
vt 0.884367 0.254586
vt 0.904632 0.002367
vt 0.842882 0.634386
vt 0.050096 0.369199
vt 0.074522 0.369124
vt 0.075655 0.738173
vt 0.051229 0.738248
vt 0.633092 0.630898
vt 0.640298 0.630876
vt 0.641431 0.999925
vt 0.634225 0.999947
vt 0.584191 0.630898
vt 0.591397 0.630876
vt 0.592530 0.999925
vt 0.585324 0.999947
vt 0.189160 0.369199
vt 0.213586 0.369124
vt 0.214719 0.738173
vt 0.190293 0.738248
vt 0.558632 0.630976
vt 0.583058 0.630876
vt 0.584191 0.999925
vt 0.559765 0.999976
vt 0.742584 0.630898
vt 0.749790 0.630876
vt 0.750923 0.999925
vt 0.743717 0.999947
vt 0.974441 0.000075
vt 0.998867 0.000000
vt 1.000000 0.369049
vt 0.975574 0.369124
vt 0.214719 0.369199
vt 0.239145 0.369124
vt 0.240278 0.738173
vt 0.215852 0.738248
vt 0.641431 0.630898
vt 0.648638 0.630876
vt 0.649770 0.999925
vt 0.642564 0.999947
vt 0.791485 0.630898
vt 0.798692 0.630876
vt 0.799824 0.999925
vt 0.792618 0.999947
vt 0.974441 0.369199
vt 0.998867 0.369124
vt 1.000000 0.738173
vt 0.975574 0.738248
vt 0.075655 0.369199
vt 0.100081 0.369124
vt 0.101214 0.738173
vt 0.076788 0.738248
vt 0.649770 0.630898
vt 0.656977 0.630876
vt 0.658110 0.999925
vt 0.650903 0.999947
vt 0.783146 0.630898
vt 0.790352 0.630876
vt 0.791485 0.999925
vt 0.784279 0.999947
vt 0.692008 0.630951
vt 0.716433 0.630876
vt 0.717566 0.999925
vt 0.693140 1.000000
vt 0.000000 0.000075
vt 0.001133 0.369124
vt 0.766485 0.630898
vt 0.773674 0.630876
vt 0.774807 0.999925
vt 0.767618 0.999947
vt 0.774807 0.630898
vt 0.782013 0.630876
vt 0.783146 0.999925
vt 0.775940 0.999947
vt 0.163602 0.369199
vt 0.188028 0.369124
vt 0.189160 0.738173
vt 0.164735 0.738248
vt 0.101214 0.369199
vt 0.125639 0.369124
vt 0.126772 0.738173
vt 0.102346 0.738248
vt 0.600869 0.630898
vt 0.608075 0.630876
vt 0.609208 0.999925
vt 0.602002 0.999947
vt 0.717566 0.630898
vt 0.724773 0.630876
vt 0.725906 0.999925
vt 0.718699 0.999947
vt 0.799824 0.630951
vt 0.824250 0.630876
vt 0.825383 0.999925
vt 0.800957 1.000000
vt 0.666449 0.630951
vt 0.690875 0.630876
vt 0.692008 0.999925
vt 0.667582 1.000000
vt 0.600869 0.999925
vt 0.593663 0.999947
vt 0.592530 0.630898
vt 0.599736 0.630876
vt 0.725906 0.630898
vt 0.733112 0.630876
vt 0.734245 0.999925
vt 0.727038 0.999947
vt 0.948883 0.369199
vt 0.973308 0.369124
vt 0.974441 0.738173
vt 0.950015 0.738248
vt 0.974441 0.369049
vt 0.950015 0.369124
vt 0.948883 0.000075
vt 0.973308 0.000000
vt 0.658110 0.630898
vt 0.665316 0.630876
vt 0.666449 0.999925
vt 0.659243 0.999947
vt 0.734245 0.630898
vt 0.741451 0.630876
vt 0.742584 0.999925
vt 0.735378 0.999947
vt 0.126772 0.369199
vt 0.151198 0.369124
vt 0.152331 0.738173
vt 0.127905 0.738248
vt 0.155114 0.417752
vt 0.162320 0.417730
vt 0.163452 0.786632
vt 0.156246 0.786655
vt 0.000000 0.433579
vt 0.024426 0.433455
vt 0.025558 0.802455
vt 0.001132 0.802481
vt 0.162171 0.369124
vt 0.154965 0.369146
vt 0.163602 0.835239
vt 0.156395 0.835261
vt 0.048569 0.369124
vt 0.016302 0.384922
vt 0.050096 0.866637
vt 0.017733 0.851037
vn 1.0000 0.0000 0.0000
vn -1.0000 0.0000 0.0000
vn -0.0060 0.0042 1.0000
vn -0.0096 0.0004 0.9999
vn -0.0094 0.0014 0.9999
vn 0.0000 0.0045 1.0000
vn 0.0094 0.0014 0.9999
vn 0.0096 0.0004 0.9999
vn 0.0060 0.0042 1.0000
vn 0.9998 -0.0206 0.0000
vn -0.9998 -0.0206 0.0000
vn -0.0028 0.0056 1.0000
vn 0.0000 0.0056 1.0000
vn 0.0028 0.0056 1.0000
vn 0.9991 -0.0412 0.0000
vn -0.9991 -0.0412 0.0000
vn 0.0027 -0.0006 1.0000
vn 0.0022 -0.0002 1.0000
vn 0.0000 -0.0002 1.0000
vn 0.0000 -0.0007 1.0000
vn -0.0022 -0.0002 1.0000
vn -0.0027 -0.0006 1.0000
vn 0.8943 -0.4473 0.0000
vn 0.9816 -0.1908 0.0094
vn -0.9816 -0.1908 0.0094
vn -0.8943 -0.4473 0.0000
vn 0.0039 -0.0015 1.0000
vn 0.0000 -0.0020 1.0000
vn -0.0039 -0.0015 1.0000
vn 0.7675 -0.6409 0.0000
vn -0.7675 -0.6409 0.0000
vn 0.0000 0.0000 1.0000
vn -0.0084 0.0009 0.9999
vn 0.0000 0.0028 1.0000
vn -0.0011 0.0024 1.0000
vn 0.0011 0.0024 1.0000
vn 0.0084 0.0009 0.9999
vn -0.0097 -0.0005 0.9999
vn 0.0097 -0.0005 0.9999
vn 0.0000 -0.0028 1.0000
vn 0.0058 -0.0028 1.0000
vn -0.0058 -0.0028 1.0000
vn 0.5970 -0.8022 0.0000
vn 0.5968 -0.8024 0.0000
vn 0.4953 -0.8687 0.0000
vn -0.4953 -0.8687 0.0000
vn -0.5968 -0.8024 0.0000
vn -0.5970 -0.8022 0.0000
vn 0.0000 -1.0000 0.0000
vn -0.8314 0.0000 0.5556
vn -0.7071 0.0000 0.7071
vn -0.9239 0.0000 0.3827
vn -0.9808 0.0000 0.1951
vn -0.9808 0.0000 -0.1951
vn -0.9239 0.0000 -0.3827
vn -0.8314 0.0000 -0.5556
vn -0.7071 0.0000 -0.7071
vn -0.5555 0.0000 -0.8315
vn -0.3827 0.0000 -0.9239
vn -0.1951 0.0000 -0.9808
vn 0.0000 0.0000 -1.0000
vn 0.1951 0.0000 -0.9808
vn 0.3827 0.0000 -0.9239
vn 0.5555 0.0000 -0.8315
vn 0.7071 0.0000 -0.7071
vn 0.8314 0.0000 -0.5556
vn 0.9239 0.0000 -0.3827
vn 0.9808 0.0000 -0.1951
vn 0.9808 0.0000 0.1951
vn 0.9239 0.0000 0.3827
vn 0.8314 0.0000 0.5556
vn 0.7071 0.0000 0.7071
vn 0.5556 0.0000 0.8314
vn 0.3827 0.0000 0.9239
vn 0.1951 0.0000 0.9808
vn -0.1951 0.0000 0.9808
vn -0.3827 0.0000 0.9239
vn -0.5556 0.0000 0.8314
vn 0.0000 1.0000 0.0000
vn -0.8492 -0.0001 0.5280
vn -0.8314 -0.0001 0.5556
vn -0.7730 -0.0001 0.6344
vn -0.9108 -0.0001 0.4128
vn -0.9239 -0.0001 0.3827
vn -0.9569 -0.0001 0.2903
vn -0.9808 -0.0001 -0.1951
vn -0.9952 -0.0001 -0.0980
vn -0.9995 -0.0000 -0.0328
vn -0.9239 -0.0001 -0.3827
vn -0.8314 -0.0001 -0.5556
vn -0.7071 -0.0001 -0.7071
vn -0.5555 -0.0001 -0.8315
vn -0.3827 -0.0001 -0.9239
vn -0.1951 -0.0001 -0.9808
vn 0.0000 -0.0001 -1.0000
vn 0.1951 -0.0001 -0.9808
vn 0.3827 -0.0001 -0.9239
vn 0.5556 -0.0001 -0.8314
vn 0.7071 -0.0001 -0.7071
vn 0.8314 -0.0001 -0.5556
vn 0.9239 -0.0001 -0.3827
vn 0.9808 -0.0001 -0.1951
vn 1.0000 -0.0001 0.0000
vn 0.9808 -0.0001 0.1951
vn 0.9359 -0.0001 0.3522
vn 0.9239 -0.0001 0.3827
vn 0.8819 -0.0001 0.4714
vn 0.5300 0.0002 0.8480
vn 0.5586 0.0004 0.8294
vn 0.6400 0.0009 0.7684
vn 0.4128 -0.0001 0.9108
vn 0.3827 -0.0001 0.9239
vn 0.2903 -0.0001 0.9569
vn -0.2271 -0.0001 0.9738
vn -0.1951 -0.0001 0.9808
vn -0.0980 -0.0001 0.9952
vn -0.3522 -0.0001 0.9359
vn -0.3827 -0.0001 0.9239
vn -0.4714 -0.0001 0.8819
vn -0.5556 0.0000 -0.8315
vn 0.5556 0.0000 -0.8314
vn 0.5630 -0.7697 0.3009
vn 0.4065 -0.7718 0.4888
vn 0.1853 -0.7697 0.6109
vn -0.0626 -0.7697 0.6353
vn -0.3009 -0.7697 0.5630
vn -0.4935 -0.7697 0.4050
vn -0.6109 -0.7697 0.1853
vn -0.5556 0.0000 -0.8314
vn -0.8819 0.0000 0.4714
vn 0.7638 0.0000 0.6454
vn 0.4714 0.0000 0.8819
vn 0.0980 0.0000 0.9952
vn -0.2903 0.0000 0.9569
vn -0.6344 0.0000 0.7730
vn -0.0047 -1.0000 -0.0039
vn -0.0029 -1.0000 -0.0054
vn -0.0006 -1.0000 -0.0061
vn 0.0018 -1.0000 -0.0059
vn 0.0039 -1.0000 -0.0048
vn 0.0054 -1.0000 -0.0029
vn -0.8315 0.0000 -0.5555
vn -1.0000 0.0000 -0.0001
vn -0.9952 0.0000 0.0980
vn -0.0000 -1.0000 -0.0009
vn 0.0010 -1.0000 -0.0008
vn -0.9807 0.0000 -0.1951
vn 0.9569 0.0000 0.2903
vn 0.0024 -1.0000 0.0001
vn 0.0027 -1.0000 0.0011
vn 0.0024 -1.0000 0.0016
vn 0.0021 -1.0000 0.0021
vn 0.0016 -1.0000 0.0024
vn 0.0011 -1.0000 0.0027
vn 0.0005 -1.0000 0.0029
vn 0.0000 -1.0000 0.0030
vn -0.0005 -1.0000 0.0029
vn -0.0011 -1.0000 0.0027
vn -0.0016 -1.0000 0.0024
vn -0.0021 -1.0000 0.0021
vn -0.0024 -1.0000 0.0016
vn -0.0027 -1.0000 0.0011
vn -0.0029 -1.0000 0.0005
vn 0.7075 0.0000 -0.7067
vn -0.5555 0.0000 0.8315
vn 0.3826 0.0000 -0.9239
vn 0.9239 0.0000 0.3826
vn -0.9808 0.0000 -0.1950
vn -0.0029 -1.0000 -0.0005
vn -0.0028 -1.0000 -0.0009
vn -0.0030 -1.0000 0.0000
vn -0.0101 -0.0023 -0.9999
vn -0.0035 -0.0015 -1.0000
vn -0.0047 0.0008 -1.0000
vn 0.0047 0.0008 -1.0000
vn 0.0035 -0.0015 -1.0000
vn 0.0101 -0.0023 -0.9999
vn -0.0201 0.0000 -0.9998
vn -0.0100 0.0000 -0.9999
vn -0.0092 -0.0004 -0.9999
vn -0.0177 -0.0006 -0.9998
vn 0.0092 -0.0004 -0.9999
vn 0.0100 0.0000 -0.9999
vn 0.0201 0.0000 -0.9998
vn 0.0177 -0.0006 -0.9998
vn -0.0069 -0.0026 -1.0000
vn 0.0069 -0.0026 -1.0000
vn -0.0020 -0.0029 -1.0000
vn 0.0020 -0.0029 -1.0000
vn -0.0002 -0.0011 -1.0000
vn 0.0002 -0.0011 -1.0000
vn 0.0002 -0.0026 -1.0000
vn -0.0002 -0.0026 -1.0000
vn 0.0000 -0.0011 -1.0000
vn 0.0000 -0.0022 -1.0000
vn -0.0067 0.0016 -1.0000
vn -0.0063 0.0016 -1.0000
vn 0.0067 0.0016 -1.0000
vn 0.0063 0.0016 -1.0000
vn -0.0097 0.0008 -0.9999
vn -0.0095 0.0009 -0.9999
vn 0.0097 0.0008 -0.9999
vn 0.0095 0.0009 -0.9999
vn -0.0119 -0.0002 -0.9999
vn -0.0126 0.0003 -0.9999
vn -0.0129 0.0010 -0.9999
vn 0.0129 0.0010 -0.9999
vn 0.0126 0.0003 -0.9999
vn 0.0119 -0.0002 -0.9999
vn -0.0079 -0.0002 -0.9999
vn -0.0096 -0.0005 -0.9999
vn 0.0079 -0.0002 -0.9999
vn 0.0096 -0.0005 -0.9999
vn 0.0058 -0.0025 -1.0000
vn -0.0034 -0.0007 -1.0000
vn -0.0058 -0.0025 -1.0000
vn 0.0034 -0.0007 -1.0000
vn 0.0156 -0.0016 -0.9998
vn -0.0156 -0.0016 -0.9998
vn 0.0218 0.0000 -0.9998
vn -0.0218 0.0000 -0.9998
vn -0.0063 0.0021 1.0000
vn 0.0063 0.0021 1.0000
vn -0.9999 0.0078 -0.0002
vn -1.0000 0.0078 -0.0005
vn 1.0000 0.0078 -0.0005
vn 0.9999 0.0078 -0.0002
vn 0.0000 -0.0135 -0.9999
vn 0.0000 -0.0294 -0.9995
vn 0.0139 -0.0252 -0.9996
vn 0.0066 -0.0104 -0.9999
vn -0.0139 -0.0252 -0.9996
vn -0.0066 -0.0104 -0.9999
vn 0.0215 -0.0138 -0.9997
vn 0.0165 -0.0100 -0.9998
vn -0.0215 -0.0138 -0.9997
vn -0.0165 -0.0100 -0.9998
vn 0.0241 -0.0034 -0.9997
vn 0.0241 -0.0035 -0.9997
vn 0.0246 0.0000 -0.9997
vn -0.0246 0.0000 -0.9997
vn -0.0241 -0.0035 -0.9997
vn -0.0241 -0.0034 -0.9997
vn 0.0052 -0.0080 0.9999
vn 0.0132 -0.0237 0.9996
vn 0.0000 -0.0276 0.9996
vn 0.0000 -0.0110 0.9999
vn -0.0132 -0.0237 0.9996
vn -0.0052 -0.0080 0.9999
vn 0.0155 -0.0088 0.9998
vn 0.0209 -0.0129 0.9997
vn -0.0209 -0.0129 0.9997
vn -0.0155 -0.0088 0.9998
vn 0.0247 0.0000 0.9997
vn 0.0240 -0.0034 0.9997
vn 0.0240 -0.0032 0.9997
vn -0.0240 -0.0034 0.9997
vn -0.0247 0.0000 0.9997
vn -0.0240 -0.0032 0.9997
vn 0.4691 -0.8661 0.1725
vn 0.4629 -0.8864 -0.0001
vn 0.0000 -1.0000 -0.0001
vn 0.0000 -0.9873 0.1585
vn -0.4629 -0.8864 -0.0001
vn -0.4691 -0.8661 0.1725
vn 0.6833 -0.7084 0.1764
vn 0.6942 -0.7197 -0.0001
vn -0.6942 -0.7197 -0.0001
vn -0.6833 -0.7084 0.1764
vn 0.9805 0.0000 0.1963
vn 0.9999 0.0116 0.0000
vn 0.9806 0.0115 0.1958
vn -0.9999 0.0116 0.0000
vn -0.9805 0.0000 0.1963
vn -0.9806 0.0115 0.1958
vn 0.9997 0.0233 -0.0000
vn 0.9805 0.0229 0.1953
vn -0.9997 0.0233 -0.0000
vn -0.9805 0.0229 0.1953
vn 0.0000 -0.9873 -0.1587
vn 0.4691 -0.8661 -0.1727
vn -0.4691 -0.8661 -0.1727
vn 0.6833 -0.7084 -0.1766
vn -0.6833 -0.7084 -0.1766
vn 0.9806 0.0115 -0.1958
vn 0.9805 0.0000 -0.1964
vn -0.9806 0.0115 -0.1958
vn -0.9805 0.0000 -0.1964
vn 0.9805 0.0229 -0.1953
vn -0.9805 0.0229 -0.1953
vn -0.0119 0.0006 -0.9999
vn 0.0119 0.0006 -0.9999
vn 0.9991 -0.0385 0.0186
vn -0.9991 -0.0385 0.0186
vn 0.0021 -0.0000 1.0000
vn -0.0021 -0.0000 1.0000
vn 0.0000 0.9988 0.0476
vn 0.0323 0.9990 0.0316
vn 0.0592 0.9980 0.0183
vn -0.0323 0.9990 0.0316
vn -0.0592 0.9980 0.0183
vn 0.0591 0.9981 0.0184
vn -0.0591 0.9981 0.0184
vn -0.8965 0.0000 0.4429
vn 0.8965 0.0000 0.4429
vn -0.0548 -0.9983 -0.0205
vn -0.0282 -0.9990 -0.0337
vn 0.0000 -0.9988 -0.0476
vn 0.0282 -0.9990 -0.0337
vn 0.0548 -0.9983 -0.0205
vn 0.9952 -0.0961 0.0188
vn -0.9952 -0.0961 0.0188
vn 0.0030 -1.0000 0.0000
vn 0.0029 -1.0000 0.0005
vn 0.0029 -1.0000 -0.0006
vn 0.0028 -1.0000 -0.0009
vn 0.9808 0.0000 -0.1950
vn -0.9239 0.0000 0.3826
vn -0.3826 0.0000 -0.9239
vn 0.5555 0.0000 0.8315
vn -0.7075 0.0000 -0.7067
vn -0.0057 -1.0000 0.0022
vn 0.0022 -1.0000 -0.0057
vn -0.0024 -1.0000 0.0001
vn -0.0010 -1.0000 -0.0008
vn -0.9359 -0.0000 0.3522
vn -0.9569 0.0000 0.2903
vn -0.8319 0.0000 -0.5549
vn -0.5549 0.0000 -0.8319
vn 0.9807 0.0000 -0.1951
vn 1.0000 0.0000 -0.0001
vn 0.9866 -0.0000 0.1628
vn 0.9952 0.0000 0.0980
vn 0.8315 0.0000 -0.5555
vn -0.0054 -1.0000 -0.0029
vn -0.0039 -1.0000 -0.0048
vn -0.0018 -1.0000 -0.0059
vn 0.0006 -1.0000 -0.0061
vn 0.0029 -1.0000 -0.0054
vn 0.0047 -1.0000 -0.0039
vn 0.5825 -0.0000 0.8128
vn 0.6835 -0.0000 0.7299
vn 0.6344 0.0000 0.7730
vn 0.2271 -0.0000 0.9738
vn 0.3522 -0.0000 0.9359
vn 0.2903 0.0000 0.9569
vn -0.1628 -0.0000 0.9866
vn -0.0328 -0.0000 0.9995
vn -0.0980 0.0000 0.9952
vn -0.5300 0.0001 0.8480
vn -0.4128 -0.0000 0.9108
vn -0.4714 0.0000 0.8819
vn -0.8086 0.0001 0.5884
vn -0.7266 0.0003 0.6870
vn -0.7638 0.0000 0.6454
vn 0.8492 -0.0000 0.5280
vn 0.9108 -0.0000 0.4128
vn 0.8819 0.0000 0.4714
vn 0.6109 -0.7697 0.1853
vn 0.4935 -0.7697 0.4050
vn 0.3009 -0.7697 0.5630
vn 0.0626 -0.7697 0.6353
vn -0.1853 -0.7697 0.6109
vn -0.4065 -0.7718 0.4888
vn -0.5630 -0.7697 0.3009
vn 0.5556 -0.0001 0.8314
vn 0.0000 -0.0001 1.0000
vn 0.1951 -0.0001 0.9808
vn -0.7071 0.0004 0.7071
vn -0.5586 0.0002 0.8294
vn -0.8295 0.0002 0.5585
vn -0.9808 -0.0001 0.1951
vn -1.0000 -0.0001 0.0000
vn -0.5556 -0.0001 -0.8315
vn 0.5555 -0.0001 -0.8315
vn 0.7071 -0.0001 0.7071
vn 0.8314 -0.0001 0.5556
vn 0.5556 0.0000 -0.8315
vn 0.1950 0.0000 -0.9808
vn 0.8315 0.0000 0.5555
vn -0.3826 0.0000 0.9239
vn -0.8295 0.5585 0.0000
vn -0.9326 0.3595 -0.0325
vn -0.9501 0.3117 0.0000
vn 0.9501 0.3117 0.0000
vn 0.9326 0.3595 -0.0325
vn 0.8295 0.5585 0.0000
vn -0.7746 0.6253 -0.0952
vn 0.7746 0.6253 -0.0952
vn -0.9959 0.0900 0.0000
vn 0.9959 0.0900 0.0000
vn -0.2224 0.0219 -0.9747
vn -0.2004 0.0000 -0.9797
vn -0.2090 0.0085 -0.9779
vn 0.2004 0.0000 -0.9797
vn 0.2224 0.0219 -0.9747
vn 0.2090 0.0085 -0.9779
vn -0.9910 0.1338 0.0000
vn -0.9910 0.1334 0.0000
vn 0.9910 0.1334 0.0000
vn 0.9910 0.1338 0.0000
vn -0.2499 0.0474 -0.9671
vn -0.2410 0.0395 -0.9697
vn -0.2404 0.0389 -0.9699
vn 0.2404 0.0389 -0.9699
vn 0.2410 0.0395 -0.9697
vn 0.2499 0.0474 -0.9671
vn -0.9326 0.3595 0.0325
vn -0.7746 0.6253 0.0952
vn 0.7746 0.6253 0.0952
vn 0.9326 0.3595 0.0325
vn -0.2090 0.0085 0.9779
vn -0.2004 0.0000 0.9797
vn -0.2224 0.0219 0.9747
vn 0.2004 0.0000 0.9797
vn 0.2090 0.0085 0.9779
vn 0.2224 0.0219 0.9747
vn -0.2499 0.0474 0.9671
vn -0.2404 0.0389 0.9699
vn -0.2410 0.0395 0.9697
vn 0.2410 0.0395 0.9697
vn 0.2404 0.0389 0.9699
vn 0.2499 0.0474 0.9671
vn 0.9502 0.3117 0.0000
vn -0.9502 0.3117 0.0000
vn -0.3362 -0.0003 -0.9418
vn -0.3360 0.0000 -0.9418
vn 0.3360 0.0000 -0.9418
vn 0.3362 -0.0003 -0.9418
vn -0.3363 -0.0006 -0.9417
vn 0.3363 -0.0006 -0.9417
vn -0.3938 0.0000 0.9192
vn 0.3938 0.0000 0.9192
vn -0.3937 0.0002 0.9192
vn 0.3937 0.0002 0.9192
vn -0.3936 0.0004 0.9193
vn 0.3936 0.0004 0.9193
vn 0.1397 0.0000 -0.9902
vn -0.1397 0.0000 -0.9902
vn 0.4275 0.0000 -0.9040
vn -0.4275 0.0000 -0.9040
vn 0.9865 0.0000 -0.1637
vn -0.9865 0.0000 -0.1637
vn 0.8819 0.0000 -0.4714
vn -0.8819 0.0000 -0.4714
vn 0.6893 0.0000 -0.7245
vn -0.6893 0.0000 -0.7245
vn -0.9192 0.0000 -0.3938
vn 0.9192 0.0000 -0.3938
vn -0.9192 0.0002 -0.3937
vn 0.9192 0.0002 -0.3937
vn -0.9193 0.0004 -0.3936
vn 0.9193 0.0004 -0.3936
vn 0.9418 -0.0003 -0.3362
vn 0.9418 0.0000 -0.3360
vn -0.9418 0.0000 -0.3360
vn -0.9418 -0.0003 -0.3362
vn 0.9417 -0.0006 -0.3363
vn -0.9417 -0.0006 -0.3363
vn 0.0000 0.5586 -0.8294
vn -0.0326 0.3594 -0.9326
vn -0.0957 0.6252 -0.7746
vn 0.0957 0.6252 -0.7746
vn 0.0326 0.3594 -0.9326
vn 0.0000 0.3117 -0.9501
vn -0.9779 0.0085 -0.2090
vn -0.9797 0.0000 -0.2004
vn -0.9747 0.0219 -0.2224
vn 0.9797 0.0000 -0.2004
vn 0.9779 0.0085 -0.2090
vn 0.9747 0.0219 -0.2224
vn 0.0000 0.0900 -0.9959
vn -0.9671 0.0474 -0.2499
vn -0.9699 0.0389 -0.2404
vn -0.9697 0.0395 -0.2410
vn 0.9697 0.0395 -0.2410
vn 0.9699 0.0389 -0.2404
vn 0.9671 0.0474 -0.2499
vn 0.0000 0.1334 -0.9910
vn 0.0000 0.1338 -0.9910
vn -0.0325 0.3595 -0.9326
vn 0.0325 0.3595 -0.9326
vn 0.0000 0.5585 -0.8295
vn -0.0952 0.6253 -0.7746
vn 0.0952 0.6253 -0.7746
vn 0.6893 0.0000 0.7245
vn -0.6893 0.0000 0.7245
vn 0.4275 0.0000 0.9040
vn -0.4275 0.0000 0.9040
vn 0.9463 0.0000 0.3231
vn -0.9463 0.0000 0.3231
vn 0.1397 0.0000 0.9902
vn -0.1397 0.0000 0.9902
vn 0.0009 0.0015 1.0000
vn -0.0036 0.0015 1.0000
vn -0.0009 0.0015 1.0000
vn 0.0036 0.0015 1.0000
vn 0.0000 0.0015 1.0000
vn -0.0010 -0.0015 -1.0000
vn 0.0022 -0.0015 -1.0000
vn 0.0010 -0.0015 -1.0000
vn -0.0022 -0.0015 -1.0000
vn 0.0000 -0.0015 -1.0000
vn -1.0000 0.0000 -0.0008
vn 1.0000 0.0000 -0.0008
vn 0.0000 1.0000 -0.0023
vn -0.5041 0.8636 -0.0026
vn -0.5063 0.8623 -0.0026
vn 0.5063 0.8623 -0.0026
vn 0.5041 0.8636 -0.0026
vn -0.7409 0.6716 -0.0027
vn 0.7409 0.6716 -0.0027
vn -0.0029 -1.0000 0.0006
vn -0.9569 0.0000 -0.2903
vn -0.7730 0.0000 -0.6344
vn -0.4714 0.0000 -0.8819
vn -0.0980 0.0000 -0.9952
vn 0.2903 0.0000 -0.9569
vn 0.6344 0.0000 -0.7730
vn 0.9952 0.0000 -0.0980
vn 0.7730 0.0000 0.6344
vn 0.2272 -0.0000 0.9738
vn 0.5556 -0.0001 -0.8315
vn -0.5556 -0.0001 -0.8314
vn 0.0029 -1.0000 -0.0005
vn 0.2588 0.0000 -0.9659
vn -0.2588 0.0000 -0.9659
vn -0.9659 0.0000 -0.2588
vn -0.9659 0.0000 0.2588
vn -0.2588 0.0000 0.9659
vn 0.2588 0.0000 0.9659
vn 0.9659 0.0000 0.2588
vn 0.9659 0.0000 -0.2588
vn -0.0055 -1.0000 -0.0055
vn -0.9375 0.3356 -0.0923
vn -0.9234 0.3370 -0.1837
vn -0.9008 0.3956 -0.1792
vn -0.9147 0.3939 -0.0901
vn -0.8583 0.4838 -0.1707
vn -0.8719 0.4820 -0.0859
vn -0.9462 0.2631 -0.1882
vn -0.9844 0.1736 -0.0284
vn -0.6657 0.3370 0.6657
vn -0.7828 0.3370 0.5231
vn -0.7636 0.3956 0.5102
vn -0.6494 0.3956 0.6494
vn -0.7277 0.4838 0.4862
vn -0.6188 0.4838 0.6188
vn -0.8021 0.2631 0.5360
vn -0.6822 0.2631 0.6822
vn -0.8698 0.3370 0.3603
vn -0.8485 0.3956 0.3515
vn -0.8085 0.4838 0.3349
vn -0.8913 0.2631 0.3692
vn -0.9014 0.3356 0.2734
vn -0.8795 0.3939 0.2668
vn -0.8384 0.4820 0.2543
vn -0.9599 0.1736 0.2199
vn -0.8698 0.3370 -0.3603
vn -0.8485 0.3956 -0.3515
vn -0.8085 0.4838 -0.3349
vn -0.8913 0.2631 -0.3692
vn -0.7828 0.3370 -0.5231
vn -0.7636 0.3956 -0.5102
vn -0.7277 0.4838 -0.4862
vn -0.8021 0.2631 -0.5360
vn -0.6657 0.3370 -0.6657
vn -0.6494 0.3956 -0.6494
vn -0.6188 0.4838 -0.6188
vn -0.6822 0.2631 -0.6822
vn -0.5231 0.3370 -0.7828
vn -0.5102 0.3956 -0.7636
vn -0.4862 0.4838 -0.7277
vn -0.5360 0.2631 -0.8021
vn -0.3603 0.3370 -0.8698
vn -0.3515 0.3956 -0.8485
vn -0.3349 0.4838 -0.8085
vn -0.3692 0.2631 -0.8913
vn -0.2734 0.3356 -0.9014
vn -0.2668 0.3939 -0.8795
vn -0.2543 0.4820 -0.8384
vn -0.2199 0.1736 -0.9599
vn 0.0923 0.3356 -0.9375
vn 0.1837 0.3370 -0.9234
vn 0.1792 0.3956 -0.9008
vn 0.0901 0.3939 -0.9147
vn 0.1707 0.4838 -0.8583
vn 0.0858 0.4820 -0.8719
vn 0.1882 0.2631 -0.9462
vn 0.0284 0.1736 -0.9844
vn 0.3603 0.3370 -0.8698
vn 0.3515 0.3956 -0.8485
vn 0.3349 0.4838 -0.8085
vn 0.3692 0.2631 -0.8913
vn 0.5231 0.3370 -0.7828
vn 0.5102 0.3956 -0.7636
vn 0.4862 0.4838 -0.7277
vn 0.5360 0.2631 -0.8021
vn 0.6657 0.3370 -0.6657
vn 0.6494 0.3956 -0.6494
vn 0.6188 0.4838 -0.6188
vn 0.6822 0.2631 -0.6822
vn 0.7828 0.3370 -0.5231
vn 0.7636 0.3956 -0.5102
vn 0.7277 0.4838 -0.4862
vn 0.8021 0.2631 -0.5360
vn 0.8698 0.3370 -0.3603
vn 0.8485 0.3956 -0.3515
vn 0.8085 0.4838 -0.3349
vn 0.8913 0.2631 -0.3692
vn 0.9014 0.3356 -0.2734
vn 0.8795 0.3939 -0.2668
vn 0.8384 0.4820 -0.2543
vn 0.9599 0.1736 -0.2199
vn 0.9375 0.3356 0.0923
vn 0.9234 0.3370 0.1837
vn 0.9008 0.3956 0.1792
vn 0.9147 0.3939 0.0901
vn 0.8583 0.4838 0.1707
vn 0.8719 0.4820 0.0858
vn 0.9462 0.2631 0.1882
vn 0.9844 0.1736 0.0284
vn 0.8698 0.3370 0.3603
vn 0.8485 0.3956 0.3515
vn 0.8085 0.4838 0.3349
vn 0.8913 0.2631 0.3692
vn 0.7828 0.3370 0.5231
vn 0.7636 0.3956 0.5102
vn 0.7277 0.4838 0.4862
vn 0.8021 0.2631 0.5360
vn 0.6657 0.3370 0.6657
vn 0.6494 0.3956 0.6494
vn 0.6188 0.4838 0.6188
vn 0.6821 0.2649 0.6816
vn 0.5231 0.3370 0.7828
vn 0.5102 0.3956 0.7636
vn 0.4862 0.4838 0.7277
vn 0.5351 0.2661 0.8018
vn 0.3603 0.3370 0.8698
vn 0.3515 0.3956 0.8485
vn 0.3349 0.4838 0.8085
vn 0.3688 0.2644 0.8910
vn 0.2734 0.3356 0.9014
vn 0.2668 0.3939 0.8795
vn 0.2543 0.4820 0.8384
vn 0.2199 0.1736 0.9599
vn -0.0923 0.3356 0.9375
vn -0.1837 0.3370 0.9234
vn -0.1791 0.3956 0.9008
vn -0.0901 0.3939 0.9147
vn -0.1707 0.4838 0.8583
vn -0.0858 0.4820 0.8719
vn -0.1882 0.2631 0.9462
vn -0.0284 0.1736 0.9844
vn -0.3603 0.3370 0.8698
vn -0.3515 0.3956 0.8485
vn -0.3349 0.4838 0.8085
vn -0.3692 0.2631 0.8913
vn -0.5231 0.3370 0.7828
vn -0.5102 0.3956 0.7636
vn -0.4862 0.4838 0.7277
vn -0.5360 0.2631 0.8021
vn 0.7075 0.0036 0.7067
vn 0.5567 0.0063 0.8307
vn 0.3823 0.0027 0.9240
vn 0.1962 0.6519 -0.7324
vn 0.2037 0.6170 -0.7601
vn 0.5564 0.6170 -0.5564
vn 0.5362 0.6519 -0.5362
vn -0.1962 0.6519 -0.7324
vn -0.2037 0.6170 -0.7601
vn -0.5362 0.6519 -0.5362
vn -0.5564 0.6170 -0.5564
vn -0.7324 0.6519 -0.1962
vn -0.7601 0.6170 -0.2037
vn -0.7324 0.6519 0.1963
vn -0.7601 0.6170 0.2037
vn -0.5362 0.6519 0.5362
vn -0.5564 0.6170 0.5564
vn -0.1962 0.6519 0.7324
vn -0.2037 0.6170 0.7601
vn 0.1962 0.6519 0.7324
vn 0.2037 0.6170 0.7601
vn 0.5362 0.6519 0.5362
vn 0.5564 0.6170 0.5564
vn 0.7324 0.6519 0.1963
vn 0.7601 0.6170 0.2037
vn 0.7324 0.6519 -0.1962
vn 0.7601 0.6170 -0.2037
vn 0.2168 0.5458 -0.8093
vn 0.5925 0.5458 -0.5925
vn -0.2168 0.5458 -0.8093
vn -0.5925 0.5458 -0.5925
vn -0.8093 0.5458 -0.2169
vn -0.8093 0.5458 0.2169
vn -0.5925 0.5458 0.5925
vn -0.2169 0.5458 0.8093
vn 0.2168 0.5458 0.8093
vn 0.5925 0.5458 0.5925
vn 0.8093 0.5458 0.2168
vn 0.8093 0.5458 -0.2168
vn 0.2255 0.4904 -0.8418
vn 0.6162 0.4904 -0.6162
vn -0.2255 0.4904 -0.8418
vn -0.6162 0.4904 -0.6162
vn -0.8418 0.4904 -0.2255
vn -0.8418 0.4904 0.2255
vn -0.6162 0.4904 0.6162
vn -0.2255 0.4904 0.8418
vn 0.2255 0.4904 0.8418
vn 0.6162 0.4904 0.6162
vn 0.8418 0.4904 0.2255
vn 0.8418 0.4904 -0.2255
vn 0.8093 0.5458 0.2169
vn -0.2168 0.5458 0.8093
vn -0.2169 0.5458 -0.8093
vn 0.2169 0.5458 -0.8093
vn -0.1963 0.6519 -0.7324
vn 0.1963 0.6519 -0.7324
vn -0.1963 0.6519 0.7324
vn 0.1963 0.6519 0.7324
vn 0.8093 0.5458 -0.2169
vn 0.0954 0.0198 0.9952
vn 0.1006 -0.0202 0.9947
vn 0.1006 -0.0203 0.9947
vn 0.0941 -0.0508 0.9943
vn 0.0940 -0.0507 0.9943
vn 0.0824 -0.0411 0.9957
vn 0.0825 -0.0411 0.9957
vn -0.7415 0.0013 -0.6709
vn -0.0001 1.0000 0.0001
vn 0.8027 0.0013 0.5964
vn -0.6344 -0.0013 0.7730
vn -0.9987 0.0013 0.0499
vn 0.0000 1.0000 0.0001
vn 0.9893 0.0013 -0.1458
vn 0.0980 -0.0013 0.9952
vn -0.6736 0.0014 0.7391
vn -0.0006 1.0000 -0.0005
vn 0.5993 0.0014 -0.8005
vn 0.7685 -0.0002 0.6398
vn -0.0499 0.0013 -0.9987
vn -0.0001 1.0000 0.0000
vn 0.1458 0.0013 0.9893
vn -0.9952 -0.0013 0.0980
vn 0.0710 0.3830 0.9210
vn 0.0711 0.3827 0.9211
vn 0.0902 0.3916 0.9157
vn 0.0646 0.4812 0.8742
vn 0.9943 0.0154 -0.1054
vn 0.9944 0.0143 -0.1049
vn 0.9928 0.0346 -0.1147
vn 0.9928 0.0349 -0.1148
vn 0.9919 0.0421 -0.1198
vn 0.9919 0.0419 -0.1196
vn 0.9915 0.0443 -0.1223
vn -0.9974 0.0347 0.0629
vn -0.9975 0.0344 0.0619
vn -0.9961 0.0346 0.0812
vn -0.9961 0.0349 0.0811
vn -0.9929 0.0316 0.1144
vn -0.9932 0.0315 0.1123
vn 0.9200 0.3812 -0.0906
vn 0.9157 0.3916 -0.0902
vn 0.8696 0.4863 -0.0856
vn 0.8516 0.5175 -0.0839
vn -0.1054 0.0154 -0.9943
vn -0.1049 0.0143 -0.9944
vn -0.1147 0.0346 -0.9928
vn -0.1148 0.0349 -0.9928
vn -0.1185 0.0427 -0.9920
vn -0.1184 0.0425 -0.9920
vn -0.1199 0.0456 -0.9917
vn 0.0758 0.0456 0.9961
vn 0.0772 0.0427 0.9961
vn 0.0773 0.0425 0.9961
vn 0.0812 0.0346 0.9961
vn 0.0811 0.0349 0.9961
vn 0.0910 0.0143 0.9957
vn 0.0905 0.0154 0.9958
vn -0.0906 0.3812 -0.9200
vn -0.0902 0.3916 -0.9157
vn -0.0856 0.4863 -0.8696
vn -0.0839 0.5175 -0.8516
vn -0.9943 0.0154 0.1054
vn -0.9944 0.0143 0.1049
vn -0.9928 0.0346 0.1147
vn -0.9928 0.0349 0.1148
vn -0.9920 0.0427 0.1185
vn -0.9920 0.0425 0.1184
vn -0.9917 0.0456 0.1199
vn 0.9961 0.0456 -0.0758
vn 0.9961 0.0427 -0.0772
vn 0.9961 0.0425 -0.0773
vn 0.9961 0.0346 -0.0812
vn 0.9961 0.0349 -0.0811
vn 0.9957 0.0143 -0.0910
vn 0.9958 0.0154 -0.0905
vn -0.9200 0.3812 0.0906
vn -0.9157 0.3916 0.0902
vn -0.8696 0.4863 0.0856
vn -0.8516 0.5175 0.0839
vn 0.1054 0.0154 0.9943
vn 0.1049 0.0143 0.9944
vn 0.1147 0.0346 0.9928
vn 0.1148 0.0349 0.9928
vn 0.1185 0.0427 0.9920
vn 0.1184 0.0425 0.9920
vn 0.1199 0.0456 0.9917
vn -0.0758 0.0456 -0.9961
vn -0.0772 0.0427 -0.9961
vn -0.0773 0.0425 -0.9961
vn -0.0812 0.0346 -0.9961
vn -0.0811 0.0349 -0.9961
vn -0.0911 0.0143 -0.9957
vn -0.0905 0.0154 -0.9958
vn 0.8953 -0.4366 -0.0882
vn -0.8953 0.4366 0.0882
vn 0.0882 -0.4366 0.8953
vn -0.0882 0.4366 -0.8953
vn -0.8953 -0.4366 0.0882
vn 0.8953 0.4366 -0.0882
vn -0.0882 -0.4366 -0.8953
vn 0.4345 -0.8996 -0.0428
vn -0.0428 -0.8996 -0.4345
vn -0.4345 -0.8996 0.0428
vn 0.0428 -0.8996 0.4345
vn -0.9940 0.0253 0.1059
vn -0.9942 0.0256 0.1043
vn -0.9961 0.0425 0.0773
vn -0.9961 0.0427 0.0772
vn -0.9961 0.0456 0.0758
vn 0.9920 0.0425 -0.1184
vn 0.9920 0.0427 -0.1185
vn 0.9917 0.0456 -0.1199
vn 0.0856 0.4863 0.8696
vn 0.0839 0.5175 0.8516
vn 0.0701 0.3831 0.9210
vn 0.0702 0.3829 0.9211
vn 0.0430 0.5076 0.8605
vn -0.9985 0.0293 0.0460
vn -0.9917 0.0211 0.1266
vn 0.0468 0.4401 0.8967
vn 0.0486 0.4400 0.8967
vn -0.9891 0.0333 0.1430
vn -0.6708 -0.0004 -0.7416
vn -0.6743 -0.0004 -0.7384
vn -0.9538 -0.0001 -0.3004
vn -0.9518 -0.0001 -0.3067
vn 0.9538 -0.0001 -0.3004
vn 0.6743 -0.0004 -0.7384
vn 0.6708 -0.0004 -0.7416
vn 0.9518 -0.0001 -0.3067
vn -0.9761 -0.0001 0.2171
vn -0.9776 -0.0001 0.2105
vn 0.9761 -0.0001 0.2171
vn 0.9776 -0.0001 0.2105
vn -0.7378 -0.0003 0.6750
vn -0.7412 -0.0003 0.6712
vn 0.7378 -0.0003 0.6750
vn 0.7412 -0.0003 0.6712
vn -0.3044 -0.0006 0.9525
vn -0.3064 -0.0006 0.9519
vn 0.3044 -0.0006 0.9525
vn 0.3064 -0.0006 0.9519
vn 0.2090 -0.0006 0.9779
vn 0.2103 -0.0006 0.9776
vn -0.2090 -0.0006 0.9779
vn -0.2103 -0.0006 0.9776
vn 0.6675 -0.0004 0.7446
vn 0.6708 -0.0004 0.7416
vn -0.6675 -0.0004 0.7446
vn -0.6708 -0.0004 0.7416
vn 0.9498 -0.0001 0.3129
vn 0.9518 -0.0001 0.3067
vn -0.9498 -0.0001 0.3129
vn -0.9518 -0.0001 0.3067
vn 0.9790 -0.0001 -0.2038
vn 0.9776 -0.0001 -0.2105
vn -0.9790 -0.0001 -0.2038
vn -0.9776 -0.0001 -0.2105
vn 0.7448 -0.0003 -0.6673
vn 0.7412 -0.0003 -0.6712
vn -0.7448 -0.0003 -0.6673
vn -0.7412 -0.0003 -0.6712
vn 0.3086 -0.0007 -0.9512
vn 0.3064 -0.0007 -0.9519
vn -0.3086 -0.0007 -0.9512
vn -0.3064 -0.0007 -0.9519
vn -0.2117 -0.0007 -0.9773
vn -0.2103 -0.0007 -0.9776
vn 0.2117 -0.0007 -0.9773
vn 0.2103 -0.0007 -0.9776
vn -0.3446 -0.8566 -0.3839
vn -0.2557 -0.9239 -0.2848
vn -0.3638 -0.9239 -0.1188
vn -0.4904 -0.8566 -0.1601
vn 0.3638 -0.9239 -0.1187
vn 0.2557 -0.9239 -0.2847
vn 0.3446 -0.8566 -0.3839
vn 0.4904 -0.8566 -0.1601
vn -0.4794 -0.6964 -0.5340
vn -0.6821 -0.6964 -0.2227
vn 0.4794 -0.6964 -0.5340
vn 0.6821 -0.6964 -0.2227
vn -0.5820 -0.4909 -0.6483
vn -0.8282 -0.4909 -0.2704
vn 0.5820 -0.4909 -0.6483
vn 0.8282 -0.4909 -0.2704
vn -0.6462 -0.2536 -0.7198
vn -0.9195 -0.2536 -0.3002
vn 0.6462 -0.2536 -0.7198
vn 0.9195 -0.2536 -0.3002
vn -0.6681 0.0000 -0.7441
vn -0.9506 0.0000 -0.3104
vn 0.6681 0.0000 -0.7441
vn 0.9506 0.0000 -0.3104
vn -0.6462 0.2536 -0.7198
vn -0.9195 0.2536 -0.3002
vn 0.6462 0.2536 -0.7198
vn 0.9195 0.2536 -0.3002
vn -0.5820 0.4909 -0.6483
vn -0.8282 0.4909 -0.2704
vn 0.5820 0.4909 -0.6483
vn 0.8282 0.4909 -0.2704
vn -0.4794 0.6964 -0.5340
vn -0.6821 0.6964 -0.2227
vn 0.4794 0.6964 -0.5340
vn 0.6821 0.6964 -0.2227
vn -0.3446 0.8566 -0.3839
vn -0.4904 0.8566 -0.1601
vn 0.3446 0.8566 -0.3839
vn 0.4904 0.8566 -0.1601
vn -0.1863 0.9603 -0.2075
vn -0.2651 0.9603 -0.0866
vn 0.1863 0.9603 -0.2075
vn 0.2651 0.9603 -0.0866
vn -0.0576 0.9603 -0.2728
vn 0.0576 0.9603 -0.2728
vn -0.1065 0.8566 -0.5048
vn 0.1065 0.8566 -0.5048
vn -0.1482 0.6964 -0.7021
vn 0.1482 0.6964 -0.7021
vn -0.1799 0.4909 -0.8524
vn 0.1799 0.4909 -0.8524
vn -0.1997 0.2536 -0.9464
vn 0.1997 0.2536 -0.9464
vn -0.2065 0.0000 -0.9784
vn 0.2065 0.0000 -0.9784
vn -0.1997 -0.2536 -0.9464
vn 0.1997 -0.2536 -0.9464
vn -0.1799 -0.4909 -0.8524
vn 0.1799 -0.4909 -0.8524
vn -0.1482 -0.6964 -0.7021
vn 0.1482 -0.6964 -0.7021
vn -0.1065 -0.8566 -0.5048
vn 0.1065 -0.8566 -0.5048
vn -0.0790 -0.9239 -0.3744
vn 0.0790 -0.9239 -0.3744
vn 0.1601 -0.8566 -0.4904
vn 0.1188 -0.9239 -0.3638
vn -0.1188 -0.9239 -0.3638
vn -0.1601 -0.8566 -0.4904
vn 0.2227 -0.6964 -0.6821
vn -0.2227 -0.6964 -0.6821
vn 0.2704 -0.4909 -0.8282
vn -0.2704 -0.4909 -0.8282
vn 0.3002 -0.2536 -0.9195
vn -0.3002 -0.2536 -0.9195
vn 0.3104 0.0000 -0.9506
vn -0.3104 0.0000 -0.9506
vn 0.3002 0.2536 -0.9195
vn -0.3002 0.2536 -0.9195
vn 0.2704 0.4909 -0.8282
vn -0.2704 0.4909 -0.8282
vn 0.2227 0.6964 -0.6821
vn -0.2227 0.6964 -0.6821
vn 0.1601 0.8566 -0.4904
vn -0.1601 0.8566 -0.4904
vn 0.0866 0.9603 -0.2651
vn -0.0866 0.9603 -0.2651
vn 0.2075 0.9603 -0.1863
vn -0.2075 0.9603 -0.1863
vn 0.3839 0.8566 -0.3446
vn -0.3839 0.8566 -0.3446
vn 0.5340 0.6964 -0.4794
vn -0.5340 0.6964 -0.4794
vn 0.6483 0.4909 -0.5820
vn -0.6483 0.4909 -0.5820
vn 0.7198 0.2536 -0.6462
vn -0.7198 0.2536 -0.6462
vn 0.7441 0.0000 -0.6681
vn -0.7441 0.0000 -0.6681
vn 0.7198 -0.2536 -0.6462
vn -0.7198 -0.2536 -0.6462
vn 0.6483 -0.4909 -0.5820
vn -0.6483 -0.4909 -0.5820
vn 0.5340 -0.6964 -0.4794
vn -0.5340 -0.6964 -0.4794
vn 0.3839 -0.8566 -0.3446
vn -0.3839 -0.8566 -0.3446
vn 0.2847 -0.9239 -0.2556
vn -0.2847 -0.9239 -0.2556
vn 0.5048 -0.8566 -0.1065
vn 0.3744 -0.9239 -0.0790
vn -0.3744 -0.9239 -0.0790
vn -0.5048 -0.8566 -0.1065
vn 0.7021 -0.6964 -0.1482
vn -0.7021 -0.6964 -0.1482
vn 0.8524 -0.4909 -0.1799
vn -0.8524 -0.4909 -0.1799
vn 0.9464 -0.2536 -0.1997
vn -0.9464 -0.2536 -0.1997
vn 0.9784 0.0000 -0.2065
vn -0.9784 0.0000 -0.2065
vn 0.9464 0.2536 -0.1997
vn -0.9464 0.2536 -0.1997
vn 0.8524 0.4909 -0.1799
vn -0.8524 0.4909 -0.1799
vn 0.7021 0.6964 -0.1482
vn -0.7021 0.6964 -0.1482
vn 0.5048 0.8566 -0.1065
vn -0.5048 0.8566 -0.1065
vn 0.2728 0.9603 -0.0576
vn -0.2728 0.9603 -0.0576
vn 0.2651 0.9603 0.0865
vn -0.2651 0.9603 0.0866
vn 0.4904 0.8566 0.1601
vn -0.4904 0.8566 0.1601
vn 0.6821 0.6964 0.2227
vn -0.6821 0.6964 0.2227
vn 0.8282 0.4909 0.2704
vn -0.8282 0.4909 0.2704
vn 0.9195 0.2536 0.3002
vn -0.9195 0.2536 0.3002
vn 0.9506 0.0000 0.3104
vn -0.9506 0.0000 0.3104
vn 0.9195 -0.2536 0.3002
vn -0.9195 -0.2536 0.3002
vn 0.8282 -0.4909 0.2704
vn -0.8282 -0.4909 0.2704
vn 0.6821 -0.6964 0.2227
vn -0.6821 -0.6964 0.2227
vn 0.4904 -0.8566 0.1601
vn -0.4904 -0.8566 0.1601
vn 0.3638 -0.9239 0.1188
vn -0.3638 -0.9239 0.1188
vn 0.3446 -0.8566 0.3839
vn 0.2556 -0.9239 0.2847
vn -0.2556 -0.9239 0.2847
vn -0.3446 -0.8566 0.3839
vn 0.4794 -0.6964 0.5340
vn -0.4794 -0.6964 0.5340
vn 0.5820 -0.4909 0.6483
vn -0.5820 -0.4909 0.6483
vn 0.6462 -0.2536 0.7198
vn -0.6462 -0.2536 0.7198
vn 0.6681 0.0000 0.7441
vn -0.6681 0.0000 0.7441
vn 0.6462 0.2536 0.7198
vn -0.6462 0.2536 0.7198
vn 0.5820 0.4909 0.6483
vn -0.5820 0.4909 0.6483
vn 0.4794 0.6964 0.5340
vn -0.4794 0.6964 0.5340
vn 0.3446 0.8566 0.3839
vn -0.3446 0.8566 0.3839
vn 0.1863 0.9603 0.2075
vn -0.1863 0.9603 0.2075
vn 0.0576 0.9603 0.2728
vn -0.0576 0.9603 0.2728
vn 0.1065 0.8566 0.5048
vn -0.1065 0.8566 0.5048
vn 0.1482 0.6964 0.7021
vn -0.1482 0.6964 0.7021
vn 0.1799 0.4909 0.8524
vn -0.1799 0.4909 0.8524
vn 0.1997 0.2536 0.9464
vn -0.1997 0.2536 0.9464
vn 0.2065 0.0000 0.9784
vn -0.2065 0.0000 0.9784
vn 0.1997 -0.2536 0.9464
vn -0.1997 -0.2536 0.9464
vn 0.1799 -0.4909 0.8524
vn -0.1799 -0.4909 0.8524
vn 0.1482 -0.6964 0.7021
vn -0.1482 -0.6964 0.7021
vn 0.1065 -0.8566 0.5048
vn -0.1065 -0.8566 0.5048
vn 0.0790 -0.9239 0.3744
vn -0.0790 -0.9239 0.3744
vn -0.1601 -0.8566 0.4904
vn -0.1188 -0.9239 0.3638
vn 0.1188 -0.9239 0.3638
vn 0.1601 -0.8566 0.4904
vn -0.2227 -0.6964 0.6821
vn 0.2227 -0.6964 0.6821
vn -0.2704 -0.4909 0.8282
vn 0.2704 -0.4909 0.8282
vn -0.3002 -0.2536 0.9195
vn 0.3002 -0.2536 0.9195
vn -0.3104 0.0000 0.9506
vn 0.3104 0.0000 0.9506
vn -0.3002 0.2536 0.9195
vn 0.3002 0.2536 0.9195
vn -0.2704 0.4909 0.8282
vn 0.2704 0.4909 0.8282
vn -0.2227 0.6964 0.6821
vn 0.2227 0.6964 0.6821
vn -0.1601 0.8566 0.4904
vn 0.1601 0.8566 0.4904
vn -0.0866 0.9603 0.2651
vn 0.0866 0.9603 0.2651
vn -0.2075 0.9603 0.1863
vn 0.2075 0.9603 0.1863
vn -0.3839 0.8566 0.3446
vn 0.3839 0.8566 0.3446
vn -0.5340 0.6964 0.4794
vn 0.5340 0.6964 0.4794
vn -0.6483 0.4909 0.5820
vn 0.6483 0.4909 0.5820
vn -0.7198 0.2536 0.6462
vn 0.7198 0.2536 0.6462
vn -0.7441 0.0000 0.6681
vn 0.7441 0.0000 0.6681
vn -0.7198 -0.2536 0.6462
vn 0.7198 -0.2536 0.6462
vn -0.6483 -0.4909 0.5820
vn 0.6483 -0.4909 0.5820
vn -0.5340 -0.6964 0.4794
vn 0.5340 -0.6964 0.4794
vn -0.3839 -0.8566 0.3446
vn 0.3839 -0.8566 0.3446
vn -0.2847 -0.9239 0.2557
vn 0.2847 -0.9239 0.2556
vn -0.5048 -0.8566 0.1065
vn -0.3744 -0.9239 0.0790
vn 0.3744 -0.9239 0.0790
vn 0.5048 -0.8566 0.1065
vn -0.7021 -0.6964 0.1482
vn 0.7021 -0.6964 0.1482
vn -0.8524 -0.4909 0.1799
vn 0.8524 -0.4909 0.1799
vn -0.9464 -0.2536 0.1997
vn 0.9464 -0.2536 0.1997
vn -0.9784 0.0000 0.2065
vn 0.9784 0.0000 0.2065
vn -0.9464 0.2536 0.1997
vn 0.9464 0.2536 0.1997
vn -0.8524 0.4909 0.1799
vn 0.8524 0.4909 0.1799
vn -0.7021 0.6964 0.1482
vn 0.7021 0.6964 0.1482
vn -0.5048 0.8566 0.1065
vn 0.5048 0.8566 0.1065
vn -0.2728 0.9603 0.0576
vn 0.2728 0.9603 0.0576
vn -0.5683 0.7986 -0.1982
vn -0.5776 0.7985 -0.1694
vn -0.5849 0.7985 0.1420
vn -0.5912 0.7986 0.1125
vn 0.5849 0.7985 0.1422
vn 0.5776 0.7985 -0.1696
vn 0.5683 0.7985 -0.1984
vn 0.5912 0.7986 0.1126
vn -0.3931 0.7983 -0.4563
vn -0.4157 0.7983 -0.4357
vn 0.4158 0.7983 -0.4357
vn 0.3931 0.7983 -0.4561
vn -0.1125 0.7982 -0.5917
vn -0.1421 0.7982 -0.5854
vn 0.1422 0.7985 -0.5849
vn 0.1126 0.7986 -0.5912
vn 0.1981 0.7986 -0.5683
vn 0.1694 0.7985 -0.5776
vn -0.1693 0.7986 -0.5775
vn -0.1981 0.7986 -0.5683
vn 0.4555 0.7989 -0.3928
vn 0.4351 0.7988 -0.4154
vn -0.4351 0.7986 -0.4158
vn -0.4555 0.7987 -0.3932
vn 0.5908 0.7989 -0.1124
vn 0.5845 0.7989 -0.1419
vn -0.5844 0.7989 -0.1420
vn -0.5907 0.7990 -0.1125
vn 0.5679 0.7989 0.1983
vn 0.5773 0.7988 0.1692
vn -0.5772 0.7989 0.1690
vn -0.5679 0.7989 0.1982
vn 0.3928 0.7987 0.4557
vn 0.4154 0.7987 0.4354
vn -0.4154 0.7988 0.4352
vn -0.3929 0.7988 0.4555
vn 0.1124 0.7987 0.5911
vn 0.1421 0.7986 0.5848
vn -0.1421 0.7988 0.5846
vn -0.1123 0.7989 0.5909
vn -0.1982 0.7985 0.5684
vn -0.1693 0.7985 0.5777
vn 0.1693 0.7986 0.5774
vn 0.1982 0.7987 0.5682
vn -0.4558 0.7985 0.3934
vn -0.4357 0.7984 0.4156
vn 0.4357 0.7985 0.4155
vn 0.4557 0.7985 0.3933
vn 1.0000 0.0000 0.0015
vn 1.0000 0.0000 0.0012
vn 1.0000 0.0000 0.0030
vn 0.9885 0.0000 0.1509
vn -1.0000 0.0000 0.0030
vn -1.0000 0.0000 0.0012
vn -1.0000 0.0000 0.0015
vn -0.9885 0.0000 0.1509
vn 0.9747 0.0000 0.2235
vn -0.9747 0.0000 0.2235
vn 0.0013 0.9914 0.1310
vn 0.0012 0.9897 0.1431
vn 0.0024 1.0000 0.0006
vn -0.0024 1.0000 0.0006
vn -0.0012 0.9897 0.1431
vn -0.0013 0.9914 0.1310
vn -0.9893 0.0000 0.1459
vn -0.9870 0.0000 0.1606
vn -0.9574 0.0000 0.2887
vn 0.9574 0.0000 0.2887
vn 0.9870 0.0000 0.1606
vn 0.9893 0.0000 0.1459
vn 0.0000 1.0000 0.0003
vn -0.0004 0.9592 0.2827
vn -0.0002 0.9593 0.2823
vn -0.0003 0.9593 0.2825
vn 0.0003 0.9593 0.2825
vn 0.0002 0.9593 0.2823
vn 0.0004 0.9592 0.2827
vn -0.0001 0.9593 0.2825
vn 0.0001 0.9593 0.2825
vn 0.0000 0.9592 0.2827
vn 0.3544 0.0000 0.9351
vn 0.2397 0.0000 0.9708
vn -0.3544 0.0000 0.9351
vn -0.2397 0.0000 0.9708
vn 0.1801 0.0000 0.9836
vn -0.1801 0.0000 0.9836
vn 0.8995 0.0000 0.4368
vn -0.8995 0.0000 0.4368
vn -1.0000 0.0000 -0.0010
vn -1.0000 0.0000 -0.0006
vn 1.0000 0.0000 -0.0006
vn 1.0000 0.0000 -0.0010
vn -1.0000 0.0000 -0.0004
vn 1.0000 0.0000 -0.0004
vn 0.0000 1.0000 0.0006
vn 0.1625 0.0000 0.9867
vn -0.1625 0.0000 0.9867
vn 0.3207 0.0000 0.9472
vn -0.3207 0.0000 0.9472
usemtl Castle
s 1
f 5402/5/2 769/6/2 767/7/2 5403/8/2
f 768/9/3 770/10/3 5404/11/3 5405/12/3
f 5403/8/2 767/7/2 763/13/2 5408/14/2
f 764/15/3 768/9/3 5405/12/3 5410/16/3
f 761/17/4 5803/18/5 399/19/6 363/20/7
f 400/21/8 5807/22/9 762/23/10 363/20/7
f 5409/24/11 5408/14/2 763/13/2 5834/25/11
f 764/15/3 5410/16/3 5411/26/12 5839/27/12
f 5832/28/13 761/17/4 363/20/7 5844/29/14
f 363/20/7 762/23/10 5837/30/15 5844/29/14
f 5412/31/16 5409/24/11 5834/25/11 5831/32/16
f 5839/27/12 5411/26/12 5414/33/17 5836/34/17
f 755/35/18 757/36/19 369/37/20 372/38/21
f 369/37/20 758/39/22 756/40/23 372/38/21
f 5417/41/24 5416/42/25 5827/43/25 5823/44/24
f 5829/45/26 5418/46/26 5419/47/27 5825/48/27
f 753/49/28 755/35/18 372/38/21 375/50/29
f 372/38/21 756/40/23 754/51/30 375/50/29
f 5420/52/31 5417/41/24 5823/44/24 5819/53/31
f 5825/48/27 5419/47/27 5421/54/32 5821/55/32
f 381/56/33 355/57/33 357/58/33 383/59/33
f 358/60/33 356/61/33 382/62/33 384/63/33
f 385/64/33 5406/65/33 355/57/33 381/56/33
f 356/61/33 5407/66/33 386/67/33 382/62/33
f 383/59/33 357/58/33 361/68/33 387/69/33
f 362/70/33 358/60/33 384/63/33 388/71/33
f 387/69/33 361/68/33 364/72/33 389/73/33
f 365/74/33 362/70/33 388/71/33 390/75/33
f 389/73/33 364/72/33 5413/76/33 5426/77/33
f 5415/78/33 365/74/33 390/75/33 5428/79/33
f 393/80/33 370/81/33 373/82/33 395/83/33
f 374/84/33 371/85/33 394/86/33 396/87/33
f 395/83/33 373/82/33 376/88/33 397/89/33
f 377/90/33 374/84/33 396/87/33 398/91/33
f 5805/92/34 5841/93/35 347/94/36
f 348/95/37 5843/96/35 5809/97/38
f 345/98/39 399/19/6 5803/18/5 5805/92/34
f 5807/22/9 400/21/8 346/99/40 5809/97/38
f 401/100/33 378/101/33 5424/102/33 403/103/33
f 5424/102/33 379/104/33 402/105/33 403/103/33
f 753/49/28 375/50/29 750/106/41 751/107/42
f 750/106/41 375/50/29 754/51/30 752/108/43
f 5430/109/33 401/100/33 403/103/33 408/110/33
f 403/103/33 402/105/33 5434/111/33 408/110/33
f 5422/112/44 5815/113/45 5812/114/46 5425/115/46
f 5813/116/47 5817/117/48 5423/118/49 380/119/47
f 5422/112/44 5420/52/31 5819/53/31 5815/113/45
f 5821/55/32 5421/54/32 5423/118/49 5817/117/48
f 401/100/33 413/120/33 376/88/33 378/101/33
f 377/90/33 414/121/33 402/105/33 379/104/33
f 413/120/33 401/100/33 5430/109/33 5432/122/33
f 5434/111/33 402/105/33 414/121/33 5436/123/33
f 413/120/33 417/124/33 415/125/33 376/88/33
f 416/126/33 418/127/33 414/121/33 377/90/33
f 413/120/33 5432/122/33 406/128/33 417/124/33
f 407/129/33 5436/123/33 414/121/33 418/127/33
f 417/124/33 406/128/33 411/130/33 415/125/33
f 412/131/33 407/129/33 418/127/33 416/126/33
f 5438/132/33 5430/109/33 408/110/33 5442/133/33
f 408/110/33 5434/111/33 5440/134/33 5442/133/33
f 5443/135/33 406/128/33 5432/122/33 5444/136/33
f 5436/123/33 407/129/33 5446/137/33 5447/138/33
f 5449/139/33 411/130/33 406/128/33 5443/135/33
f 407/129/33 412/131/33 5450/140/33 5446/137/33
f 376/88/33 415/125/33 397/89/33
f 398/91/33 416/126/33 377/90/33
f 5465/141/50 5528/142/50 567/143/50 5464/144/50
f 5466/145/50 5451/146/50 5528/142/50 5465/141/50
f 5467/147/50 5452/148/50 5451/146/50 5466/145/50
f 5468/149/50 568/150/50 5452/148/50 5467/147/50
f 5469/151/50 5453/152/50 568/150/50 5468/149/50
f 5470/153/50 5454/154/50 5453/152/50 5469/151/50
f 5471/155/50 611/156/50 5454/157/50 5470/158/50
f 5472/159/50 6564/160/50 611/156/50 5471/155/50
f 5473/161/50 610/162/50 6564/160/50 5472/159/50
f 5474/163/50 5455/164/50 610/162/50 5473/161/50
f 5475/165/50 5456/166/50 5455/164/50 5474/163/50
f 5476/167/50 5457/168/50 5456/166/50 5475/165/50
f 5477/169/50 5458/170/50 5457/168/50 5476/167/50
f 5478/171/50 5459/172/50 5458/170/50 5477/169/50
f 5479/173/50 5460/174/50 5459/172/50 5478/171/50
f 5480/175/50 609/176/50 5460/174/50 5479/173/50
f 5481/177/50 6571/178/50 609/176/50 5480/175/50
f 5482/179/50 569/180/50 6571/178/50 5481/177/50
f 5483/181/50 6569/182/50 569/180/50 5482/179/50
f 5484/183/50 5608/184/50 6569/182/50 5483/181/50
f 5485/185/50 608/186/50 5608/184/50 5484/183/50
f 5486/187/50 6567/188/50 608/186/50 5485/185/50
f 5487/189/50 571/190/50 6567/188/50 5486/187/50
f 5488/191/50 5461/192/50 571/190/50 5487/189/50
f 5489/193/50 5462/194/50 5461/192/50 5488/191/50
f 5490/195/50 5463/196/50 5462/194/50 5489/193/50
f 5491/197/50 607/198/50 5463/196/50 5490/195/50
f 5492/199/50 606/200/50 607/198/50 5491/197/50
f 5493/201/50 605/202/50 606/203/50 5492/199/50
f 5494/204/50 604/205/50 605/206/50 5493/201/50
f 5495/207/50 6568/208/50 604/205/50 5494/204/50
f 5464/144/50 567/143/50 6568/208/50 5495/207/50
f 5496/209/51 445/210/51 444/211/52 5737/212/52
f 5497/213/53 446/214/53 445/210/51 5496/209/51
f 5773/215/54 447/216/54 446/214/53 5497/213/53
f 5769/217/3 448/218/3 447/216/54 5773/215/54
f 5498/219/55 449/220/55 448/218/3 5769/217/3
f 5499/221/56 450/222/56 449/220/55 5498/219/55
f 5500/223/57 451/224/57 450/225/56 5499/226/56
f 5501/227/58 452/228/58 451/224/57 5500/223/57
f 5502/229/59 453/230/59 452/228/58 5501/227/58
f 5503/231/60 454/232/60 453/230/59 5502/229/59
f 5504/233/61 455/234/61 454/232/60 5503/231/60
f 5505/235/62 456/236/62 455/234/61 5504/233/61
f 5506/237/63 457/238/63 456/236/62 5505/235/62
f 5507/239/64 458/240/64 457/238/63 5506/237/63
f 5508/241/65 459/242/65 458/240/64 5507/239/64
f 5509/243/66 460/244/66 459/242/65 5508/241/65
f 5510/245/67 461/246/67 460/244/66 5509/243/66
f 5511/247/68 462/248/68 461/246/67 5510/245/67
f 5512/249/69 463/250/69 462/248/68 5511/247/68
f 5513/251/2 464/252/2 463/250/69 5512/249/69
f 5514/253/70 465/254/70 464/252/2 5513/251/2
f 5515/255/71 466/256/71 465/254/70 5514/253/70
f 5761/257/72 467/258/72 466/256/71 5515/255/71
f 5757/259/73 468/260/73 467/258/72 5761/257/72
f 5516/261/74 469/262/74 468/260/73 5757/259/73
f 5517/263/75 470/264/75 469/262/74 5516/261/74
f 5749/265/76 471/266/76 470/264/75 5517/263/75
f 5745/267/33 472/268/33 471/266/76 5749/265/76
f 5518/269/77 473/270/77 472/268/33 5745/267/33
f 5519/271/78 474/272/78 473/270/77 5518/269/77
f 5733/273/79 475/274/79 474/272/78 5519/271/78
f 5737/212/52 444/211/52 475/274/79 5733/273/79
f 566/275/80 476/276/80 5738/277/80 5781/278/80
f 6575/279/80 477/280/80 476/276/80 566/275/80
f 5548/281/80 5774/282/80 477/280/80 6575/279/80
f 5561/283/80 478/284/80 5770/285/80 5540/286/80
f 563/287/80 479/288/80 478/284/80 5561/283/80
f 6582/289/80 480/290/80 479/291/80 563/292/80
f 5559/293/80 481/294/80 480/290/80 6582/289/80
f 562/295/80 482/296/80 481/294/80 5559/293/80
f 561/297/80 483/298/80 482/296/80 562/295/80
f 5557/299/80 484/300/80 483/298/80 561/297/80
f 5523/301/80 485/302/80 484/300/80 5557/299/80
f 5522/303/80 486/304/80 485/302/80 5523/301/80
f 560/305/80 487/306/80 486/304/80 5522/303/80
f 6578/307/80 488/308/80 487/306/80 560/305/80
f 559/309/80 489/310/80 488/308/80 6578/307/80
f 5521/311/80 490/312/80 489/310/80 559/309/80
f 5520/313/80 491/314/80 490/312/80 5521/311/80
f 5563/315/80 492/316/80 491/314/80 5520/313/80
f 5564/317/80 493/318/80 492/316/80 5563/315/80
f 6581/319/80 494/320/80 493/318/80 5564/317/80
f 5565/321/80 495/322/80 494/320/80 6581/319/80
f 5566/323/80 5762/324/80 495/322/80 5565/321/80
f 558/325/80 496/326/80 5758/327/80 5553/328/80
f 6580/329/80 497/330/80 496/326/80 558/325/80
f 5536/331/80 5750/332/80 497/330/80 6580/329/80
f 556/333/80 498/334/80 5746/335/80 5549/336/80
f 5527/337/80 499/338/80 498/334/80 556/333/80
f 5524/339/80 5734/340/80 499/338/80 5527/337/80
f 5569/341/81 6576/342/82 5780/343/83 5571/344/83
f 5576/345/84 500/346/85 6576/342/82 5569/341/81
f 5542/347/86 5546/348/86 500/346/85 5576/345/84
f 529/349/87 515/350/87 5539/351/88 5537/352/89
f 530/353/90 5562/354/90 515/350/87 529/349/87
f 531/355/91 513/356/91 5562/357/90 530/358/90
f 532/359/92 516/360/92 513/356/91 531/355/91
f 533/361/93 5560/362/93 516/360/92 532/359/92
f 534/363/94 5558/364/94 5560/362/93 533/361/93
f 535/365/95 517/366/95 5558/364/94 534/363/94
f 536/367/96 512/368/96 517/366/95 535/365/95
f 537/369/97 501/370/97 512/368/96 536/367/96
f 538/371/98 6577/372/98 501/370/97 537/369/97
f 539/373/99 502/374/99 6577/372/98 538/371/98
f 540/375/100 6579/376/100 502/374/99 539/373/99
f 541/377/101 511/378/101 6579/376/100 540/375/100
f 542/379/102 510/380/102 511/378/101 541/377/101
f 543/381/103 518/382/103 510/380/102 542/379/102
f 544/383/104 519/384/104 518/382/103 543/381/103
f 545/385/105 509/386/105 519/384/104 544/383/104
f 5583/387/106 520/388/107 509/386/105 545/385/105
f 5578/389/108 5568/390/108 520/388/107 5583/387/106
f 5590/391/109 5556/392/110 5555/393/111 5585/394/111
f 5592/395/112 503/396/113 5556/392/110 5590/391/109
f 5529/397/114 5534/398/114 503/396/113 5592/395/112
f 5599/399/115 5552/400/116 5551/401/117 5594/402/117
f 5601/403/118 508/404/119 5552/400/116 5599/399/115
f 5603/405/120 5526/406/120 508/404/119 5601/403/118
f 573/407/51 572/408/52 6572/409/52 507/410/51
f 574/411/53 573/407/51 507/410/51 428/412/53
f 575/413/54 574/411/53 428/412/53 429/414/54
f 576/415/3 575/413/54 429/414/54 6573/416/3
f 577/417/55 576/415/3 6573/416/3 430/418/55
f 578/419/56 577/417/55 430/418/55 431/420/56
f 579/421/57 578/422/56 431/423/56 6563/424/57
f 580/425/58 579/421/57 6563/424/57 432/426/58
f 581/427/121 580/425/58 432/426/58 6565/428/121
f 582/429/60 581/427/121 6565/428/121 433/430/60
f 583/431/61 582/429/60 433/430/60 434/432/61
f 584/433/62 583/431/61 434/432/61 435/434/62
f 585/435/63 584/433/62 435/434/62 436/436/63
f 586/437/64 585/435/63 436/436/63 437/438/64
f 587/439/122 586/437/64 437/438/64 438/440/122
f 588/441/66 587/439/122 438/440/122 6566/442/66
f 589/443/67 588/441/66 6566/442/66 506/444/67
f 590/445/68 589/443/67 506/444/67 6570/446/68
f 591/447/69 590/445/68 6570/446/68 505/448/69
f 592/449/2 591/447/69 505/448/69 570/450/2
f 593/451/70 592/449/2 570/450/2 5609/452/70
f 594/453/71 593/451/70 5609/452/70 439/454/71
f 595/455/72 594/453/71 439/454/71 6574/456/72
f 596/457/73 595/455/72 6574/456/72 440/458/73
f 597/459/74 596/457/73 440/458/73 441/460/74
f 598/461/75 597/459/74 441/460/74 442/462/75
f 599/463/76 598/461/75 442/462/75 5613/464/76
f 600/465/33 599/463/76 5613/464/76 5612/466/33
f 601/467/77 600/465/33 5612/466/33 5611/468/77
f 602/469/78 601/467/77 5611/468/77 5610/470/78
f 603/471/79 602/469/78 5610/470/78 443/472/79
f 572/408/52 603/471/79 443/472/79 6572/409/52
f 5642/473/123 5580/474/123 5584/475/123 5644/476/123
f 5636/477/124 5591/478/124 5587/479/124 5638/480/124
f 5630/481/125 5531/482/125 5593/483/125 5632/484/125
f 5624/485/126 5600/486/126 5596/487/126 5626/488/126
f 5615/489/127 5605/490/127 5602/491/127 5620/492/127
f 5618/493/128 5671/494/128 5570/495/128 5573/496/128
f 5666/497/129 5544/498/129 5577/499/129 5667/500/129
f 1616/501/79 1615/502/52 5617/503/52 5614/504/79
f 1616/501/79 5614/504/79 5621/505/78 6549/506/78
f 6549/506/78 5621/505/78 5623/507/77 1614/508/77
f 1614/508/77 5623/507/77 5627/509/33 6551/510/33
f 6551/510/33 5627/509/33 5629/511/76 1613/512/76
f 1613/512/76 5629/511/76 5633/513/75 1612/514/75
f 1612/514/75 5633/513/75 5635/515/74 1611/516/74
f 1611/516/74 5635/515/74 5639/517/73 5673/518/73
f 5673/518/73 5639/517/73 5641/519/72 5674/520/72
f 5674/520/72 5641/519/72 5645/521/71 1610/522/71
f 1610/522/71 5645/521/71 5647/523/70 5675/524/70
f 5675/524/70 5647/523/70 5648/525/2 5676/526/2
f 5676/526/2 5648/525/2 5649/527/69 5677/528/69
f 5677/528/69 5649/527/69 5650/529/68 5678/530/68
f 5678/530/68 5650/529/68 5651/531/67 1609/532/67
f 1609/532/67 5651/531/67 5652/533/66 1608/534/66
f 1608/534/66 5652/533/66 5653/535/122 1607/536/122
f 1607/536/122 5653/535/122 5654/537/64 1606/538/64
f 1606/538/64 5654/537/64 5655/539/63 5679/540/63
f 5679/540/63 5655/539/63 5656/541/62 5680/542/62
f 5680/542/62 5656/541/62 5657/543/61 5681/544/61
f 5681/544/61 5657/543/61 5658/545/60 1605/546/60
f 1605/546/60 5658/545/60 5659/547/130 5682/548/130
f 5682/548/130 5659/547/130 5660/549/58 5683/550/58
f 5683/550/58 5660/549/58 5661/551/57 1604/552/57
f 1604/552/57 5661/551/57 5662/553/56 1603/554/56
f 1603/555/56 5662/556/56 5663/557/55 5684/558/55
f 5685/559/3 5664/560/3 5665/561/54 1602/562/54
f 1602/562/54 5665/561/54 5668/563/53 1601/564/53
f 1601/564/53 5668/563/53 5670/565/51 1600/566/51
f 1600/566/51 5670/565/51 5617/503/52 1615/502/52
f 5684/558/55 5663/557/55 5664/560/3 5685/559/3
f 5686/567/131 5576/568/84 5569/569/81 5688/570/131
f 5690/571/132 5586/572/132 5579/573/132 5692/574/132
f 5694/575/133 5592/576/112 5590/577/109 5696/578/133
f 5698/579/134 5595/580/134 5530/581/134 5700/582/134
f 5702/583/135 5601/584/118 5599/585/115 5704/586/135
f 5706/587/136 5572/588/136 5604/589/136 5708/590/136
f 5693/591/137 5643/592/137 5640/593/137 5691/594/137
f 5697/595/138 5637/596/138 5634/597/138 5695/598/138
f 5701/599/139 5631/600/139 5628/601/139 5699/602/139
f 5705/603/140 5625/604/140 5622/605/140 5703/606/140
f 5707/607/141 5709/608/141 5616/609/141 5619/610/141
f 5689/611/142 5672/612/142 5669/613/142 5687/614/142
f 669/615/73 643/616/73 525/617/73
f 612/618/143 670/619/143 555/620/143
f 642/621/130 659/622/130 524/623/130
f 660/624/75 641/625/75 526/626/75
f 5710/627/144 5537/628/89 5543/629/145 5730/630/145
f 671/631/146 640/632/146 639/633/147 672/634/147
f 5711/635/148 529/636/87 5537/628/89 5710/627/144
f 5712/637/56 530/638/90 529/636/87 5711/635/148
f 5713/639/57 531/640/91 530/641/90 5712/642/56
f 5714/643/58 532/644/92 531/640/91 5713/639/57
f 5715/645/59 533/646/93 532/644/92 5714/643/58
f 5716/647/60 534/648/94 533/646/93 5715/645/59
f 5717/649/61 535/650/95 534/648/94 5716/647/60
f 5718/651/62 536/652/96 535/650/95 5717/649/61
f 5719/653/63 537/654/97 536/652/96 5718/651/62
f 5720/655/64 538/656/98 537/654/97 5719/653/63
f 5721/657/122 539/658/99 538/656/98 5720/655/64
f 5722/659/66 540/660/100 539/658/99 5721/657/122
f 5723/661/67 541/662/101 540/660/100 5722/659/66
f 5724/663/68 542/664/102 541/662/101 5723/661/67
f 5725/665/69 543/666/103 542/664/102 5724/663/68
f 5726/667/2 544/668/104 543/666/103 5725/665/69
f 5727/669/70 545/670/105 544/668/104 5726/667/2
f 5728/671/149 5583/672/106 545/670/105 5727/669/70
f 672/634/147 639/633/147 638/673/150 673/674/150
f 673/674/150 638/673/150 637/675/151 674/676/151
f 674/677/151 637/678/151 636/679/152 675/680/152
f 675/680/152 636/679/152 635/681/153 676/682/153
f 676/682/153 635/681/153 634/683/154 677/684/154
f 677/684/154 634/683/154 633/685/155 678/686/155
f 678/686/155 633/685/155 632/687/156 679/688/156
f 679/688/156 632/687/156 631/689/157 680/690/157
f 680/690/157 631/689/157 630/691/158 681/692/158
f 681/692/158 630/691/158 629/693/159 682/694/159
f 682/694/159 629/693/159 628/695/160 683/696/160
f 683/696/160 628/695/160 627/697/161 684/698/161
f 684/698/161 627/697/161 626/699/162 685/700/162
f 685/700/162 626/699/162 625/701/163 686/702/163
f 686/702/163 625/701/163 624/703/164 687/704/164
f 666/705/2 615/706/2 552/707/2
f 616/708/54 665/709/54 551/710/54
f 664/711/68 617/712/68 550/713/68
f 618/714/51 663/715/51 549/716/51
f 662/717/165 619/718/165 548/719/165
f 620/720/166 661/721/166 547/722/166
f 5729/723/167 5646/724/167 546/725/167
f 668/726/168 613/727/168 554/728/168
f 614/729/169 667/730/169 553/731/169
f 689/732/170 622/733/170 621/734/171 690/735/171
f 688/736/172 623/737/172 622/733/170 689/732/170
f 687/704/164 624/703/164 623/737/172 688/736/172
f 718/738/173 5818/739/174 734/740/175
f 735/741/176 5820/742/177 719/743/178
f 5782/744/179 5783/745/180 727/746/181 722/747/182
f 728/748/183 5785/749/184 5784/750/185 723/751/186
f 5783/745/180 5786/752/62 5788/753/62 727/746/181
f 5792/754/62 5790/755/62 5785/749/184 728/748/183
f 5795/756/62 5794/757/62 726/758/62 5799/759/62
f 726/758/62 5794/757/62 5797/760/62 5801/761/62
f 716/762/187 718/738/173 722/747/182 727/746/181
f 723/751/186 719/743/178 717/763/188 728/748/183
f 720/764/189 716/762/187 727/746/181 5788/753/62
f 728/748/183 717/763/188 721/765/190 5792/754/62
f 720/764/189 5818/739/174 718/738/173 716/762/187
f 719/743/178 5820/742/177 721/765/190 717/763/188
f 720/764/189 5788/753/62 5799/759/62 732/766/191
f 5801/761/62 5792/754/62 721/765/190 733/767/192
f 732/766/191 5814/768/193 5818/739/174 720/764/189
f 5820/742/177 5816/769/194 733/767/192 721/765/190
f 5799/759/62 726/758/62 731/770/195 732/766/191
f 731/770/195 726/758/62 5801/761/62 733/767/192
f 732/766/191 731/770/195 5811/771/196 5814/768/193
f 5811/771/196 731/770/195 733/767/192 5816/769/194
f 736/772/197 734/740/175 5818/739/174 5822/773/198
f 5820/742/177 735/741/176 737/774/199 5824/775/200
f 738/776/201 736/772/197 5822/773/198 5826/777/202
f 5824/775/200 737/774/199 739/778/203 5828/779/204
f 742/780/205 740/781/206 5830/782/207 5833/783/205
f 5835/784/208 741/785/209 743/786/210 5838/787/210
f 744/788/211 742/780/205 5833/783/205 5804/789/212
f 5838/787/210 743/786/210 745/790/213 5808/791/214
f 746/792/215 744/788/211 5804/789/212 5806/793/216
f 5808/791/214 745/790/213 747/794/217 5810/795/218
f 748/796/219 746/792/215 5806/793/216 5840/797/219
f 5810/795/218 747/794/217 749/798/220 5842/799/220
f 713/800/80 5796/801/80 5439/802/80 421/803/80
f 5441/804/80 5798/805/80 713/800/80 421/803/80
f 714/806/3 5800/807/3 5431/808/3 419/809/3
f 5435/810/2 5802/811/2 715/812/2 420/813/2
f 5787/814/80 711/815/80 422/816/80 5445/817/80
f 423/818/80 712/819/80 5791/820/80 5448/821/80
f 707/822/80 426/823/80 422/816/80 711/815/80
f 423/818/80 427/824/80 708/825/80 712/819/80
f 709/826/2 424/827/2 5433/828/2 5789/829/2
f 5437/830/3 425/831/3 710/832/3 5793/833/3
f 724/834/80 409/835/80 404/836/80 729/837/80
f 405/838/80 410/839/80 725/840/80 730/841/80
f 5848/842/62 5401/843/62 5400/844/62 5845/845/62
f 773/846/80 771/847/80 343/848/80 353/849/80
f 344/850/80 5847/851/80 774/852/80 354/853/80
f 5402/5/2 5852/854/2 769/6/2
f 770/10/3 5857/855/3 5404/11/3
f 5861/856/221 748/796/219 5840/797/219 5851/857/221
f 5842/799/220 749/798/220 5862/858/222 5856/859/222
f 775/860/33 5859/861/33 347/94/36 5841/93/35
f 348/95/37 772/862/33 776/863/33 5843/96/35
f 5850/864/33 765/865/33 351/866/33 5860/867/33
f 352/868/33 766/869/33 5855/870/33 5846/871/33
f 781/872/80 779/873/80 777/874/80 5853/875/80
f 778/876/80 780/877/80 782/878/80 5858/879/80
f 781/872/80 5853/875/80 771/847/80 773/846/80
f 5847/851/80 5858/879/80 782/878/80 774/852/80
f 5849/880/2 5852/854/2 5402/5/2 359/881/2
f 5404/11/3 5857/855/3 5854/882/3 360/883/3
f 5805/92/34 347/94/36 783/884/223
f 784/885/224 348/95/37 5809/97/38
f 5805/92/34 783/884/223 345/98/39
f 346/99/40 784/885/224 5809/97/38
f 347/94/36 349/886/33 783/884/223
f 784/885/224 350/887/33 348/95/37
f 5864/888/225 5870/889/225 5873/890/226 5867/891/226
f 5874/892/227 5872/893/228 5866/894/228 5868/895/227
f 5863/896/3 5869/897/3 5870/889/225 5864/888/225
f 5872/893/228 5871/898/2 5865/899/2 5866/894/228
f 785/900/229 5888/901/230 5889/902/231 786/903/232
f 5890/904/233 5888/901/230 785/900/229 787/905/234
f 786/903/232 5889/902/231 5891/906/235 792/907/236
f 5893/908/237 5890/904/233 787/905/234 793/909/238
f 790/910/239 5896/911/240 5895/912/241 788/913/241
f 5897/914/242 5898/915/243 791/916/244 789/917/242
f 792/907/236 5891/906/235 5896/911/240 790/910/239
f 5898/915/243 5893/908/237 793/909/238 791/916/244
f 795/918/245 5876/919/246 5875/920/247 794/921/248
f 5875/920/247 5877/922/249 796/923/250 794/921/248
f 801/924/251 5878/925/252 5876/919/246 795/918/245
f 5877/922/249 5880/926/253 802/927/254 796/923/250
f 797/928/255 5882/929/255 5883/930/256 799/931/257
f 5885/932/258 5884/933/259 798/934/259 800/935/260
f 799/931/257 5883/930/256 5878/925/252 801/924/251
f 5880/926/253 5885/932/258 800/935/260 802/927/254
f 804/936/261 821/937/262 827/938/263 803/939/264
f 827/938/263 822/940/265 805/941/266 803/939/264
f 5879/942/267 5886/943/268 821/937/262 804/936/261
f 822/940/265 5887/944/269 5881/945/270 805/941/266
f 806/946/271 825/947/2 823/948/272 808/949/273
f 824/950/274 826/951/3 807/952/275 809/953/276
f 808/949/273 823/948/272 828/954/277 810/955/278
f 829/956/279 824/950/274 809/953/276 811/957/280
f 812/958/281 827/959/263 821/960/262 813/961/282
f 822/962/265 827/959/263 812/958/281 814/963/283
f 813/964/282 821/965/262 5886/966/268 5892/967/284
f 5887/968/269 822/969/265 814/970/283 5894/971/285
f 817/972/286 823/973/272 825/974/2 815/975/287
f 826/976/3 824/977/274 818/978/288 816/979/289
f 819/980/290 828/981/277 823/982/272 817/983/286
f 824/984/274 829/985/279 820/986/291 818/987/288
f 5904/988/33 5899/989/33 370/81/33 393/80/33
f 371/85/33 5901/990/33 5906/991/33 394/86/33
f 740/781/206 738/776/201 5908/992/292
f 5911/993/293 739/778/203 741/785/209
f 740/781/206 5908/992/292 5830/782/207
f 5835/784/208 5911/993/293 741/785/209
f 738/776/201 5826/777/202 5908/992/292
f 5911/993/293 5828/779/204 739/778/203
f 5907/994/294 5827/43/25 5416/42/25 5900/995/294
f 5418/46/26 5829/45/26 5910/996/295 5902/997/295
f 5913/998/33 369/37/20 757/36/19 5909/999/296
f 758/39/22 369/37/20 5913/998/33 5912/1000/297
f 5914/1001/298 836/1002/298 834/1003/299 5915/1004/300
f 835/1005/301 836/1002/298 5914/1001/298 5917/1006/302
f 5915/1004/300 834/1003/299 830/1007/303 5919/1008/299
f 831/1009/304 835/1005/301 5917/1006/302 5921/1010/301
f 5919/1008/299 830/1007/303 832/1011/298 5923/1012/298
f 833/1013/298 831/1009/304 5921/1010/301 5925/1014/298
f 5924/1015/305 5903/1016/305 5427/1017/305 5927/1018/305
f 5429/1019/306 5905/1020/306 5926/1021/306 5929/1022/306
f 5931/1023/307 759/1024/308 366/1025/309 5933/1026/309
f 366/1025/309 760/1027/310 5934/1028/311 5933/1026/309
f 5936/1029/308 367/1030/307 759/1024/308 5931/1023/307
f 760/1027/310 368/1031/311 5938/1032/310 5934/1028/311
f 5928/1033/309 391/1034/309 367/1030/307 5936/1029/308
f 368/1031/311 392/1035/309 5930/1036/309 5938/1032/310
f 846/1037/33 5937/1038/33 5920/1039/33 840/1040/33
f 5922/1041/33 5939/1042/33 847/1043/33 841/1044/33
f 5916/1045/312 842/1046/312 848/1047/312 5932/1048/312
f 849/1049/313 843/1050/313 5918/1051/313 5935/1052/313
f 837/1053/20 838/1054/19 844/1055/19 850/1056/20
f 845/1057/22 839/1058/22 837/1053/20 850/1056/20
f 891/1059/33 5942/1060/33 5940/1061/33 879/1062/33
f 5944/1063/33 5946/1064/33 892/1065/33 880/1066/33
f 897/1067/62 857/1068/62 855/1069/62 895/1070/62
f 856/1071/62 858/1072/62 898/1073/62 896/1074/62
f 899/1075/62 859/1076/62 857/1068/62 897/1067/62
f 858/1072/62 860/1077/62 900/1078/62 898/1073/62
f 901/1079/62 861/1080/62 859/1076/62 899/1075/62
f 860/1077/62 862/1081/62 902/1082/62 900/1078/62
f 895/1070/62 855/1069/62 853/1083/62 907/1084/62
f 854/1085/62 856/1071/62 896/1074/62 908/1086/62
f 915/1087/33 917/1088/33 887/1089/33 885/1090/33
f 888/1091/33 918/1092/33 916/1093/33 886/1094/33
f 921/1095/33 883/1096/33 5949/1097/33 5950/1098/33
f 5953/1099/33 884/1100/33 922/1101/33 5954/1102/33
f 921/1095/33 915/1087/33 885/1090/33 883/1096/33
f 886/1094/33 916/1093/33 922/1101/33 884/1100/33
f 5957/1103/80 5962/1104/80 5966/1105/80 5956/1106/80
f 5967/1107/80 5964/1108/80 5960/1109/80 5959/1110/80
f 6262/1111/62 5958/1112/62 869/1113/62 1228/1114/62
f 870/1115/62 5961/1116/62 6266/1117/62 1229/1118/62
f 5963/1119/33 6286/1120/33 1246/1121/33 871/1122/33
f 1247/1123/33 6290/1124/33 5965/1125/33 872/1126/33
f 5968/1127/33 6278/1128/33 6284/1129/33 5970/1130/33
f 6288/1131/33 6282/1132/33 5972/1133/33 5974/1134/33
f 6252/1135/62 5977/1136/62 5980/1137/62 6260/1138/62
f 5982/1139/62 5979/1140/62 6256/1141/62 6264/1142/62
f 5976/1143/80 5969/1144/80 5971/1145/80 5981/1146/80
f 5975/1147/80 5973/1148/80 5978/1149/80 5983/1150/80
f 5992/1151/80 5996/1152/80 5986/1153/80 5984/1154/80
f 5990/1155/80 5998/1156/80 5994/1157/80 5988/1158/80
f 6270/1159/62 5993/1160/62 5985/1161/62 6254/1162/62
f 5989/1163/62 5995/1164/62 6274/1165/62 6258/1166/62
f 5997/1167/33 6292/1168/33 6276/1169/33 5987/1170/33
f 6280/1171/33 6296/1172/33 5999/1173/33 5991/1174/33
f 6000/1175/33 6300/1176/33 6294/1177/33 6002/1178/33
f 6298/1179/33 6302/1180/33 6004/1181/33 6006/1182/33
f 6304/1183/62 6009/1184/62 6012/1185/62 6268/1186/62
f 6014/1187/62 6011/1188/62 6306/1189/62 6272/1190/62
f 6008/1191/80 6001/1192/80 6003/1193/80 6013/1194/80
f 6007/1195/80 6005/1196/80 6010/1197/80 6015/1198/80
f 6287/1199/3 925/1200/3 923/1201/3 6263/1202/3
f 924/1203/2 926/1204/2 6291/1205/2 6267/1206/2
f 933/1207/2 931/1208/2 6285/1209/2 6261/1210/2
f 6289/1211/3 932/1212/3 934/1213/3 6265/1214/3
f 929/1215/3 6253/1216/3 6279/1217/3 927/1218/3
f 6283/1219/2 6257/1220/2 930/1221/2 928/1222/2
f 937/1223/2 6277/1224/2 6255/1225/2 935/1226/2
f 6259/1227/3 6281/1228/3 938/1229/3 936/1230/3
f 6293/1231/3 941/1232/3 939/1233/3 6271/1234/3
f 940/1235/2 942/1236/2 6297/1237/2 6275/1238/2
f 949/1239/2 947/1240/2 6295/1241/2 6269/1242/2
f 6299/1243/3 948/1244/3 950/1245/3 6273/1246/3
f 6190/1247/80 6200/1248/80 952/1249/80 951/1250/80
f 6183/1251/80 6172/1252/80 954/1253/80 953/1254/80
f 6175/1255/80 6197/1256/80 956/1257/80 955/1258/80
f 6178/1259/80 6176/1260/80 958/1261/80 6020/1262/80
f 6159/1263/314 6158/1264/315 6043/1265/315 6042/1266/314
f 6160/1267/316 6159/1263/314 6042/1266/314 6039/1268/316
f 6034/1269/317 6160/1267/316 6039/1268/316 6032/1270/317
f 6121/1271/318 6082/1272/318 6084/1273/318
f 6123/1274/319 6079/1275/319 6077/1276/319
f 6040/1277/320 6036/1278/320 6033/1279/320
f 6133/1280/321 6112/1281/321 6114/1282/321
f 6135/1283/322 6109/1284/322 6107/1285/322
f 6129/1286/72 6102/1287/72 6104/1288/72
f 6131/1289/56 6099/1290/56 6097/1291/56
f 6125/1292/70 6092/1293/70 6094/1294/70
f 6127/1295/3 6089/1296/3 6087/1297/3
f 6158/1264/315 6157/1298/151 6044/1299/151 6043/1265/315
f 6157/1298/151 6156/1300/323 6045/1301/323 6044/1299/151
f 6154/1302/324 6153/1303/155 6047/1304/155 6046/1305/324
f 6153/1303/155 6152/1306/156 6048/1307/156 6047/1304/155
f 6152/1306/156 6151/1308/157 6049/1309/157 6048/1307/156
f 6151/1310/157 6150/1311/158 6050/1312/158 6049/1313/157
f 6150/1311/158 6149/1314/159 6051/1315/159 6050/1312/158
f 6149/1314/159 6148/1316/160 6052/1317/160 6051/1315/159
f 6148/1316/160 6147/1318/161 6053/1319/161 6052/1317/160
f 6147/1318/161 6146/1320/162 6054/1321/162 6053/1319/161
f 6146/1320/162 6145/1322/163 6055/1323/163 6054/1321/162
f 6145/1322/163 6142/1324/325 6056/1325/325 6055/1323/163
f 6142/1324/325 6141/1326/326 6037/1327/326 6056/1325/325
f 1081/1328/54 1080/1329/327 959/1330/328 960/1331/54
f 1082/1332/3 1081/1328/54 960/1331/54 961/1333/3
f 1083/1334/55 1082/1332/3 961/1333/3 962/1335/55
f 1084/1336/56 1083/1334/55 962/1335/55 963/1337/56
f 1085/1338/57 1084/1336/56 963/1337/56 964/1339/329
f 1088/1340/60 1087/1341/121 965/1342/330 966/1343/60
f 1089/1344/61 1088/1340/60 966/1343/60 967/1345/61
f 1090/1346/62 1089/1344/61 967/1345/61 968/1347/62
f 1091/1348/63 1090/1349/62 968/1350/62 969/1351/63
f 1092/1352/64 1091/1348/63 969/1351/63 970/1353/64
f 1093/1354/65 1092/1352/64 970/1353/64 971/1355/65
f 1094/1356/66 1093/1354/65 971/1355/65 972/1357/66
f 1095/1358/67 1094/1356/66 972/1357/66 973/1359/67
f 1096/1360/68 1095/1358/67 973/1359/67 974/1361/68
f 1097/1362/69 1096/1360/68 974/1361/68 975/1363/331
f 1098/1364/2 1097/1362/69 975/1363/331 976/1365/332
f 6141/1326/326 6143/1366/146 6038/1367/146 6037/1327/326
f 6171/1368/333 1098/1364/2 976/1365/332 977/1369/334
f 6139/1370/78 6059/1371/78 6057/1372/78
f 6137/1373/122 6062/1374/122 6064/1375/122
f 6117/1376/335 6067/1377/335 6069/1378/335
f 6119/1379/52 6074/1380/52 6072/1381/52
f 6061/1382/336 6066/1383/336 6063/1384/336 6058/1385/336
f 6071/1386/337 6068/1387/337 6073/1388/337 6076/1389/337
f 6081/1390/338 6086/1391/338 6083/1392/338 6078/1393/338
f 6091/1394/339 6096/1395/339 6093/1396/339 6088/1397/339
f 6101/1398/340 6106/1399/340 6103/1400/340 6098/1401/340
f 6111/1402/341 6116/1403/341 6113/1404/341 6108/1405/341
f 6118/1406/342 6120/1407/343 979/1408/344 978/1409/344
f 6122/1410/345 1072/1411/346 980/1412/347 981/1413/347
f 6126/1414/348 1074/1415/349 982/1416/350 983/1417/350
f 6130/1418/351 1076/1419/352 984/1420/353 985/1421/353
f 6134/1422/354 1078/1423/355 986/1424/356 987/1425/356
f 6138/1426/357 1100/1427/358 988/1428/359 989/1429/359
f 1026/1430/2 1027/1431/69 994/1432/69 993/1433/2
f 6075/1434/73 6065/1435/72 990/1436/72 1020/1437/73
f 6065/1435/72 6060/1438/71 991/1439/71 990/1436/72
f 6060/1438/71 6144/1440/70 992/1441/70 991/1439/71
f 6144/1440/70 1026/1430/2 993/1433/2 992/1441/70
f 1027/1431/69 1028/1442/68 995/1443/68 994/1432/69
f 1028/1442/68 1029/1444/67 996/1445/67 995/1443/68
f 1029/1444/67 1030/1446/66 997/1447/66 996/1445/67
f 1030/1446/66 1031/1448/122 998/1449/122 997/1447/66
f 1031/1448/122 1032/1450/64 999/1451/64 998/1449/122
f 1032/1450/64 1033/1452/63 1000/1453/63 999/1451/64
f 1033/1452/63 1034/1454/62 1001/1455/62 1000/1453/63
f 1034/1456/62 1035/1457/61 1002/1458/61 1001/1459/62
f 1035/1457/61 1036/1460/60 1003/1461/60 1002/1458/61
f 1036/1460/60 1037/1462/130 1004/1463/130 1003/1461/60
f 1037/1462/130 6155/1464/58 1005/1465/58 1004/1463/130
f 6155/1464/58 1039/1466/57 1006/1467/57 1005/1465/58
f 1039/1466/57 1040/1468/56 1007/1469/56 1006/1467/57
f 1040/1468/56 1041/1470/55 1008/1471/55 1007/1469/56
f 1041/1470/55 1042/1472/3 1009/1473/3 1008/1471/55
f 1042/1472/3 1043/1474/54 1010/1475/54 1009/1473/3
f 1043/1474/54 6035/1476/53 1011/1477/53 1010/1475/54
f 6035/1476/53 6115/1478/51 1012/1479/51 1011/1477/53
f 6115/1478/51 6110/1480/52 1013/1481/52 1012/1479/51
f 6110/1480/52 6105/1482/79 1014/1483/79 1013/1481/52
f 6105/1482/79 6100/1484/78 1015/1485/78 1014/1483/79
f 6100/1484/78 6095/1486/77 1016/1487/77 1015/1485/78
f 6095/1486/77 6090/1488/33 1017/1489/33 1016/1487/77
f 6090/1488/33 6085/1490/76 1018/1491/76 1017/1489/33
f 6085/1490/76 6080/1492/75 1019/1493/75 1018/1491/76
f 6080/1492/75 6070/1494/74 1021/1495/74 1019/1493/75
f 6075/1434/73 1020/1437/73 1021/1495/74 6070/1494/74
f 6140/1496/360 1099/1497/360 1025/1498/360 1024/1499/360
f 1102/1500/361 1023/1501/361 1022/1502/361 1101/1503/361
f 6124/1504/362 1071/1505/362 1053/1506/362 1052/1507/362
f 6128/1508/363 1073/1509/363 1051/1510/363 1050/1511/363
f 6132/1512/364 1075/1513/364 1049/1514/364 1048/1515/364
f 6136/1516/365 1077/1517/365 1047/1518/365 1046/1519/365
f 6041/1520/366 1079/1521/366 1045/1522/366 1044/1523/366
f 6177/1524/113 1070/1525/367 6118/1406/342 1072/1411/346
f 1104/1526/368 6174/1527/369 6122/1410/345 1074/1415/349
f 6198/1528/119 1121/1529/116 6126/1414/348 1076/1419/352
f 1118/1530/370 6184/1531/371 6130/1418/351 1078/1423/355
f 6173/1532/85 1105/1533/372 6134/1422/354 1080/1329/327
f 1117/1534/373 6173/1532/85 1080/1329/327 1081/1328/54
f 1116/1535/374 1117/1534/373 1081/1328/54 1082/1332/3
f 6329/1536/87 1116/1535/374 1082/1332/3 1083/1334/55
f 1115/1537/90 6329/1536/87 1083/1334/55 1084/1336/56
f 1114/1538/91 1115/1537/90 1084/1336/56 1085/1338/57
f 6186/1539/92 1114/1538/91 1085/1338/57 1086/1540/58
f 6199/1541/375 6186/1539/92 1086/1540/58 1087/1341/121
f 6170/1542/94 6199/1541/375 1087/1341/121 1088/1340/60
f 6169/1543/95 6170/1542/94 1088/1340/60 1089/1344/61
f 1113/1544/96 6169/1543/95 1089/1344/61 1090/1346/62
f 1112/1545/97 1113/1546/96 1090/1349/62 1091/1348/63
f 6328/1547/98 1112/1545/97 1091/1348/63 1092/1352/64
f 6188/1548/376 6328/1547/98 1092/1352/64 1093/1354/65
f 1111/1549/100 6188/1548/376 1093/1354/65 1094/1356/66
f 1110/1550/101 1111/1549/100 1094/1356/66 1095/1358/67
f 6330/1551/102 1110/1550/101 1095/1358/67 1096/1360/68
f 1109/1552/103 6330/1551/102 1096/1360/68 1097/1362/69
f 1127/1553/104 1109/1552/103 1097/1362/69 1098/1364/2
f 6201/1554/107 1128/1555/105 6171/1368/333 1100/1427/358
f 1108/1556/377 1130/1557/378 6138/1426/357 6120/1407/343
f 6023/1558/80 958/1261/80 6176/1260/80 1103/1559/80
f 6029/1560/80 6023/1558/80 1103/1559/80 1069/1561/80
f 955/1258/80 6029/1560/80 1069/1561/80 6175/1255/80
f 6031/1562/80 956/1257/80 6197/1256/80 1122/1563/80
f 6025/1564/80 6031/1562/80 1122/1563/80 1123/1565/80
f 953/1254/80 6025/1564/80 1123/1565/80 6183/1251/80
f 6027/1566/80 954/1253/80 6172/1252/80 1106/1567/80
f 6203/1568/80 6027/1566/80 1106/1567/80 6196/1569/80
f 6204/1570/80 6203/1568/80 6196/1569/80 6195/1571/80
f 6205/1572/80 6204/1570/80 6195/1571/80 1107/1573/80
f 6206/1574/80 6205/1572/80 1107/1573/80 6194/1575/80
f 6207/1576/80 6206/1574/80 6194/1575/80 6185/1577/80
f 6208/1578/80 6207/1576/80 6185/1577/80 1124/1579/80
f 6209/1580/80 6208/1578/80 1124/1579/80 1125/1581/80
f 6210/1582/80 6209/1580/80 1125/1581/80 1068/1583/80
f 6211/1584/80 6210/1582/80 1068/1583/80 1067/1585/80
f 6212/1586/80 6211/1584/80 1067/1585/80 6193/1587/80
f 6213/1588/80 6212/1589/80 6193/1590/80 6192/1591/80
f 6214/1592/80 6213/1588/80 6192/1591/80 1066/1593/80
f 6215/1594/80 6214/1592/80 1066/1593/80 1126/1595/80
f 6216/1596/80 6215/1594/80 1126/1595/80 6187/1597/80
f 6217/1598/80 6216/1596/80 6187/1597/80 6191/1599/80
f 6218/1600/80 6217/1598/80 6191/1599/80 1065/1601/80
f 6017/1602/80 6218/1600/80 1065/1601/80 6189/1603/80
f 951/1250/80 6017/1602/80 6189/1603/80 6190/1247/80
f 6019/1604/80 952/1249/80 6200/1248/80 1129/1605/80
f 6021/1606/80 6019/1604/80 1129/1605/80 6202/1607/80
f 6020/1262/80 6021/1606/80 6202/1607/80 6178/1259/80
f 6219/1608/74 6220/1609/73 957/1610/73 6022/1611/74
f 6221/1612/75 6219/1608/74 6022/1611/74 1131/1613/75
f 6222/1614/76 6221/1612/75 1131/1613/75 1132/1615/76
f 6223/1616/33 6222/1614/76 1132/1615/76 6028/1617/33
f 6224/1618/77 6223/1616/33 6028/1617/33 6030/1619/77
f 6225/1620/78 6224/1618/77 6030/1619/77 1133/1621/78
f 6226/1622/79 6225/1620/78 1133/1621/78 1134/1623/79
f 6227/1624/52 6226/1622/79 1134/1623/79 6024/1625/52
f 6228/1626/51 6227/1624/52 6024/1625/52 6026/1627/51
f 6229/1628/53 6228/1626/51 6026/1627/51 1135/1629/53
f 6230/1630/54 6229/1628/53 1135/1629/53 1136/1631/54
f 6231/1632/3 6230/1630/54 1136/1631/54 1137/1633/3
f 6232/1634/55 6231/1632/3 1137/1633/3 1138/1635/55
f 6233/1636/56 6232/1634/55 1138/1635/55 1139/1637/56
f 6234/1638/57 6233/1636/56 1139/1637/56 1140/1639/57
f 6235/1640/58 6234/1638/57 1140/1639/57 1141/1641/58
f 6236/1642/59 6235/1640/58 1141/1641/58 1142/1643/59
f 6237/1644/60 6236/1642/59 1142/1643/59 1143/1645/60
f 6238/1646/61 6237/1644/60 1143/1645/60 1144/1647/61
f 6239/1648/62 6238/1646/61 1144/1647/61 1145/1649/62
f 6240/1650/63 6239/1651/62 1145/1652/62 1146/1653/63
f 6241/1654/64 6240/1650/63 1146/1653/63 1147/1655/64
f 6242/1656/65 6241/1654/64 1147/1655/64 1148/1657/65
f 6243/1658/66 6242/1656/65 1148/1657/65 1149/1659/66
f 6244/1660/67 6243/1658/66 1149/1659/66 1150/1661/67
f 6245/1662/68 6244/1660/67 1150/1661/67 1151/1663/68
f 6246/1664/69 6245/1662/68 1151/1663/68 1152/1665/69
f 6247/1666/2 6246/1664/69 1152/1665/69 6016/1667/2
f 6248/1668/70 6247/1666/2 6016/1667/2 6018/1669/70
f 6249/1670/71 6248/1668/70 6018/1669/70 1153/1671/71
f 6250/1672/72 6249/1670/71 1153/1671/71 1154/1673/72
f 6220/1609/73 6250/1672/72 1154/1673/72 957/1610/73
f 6180/1674/50 6179/1675/50 1186/1676/50 1155/1677/50
f 6251/1678/50 6180/1674/50 1155/1677/50 1156/1679/50
f 1323/1680/50 6251/1678/50 1156/1679/50 1157/1681/50
f 6165/1682/50 1323/1680/50 1157/1681/50 1158/1683/50
f 6164/1684/50 6165/1682/50 1158/1683/50 1159/1685/50
f 6163/1686/50 6164/1684/50 1159/1685/50 1160/1687/50
f 6162/1688/50 6163/1686/50 1160/1687/50 1161/1689/50
f 6161/1690/50 6162/1688/50 1161/1689/50 1162/1691/50
f 6181/1692/50 6161/1690/50 1162/1691/50 1163/1693/50
f 6182/1694/50 6181/1692/50 1163/1693/50 1164/1695/50
f 1324/1696/50 6182/1694/50 1164/1695/50 1165/1697/50
f 6166/1698/50 1324/1696/50 1165/1697/50 1166/1699/50
f 6167/1700/50 6166/1698/50 1166/1699/50 1167/1701/50
f 6168/1702/50 6167/1700/50 1167/1701/50 1168/1703/50
f 1288/1704/50 6168/1702/50 1168/1703/50 1169/1705/50
f 6561/1706/50 1288/1704/50 1169/1705/50 1170/1707/50
f 1287/1708/50 6561/1706/50 1170/1707/50 1171/1709/50
f 6559/1710/50 1287/1708/50 1171/1709/50 1172/1711/50
f 1286/1712/50 6559/1710/50 1172/1711/50 1173/1713/50
f 6336/1714/50 1286/1712/50 1173/1713/50 1174/1715/50
f 6555/1716/50 6336/1717/50 1174/1718/50 1175/1719/50
f 1285/1720/50 6555/1716/50 1175/1719/50 1176/1721/50
f 6338/1722/50 1285/1720/50 1176/1721/50 1177/1723/50
f 6340/1724/50 6338/1722/50 1177/1723/50 1178/1725/50
f 1284/1726/50 6340/1724/50 1178/1725/50 1179/1727/50
f 6554/1728/50 1284/1726/50 1179/1727/50 1180/1729/50
f 6332/1730/50 6554/1728/50 1180/1729/50 1181/1731/50
f 1289/1732/50 6332/1730/50 1181/1731/50 1182/1733/50
f 6558/1734/50 1289/1732/50 1182/1733/50 1183/1735/50
f 6334/1736/50 6558/1734/50 1183/1735/50 1184/1737/50
f 1290/1738/50 6334/1736/50 1184/1737/50 1185/1739/50
f 6179/1675/50 1290/1738/50 1185/1739/50 1186/1676/50
f 865/1740/62 1206/1741/62 867/1742/62
f 868/1743/62 1207/1744/62 866/1745/62
f 865/1740/62 1196/1746/62 1206/1741/62
f 1207/1744/62 1197/1747/62 866/1745/62
f 865/1740/62 1204/1748/62 1196/1746/62
f 1197/1747/62 1205/1749/62 866/1745/62
f 905/1750/62 1198/1751/62 1208/1752/62
f 1209/1753/62 1199/1754/62 906/1755/62
f 905/1750/62 1210/1756/62 1198/1751/62
f 1199/1754/62 1211/1757/62 906/1755/62
f 905/1758/62 909/1759/62 1210/1760/62
f 1211/1761/62 910/1762/62 906/1763/62
f 913/1764/33 1218/1765/33 911/1766/33
f 912/1767/33 1219/1768/33 914/1769/33
f 913/1770/33 1202/1771/33 1218/1772/33
f 1219/1773/33 1203/1774/33 914/1775/33
f 913/1770/33 1216/1776/33 1202/1771/33
f 1203/1774/33 1217/1777/33 914/1775/33
f 875/1778/33 1200/1779/33 1212/1780/33
f 1213/1781/33 1201/1782/33 876/1783/33
f 875/1778/33 1214/1784/33 1200/1779/33
f 1201/1782/33 1215/1785/33 876/1783/33
f 875/1778/33 873/1786/33 1214/1784/33
f 1215/1785/33 874/1787/33 876/1783/33
f 6260/1138/62 1196/1746/62 1204/1748/62 6252/1135/62
f 1205/1749/62 1197/1747/62 6264/1142/62 6256/1141/62
f 6252/1135/62 1204/1748/62 1192/1788/62 6254/1162/62
f 1193/1789/62 1205/1749/62 6256/1141/62 6258/1166/62
f 6262/1111/62 1206/1741/62 1196/1746/62 6260/1138/62
f 1197/1747/62 1207/1744/62 6266/1117/62 6264/1142/62
f 1228/1114/62 867/1742/62 1206/1741/62 6262/1111/62
f 1207/1744/62 868/1743/62 1229/1118/62 6266/1117/62
f 6270/1159/62 1208/1752/62 1198/1751/62 6268/1186/62
f 1199/1754/62 1209/1753/62 6274/1165/62 6272/1190/62
f 6254/1162/62 1192/1788/62 1208/1752/62 6270/1159/62
f 1209/1753/62 1193/1789/62 6258/1166/62 6274/1165/62
f 6268/1186/62 1198/1751/62 1210/1756/62 6304/1183/62
f 1211/1757/62 1199/1754/62 6272/1190/62 6306/1189/62
f 6276/1169/33 1194/1790/33 1212/1780/33 6278/1128/33
f 1213/1781/33 1195/1791/33 6280/1171/33 6282/1132/33
f 6278/1128/33 1212/1780/33 1200/1779/33 6284/1129/33
f 1201/1782/33 1213/1781/33 6282/1132/33 6288/1131/33
f 6284/1129/33 1200/1779/33 1214/1784/33 6286/1120/33
f 1215/1785/33 1201/1782/33 6288/1131/33 6290/1124/33
f 6286/1120/33 1214/1784/33 873/1786/33 1246/1121/33
f 874/1787/33 1215/1785/33 6290/1124/33 1247/1123/33
f 6292/1168/33 1216/1776/33 1194/1790/33 6276/1169/33
f 1195/1791/33 1217/1777/33 6296/1172/33 6280/1171/33
f 6294/1177/33 1202/1771/33 1216/1776/33 6292/1168/33
f 1217/1777/33 1203/1774/33 6298/1179/33 6296/1172/33
f 6300/1176/33 1218/1772/33 1202/1771/33 6294/1177/33
f 1203/1774/33 1219/1773/33 6302/1180/33 6298/1179/33
f 1244/1792/80 1226/1793/80 1220/1794/80 1242/1795/80
f 1221/1796/80 1227/1797/80 1245/1798/80 1243/1799/80
f 1238/1800/80 1240/1801/80 1222/1802/80 1224/1803/80
f 1223/1804/80 1241/1805/80 1239/1806/80 1225/1807/80
f 1210/1756/62 6308/1808/62 6304/1183/62
f 6306/1189/62 6309/1809/62 1211/1757/62
f 1218/1772/33 6300/1176/33 6310/1810/33
f 6311/1811/33 6302/1180/33 1219/1773/33
f 1254/1812/33 911/1813/33 1218/1814/33 6310/1815/33
f 1219/1816/33 912/1817/33 1255/1818/33 6311/1819/33
f 1236/1820/62 6308/1821/62 1210/1822/62 909/1823/62
f 1211/1824/62 6309/1825/62 1237/1826/62 910/1827/62
f 6305/1828/3 6301/1829/3 943/1830/3 945/1831/3
f 944/1832/2 6303/1833/2 6307/1834/2 946/1835/2
f 1252/1836/80 1234/1837/80 1256/1838/80 1258/1839/80
f 1257/1840/80 1235/1841/80 1253/1842/80 1259/1843/80
f 1248/1844/80 1232/1845/80 1230/1846/80 1250/1847/80
f 1231/1848/80 1233/1849/80 1249/1850/80 1251/1851/80
f 1266/1852/62 903/1853/62 905/1750/62
f 906/1755/62 904/1854/62 1267/1855/62
f 865/1740/62 863/1856/62 1264/1857/62
f 1265/1858/62 864/1859/62 866/1745/62
f 919/1860/33 1270/1861/33 913/1770/33
f 914/1775/33 1271/1862/33 920/1863/33
f 877/1864/33 875/1778/33 1268/1865/33
f 1269/1866/33 876/1783/33 878/1867/33
f 1192/1788/62 1260/1868/62 1266/1852/62
f 1267/1855/62 1261/1869/62 1193/1789/62
f 1192/1788/62 1264/1857/62 1260/1868/62
f 1261/1869/62 1265/1858/62 1193/1789/62
f 1194/1790/33 1262/1870/33 1268/1865/33
f 1269/1866/33 1263/1871/33 1195/1791/33
f 1194/1790/33 1270/1861/33 1262/1870/33
f 1263/1871/33 1271/1862/33 1195/1791/33
f 861/1080/62 901/1079/62 1272/1872/62
f 1273/1873/62 902/1082/62 862/1081/62
f 861/1080/62 1272/1872/62 863/1856/62
f 864/1859/62 1273/1873/62 862/1081/62
f 901/1079/62 903/1853/62 1272/1872/62
f 1273/1873/62 904/1854/62 902/1082/62
f 891/1059/33 879/1062/33 1274/1874/33
f 1275/1875/33 880/1066/33 892/1065/33
f 891/1059/33 1274/1874/33 919/1860/33
f 920/1863/33 1275/1875/33 892/1065/33
f 879/1062/33 877/1864/33 1274/1874/33
f 1275/1875/33 878/1867/33 880/1066/33
f 1268/1865/33 875/1778/33 1212/1780/33 1194/1790/33
f 1213/1781/33 876/1783/33 1269/1866/33 1195/1791/33
f 1270/1861/33 1194/1790/33 1216/1776/33 913/1770/33
f 1217/1777/33 1195/1791/33 1271/1862/33 914/1775/33
f 1274/1874/33 1262/1870/33 1270/1861/33 919/1860/33
f 1271/1862/33 1263/1871/33 1275/1875/33 920/1863/33
f 1274/1874/33 877/1864/33 1268/1865/33 1262/1870/33
f 1269/1866/33 878/1867/33 1275/1875/33 1263/1871/33
f 1272/1872/62 1260/1868/62 1264/1857/62 863/1856/62
f 1265/1858/62 1261/1869/62 1273/1873/62 864/1859/62
f 1272/1872/62 903/1853/62 1266/1852/62 1260/1868/62
f 1267/1855/62 904/1854/62 1273/1873/62 1261/1869/62
f 1266/1852/62 905/1750/62 1208/1752/62 1192/1788/62
f 1209/1753/62 906/1755/62 1267/1855/62 1193/1789/62
f 1264/1857/62 1192/1788/62 1204/1748/62 865/1740/62
f 1205/1749/62 1193/1789/62 1265/1858/62 866/1745/62
f 6312/1876/3 5943/1877/3 5951/1878/3 6316/1879/3
f 5955/1880/2 5947/1881/2 6314/1882/2 6318/1883/2
f 6317/1884/50 893/1885/50 881/1886/50 6320/1887/50
f 882/1888/50 894/1889/50 6319/1890/50 6322/1891/50
f 6324/1892/80 851/1893/80 889/1894/80 6313/1895/80
f 890/1896/80 852/1897/80 6326/1898/80 6315/1899/80
f 6321/1900/2 5948/1901/2 5941/1902/2 6325/1903/2
f 5945/1904/3 5952/1905/3 6323/1906/3 6327/1907/3
f 1276/1908/33 1280/1909/33 1282/1910/33 1278/1911/33
f 1283/1912/33 1281/1913/33 1277/1914/33 1279/1915/33
f 1078/1423/355 6134/1422/354 1105/1533/372 1118/1530/370
f 6184/1531/371 6198/1528/119 1076/1419/352 6130/1418/351
f 1074/1415/349 6126/1414/348 1121/1529/116 1104/1526/368
f 6174/1527/369 6177/1524/113 1072/1411/346 6122/1410/345
f 6118/1406/342 1070/1525/367 1108/1556/377 6120/1407/343
f 1100/1427/358 6138/1426/357 1130/1557/378 6201/1554/107
f 1098/1364/2 6171/1368/333 1128/1555/105 1127/1553/104
f 1119/1916/73 1291/1917/73 1292/1918/72 6333/1919/72
f 6333/1919/72 1292/1918/72 1293/1920/71 1329/1921/71
f 1329/1921/71 1293/1920/71 1294/1922/70 1191/1923/70
f 1191/1923/70 1294/1922/70 1295/1924/2 6331/1925/2
f 6331/1925/2 1295/1924/2 1296/1926/69 1328/1927/69
f 1328/1927/69 1296/1926/69 1297/1928/68 1054/1929/68
f 1054/1929/68 1297/1928/68 1298/1930/67 6339/1931/67
f 6339/1931/67 1298/1930/67 1299/1932/66 1327/1933/66
f 1327/1933/66 1299/1932/66 1300/1934/379 1326/1935/379
f 1326/1935/379 1300/1934/379 1301/1936/64 6337/1937/64
f 6337/1937/64 1301/1936/64 1302/1938/63 1055/1939/63
f 1055/1939/63 1302/1938/63 1303/1940/62 1325/1941/62
f 1325/1942/62 1303/1943/62 1304/1944/61 6335/1945/61
f 6335/1945/61 1304/1944/61 1305/1946/60 1190/1947/60
f 1190/1947/60 1305/1946/60 1306/1948/130 6560/1949/130
f 6560/1949/130 1306/1948/130 1307/1950/58 1056/1951/58
f 1056/1951/58 1307/1950/58 1308/1952/57 6562/1953/57
f 6562/1953/57 1308/1952/57 1309/1954/56 1064/1955/56
f 1064/1955/56 1309/1954/56 1310/1956/55 1063/1957/55
f 1063/1957/55 1310/1956/55 1311/1958/3 1062/1959/3
f 1062/1959/3 1311/1958/3 1312/1960/54 6557/1961/54
f 6557/1961/54 1312/1960/54 1313/1962/53 1189/1963/53
f 1189/1963/53 1313/1962/53 1314/1964/51 1120/1965/51
f 1120/1965/51 1314/1964/51 1315/1966/52 1057/1967/52
f 1057/1967/52 1315/1966/52 1316/1968/79 1058/1969/79
f 1058/1969/79 1316/1968/79 1317/1970/78 1059/1971/78
f 1059/1971/78 1317/1970/78 1318/1972/77 1060/1973/77
f 1060/1973/77 1318/1972/77 1319/1974/33 1061/1975/33
f 1061/1975/33 1319/1974/33 1320/1976/76 6556/1977/76
f 6556/1977/76 1320/1976/76 1321/1978/75 1188/1979/75
f 1188/1979/75 1321/1978/75 1322/1980/74 1187/1981/74
f 1187/1981/74 1322/1980/74 1291/1917/73 1119/1916/73
f 1444/1982/55 6448/1983/55 6447/1984/3 1443/1985/3
f 1440/1986/51 6449/1987/51 6450/1988/52 1470/1989/52
f 1441/1990/53 6451/1991/53 6449/1987/51 1440/1986/51
f 1442/1992/54 6452/1993/54 6451/1991/53 1441/1990/53
f 1443/1985/3 6447/1984/3 6452/1993/54 1442/1992/54
f 1445/1994/56 6453/1995/56 6448/1983/55 1444/1982/55
f 1446/1996/57 6454/1997/57 6453/1998/56 1445/1999/56
f 1447/2000/58 6455/2001/58 6454/1997/57 1446/1996/57
f 1448/2002/130 6456/2003/130 6455/2001/58 1447/2000/58
f 1449/2004/60 6457/2005/60 6456/2003/130 1448/2002/130
f 1450/2006/61 6458/2007/61 6457/2005/60 1449/2004/60
f 1451/2008/62 6459/2009/62 6458/2007/61 1450/2006/61
f 1452/2010/380 6460/2011/380 6459/2009/62 1451/2008/62
f 1453/2012/64 6461/2013/64 6460/2011/380 1452/2010/380
f 1454/2014/122 6462/2015/122 6461/2013/64 1453/2012/64
f 1455/2016/66 6463/2017/66 6462/2015/122 1454/2014/122
f 1456/2018/67 6464/2019/67 6463/2017/66 1455/2016/66
f 1457/2020/68 6465/2021/68 6464/2019/67 1456/2018/67
f 1458/2022/69 6466/2023/69 6465/2021/68 1457/2020/68
f 1459/2024/2 6467/2025/2 6466/2023/69 1458/2022/69
f 1460/2026/70 6468/2027/70 6467/2025/2 1459/2024/2
f 1461/2028/71 6469/2029/71 6468/2027/70 1460/2026/70
f 1462/2030/381 6470/2031/381 6469/2029/71 1461/2028/71
f 1463/2032/73 6471/2033/73 6470/2031/381 1462/2030/381
f 1464/2034/74 6472/2035/74 6471/2033/73 1463/2032/73
f 1465/2036/75 6473/2037/75 6472/2035/74 1464/2034/74
f 1466/2038/76 6474/2039/76 6473/2037/75 1465/2036/75
f 1467/2040/33 6475/2041/33 6474/2039/76 1466/2038/76
f 1468/2042/77 6476/2043/77 6475/2041/33 1467/2040/33
f 1469/2044/382 6477/2045/382 6476/2043/77 1468/2042/77
f 1471/2046/166 6478/2047/166 6477/2045/382 1469/2044/382
f 1470/1989/52 6450/1988/52 6478/2047/166 1471/2046/166
f 1627/2048/2 1699/2049/2 1687/2050/2 1773/2051/2
f 1688/2052/3 1700/2053/3 1628/2054/3 1774/2055/3
f 1625/2056/2 1743/2057/2 1683/2058/2 1699/2049/2
f 1684/2059/3 1744/2060/3 1626/2061/3 1700/2053/3
f 1619/2062/2 1745/2063/2 1625/2056/2 1631/2064/2
f 1626/2061/3 1746/2065/3 1620/2066/3 1632/2067/3
f 1619/2062/2 1631/2064/2 1627/2048/2 1773/2051/2
f 1628/2054/3 1632/2067/3 1620/2066/3 1774/2055/3
f 6733/2068/3 1763/2069/3 1623/2070/3 1629/2071/3
f 1624/2072/2 1764/2073/2 6734/2074/2 1630/2075/2
f 6733/2068/3 1629/2071/3 1621/2076/3 6725/2077/3
f 1622/2078/2 1630/2075/2 6734/2074/2 6726/2079/2
f 1621/2076/3 1697/2080/3 1675/2081/3 6725/2077/3
f 1676/2082/2 1698/2083/2 1622/2078/2 6726/2079/2
f 1623/2070/3 1763/2069/3 1679/2084/3 1697/2080/3
f 1680/2085/2 1764/2073/2 1624/2072/2 1698/2083/2
f 1775/2086/2 1619/2062/2 1773/2051/2
f 1774/2055/3 1620/2066/3 1776/2087/3
f 1775/2086/2 1745/2063/2 1619/2062/2
f 1620/2066/3 1746/2065/3 1776/2087/3
f 1699/2049/2 1627/2048/2 1631/2064/2
f 1632/2067/3 1628/2054/3 1700/2053/3
f 1699/2049/2 1631/2064/2 1625/2056/2
f 1626/2061/3 1632/2067/3 1700/2053/3
f 1625/2056/2 1745/2063/2 1743/2057/2
f 1744/2060/3 1746/2065/3 1626/2061/3
f 6639/2088/80 6632/2089/80 6616/2090/80 6623/2091/80
f 6620/2092/80 6636/2093/80 6641/2094/80 6625/2095/80
f 6583/2096/80 6585/2097/80 6592/2098/80 6599/2099/80
f 6596/2100/80 6589/2101/80 6587/2102/80 6601/2103/80
f 6586/2104/62 6584/2105/62 6611/2106/62 6607/2107/62
f 6613/2108/62 6588/2109/62 6590/2110/62 6609/2111/62
f 1655/2112/2 1635/2113/2 1681/2114/2 1741/2115/2
f 1682/2116/3 1636/2117/3 1656/2118/3 1742/2119/3
f 1637/2120/3 6765/2121/3 1673/2122/3 1633/2123/3
f 1674/2124/2 6766/2125/2 1638/2126/2 1634/2127/2
f 1673/2122/3 1639/2128/3 1633/2123/3
f 1634/2127/2 1640/2129/2 1674/2124/2
f 1681/2114/2 1635/2113/2 1657/2130/2
f 1658/2131/3 1636/2117/3 1682/2116/3
f 6655/2132/80 6671/2133/80 6664/2134/80 6648/2135/80
f 6668/2136/80 6673/2137/80 6657/2138/80 6652/2139/80
f 6703/2140/80 6696/2141/80 6680/2142/80 6687/2143/80
f 6684/2144/80 6700/2145/80 6705/2146/80 6689/2147/80
f 1639/2128/3 1673/2122/3 1689/2148/3 1641/2149/3
f 1690/2150/2 1674/2124/2 1640/2129/2 1642/2151/2
f 1641/2149/3 1689/2148/3 1675/2081/3 1643/2152/3
f 1676/2082/2 1690/2150/2 1642/2151/2 1644/2153/2
f 1643/2152/3 1675/2081/3 1697/2080/3 1653/2154/3
f 1698/2083/2 1676/2082/2 1644/2153/2 1654/2155/2
f 1647/2156/3 1677/2157/3 1765/2158/3 1645/2159/3
f 1766/2160/2 1678/2161/2 1648/2162/2 1646/2163/2
f 1649/2164/3 1691/2165/3 1677/2157/3 1647/2156/3
f 1678/2161/2 1692/2166/2 1650/2167/2 1648/2162/2
f 1651/2168/3 1679/2084/3 1691/2165/3 1649/2164/3
f 1692/2166/2 1680/2085/2 1652/2169/2 1650/2167/2
f 1653/2154/3 1697/2080/3 1679/2084/3 1651/2168/3
f 1680/2085/2 1698/2083/2 1654/2155/2 1652/2169/2
f 1661/2170/2 1693/2171/2 1681/2114/2 1657/2130/2
f 1682/2116/3 1694/2172/3 1662/2173/3 1658/2131/3
f 1667/2174/2 1699/2049/2 1683/2058/2 1659/2175/2
f 1684/2059/3 1700/2053/3 1668/2176/3 1660/2177/3
f 1659/2175/2 1683/2058/2 1693/2171/2 1661/2170/2
f 1694/2172/3 1684/2059/3 1660/2177/3 1662/2173/3
f 1663/2178/2 1771/2179/2 1685/2180/2 1665/2181/2
f 1686/2182/3 1772/2183/3 1664/2184/3 1666/2185/3
f 1665/2181/2 1685/2180/2 1695/2186/2 1671/2187/2
f 1696/2188/3 1686/2182/3 1666/2185/3 1672/2189/3
f 1669/2190/2 1687/2050/2 1699/2049/2 1667/2174/2
f 1700/2053/3 1688/2052/3 1670/2191/3 1668/2176/3
f 1671/2187/2 1695/2186/2 1687/2050/2 1669/2190/2
f 1688/2052/3 1696/2188/3 1672/2189/3 1670/2191/3
f 1763/2069/3 1765/2158/3 1677/2157/3
f 1678/2161/2 1766/2160/2 1764/2073/2
f 6725/2077/3 1673/2122/3 6765/2121/3
f 6766/2125/2 1674/2124/2 6726/2079/2
f 1743/2057/2 1741/2115/2 1681/2114/2
f 1682/2116/3 1742/2119/3 1744/2060/3
f 1743/2057/2 1681/2114/2 1693/2171/2
f 1694/2172/3 1682/2116/3 1744/2060/3
f 1743/2057/2 1693/2171/2 1683/2058/2
f 1684/2059/3 1694/2172/3 1744/2060/3
f 1773/2051/2 1687/2050/2 1695/2186/2
f 1696/2188/3 1688/2052/3 1774/2055/3
f 1773/2051/2 1695/2186/2 1685/2180/2
f 1686/2182/3 1696/2188/3 1774/2055/3
f 1773/2051/2 1685/2180/2 1771/2179/2
f 1772/2183/3 1686/2182/3 1774/2055/3
f 6603/2192/33 6600/2193/33 6591/2194/33 6593/2195/33
f 6595/2196/33 6602/2197/33 6605/2198/33 6597/2199/33
f 6617/2200/33 6627/2201/33 6624/2202/33 6615/2203/33
f 6626/2204/33 6629/2205/33 6621/2206/33 6619/2207/33
f 6640/2208/62 6643/2209/62 6633/2210/62 6631/2211/62
f 6637/2212/62 6645/2213/62 6642/2214/62 6635/2215/62
f 6659/2216/33 6656/2217/33 6647/2218/33 6649/2219/33
f 6651/2220/33 6658/2221/33 6661/2222/33 6653/2223/33
f 6665/2224/62 6663/2225/62 6672/2226/62 6675/2227/62
f 6674/2228/62 6667/2229/62 6669/2230/62 6677/2231/62
f 6681/2232/33 6691/2233/33 6688/2234/33 6679/2235/33
f 6690/2236/33 6693/2237/33 6685/2238/33 6683/2239/33
f 6704/2240/62 6707/2241/62 6697/2242/62 6695/2243/62
f 6701/2244/62 6709/2245/62 6706/2246/62 6699/2247/62
f 6711/2248/3 1637/2120/3 1633/2123/3 6604/2249/3
f 1634/2127/2 1638/2126/2 6712/2250/2 6606/2251/2
f 1655/2112/2 6713/2252/2 6594/2253/2 1635/2113/2
f 6598/2254/3 6714/2255/3 1656/2118/3 1636/2117/3
f 1703/2256/80 1701/2257/80 1705/2258/80 1707/2259/80
f 1706/2260/80 1702/2261/80 1704/2262/80 1708/2263/80
f 6608/2264/80 6612/2265/80 6628/2266/80 6618/2267/80
f 6630/2268/80 6614/2269/80 6610/2270/80 6622/2271/80
f 1657/2130/2 1713/2272/2 1709/2273/2 1661/2170/2
f 1710/2274/3 1714/2275/3 1658/2131/3 1662/2173/3
f 1715/2276/3 1639/2128/3 1641/2149/3 1711/2277/3
f 1642/2151/2 1640/2129/2 1716/2278/2 1712/2279/2
f 6644/2280/3 1643/2152/3 1653/2154/3 6660/2281/3
f 1654/2155/2 1644/2153/2 6646/2282/2 6662/2283/2
f 1659/2175/2 6634/2284/2 6650/2285/2 1667/2174/2
f 6654/2286/3 6638/2287/3 1660/2177/3 1668/2176/3
f 1719/2288/80 1717/2289/80 1721/2290/80 1723/2291/80
f 1722/2292/80 1718/2293/80 1720/2294/80 1724/2295/80
f 6666/2296/80 6676/2297/80 6692/2298/80 6682/2299/80
f 6694/2300/80 6678/2301/80 6670/2302/80 6686/2303/80
f 1669/2190/2 1729/2304/2 1725/2305/2 1671/2187/2
f 1726/2306/3 1730/2307/3 1670/2191/3 1672/2189/3
f 1731/2308/3 1651/2168/3 1649/2164/3 1727/2309/3
f 1650/2167/2 1652/2169/2 1732/2310/2 1728/2311/2
f 6708/2312/3 1647/2156/3 1645/2159/3 6715/2313/3
f 1646/2163/2 1648/2162/2 6710/2314/2 6716/2315/2
f 1665/2181/2 6698/2316/2 6717/2317/2 1663/2178/2
f 6718/2318/3 6702/2319/3 1666/2185/3 1664/2184/3
f 1735/2320/80 1733/2321/80 1767/2322/80 1769/2323/80
f 1768/2324/80 1734/2325/80 1736/2326/80 1770/2327/80
f 1745/2063/2 1775/2086/2 1777/2328/2 1747/2329/2
f 1778/2330/3 1776/2087/3 1746/2065/3 1748/2331/3
f 1747/2329/2 1777/2328/2 1779/2332/2 1749/2333/2
f 1780/2334/3 1778/2330/3 1748/2331/3 1750/2335/3
f 1617/2336/383 6727/2337/384 1789/2338/385
f 1790/2339/386 6730/2340/387 1618/2341/388
f 1617/2336/383 6728/2342/389 6727/2337/384
f 6730/2340/387 6731/2343/390 1618/2341/388
f 6736/2344/391 6735/2345/3 1783/2346/3 1785/2347/391
f 1784/2348/2 6737/2349/2 6738/2350/392 1786/2351/392
f 6740/2352/393 6739/2353/394 1791/2354/394 1795/2355/395
f 1792/2356/396 6741/2357/396 6742/2358/397 1796/2359/398
f 6720/2360/3 6719/2361/3 1793/2362/3 1797/2363/3
f 1794/2364/2 6721/2365/2 6722/2366/2 1798/2367/2
f 6727/2337/384 6743/2368/399 1787/2369/400 1789/2338/385
f 1788/2370/401 6744/2371/402 6730/2340/387 1790/2339/386
f 1805/2372/403 6745/2373/404 1799/2374/405 1803/2375/403
f 1800/2376/406 6746/2377/407 1806/2378/408 1804/2379/408
f 6725/2077/3 6723/2380/3 1801/2381/3 6729/2382/3
f 1802/2383/2 6724/2384/2 6726/2079/2 6732/2385/2
f 1797/2363/3 1801/2381/3 6723/2380/3 6720/2360/3
f 6724/2384/2 1802/2383/2 1798/2367/2 6722/2366/2
f 1795/2355/395 1799/2374/405 6745/2373/404 6740/2352/393
f 6746/2377/407 1800/2376/406 1796/2359/398 6742/2358/397
f 1785/2347/391 1787/2369/400 6743/2368/399 6736/2344/391
f 6744/2371/402 1788/2370/401 1786/2351/392 6738/2350/392
f 1617/2336/383 6747/2386/409 6748/2387/410
f 6751/2388/411 6750/2389/412 1618/2341/388
f 1617/2336/383 1789/2338/385 6747/2386/409
f 6750/2389/412 1790/2339/386 1618/2341/388
f 1813/2390/3 1809/2391/3 1757/2392/3 1759/2393/3
f 1758/2394/2 1810/2395/2 1814/2396/2 1760/2397/2
f 1811/2398/413 1807/2399/414 6753/2400/414 6754/2401/415
f 6755/2402/416 1808/2403/416 1812/2404/417 6756/2405/418
f 1785/2347/391 1783/2346/3 6757/2406/3 6758/2407/391
f 6759/2408/2 1784/2348/2 1786/2351/392 6760/2409/392
f 6749/2410/3 1817/2411/3 1781/2412/3 1761/2413/3
f 1782/2414/2 1818/2415/2 6752/2416/2 1762/2417/2
f 1819/2418/419 1815/2419/420 6761/2420/421 1821/2421/419
f 6762/2422/422 1816/2423/423 1820/2424/424 1822/2425/424
f 1789/2338/385 1787/2369/400 6763/2426/399 6747/2386/409
f 6764/2427/402 1788/2370/401 1790/2339/386 6750/2389/412
f 6758/2407/391 6763/2426/399 1787/2369/400 1785/2347/391
f 1788/2370/401 6764/2427/402 6760/2409/392 1786/2351/392
f 6754/2401/415 6761/2420/421 1815/2419/420 1811/2398/413
f 1816/2423/423 6762/2422/422 6756/2405/418 1812/2404/417
f 1759/2393/3 1781/2412/3 1817/2411/3 1813/2390/3
f 1818/2415/2 1782/2414/2 1760/2397/2 1814/2396/2
f 6749/2410/3 1761/2413/3 1763/2069/3 6733/2068/3
f 1764/2073/2 1762/2417/2 6752/2416/2 6734/2074/2
f 6729/2382/3 6733/2068/3 6725/2077/3
f 6726/2079/2 6734/2074/2 6732/2385/2
f 1679/2084/3 1763/2069/3 1677/2157/3 1691/2165/3
f 1678/2161/2 1764/2073/2 1680/2085/2 1692/2166/2
f 1673/2122/3 6725/2077/3 1675/2081/3 1689/2148/3
f 1676/2082/2 6726/2079/2 1674/2124/2 1690/2150/2
f 1623/2070/3 1697/2080/3 1621/2076/3 1629/2071/3
f 1622/2078/2 1698/2083/2 1624/2072/2 1630/2075/2
f 2021/2428/3 1947/2429/3 2023/2430/3 2015/2431/3
f 2024/2432/2 1948/2433/2 2022/2434/2 2016/2435/2
f 1971/2436/3 6767/2437/3 1969/2438/3 1955/2439/3
f 1970/2440/2 6770/2441/2 1972/2442/2 1956/2443/2
f 1965/2444/3 6773/2445/3 1967/2446/3 1953/2447/3
f 1968/2448/2 6775/2449/2 1966/2450/2 1954/2451/2
f 6805/2452/3 6795/2453/3 6767/2437/3
f 6770/2441/2 6796/2454/2 6807/2455/2
f 6788/2456/3 6774/2457/3 6773/2445/3 6795/2453/3
f 6775/2449/2 6776/2458/2 6790/2459/2 6796/2454/2
f 6817/2460/3 6815/2461/3 6777/2462/3 6778/2463/3
f 6779/2464/2 6816/2465/2 6818/2466/2 6780/2467/2
f 1831/2468/415 1827/2469/421 6781/2470/420 6782/2471/413
f 6783/2472/423 1828/2473/422 1832/2474/418 6784/2475/417
f 1833/2476/391 1829/2477/399 1857/2478/400 1859/2479/391
f 1858/2480/401 1830/2481/402 1834/2482/392 1860/2483/392
f 1855/2484/385 1857/2478/400 1829/2477/399 6785/2485/409
f 1830/2481/402 1858/2480/401 1856/2486/425 6786/2487/412
f 1825/2488/419 6781/2470/420 1827/2469/421 6787/2489/419
f 1828/2473/422 6783/2472/423 1826/2490/424 6789/2491/424
f 6788/2456/3 6777/2462/3 6815/2461/3 6774/2457/3
f 6816/2465/2 6779/2464/2 6790/2459/2 6776/2458/2
f 1859/2479/391 1861/2492/3 6791/2493/3 1833/2476/391
f 6792/2494/2 1862/2495/2 1860/2483/392 1834/2482/392
f 6782/2471/413 1837/2496/414 6793/2497/414 1831/2468/415
f 6794/2498/416 1838/2499/416 6784/2475/417 1832/2474/418
f 6778/2463/3 1835/2500/3 6821/2501/3 6817/2460/3
f 6822/2502/2 1836/2503/2 6780/2467/2 6818/2466/2
f 2027/2504/383 1855/2484/385 6785/2485/409
f 6786/2487/412 1856/2486/425 2028/2505/388
f 2027/2504/383 6785/2485/409 1823/2506/410
f 1824/2507/411 6786/2487/412 2028/2505/388
f 1859/2479/391 1857/2478/400 6797/2508/399 6798/2509/391
f 6799/2510/402 1858/2480/401 1860/2483/392 6800/2511/392
f 1849/2512/395 1845/2513/405 6801/2514/404 6802/2515/393
f 6803/2516/407 1846/2517/406 1850/2518/398 6804/2519/397
f 1847/2520/3 1843/2521/3 6823/2522/3 6825/2523/3
f 6824/2524/2 1844/2525/2 1848/2526/2 6826/2527/2
f 6767/2437/3 6823/2522/3 1843/2521/3 6805/2452/3
f 1844/2525/2 6824/2524/2 6770/2441/2 6807/2455/2
f 6806/2528/403 6801/2514/404 1845/2513/405 6809/2529/403
f 1846/2517/406 6803/2516/407 6808/2530/408 6810/2531/408
f 1841/2532/384 6797/2508/399 1857/2478/400 1855/2484/385
f 1858/2480/401 6799/2510/402 1842/2533/387 1856/2486/425
f 6825/2523/3 6827/2534/3 6811/2535/3 1847/2520/3
f 6812/2536/2 6828/2537/2 6826/2527/2 1848/2526/2
f 6802/2515/393 1851/2538/394 6813/2539/394 1849/2512/395
f 6814/2540/396 1852/2541/396 6804/2519/397 1850/2518/398
f 6798/2509/391 1853/2542/3 1861/2492/3 1859/2479/391
f 1862/2495/2 1854/2543/2 6800/2511/392 1860/2483/392
f 2027/2504/383 1839/2544/389 1841/2532/384
f 1842/2533/387 1840/2545/390 2028/2505/388
f 2027/2504/383 1841/2532/384 1855/2484/385
f 1856/2486/425 1842/2533/387 2028/2505/388
f 1897/2546/2 1867/2547/2 1865/2548/2 1895/2549/2
f 1866/2550/3 1868/2551/3 1898/2552/3 1896/2553/3
f 1899/2554/2 1869/2555/2 1867/2547/2 1897/2546/2
f 1868/2551/3 1870/2556/3 1900/2557/3 1898/2552/3
f 6830/2558/80 6835/2559/80 6839/2560/80 6829/2561/80
f 6840/2562/80 6837/2563/80 6833/2564/80 6832/2565/80
f 6911/2566/2 6831/2567/2 1875/2568/2 1981/2569/2
f 1876/2570/3 6834/2571/3 6915/2572/3 1982/2573/3
f 6836/2574/3 6935/2575/3 1999/2576/3 1877/2577/3
f 2000/2578/2 6939/2579/2 6838/2580/2 1878/2581/2
f 6841/2582/3 6927/2583/3 6933/2584/3 6843/2585/3
f 6937/2586/2 6931/2587/2 6845/2588/2 6847/2589/2
f 6901/2590/2 6850/2591/2 6853/2592/2 6909/2593/2
f 6855/2594/3 6852/2595/3 6905/2596/3 6913/2597/3
f 6849/2598/80 6842/2599/80 6844/2600/80 6854/2601/80
f 6848/2602/80 6846/2603/80 6851/2604/80 6856/2605/80
f 6865/2606/80 6869/2607/80 6859/2608/80 6857/2609/80
f 6863/2610/80 6871/2611/80 6867/2612/80 6861/2613/80
f 6919/2614/2 6866/2615/2 6858/2616/2 6903/2617/2
f 6862/2618/3 6868/2619/3 6923/2620/3 6907/2621/3
f 6870/2622/3 6941/2623/3 6925/2624/3 6860/2625/3
f 6929/2626/2 6945/2627/2 6872/2628/2 6864/2629/2
f 6873/2630/3 6949/2631/3 6943/2632/3 6875/2633/3
f 6947/2634/2 6951/2635/2 6877/2636/2 6879/2637/2
f 6953/2638/2 6882/2639/2 6885/2640/2 6917/2641/2
f 6887/2642/3 6884/2643/3 6955/2644/3 6921/2645/3
f 6881/2646/80 6874/2647/80 6876/2648/80 6886/2649/80
f 6880/2650/80 6878/2651/80 6883/2652/80 6888/2653/80
f 6897/2654/80 6899/2655/80 6891/2656/80 6889/2657/80
f 6895/2658/80 6900/2659/80 6898/2660/80 6893/2661/80
f 1989/2662/2 1941/2663/2 6890/2664/2 6957/2665/2
f 6894/2666/3 1942/2667/3 1990/2668/3 6959/2669/3
f 1943/2670/3 2007/2671/3 6961/2672/3 6892/2673/3
f 6963/2674/2 2008/2675/2 1944/2676/2 6896/2677/2
f 6936/2678/62 1911/2679/62 1909/2680/62 6912/2681/62
f 1910/2682/62 1912/2683/62 6940/2684/62 6916/2685/62
f 1919/2686/33 1917/2687/33 6934/2688/33 6910/2689/33
f 6938/2690/33 1918/2691/33 1920/2692/33 6914/2693/33
f 1915/2694/62 6902/2695/62 6928/2696/62 1913/2697/62
f 6932/2698/62 6906/2699/62 1916/2700/62 1914/2701/62
f 1923/2702/33 6926/2703/33 6904/2704/33 1921/2705/33
f 6908/2706/33 6930/2707/33 1924/2708/33 1922/2709/33
f 6942/2710/62 1927/2711/62 1925/2712/62 6920/2713/62
f 1926/2714/62 1928/2715/62 6946/2716/62 6924/2717/62
f 1935/2718/33 1933/2719/33 6944/2720/33 6918/2721/33
f 6948/2722/33 1934/2723/33 1936/2724/33 6922/2725/33
f 1939/2726/33 6962/2727/33 6958/2728/33 1937/2729/33
f 6960/2730/33 6964/2731/33 1940/2732/33 1938/2733/33
f 1871/2734/2 1959/2735/2 1873/2736/2
f 1874/2737/3 1960/2738/3 1872/2739/3
f 1871/2734/2 1949/2740/2 1959/2735/2
f 1960/2738/3 1950/2741/3 1872/2739/3
f 1871/2734/2 1957/2742/2 1949/2740/2
f 1950/2741/3 1958/2743/3 1872/2739/3
f 1901/2744/2 1951/2745/2 1961/2746/2
f 1962/2747/3 1952/2748/3 1902/2749/3
f 1901/2744/2 1963/2750/2 1951/2745/2
f 1952/2748/3 1964/2751/3 1902/2749/3
f 1901/2744/2 1903/2752/2 1963/2750/2
f 1964/2751/3 1904/2753/3 1902/2749/3
f 6767/2437/3 1971/2436/3 6768/2754/3
f 6771/2755/2 1972/2442/2 6770/2441/2
f 6773/2445/3 6819/2756/3 1967/2446/3
f 1968/2448/2 6820/2757/2 6775/2449/2
f 6909/2593/2 1949/2740/2 1957/2742/2 6901/2590/2
f 1958/2743/3 1950/2741/3 6913/2597/3 6905/2596/3
f 6901/2590/2 1957/2742/2 1945/2758/2 6903/2617/2
f 1946/2759/3 1958/2743/3 6905/2596/3 6907/2621/3
f 6911/2566/2 1959/2735/2 1949/2740/2 6909/2593/2
f 1950/2741/3 1960/2738/3 6915/2572/3 6913/2597/3
f 1981/2569/2 1873/2736/2 1959/2735/2 6911/2566/2
f 1960/2738/3 1874/2737/3 1982/2573/3 6915/2572/3
f 6919/2614/2 1961/2746/2 1951/2745/2 6917/2641/2
f 1952/2748/3 1962/2747/3 6923/2620/3 6921/2645/3
f 6903/2617/2 1945/2758/2 1961/2746/2 6919/2614/2
f 1962/2747/3 1946/2759/3 6907/2621/3 6923/2620/3
f 6917/2641/2 1951/2745/2 1963/2750/2 6953/2638/2
f 1964/2751/3 1952/2748/3 6921/2645/3 6955/2644/3
f 6925/2624/3 1947/2429/3 1965/2444/3 6927/2583/3
f 1966/2450/2 1948/2433/2 6929/2626/2 6931/2587/2
f 6927/2583/3 1965/2444/3 1953/2447/3 6933/2584/3
f 1954/2451/2 1966/2450/2 6931/2587/2 6937/2586/2
f 6933/2584/3 1953/2447/3 1967/2446/3 6935/2575/3
f 1968/2448/2 1954/2451/2 6937/2586/2 6939/2579/2
f 6935/2575/3 1967/2446/3 6819/2756/3 1999/2576/3
f 6820/2757/2 1968/2448/2 6939/2579/2 2000/2578/2
f 6941/2623/3 1969/2438/3 1947/2429/3 6925/2624/3
f 1948/2433/2 1970/2440/2 6945/2627/2 6929/2626/2
f 6943/2632/3 1955/2439/3 1969/2438/3 6941/2623/3
f 1970/2440/2 1956/2443/2 6947/2634/2 6945/2627/2
f 6949/2631/3 1971/2436/3 1955/2439/3 6943/2632/3
f 1956/2443/2 1972/2442/2 6951/2635/2 6947/2634/2
f 1997/2760/80 1979/2761/80 1973/2762/80 1995/2763/80
f 1974/2764/80 1980/2765/80 1998/2766/80 1996/2767/80
f 1991/2768/80 1993/2769/80 1975/2770/80 1977/2771/80
f 1976/2772/80 1994/2773/80 1992/2774/80 1978/2775/80
f 1963/2750/2 6957/2665/2 6953/2638/2
f 6955/2644/3 6959/2669/3 1964/2751/3
f 1971/2436/3 6949/2631/3 6961/2672/3
f 6963/2674/2 6951/2635/2 1972/2442/2
f 2007/2671/3 6768/2754/3 1971/2436/3 6961/2672/3
f 1972/2442/2 6771/2755/2 2008/2675/2 6963/2674/2
f 1989/2662/2 6957/2665/2 1963/2750/2 1903/2752/2
f 1964/2751/3 6959/2669/3 1990/2668/3 1904/2753/3
f 6954/2776/62 6950/2777/62 1929/2778/62 1931/2779/62
f 1930/2780/62 6952/2781/62 6956/2782/62 1932/2783/62
f 2005/2784/80 1987/2785/80 2009/2786/80 2011/2787/80
f 2010/2788/80 1988/2789/80 2006/2790/80 2012/2791/80
f 2001/2792/80 1985/2793/80 1983/2794/80 2003/2795/80
f 1984/2796/80 1986/2797/80 2002/2798/80 2004/2799/80
f 2019/2800/2 1899/2554/2 1901/2744/2
f 1902/2749/3 1900/2557/3 2020/2801/3
f 1945/2758/2 2013/2802/2 2019/2800/2
f 2020/2801/3 2014/2803/3 1946/2759/3
f 1945/2758/2 2017/2804/2 2013/2802/2
f 2014/2803/3 2018/2805/3 1946/2759/3
f 1869/2555/2 1899/2554/2 2025/2806/2
f 2026/2807/3 1900/2557/3 1870/2556/3
f 1869/2555/2 2025/2806/2 1871/2734/2
f 1872/2739/3 2026/2807/3 1870/2556/3
f 2021/2428/3 6773/2445/3 1965/2444/3 1947/2429/3
f 1966/2450/2 6775/2449/2 2022/2434/2 1948/2433/2
f 2023/2430/3 1947/2429/3 1969/2438/3 6767/2437/3
f 1970/2440/2 1948/2433/2 2024/2432/2 6770/2441/2
f 6795/2453/3 2015/2431/3 2023/2430/3 6767/2437/3
f 2024/2432/2 2016/2435/2 6796/2454/2 6770/2441/2
f 6795/2453/3 6773/2445/3 2021/2428/3 2015/2431/3
f 2022/2434/2 6775/2449/2 6796/2454/2 2016/2435/2
f 2025/2806/2 2013/2802/2 2017/2804/2 1871/2734/2
f 2018/2805/3 2014/2803/3 2026/2807/3 1872/2739/3
f 2025/2806/2 1899/2554/2 2019/2800/2 2013/2802/2
f 2020/2801/3 1900/2557/3 2026/2807/3 2014/2803/3
f 2019/2800/2 1901/2744/2 1961/2746/2 1945/2758/2
f 1962/2747/3 1902/2749/3 2020/2801/3 1946/2759/3
f 2017/2804/2 1945/2758/2 1957/2742/2 1871/2734/2
f 1958/2743/3 1946/2759/3 2018/2805/3 1872/2739/3
f 2039/2808/2 2111/2809/2 2099/2810/2 2185/2811/2
f 2100/2812/3 2112/2813/3 2040/2814/3 2186/2815/3
f 2037/2816/2 2155/2817/2 2095/2818/2 2111/2809/2
f 2096/2819/3 2156/2820/3 2038/2821/3 2112/2813/3
f 2031/2822/2 2157/2823/2 2037/2816/2 2043/2824/2
f 2038/2821/3 2158/2825/3 2032/2826/3 2044/2827/3
f 2031/2822/2 2043/2824/2 2039/2808/2 2185/2811/2
f 2040/2814/3 2044/2827/3 2032/2826/3 2186/2815/3
f 7121/2828/3 7105/2829/3 2035/2830/3 2041/2831/3
f 2036/2832/2 7108/2833/2 7122/2834/2 2042/2835/2
f 7121/2828/3 2041/2831/3 2033/2836/3 2165/2837/3
f 2034/2838/2 2042/2835/2 7122/2834/2 2166/2839/2
f 2033/2836/3 2109/2840/3 2087/2841/3 2165/2837/3
f 2088/2842/2 2110/2843/2 2034/2838/2 2166/2839/2
f 2035/2830/3 7105/2829/3 2091/2844/3 2109/2840/3
f 2092/2845/2 7108/2833/2 2036/2832/2 2110/2843/2
f 2187/2846/2 2031/2822/2 2185/2811/2
f 2186/2815/3 2032/2826/3 2188/2847/3
f 2187/2846/2 2157/2823/2 2031/2822/2
f 2032/2826/3 2158/2825/3 2188/2847/3
f 2111/2809/2 2039/2808/2 2043/2824/2
f 2044/2827/3 2040/2814/3 2112/2813/3
f 2111/2809/2 2043/2824/2 2037/2816/2
f 2038/2821/3 2044/2827/3 2112/2813/3
f 2037/2816/2 2157/2823/2 2155/2817/2
f 2156/2820/3 2158/2825/3 2038/2821/3
f 7021/2848/80 7014/2849/80 6998/2850/80 7005/2851/80
f 7002/2852/80 7018/2853/80 7023/2854/80 7007/2855/80
f 6965/2856/80 6967/2857/80 6974/2858/80 6981/2859/80
f 6978/2860/80 6971/2861/80 6969/2862/80 6983/2863/80
f 6968/2864/62 6966/2865/62 6993/2866/62 6989/2867/62
f 6995/2868/62 6970/2869/62 6972/2870/62 6991/2871/62
f 2067/2872/2 2047/2873/2 2093/2874/2 2153/2875/2
f 2094/2876/3 2048/2877/3 2068/2878/3 2154/2879/3
f 2049/2880/3 2151/2881/3 2085/2882/3 2045/2883/3
f 2086/2884/2 2152/2885/2 2050/2886/2 2046/2887/2
f 2085/2882/3 2051/2888/3 2045/2883/3
f 2046/2887/2 2052/2889/2 2086/2884/2
f 2093/2874/2 2047/2873/2 2069/2890/2
f 2070/2891/3 2048/2877/3 2094/2876/3
f 7037/2892/80 7053/2893/80 7046/2894/80 7030/2895/80
f 7050/2896/80 7055/2897/80 7039/2898/80 7034/2899/80
f 7085/2900/80 7078/2901/80 7062/2902/80 7069/2903/80
f 7066/2904/80 7082/2905/80 7087/2906/80 7071/2907/80
f 2051/2888/3 2085/2882/3 2101/2908/3 2053/2909/3
f 2102/2910/2 2086/2884/2 2052/2889/2 2054/2911/2
f 2053/2909/3 2101/2908/3 2087/2841/3 2055/2912/3
f 2088/2842/2 2102/2910/2 2054/2911/2 2056/2913/2
f 2055/2912/3 2087/2841/3 2109/2840/3 2065/2914/3
f 2110/2843/2 2088/2842/2 2056/2913/2 2066/2915/2
f 2059/2916/3 2089/2917/3 7106/2918/3 2057/2919/3
f 7109/2920/2 2090/2921/2 2060/2922/2 2058/2923/2
f 2061/2924/3 2103/2925/3 2089/2917/3 2059/2916/3
f 2090/2921/2 2104/2926/2 2062/2927/2 2060/2922/2
f 2063/2928/3 2091/2844/3 2103/2925/3 2061/2924/3
f 2104/2926/2 2092/2845/2 2064/2929/2 2062/2927/2
f 2065/2914/3 2109/2840/3 2091/2844/3 2063/2928/3
f 2092/2845/2 2110/2843/2 2066/2915/2 2064/2929/2
f 2073/2930/2 2105/2931/2 2093/2932/2 2069/2933/2
f 2094/2934/3 2106/2935/3 2074/2936/3 2070/2937/3
f 2079/2938/2 2111/2809/2 2095/2818/2 2071/2939/2
f 2096/2819/3 2112/2813/3 2080/2940/3 2072/2941/3
f 2071/2939/2 2095/2818/2 2105/2931/2 2073/2930/2
f 2106/2935/3 2096/2819/3 2072/2941/3 2074/2936/3
f 2075/2942/2 2183/2943/2 2097/2944/2 2077/2945/2
f 2098/2946/3 2184/2947/3 2076/2948/3 2078/2949/3
f 2077/2945/2 2097/2944/2 2107/2950/2 2083/2951/2
f 2108/2952/3 2098/2946/3 2078/2949/3 2084/2953/3
f 2081/2954/2 2099/2810/2 2111/2809/2 2079/2938/2
f 2112/2813/3 2100/2812/3 2082/2955/3 2080/2940/3
f 2083/2951/2 2107/2950/2 2099/2810/2 2081/2954/2
f 2100/2812/3 2108/2952/3 2084/2953/3 2082/2955/3
f 7105/2829/3 7106/2918/3 2089/2917/3
f 2090/2921/2 7109/2920/2 7108/2833/2
f 2165/2837/3 2085/2882/3 2151/2881/3
f 2152/2885/2 2086/2884/2 2166/2839/2
f 2155/2956/2 2153/2957/2 2093/2958/2
f 2094/2959/3 2154/2960/3 2156/2961/3
f 2155/2817/2 2093/2932/2 2105/2931/2
f 2106/2935/3 2094/2934/3 2156/2820/3
f 2155/2817/2 2105/2931/2 2095/2818/2
f 2096/2819/3 2106/2935/3 2156/2820/3
f 2185/2811/2 2099/2810/2 2107/2950/2
f 2108/2952/3 2100/2812/3 2186/2815/3
f 2185/2811/2 2107/2950/2 2097/2944/2
f 2098/2946/3 2108/2952/3 2186/2815/3
f 2185/2811/2 2097/2944/2 2183/2943/2
f 2184/2947/3 2098/2946/3 2186/2815/3
f 6985/2962/33 6982/2963/33 6973/2964/33 6975/2965/33
f 6977/2966/33 6984/2967/33 6987/2968/33 6979/2969/33
f 6999/2970/33 7009/2971/33 7006/2972/33 6997/2973/33
f 7008/2974/33 7011/2975/33 7003/2976/33 7001/2977/33
f 7022/2978/62 7025/2979/62 7015/2980/62 7013/2981/62
f 7019/2982/62 7027/2983/62 7024/2984/62 7017/2985/62
f 7041/2986/33 7038/2987/33 7029/2988/33 7031/2989/33
f 7033/2990/33 7040/2991/33 7043/2992/33 7035/2993/33
f 7047/2994/62 7045/2995/62 7054/2996/62 7057/2997/62
f 7056/2998/62 7049/2999/62 7051/3000/62 7059/3001/62
f 7063/3002/33 7073/3003/33 7070/3004/33 7061/3005/33
f 7072/3006/33 7075/3007/33 7067/3008/33 7065/3009/33
f 7086/3010/62 7089/3011/62 7079/3012/62 7077/3013/62
f 7083/3014/62 7091/3015/62 7088/3016/62 7081/3017/62
f 7093/3018/3 2049/3019/3 2045/3020/3 6986/3021/3
f 2046/3022/2 2050/3023/2 7094/3024/2 6988/3025/2
f 2067/3026/2 7095/3027/2 6976/3028/2 2047/3029/2
f 6980/3030/3 7096/3031/3 2068/3032/3 2048/3033/3
f 2115/3034/80 2113/3035/80 2117/3036/80 2119/3037/80
f 2118/3038/80 2114/3039/80 2116/3040/80 2120/3041/80
f 6990/3042/80 6994/3043/80 7010/3044/80 7000/3045/80
f 7012/3046/80 6996/3047/80 6992/3048/80 7004/3049/80
f 2069/2933/2 2125/3050/2 2121/3051/2 2073/2930/2
f 2122/3052/3 2126/3053/3 2070/2937/3 2074/2936/3
f 2127/3054/3 2051/2888/3 2053/2909/3 2123/3055/3
f 2054/2911/2 2052/2889/2 2128/3056/2 2124/3057/2
f 7026/3058/3 2055/2912/3 2065/2914/3 7042/3059/3
f 2066/2915/2 2056/2913/2 7028/3060/2 7044/3061/2
f 2071/2939/2 7016/3062/2 7032/3063/2 2079/2938/2
f 7036/3064/3 7020/3065/3 2072/2941/3 2080/2940/3
f 2131/3066/80 2129/3067/80 2133/3068/80 2135/3069/80
f 2134/3070/80 2130/3071/80 2132/3072/80 2136/3073/80
f 7048/3074/80 7058/3075/80 7074/3076/80 7064/3077/80
f 7076/3078/80 7060/3079/80 7052/3080/80 7068/3081/80
f 2081/2954/2 2141/3082/2 2137/3083/2 2083/2951/2
f 2138/3084/3 2142/3085/3 2082/2955/3 2084/2953/3
f 2143/3086/3 2063/2928/3 2061/2924/3 2139/3087/3
f 2062/2927/2 2064/2929/2 2144/3088/2 2140/3089/2
f 7090/3090/3 2059/2916/3 2057/2919/3 7097/3091/3
f 2058/2923/2 2060/2922/2 7092/3092/2 7098/3093/2
f 2077/2945/2 7080/3094/2 7099/3095/2 2075/2942/2
f 7100/3096/3 7084/3097/3 2078/2949/3 2076/2948/3
f 2147/3098/80 2145/3099/80 2179/3100/80 2181/3101/80
f 2180/3102/80 2146/3103/80 2148/3104/80 2182/3105/80
f 2157/2823/2 2187/2846/2 2189/3106/2 2159/3107/2
f 2190/3108/3 2188/2847/3 2158/2825/3 2160/3109/3
f 2159/3107/2 2189/3106/2 2191/3110/2 2161/3111/2
f 2192/3112/3 2190/3108/3 2160/3109/3 2162/3113/3
f 2029/3114/383 7115/3115/384 2201/3116/426
f 2202/3117/425 7118/3118/387 2030/3119/388
f 2029/3114/383 7116/3120/389 7115/3115/384
f 7118/3118/387 7119/3121/390 2030/3119/388
f 7124/3122/391 7123/3123/3 2195/3124/3 2197/3125/391
f 2196/3126/2 7125/3127/2 7126/3128/392 2198/3129/392
f 7128/3130/393 7127/3131/394 2203/3132/394 2207/3133/395
f 2204/3134/396 7129/3135/396 7130/3136/397 2208/3137/398
f 2163/3138/3 2149/3139/3 2205/3140/3 2209/3141/3
f 2206/3142/2 2150/3143/2 2164/3144/2 2210/3145/2
f 7115/3115/384 7131/3146/399 2199/3147/400 2201/3116/426
f 2200/3148/401 7132/3149/402 7118/3118/387 2202/3117/425
f 2217/3150/403 7133/3151/404 2211/3152/405 2215/3153/403
f 2212/3154/406 7134/3155/407 2218/3156/408 2216/3157/408
f 2165/2837/3 2167/3158/3 2213/3159/3 7117/3160/3
f 2214/3161/2 2168/3162/2 2166/2839/2 7120/3163/2
f 2209/3141/3 2213/3159/3 2167/3158/3 2163/3138/3
f 2168/3162/2 2214/3161/2 2210/3145/2 2164/3144/2
f 2207/3133/395 2211/3152/405 7133/3151/404 7128/3130/393
f 7134/3155/407 2212/3154/406 2208/3137/398 7130/3136/397
f 2197/3125/391 2199/3147/400 7131/3146/399 7124/3122/391
f 7132/3149/402 2200/3148/401 2198/3129/392 7126/3128/392
f 2029/3114/383 7135/3164/409 7136/3165/410
f 7139/3166/411 7138/3167/412 2030/3119/388
f 2029/3114/383 2201/3116/426 7135/3164/409
f 7138/3167/412 2202/3117/425 2030/3119/388
f 2225/3168/3 2221/3169/3 7101/3170/3 7102/3171/3
f 7103/3172/2 2222/3173/2 2226/3174/2 7104/3175/2
f 2223/3176/413 2219/3177/414 7141/3178/414 7142/3179/415
f 7143/3180/416 2220/3181/416 2224/3182/417 7144/3183/418
f 2197/3125/391 2195/3124/3 7145/3184/3 7146/3185/391
f 7147/3186/2 2196/3126/2 2198/3129/392 7148/3187/392
f 7137/3188/3 2229/3189/3 7111/3190/3 7113/3191/3
f 7112/3192/2 2230/3193/2 7140/3194/2 7114/3195/2
f 2231/3196/419 2227/3197/420 7149/3198/421 2233/3199/419
f 7150/3200/422 2228/3201/423 2232/3202/424 2234/3203/424
f 2201/3116/426 2199/3147/400 7151/3204/399 7135/3164/409
f 7152/3205/402 2200/3148/401 2202/3117/425 7138/3167/412
f 7146/3185/391 7151/3204/399 2199/3147/400 2197/3125/391
f 2200/3148/401 7152/3205/402 7148/3187/392 2198/3129/392
f 7142/3179/415 7149/3198/421 2227/3197/420 2223/3176/413
f 2228/3201/423 7150/3200/422 7144/3183/418 2224/3182/417
f 7102/3171/3 7111/3190/3 2229/3189/3 2225/3168/3
f 2230/3193/2 7112/3192/2 7104/3175/2 2226/3174/2
f 7137/3188/3 7113/3191/3 7105/2829/3 7121/2828/3
f 7108/2833/2 7114/3195/2 7140/3194/2 7122/2834/2
f 7117/3160/3 7121/2828/3 2165/2837/3
f 2166/2839/2 7122/2834/2 7120/3163/2
f 2091/2844/3 7105/2829/3 2089/2917/3 2103/2925/3
f 2090/2921/2 7108/2833/2 2092/2845/2 2104/2926/2
f 2085/2882/3 2165/2837/3 2087/2841/3 2101/2908/3
f 2088/2842/2 2166/2839/2 2086/2884/2 2102/2910/2
f 2035/2830/3 2109/2840/3 2033/2836/3 2041/2831/3
f 2034/2838/2 2110/2843/2 2036/2832/2 2042/2835/2
f 1865/2548/2 1867/2547/2 1747/2329/2 1749/2333/2
f 1748/2331/3 1868/2551/3 1866/2550/3 1750/2335/3
f 1867/2547/2 1869/2555/2 1745/2063/2 1747/2329/2
f 1746/2065/3 1870/2556/3 1868/2551/3 1748/2331/3
f 1869/2555/2 1871/2734/2 1743/2057/2 1745/2063/2
f 1744/2060/3 1872/2739/3 1870/2556/3 1746/2065/3
f 1871/2734/2 1873/2736/2 1741/2115/2 1743/2057/2
f 1742/2119/3 1874/2737/3 1872/2739/3 1744/2060/3
f 2189/3106/2 1897/2546/2 1895/2549/2 2191/3110/2
f 1896/2553/3 1898/2552/3 2190/3108/3 2192/3112/3
f 2187/2846/2 1899/2554/2 1897/2546/2 2189/3106/2
f 1898/2552/3 1900/2557/3 2188/2847/3 2190/3108/3
f 2185/2811/2 1901/2744/2 1899/2554/2 2187/2846/2
f 1900/2557/3 1902/2749/3 2186/2815/3 2188/2847/3
f 2183/2943/2 1903/2752/2 1901/2744/2 2185/2811/2
f 1902/2749/3 1904/2753/3 2184/2947/3 2186/2815/3
f 7153/3206/80 6769/3207/80 7107/3208/80 7157/3209/80
f 7110/3210/80 6772/3211/80 7155/3212/80 7159/3213/80
f 7162/3214/427 2175/3215/427 2173/3216/428 7161/3217/428
f 2174/3218/429 2176/3219/430 7164/3220/430 7163/3221/429
f 7161/3217/428 2173/3216/428 2193/3222/428 7165/3223/428
f 2194/3224/429 2174/3218/429 7163/3221/429 7166/3225/429
f 7165/3223/428 2193/3222/428 2171/3226/428 7167/3227/428
f 2172/3228/429 2194/3224/429 7166/3225/429 7168/3229/429
f 7158/3230/431 2177/3231/431 2175/3215/427 7162/3214/427
f 2176/3219/430 2178/3232/432 7160/3233/432 7164/3220/430
f 7167/3227/428 2171/3226/428 2169/3234/428 7169/3235/428
f 2170/3236/429 2172/3228/429 7168/3229/429 7170/3237/429
f 2235/3238/433 1907/3239/433 1893/3240/433 7172/3241/433
f 1894/3242/434 1908/3243/434 2236/3244/434 7174/3245/434
f 7172/3241/433 1893/3240/433 1889/3246/433 7175/3247/433
f 1890/3248/434 1894/3242/434 7174/3245/434 7176/3249/434
f 7175/3247/433 1889/3246/433 1891/3250/435 7177/3251/435
f 1892/3252/436 1890/3248/434 7176/3249/434 7178/3253/436
f 7180/3254/428 1885/3255/428 1887/3256/428 7179/3257/428
f 1888/3258/429 1886/3259/429 7182/3260/429 7181/3261/429
f 2249/3262/431 1879/3263/431 1881/3264/427 7184/3265/427
f 1882/3266/430 1880/3267/432 2250/3268/432 7186/3269/430
f 7187/3270/428 1863/3271/428 1885/3255/428 7180/3254/428
f 1886/3259/429 1864/3272/429 7188/3273/429 7182/3260/429
f 7189/3274/428 1883/3275/428 1863/3271/428 7187/3270/428
f 1864/3272/429 1884/3276/429 7190/3277/429 7188/3273/429
f 7184/3265/427 1881/3264/427 1883/3275/428 7189/3274/428
f 1884/3276/429 1882/3266/430 7186/3269/430 7190/3277/429
f 7177/3251/435 1891/3250/435 1905/3278/437 7154/3279/437
f 1906/3280/438 1892/3252/436 7178/3253/436 7156/3281/438
f 7192/3282/435 1753/3283/435 1739/3284/437 7191/3285/437
f 1740/3286/438 1754/3287/436 7194/3288/436 7193/3289/438
f 7195/3290/433 1755/3291/433 1753/3283/435 7192/3282/435
f 1754/3287/436 1756/3292/434 7196/3293/434 7194/3288/436
f 7197/3294/433 1751/3295/433 1755/3291/433 7195/3290/433
f 1756/3292/434 1752/3296/434 7198/3297/434 7196/3293/434
f 2243/3298/433 1737/3299/433 1751/3295/433 7197/3294/433
f 1752/3296/434 1738/3300/434 2244/3301/434 7198/3297/434
f 2237/3302/3 7171/3303/3 2259/3304/3 2257/3305/3
f 2260/3306/2 7173/3307/2 2238/3308/2 2258/3309/2
f 2257/3305/3 2259/3304/3 2261/3310/3 2255/3311/3
f 2262/3312/2 2260/3306/2 2258/3309/2 2256/3313/2
f 2251/3314/3 2255/3311/3 2261/3310/3 2263/3315/3
f 2262/3312/2 2256/3313/2 2252/3316/2 2264/3317/2
f 2253/3318/3 2251/3314/3 2263/3315/3
f 2264/3317/2 2252/3316/2 2254/3319/2
f 2241/3320/3 2253/3318/3 2263/3315/3 2239/3321/3
f 2264/3317/2 2254/3319/2 2242/3322/2 2240/3323/2
f 2265/3324/3 2245/3325/3 7199/3326/3 2277/3327/3
f 7200/3328/2 2246/3329/2 2266/3330/2 2278/3331/2
f 2269/3332/3 2265/3324/3 2277/3327/3 2275/3333/3
f 2278/3331/2 2266/3330/2 2270/3334/2 2276/3335/2
f 2269/3332/3 2275/3333/3 2273/3336/3 2271/3337/3
f 2274/3338/2 2276/3335/2 2270/3334/2 2272/3339/2
f 2267/3340/3 2271/3337/3 2273/3336/3
f 2274/3338/2 2272/3339/2 2268/3341/2
f 2267/3340/3 2273/3336/3 2247/3342/3 7183/3343/3
f 2248/3344/2 2274/3338/2 2268/3341/2 7185/3345/2
f 2359/3346/80 7237/3347/80 2353/3348/80 2357/3349/80
f 2354/3350/80 7239/3351/80 2360/3352/80 2358/3353/80
f 7238/3354/80 2365/3355/80 2353/3348/80 7237/3347/80
f 2354/3350/80 2366/3356/80 7240/3357/80 7239/3351/80
f 2371/3358/80 7241/3359/80 7237/3347/80 2359/3346/80
f 7239/3351/80 7242/3360/80 2372/3361/80 2360/3352/80
f 7243/3362/80 2373/3363/80 2365/3355/80 7238/3354/80
f 2366/3356/80 2374/3364/80 7244/3365/80 7240/3357/80
f 7588/3366/80 2779/3367/80 2373/3363/80 7243/3362/80
f 2374/3364/80 2780/3368/80 7592/3369/80 7244/3365/80
f 2379/3370/80 7245/3371/80 7241/3359/80 2371/3358/80
f 7242/3360/80 7246/3372/80 2380/3373/80 2372/3361/80
f 2363/3374/80 7247/3375/80 7245/3371/80 2379/3370/80
f 7246/3372/80 7248/3376/80 2364/3377/80 2380/3373/80
f 7249/3378/439 2377/3379/439 2361/3380/62 7250/3381/62
f 2362/3382/62 2378/3383/440 7251/3384/440 7252/3385/62
f 7253/3386/441 2369/3387/441 2377/3388/439 7249/3389/439
f 2378/3390/440 2370/3391/442 7254/3392/442 7251/3393/440
f 7573/3394/2 7589/3395/2 2375/3396/443 7255/3397/443
f 2376/3398/444 7593/3399/3 7579/3400/3 7257/3401/444
f 7255/3402/443 2375/3403/443 2367/3404/445 7256/3405/445
f 2368/3406/446 2376/3407/444 7257/3408/444 7258/3409/446
f 7259/3410/447 2355/3411/447 2369/3387/441 7253/3386/441
f 2370/3391/442 2356/3412/448 7260/3413/448 7254/3392/442
f 7256/3405/445 2367/3404/445 2355/3411/447 7259/3410/447
f 2356/3412/448 2368/3406/446 7258/3409/446 7260/3413/448
f 2765/3414/33 7572/3415/33 7586/3416/33 7602/3417/33
f 7590/3418/33 7578/3419/33 2766/3420/33 7604/3421/33
f 2407/3422/50 2405/3423/50 2401/3424/50 2403/3425/50
f 2402/3426/50 2406/3427/50 2408/3428/50 2404/3429/50
f 2407/3422/50 2395/3430/50 2393/3431/50 2405/3423/50
f 2394/3432/50 2396/3433/50 2408/3428/50 2406/3427/50
f 2405/3423/50 2391/3434/50 2389/3435/50 2401/3424/50
f 2390/3436/50 2392/3437/50 2406/3427/50 2402/3426/50
f 2395/3430/50 2387/3438/50 2385/3439/50 2393/3431/50
f 2386/3440/50 2388/3441/50 2396/3433/50 2394/3432/50
f 2387/3438/50 7568/3442/50 7570/3443/50 2385/3439/50
f 7576/3444/50 7574/3445/50 2388/3441/50 2386/3440/50
f 2391/3434/50 2383/3446/50 2381/3447/50 2389/3435/50
f 2382/3448/50 2384/3449/50 2392/3437/50 2390/3436/50
f 2383/3446/50 2399/3450/50 2397/3451/50 2381/3447/50
f 2398/3452/50 2400/3453/50 2384/3449/50 2382/3448/50
f 7272/3454/62 7267/3455/62 7269/3456/62 7279/3457/62
f 7270/3458/62 7268/3459/62 7274/3460/62 7280/3461/62
f 7272/3454/62 7271/3462/62 7267/3455/62
f 7268/3459/62 7273/3463/62 7274/3460/62
f 7275/3464/62 7265/3465/62 7267/3455/62 7271/3462/62
f 7268/3459/62 7266/3466/62 7276/3467/62 7273/3463/62
f 7275/3464/62 7277/3468/62 7261/3469/62 7265/3465/62
f 7263/3470/62 7278/3471/62 7276/3467/62 7266/3466/62
f 7277/3468/62 7281/3472/62 7262/3473/62 7261/3469/62
f 7264/3474/62 7282/3475/62 7278/3471/62 7263/3470/62
f 2429/3476/449 7412/3477/449 7410/3478/449 2409/3479/449
f 7411/3480/450 7413/3481/450 2430/3482/450 2410/3483/450
f 2409/3479/449 7410/3478/449 7408/3484/449 2411/3485/449
f 7409/3486/450 7411/3480/450 2410/3483/450 2412/3487/450
f 2411/3485/449 7408/3484/449 7366/3488/451 2413/3489/451
f 7368/3490/452 7409/3486/450 2412/3487/450 2414/3491/452
f 2413/3489/451 7366/3488/451 7367/3492/453 2425/3493/453
f 7369/3494/454 7368/3490/452 2414/3491/452 2426/3495/454
f 2419/3496/455 7339/3497/455 7345/3498/456 2415/3499/456
f 7346/3500/457 7341/3501/458 2420/3502/458 2416/3503/457
f 2415/3499/456 7345/3498/456 7343/3504/456 2417/3505/456
f 7344/3506/457 7346/3500/457 2416/3503/457 2418/3507/457
f 2417/3505/456 7343/3504/456 7336/3508/456 2421/3509/456
f 7338/3510/457 7344/3506/457 2418/3507/457 2422/3511/457
f 2423/3512/459 7340/3513/459 7339/3497/455 2419/3496/455
f 7341/3501/458 7342/3514/460 2424/3515/460 2420/3502/458
f 2421/3509/456 7336/3508/456 7335/3516/456 2427/3517/456
f 7337/3518/457 7338/3510/457 2422/3511/457 2428/3519/457
f 2498/3520/33 2496/3521/33 2608/3522/33 2606/3523/33
f 2609/3524/33 2497/3525/33 2499/3526/33 2607/3527/33
f 2500/3528/33 2498/3520/33 2606/3523/33 2604/3529/33
f 2607/3527/33 2499/3526/33 2501/3530/33 2605/3531/33
f 2502/3532/33 2500/3528/33 2604/3529/33 2602/3533/33
f 2605/3531/33 2501/3530/33 2503/3534/33 2603/3535/33
f 2504/3536/33 2502/3532/33 2602/3533/33 2600/3537/33
f 2603/3535/33 2503/3534/33 2505/3538/33 2601/3539/33
f 2434/3540/33 2469/3541/33 2462/3542/33 2498/3520/33
f 2463/3543/33 2469/3541/33 2435/3544/33 2499/3526/33
f 2432/3545/33 2437/3546/33 2434/3540/33 2498/3520/33
f 2435/3544/33 2437/3546/33 2432/3545/33 2499/3526/33
f 7353/3547/62 2488/3548/62 2433/3549/62 2436/3550/62
f 2433/3549/62 2489/3551/62 7353/3547/62 2436/3550/62
f 2433/3549/62 2488/3548/62 2458/3552/62 2468/3553/62
f 2459/3554/62 2489/3551/62 2433/3549/62 2468/3553/62
f 2469/3541/33 2434/3540/33 2437/3546/33
f 2437/3546/33 2435/3544/33 2469/3541/33
f 7323/3555/80 7316/3556/80 7300/3557/80 7307/3558/80
f 7304/3559/80 7320/3560/80 7325/3561/80 7309/3562/80
f 2440/3563/62 2456/3564/62 2490/3565/62 2438/3566/62
f 2491/3567/62 2457/3568/62 2441/3569/62 2439/3570/62
f 2442/3571/62 2464/3572/62 2456/3564/62 2440/3563/62
f 2457/3568/62 2465/3573/62 2443/3574/62 2441/3569/62
f 7292/3575/62 2458/3552/62 2464/3572/62 2442/3571/62
f 2465/3573/62 2459/3554/62 7294/3576/62 2443/3574/62
f 2447/3577/33 2496/3521/33 2460/3578/33 2449/3579/33
f 2461/3580/33 2497/3525/33 2448/3581/33 2450/3582/33
f 2449/3579/33 2460/3578/33 2466/3583/33 2454/3584/33
f 2467/3585/33 2461/3580/33 2450/3582/33 2455/3586/33
f 2454/3584/33 2466/3583/33 2462/3542/33 7284/3587/33
f 2463/3543/33 2467/3585/33 2455/3586/33 7288/3588/33
f 2488/3548/62 2490/3565/62 2456/3564/62
f 2457/3568/62 2491/3567/62 2489/3551/62
f 2498/3520/33 2462/3542/33 2466/3583/33
f 2467/3585/33 2463/3543/33 2499/3526/33
f 2498/3520/33 2466/3583/33 2460/3578/33
f 2461/3580/33 2467/3585/33 2499/3526/33
f 2498/3520/33 2460/3578/33 2496/3521/33
f 2497/3525/33 2461/3580/33 2499/3526/33
f 7285/3589/2 7283/3590/2 7291/3591/2 7295/3592/2
f 7293/3593/3 7287/3594/3 7289/3595/3 7297/3596/3
f 7301/3597/3 7311/3598/3 7308/3599/3 7299/3600/3
f 7310/3601/2 7313/3602/2 7305/3603/2 7303/3604/2
f 7324/3605/2 7327/3606/2 7317/3607/2 7315/3608/2
f 7321/3609/3 7329/3610/3 7326/3611/3 7319/3612/3
f 7286/3613/80 7296/3614/80 7312/3615/80 7302/3616/80
f 7314/3617/80 7298/3618/80 7290/3619/80 7306/3620/80
f 7284/3587/33 2474/3621/33 2470/3622/33 2454/3584/33
f 2471/3623/33 2475/3624/33 7288/3588/33 2455/3586/33
f 2476/3625/62 7292/3575/62 2442/3571/62 2472/3626/62
f 2443/3574/62 7294/3576/62 2477/3627/62 2473/3628/62
f 7328/3629/62 2440/3563/62 2438/3566/62 7331/3630/62
f 2439/3570/62 2441/3569/62 7330/3631/62 7332/3632/62
f 2449/3579/33 7318/3633/33 7333/3634/33 2447/3577/33
f 7334/3635/33 7322/3636/33 2450/3582/33 2448/3581/33
f 2480/3637/80 2478/3638/80 2492/3639/80 2494/3640/80
f 2493/3641/80 2479/3642/80 2481/3643/80 2495/3644/80
f 2431/3645/461 7347/3646/462 7348/3647/463
f 7351/3648/464 7350/3649/465 2431/3645/461
f 2431/3645/461 2511/3650/466 7347/3646/462
f 7350/3649/465 2511/3650/466 2431/3645/461
f 2518/3651/62 2514/3652/62 2482/3653/62 2484/3654/62
f 2483/3655/62 2515/3656/62 2519/3657/62 2485/3658/62
f 2516/3659/467 2512/3660/468 7354/3661/468 7355/3662/469
f 7356/3663/470 2513/3664/470 2517/3665/471 7357/3666/472
f 2509/3667/473 2508/3668/62 7358/3669/62 7359/3670/473
f 7360/3671/62 2508/3668/62 2509/3667/473 7361/3672/473
f 7349/3673/62 2522/3674/62 2506/3675/62 2486/3676/62
f 2507/3677/62 2523/3678/62 7352/3679/62 2487/3680/62
f 2524/3681/474 2520/3682/475 7362/3683/476 2526/3684/474
f 7363/3685/477 2521/3686/478 2525/3687/479 2527/3688/479
f 2511/3650/466 2510/3689/480 7364/3690/481 7347/3646/462
f 7365/3691/481 2510/3689/480 2511/3650/466 7350/3649/465
f 7359/3670/473 7364/3690/481 2510/3689/480 2509/3667/473
f 2510/3689/480 7365/3691/481 7361/3672/473 2509/3667/473
f 7355/3662/469 7362/3683/476 2520/3682/475 2516/3659/467
f 2521/3686/478 7363/3685/477 7357/3666/472 2517/3665/471
f 2484/3654/62 2506/3675/62 2522/3674/62 2518/3651/62
f 2523/3678/62 2507/3677/62 2485/3658/62 2519/3657/62
f 7349/3673/62 2486/3676/62 2488/3548/62 7353/3547/62
f 2489/3551/62 2487/3680/62 7352/3679/62 7353/3547/62
f 2458/3552/62 2488/3548/62 2456/3564/62 2464/3572/62
f 2457/3568/62 2489/3551/62 2459/3554/62 2465/3573/62
f 2726/3692/62 2652/3693/62 2728/3694/62 2720/3695/62
f 2729/3696/62 2653/3697/62 2727/3698/62 2721/3699/62
f 2676/3700/62 2596/3701/62 2674/3702/62 2660/3703/62
f 2675/3704/62 2597/3705/62 2677/3706/62 2661/3707/62
f 2670/3708/62 2586/3709/62 2672/3710/62 2658/3711/62
f 2673/3712/62 2587/3713/62 2671/3714/62 2659/3715/62
f 7398/3716/62 7388/3717/62 2596/3701/62
f 2597/3705/62 7389/3718/62 7400/3719/62
f 7381/3720/62 2588/3721/62 2586/3709/62 7388/3717/62
f 2587/3713/62 2589/3722/62 7383/3723/62 7389/3718/62
f 2590/3724/62 2568/3725/62 7370/3726/62 7371/3727/62
f 7372/3728/62 2569/3729/62 2591/3730/62 7373/3731/62
f 2536/3732/469 2532/3733/476 7374/3734/475 7375/3735/467
f 7376/3736/478 2533/3737/477 2537/3738/472 7377/3739/471
f 2538/3740/473 2534/3741/481 2562/3742/480 2564/3743/473
f 2563/3744/480 2535/3745/481 2539/3746/473 2565/3747/473
f 2560/3748/466 2562/3742/480 2534/3741/481 7378/3749/482
f 2535/3745/481 2563/3744/480 2561/3750/466 7379/3751/483
f 2530/3752/474 7374/3734/475 2532/3733/476 7380/3753/474
f 2533/3737/477 7376/3736/478 2531/3754/479 7382/3755/479
f 7381/3720/62 7370/3726/62 2568/3725/62 2588/3721/62
f 2569/3729/62 7372/3728/62 7383/3723/62 2589/3722/62
f 2564/3743/473 2566/3756/62 7384/3757/62 2538/3740/473
f 7385/3758/62 2567/3759/62 2565/3747/473 2539/3746/473
f 7375/3735/467 2542/3760/468 7386/3761/468 2536/3732/469
f 7387/3762/470 2543/3763/470 7377/3739/471 2537/3738/472
f 7371/3727/62 2540/3764/62 2592/3765/62 2590/3724/62
f 2593/3766/62 2541/3767/62 7373/3731/62 2591/3730/62
f 2732/3768/484 2560/3748/466 7378/3749/482
f 7379/3751/483 2561/3750/466 2733/3769/484
f 2732/3768/484 7378/3749/482 2528/3770/485
f 2529/3771/486 7379/3751/483 2733/3769/484
f 2564/3743/473 2562/3742/480 7390/3772/481 7391/3773/473
f 7392/3774/481 2563/3744/480 2565/3747/473 7393/3775/473
f 2554/3776/471 2550/3777/478 7394/3778/477 7395/3779/472
f 7396/3780/476 2551/3781/475 2555/3782/467 7397/3783/469
f 2552/3784/62 2548/3785/62 2594/3786/62 2598/3787/62
f 2595/3788/62 2549/3789/62 2553/3790/62 2599/3791/62
f 2596/3701/62 2594/3786/62 2548/3785/62 7398/3716/62
f 2549/3789/62 2595/3788/62 2597/3705/62 7400/3719/62
f 7399/3792/479 7394/3778/477 2550/3777/478 7402/3793/479
f 2551/3794/475 7396/3795/476 7401/3796/474 7403/3797/474
f 2546/3798/483 7390/3772/481 2562/3742/480 2560/3748/466
f 2563/3744/480 7392/3774/481 2547/3799/482 2561/3750/466
f 2598/3787/62 2612/3800/62 7404/3801/62 2552/3784/62
f 7405/3802/62 2613/3803/62 2599/3791/62 2553/3790/62
f 7395/3779/472 2556/3804/470 7406/3805/470 2554/3776/471
f 7407/3806/468 2557/3807/468 7397/3808/469 2555/3809/467
f 7391/3773/473 2558/3810/62 2566/3756/62 2564/3743/473
f 2567/3759/62 2559/3811/62 7393/3775/473 2565/3747/473
f 2732/3768/484 2544/3812/486 2546/3798/483
f 2547/3799/482 2545/3813/485 2733/3769/484
f 2732/3768/484 2546/3798/483 2560/3748/466
f 2561/3750/466 2547/3799/482 2733/3769/484
f 2602/3533/33 2572/3814/33 2570/3815/33 2600/3537/33
f 2571/3816/33 2573/3817/33 2603/3535/33 2601/3539/33
f 2604/3529/33 2574/3818/33 2572/3814/33 2602/3533/33
f 2573/3817/33 2575/3819/33 2605/3531/33 2603/3535/33
f 7415/3820/80 7420/3821/80 7424/3822/80 7414/3823/80
f 7425/3824/80 7422/3825/80 7418/3826/80 7417/3827/80
f 7496/3828/33 7416/3829/33 2580/3830/33 2686/3831/33
f 2581/3832/33 7419/3833/33 7500/3834/33 2687/3835/33
f 7421/3836/62 7520/3837/62 2704/3838/62 2582/3839/62
f 2705/3840/62 7524/3841/62 7423/3842/62 2583/3843/62
f 7426/3844/62 7512/3845/62 7518/3846/62 7428/3847/62
f 7522/3848/62 7516/3849/62 7430/3850/62 7432/3851/62
f 7486/3852/33 7435/3853/33 7438/3854/33 7494/3855/33
f 7440/3856/33 7437/3857/33 7490/3858/33 7498/3859/33
f 7434/3860/80 7427/3861/80 7429/3862/80 7439/3863/80
f 7433/3864/80 7431/3865/80 7436/3866/80 7441/3867/80
f 7450/3868/80 7454/3869/80 7444/3870/80 7442/3871/80
f 7448/3872/80 7456/3873/80 7452/3874/80 7446/3875/80
f 7504/3876/33 7451/3877/33 7443/3878/33 7488/3879/33
f 7447/3880/33 7453/3881/33 7508/3882/33 7492/3883/33
f 7455/3884/62 7526/3885/62 7510/3886/62 7445/3887/62
f 7514/3888/62 7530/3889/62 7457/3890/62 7449/3891/62
f 7458/3892/62 7534/3893/62 7528/3894/62 7460/3895/62
f 7532/3896/62 7536/3897/62 7462/3898/62 7464/3899/62
f 7538/3900/33 7467/3901/33 7470/3902/33 7502/3903/33
f 7472/3904/33 7469/3905/33 7540/3906/33 7506/3907/33
f 7466/3908/80 7459/3909/80 7461/3910/80 7471/3911/80
f 7465/3912/80 7463/3913/80 7468/3914/80 7473/3915/80
f 7482/3916/80 7484/3917/80 7476/3918/80 7474/3919/80
f 7480/3920/80 7485/3921/80 7483/3922/80 7478/3923/80
f 2694/3924/33 2646/3925/33 7475/3926/33 7542/3927/33
f 7479/3928/33 2647/3929/33 2695/3930/33 7544/3931/33
f 2648/3932/62 2712/3933/62 7546/3934/62 7477/3935/62
f 7548/3936/62 2713/3937/62 2649/3938/62 7481/3939/62
f 7521/3940/2 2616/3941/2 2614/3942/2 7497/3943/2
f 2615/3944/3 2617/3945/3 7525/3946/3 7501/3947/3
f 2624/3948/3 2622/3949/3 7519/3950/3 7495/3951/3
f 7523/3952/2 2623/3953/2 2625/3954/2 7499/3955/2
f 2620/3956/2 7487/3957/2 7513/3958/2 2618/3959/2
f 7517/3960/3 7491/3961/3 2621/3962/3 2619/3963/3
f 2628/3964/3 7511/3965/3 7489/3966/3 2626/3967/3
f 7493/3968/2 7515/3969/2 2629/3970/2 2627/3971/2
f 7527/3972/2 2632/3973/2 2630/3974/2 7505/3975/2
f 2631/3976/3 2633/3977/3 7531/3978/3 7509/3979/3
f 2640/3980/3 2638/3981/3 7529/3982/3 7503/3983/3
f 7533/3984/2 2639/3985/2 2641/3986/2 7507/3987/2
f 2644/3988/3 7547/3989/3 7543/3990/3 2642/3991/3
f 7545/3992/2 7549/3993/2 2645/3994/2 2643/3995/2
f 2576/3996/33 2664/3997/33 2578/3998/33
f 2579/3999/33 2665/4000/33 2577/4001/33
f 2576/3996/33 2654/4002/33 2664/3997/33
f 2665/4000/33 2655/4003/33 2577/4001/33
f 2576/3996/33 2662/4004/33 2654/4002/33
f 2655/4003/33 2663/4005/33 2577/4001/33
f 2606/3523/33 2656/4006/33 2666/4007/33
f 2667/4008/33 2657/4009/33 2607/3527/33
f 2606/3523/33 2668/4010/33 2656/4006/33
f 2657/4009/33 2669/4011/33 2607/3527/33
f 2606/3523/33 2608/3522/33 2668/4010/33
f 2669/4011/33 2609/3524/33 2607/3527/33
f 2596/3701/62 2676/3700/62 2610/4012/62
f 2611/4013/62 2677/3706/62 2597/3705/62
f 2586/3709/62 2584/4014/62 2672/3710/62
f 2673/3712/62 2585/4015/62 2587/3713/62
f 7494/3855/33 2654/4002/33 2662/4004/33 7486/3852/33
f 2663/4005/33 2655/4003/33 7498/3859/33 7490/3858/33
f 7486/3852/33 2662/4004/33 2650/4016/33 7488/3879/33
f 2651/4017/33 2663/4005/33 7490/3858/33 7492/3883/33
f 7496/3828/33 2664/3997/33 2654/4002/33 7494/3855/33
f 2655/4003/33 2665/4000/33 7500/3834/33 7498/3859/33
f 2686/3831/33 2578/3998/33 2664/3997/33 7496/3828/33
f 2665/4000/33 2579/3999/33 2687/3835/33 7500/3834/33
f 7504/3876/33 2666/4007/33 2656/4006/33 7502/3903/33
f 2657/4009/33 2667/4008/33 7508/3882/33 7506/3907/33
f 7488/3879/33 2650/4016/33 2666/4007/33 7504/3876/33
f 2667/4008/33 2651/4017/33 7492/3883/33 7508/3882/33
f 7502/3903/33 2656/4006/33 2668/4010/33 7538/3900/33
f 2669/4011/33 2657/4009/33 7506/3907/33 7540/3906/33
f 7510/3886/62 2652/3693/62 2670/3708/62 7512/3845/62
f 2671/3714/62 2653/3697/62 7514/3888/62 7516/3849/62
f 7512/3845/62 2670/3708/62 2658/3711/62 7518/3846/62
f 2659/3715/62 2671/3714/62 7516/3849/62 7522/3848/62
f 7518/3846/62 2658/3711/62 2672/3710/62 7520/3837/62
f 2673/3712/62 2659/3715/62 7522/3848/62 7524/3841/62
f 7520/3837/62 2672/3710/62 2584/4014/62 2704/3838/62
f 2585/4015/62 2673/3712/62 7524/3841/62 2705/3840/62
f 7526/3885/62 2674/3702/62 2652/3693/62 7510/3886/62
f 2653/3697/62 2675/3704/62 7530/3889/62 7514/3888/62
f 7528/3894/62 2660/3703/62 2674/3702/62 7526/3885/62
f 2675/3704/62 2661/3707/62 7532/3896/62 7530/3889/62
f 7534/3893/62 2676/3700/62 2660/3703/62 7528/3894/62
f 2661/3707/62 2677/3706/62 7536/3897/62 7532/3896/62
f 2702/4018/80 2684/4019/80 2678/4020/80 2700/4021/80
f 2679/4022/80 2685/4023/80 2703/4024/80 2701/4025/80
f 2696/4026/80 2698/4027/80 2680/4028/80 2682/4029/80
f 2681/4030/80 2699/4031/80 2697/4032/80 2683/4033/80
f 2668/4010/33 7542/3927/33 7538/3900/33
f 7540/3906/33 7544/3931/33 2669/4011/33
f 2676/3700/62 7534/3893/62 7546/3934/62
f 7548/4034/62 7536/3897/62 2677/3706/62
f 2712/3933/62 2610/4012/62 2676/3700/62 7546/3934/62
f 2677/3706/62 2611/4013/62 2713/4035/62 7548/4034/62
f 2694/3924/33 7542/3927/33 2668/4010/33 2608/3522/33
f 2669/4011/33 7544/3931/33 2695/3930/33 2609/3524/33
f 7539/4036/2 7535/4037/2 2634/4038/2 2636/4039/2
f 2635/4040/3 7537/4041/3 7541/4042/3 2637/4043/3
f 2710/4044/80 2692/4045/80 2714/4046/80 2716/4047/80
f 2715/4048/80 2693/4049/80 2711/4050/80 2717/4051/80
f 2706/4052/80 2690/4053/80 2688/4054/80 2708/4055/80
f 2689/4056/80 2691/4057/80 2707/4058/80 2709/4059/80
f 2724/4060/33 2604/3529/33 2606/3523/33
f 2607/3527/33 2605/3531/33 2725/4061/33
f 2650/4016/33 2718/4062/33 2724/4060/33
f 2725/4061/33 2719/4063/33 2651/4017/33
f 2650/4016/33 2722/4064/33 2718/4062/33
f 2719/4063/33 2723/4065/33 2651/4017/33
f 2574/3818/33 2604/3529/33 2730/4066/33
f 2731/4067/33 2605/3531/33 2575/3819/33
f 2574/3818/33 2730/4066/33 2576/3996/33
f 2577/4001/33 2731/4067/33 2575/3819/33
f 2726/3692/62 2586/3709/62 2670/3708/62 2652/3693/62
f 2671/3714/62 2587/3713/62 2727/3698/62 2653/3697/62
f 2728/3694/62 2652/3693/62 2674/3702/62 2596/3701/62
f 2675/3704/62 2653/3697/62 2729/3696/62 2597/3705/62
f 7388/3717/62 2720/3695/62 2728/3694/62 2596/3701/62
f 2729/3696/62 2721/3699/62 7389/3718/62 2597/3705/62
f 7388/3717/62 2586/3709/62 2726/3692/62 2720/3695/62
f 2727/3698/62 2587/3713/62 7389/3718/62 2721/3699/62
f 2730/4066/33 2718/4062/33 2722/4064/33 2576/3996/33
f 2723/4065/33 2719/4063/33 2731/4067/33 2577/4001/33
f 2730/4066/33 2604/3529/33 2724/4060/33 2718/4062/33
f 2725/4061/33 2605/3531/33 2731/4067/33 2719/4063/33
f 2724/4060/33 2606/3523/33 2666/4007/33 2650/4016/33
f 2667/4008/33 2607/3527/33 2725/4061/33 2651/4017/33
f 2722/4064/33 2650/4016/33 2662/4004/33 2576/3996/33
f 2663/4005/33 2651/4017/33 2723/4065/33 2577/4001/33
f 2734/4068/33 2500/3528/33 2502/3532/33 2735/4069/33
f 2503/3534/33 2501/3530/33 2734/4068/33 2735/4069/33
f 2736/4070/33 2735/4069/33 2502/3532/33 2504/3536/33
f 2503/3534/33 2735/4069/33 2736/4070/33 2505/3538/33
f 2734/4068/33 2432/3545/33 2498/3520/33 2500/3528/33
f 2499/3526/33 2432/3545/33 2734/4068/33 2501/3530/33
f 2458/3552/62 7292/3575/62 7550/4071/62
f 7552/4072/62 7294/3576/62 2459/3554/62
f 2462/3542/33 7554/4073/33 7284/3587/33
f 7288/3588/33 7556/4074/33 2463/3543/33
f 7555/4075/80 7551/4076/80 2444/4077/80 2452/4078/80
f 2445/4079/80 7553/4080/80 7557/4081/80 2453/4082/80
f 2451/4083/33 7554/4073/33 2462/3542/33 2469/3541/33
f 2463/3543/33 7556/4074/33 2451/4083/33 2469/3541/33
f 2446/4084/62 2468/3553/62 2458/3552/62 7550/4071/62
f 2459/3554/62 2468/3553/62 2446/4084/62 7552/4072/62
f 7558/4085/3 2737/4086/3 2739/4087/3 7562/4088/3
f 2740/4089/2 2738/4090/2 7560/4091/2 7564/4092/2
f 7563/4093/33 7554/4073/33 2451/4083/33 7566/4094/33
f 2451/4083/33 7556/4074/33 7565/4095/33 7566/4094/33
f 7567/4096/62 2446/4084/62 7550/4071/62 7559/4097/62
f 7552/4072/62 2446/4084/62 7567/4096/62 7561/4098/62
f 2741/4099/80 2745/4100/80 2746/4101/80 2743/4102/80
f 2746/4101/80 2745/4100/80 2742/4103/80 2744/4104/80
f 7594/4105/50 2771/4106/50 2756/4107/50 7596/4108/50
f 2756/4107/50 2772/4109/50 7595/4110/50 7596/4108/50
f 7584/4111/50 2763/4112/50 2771/4106/50 7594/4105/50
f 2772/4109/50 2764/4113/50 7585/4114/50 7595/4110/50
f 2757/4115/50 7581/4116/50 7571/4117/50 7569/4118/50
f 7577/4119/50 7583/4120/50 2758/4121/50 7575/4122/50
f 7580/4123/50 2753/4124/50 2763/4112/50 7584/4111/50
f 2764/4113/50 2754/4125/50 7582/4126/50 7585/4114/50
f 2747/4127/50 7580/4123/50 7581/4116/50 2757/4115/50
f 7583/4120/50 7582/4126/50 2748/4128/50 2758/4121/50
f 2747/4127/50 2751/4129/50 2753/4124/50 7580/4123/50
f 2754/4125/50 2752/4130/50 2748/4128/50 7582/4126/50
f 2759/4131/359 2749/4132/487 7608/4133/487 7606/4134/359
f 7609/4135/488 2750/4136/488 2760/4137/131 7607/4138/131
f 2749/4132/487 2761/4139/489 7600/4140/489 7608/4133/487
f 7601/4141/490 2762/4142/490 2750/4136/488 7609/4135/488
f 2767/4143/491 2759/4131/359 7606/4134/359 7587/4144/491
f 7607/4138/131 2760/4137/131 2768/4145/492 7591/4146/492
f 2761/4139/489 2769/4147/493 7597/4148/493 7600/4140/489
f 7599/4149/494 2770/4150/494 2762/4142/490 7601/4141/490
f 2769/4151/493 2755/4152/33 7598/4153/33 7597/4154/493
f 7598/4153/33 2755/4152/33 2770/4155/494 7599/4156/494
f 2789/4157/80 2773/4158/80 2775/4159/80 2790/4160/80
f 2776/4161/80 2774/4162/80 2789/4157/80 2790/4160/80
f 2773/4158/80 2781/4163/80 2783/4164/80 2775/4159/80
f 2784/4165/80 2782/4166/80 2774/4162/80 2776/4161/80
f 2777/4167/80 2785/4168/80 2787/4169/80 7603/4170/80
f 2788/4171/80 2786/4172/80 2778/4173/80 7605/4174/80
f 2781/4163/80 2791/4175/80 2795/4176/80 2783/4164/80
f 2796/4177/80 2792/4178/80 2782/4166/80 2784/4165/80
f 2785/4168/80 2795/4176/80 2797/4179/80 2787/4169/80
f 2798/4180/80 2796/4177/80 2786/4172/80 2788/4171/80
f 2791/4175/80 2793/4181/80 2797/4179/80 2795/4176/80
f 2798/4180/80 2794/4182/80 2792/4178/80 2796/4177/80
f 801/924/251 795/918/245 7612/4183/495 7610/4184/496
f 7615/4185/497 796/923/250 802/927/254 7613/4186/498
f 795/918/245 794/921/248 7616/4187/499 7612/4183/495
f 7616/4187/499 794/921/248 796/923/250 7615/4185/497
f 786/903/232 792/907/236 7617/4188/500 7621/4189/501
f 7619/4190/502 793/909/238 787/905/234 7622/4191/503
f 785/900/229 786/903/232 7621/4189/501 7623/4192/504
f 7622/4191/503 787/905/234 785/900/229 7623/4192/504
f 5867/891/226 5873/890/226 7611/4193/505 7618/4194/505
f 7614/4195/506 5874/892/227 5868/895/227 7620/4196/506
f 2808/4197/507 2806/4198/508 2801/4199/509 2803/4200/507
f 2802/4201/510 2807/4202/511 2808/4197/507 2803/4200/507
f 2806/4198/508 2804/4203/512 2799/4204/512 2801/4199/509
f 2800/4205/513 2805/4206/513 2807/4202/511 2802/4201/510
f 3157/4207/52 3124/4208/52 3125/4209/166 3156/4210/166
f 3156/4210/166 3125/4209/166 3126/4211/382 3158/4212/382
f 3158/4212/382 3126/4211/382 3127/4213/77 3159/4214/77
f 3159/4214/77 3127/4213/77 3128/4215/33 3160/4216/33
f 3160/4216/33 3128/4215/33 3129/4217/76 3161/4218/76
f 3161/4218/76 3129/4217/76 3130/4219/75 3162/4220/75
f 3162/4220/75 3130/4219/75 3131/4221/74 3163/4222/74
f 3163/4222/74 3131/4221/74 3132/4223/73 3164/4224/73
f 3164/4224/73 3132/4223/73 3133/4225/381 3165/4226/381
f 3165/4226/381 3133/4225/381 3134/4227/71 3166/4228/71
f 3166/4228/71 3134/4227/71 3135/4229/70 3167/4230/70
f 3167/4230/70 3135/4229/70 3136/4231/2 3168/4232/2
f 3168/4232/2 3136/4231/2 3137/4233/69 3169/4234/69
f 3169/4234/69 3137/4233/69 3138/4235/68 3170/4236/68
f 3170/4236/68 3138/4235/68 3139/4237/67 3171/4238/67
f 3171/4238/67 3139/4237/67 3140/4239/66 3172/4240/66
f 3172/4240/66 3140/4239/66 3141/4241/122 3173/4242/122
f 3173/4242/122 3141/4241/122 3142/4243/64 3174/4244/64
f 3174/4244/64 3142/4243/64 3143/4245/380 3175/4246/380
f 3175/4246/380 3143/4245/380 3144/4247/62 3176/4248/62
f 3176/4248/62 3144/4247/62 3145/4249/61 3177/4250/61
f 3177/4250/61 3145/4249/61 3146/4251/60 3178/4252/60
f 3178/4252/60 3146/4251/60 3147/4253/130 3179/4254/130
f 3179/4254/130 3147/4253/130 3148/4255/58 3180/4256/58
f 3180/4256/58 3148/4255/58 3149/4257/57 3181/4258/57
f 3181/4258/57 3149/4257/57 3150/4259/56 3182/4260/56
f 3182/4261/56 3150/4262/56 3151/4263/55 3183/4264/55
f 3184/4265/3 3152/4266/3 3153/4267/54 3185/4268/54
f 3185/4268/54 3153/4267/54 3154/4269/53 3186/4270/53
f 3186/4270/53 3154/4269/53 3155/4271/51 3187/4272/51
f 3187/4272/51 3155/4271/51 3124/4208/52 3157/4207/52
f 3183/4264/55 3151/4263/55 3152/4266/3 3184/4265/3
f 8234/4273/514 8341/4274/514 8342/4275/172 8233/4276/172
f 8233/4276/172 8342/4275/172 8343/4277/170 8230/4278/170
f 8230/4278/170 8343/4277/170 8226/4279/171 8223/4280/171
f 8277/4281/169 8274/4282/169 8309/4283/169
f 8269/4284/168 8271/4285/168 8312/4286/168
f 8224/4287/167 8227/4288/167 8231/4289/167
f 8306/4290/166 8304/4291/166 8187/4292/166
f 8299/4293/165 8301/4294/165 8192/4295/165
f 8297/4296/51 8294/4297/51 8313/4298/51
f 8289/4299/68 8292/4300/68 8316/4301/68
f 8287/4302/54 8284/4303/54 8207/4304/54
f 8279/4305/2 8281/4306/2 8212/4307/2
f 8235/4308/163 8340/4309/163 8341/4274/514 8234/4273/514
f 8236/4310/162 3379/4311/162 8340/4309/163 8235/4308/163
f 8237/4312/161 3378/4313/161 3379/4311/162 8236/4310/162
f 8238/4314/160 3377/4315/160 3378/4313/161 8237/4312/161
f 8239/4316/159 3376/4317/159 3377/4315/160 8238/4314/160
f 8240/4318/158 8335/4319/158 3376/4317/159 8239/4316/159
f 8241/4320/157 8334/4321/157 8335/4319/158 8240/4318/158
f 8242/4322/156 8333/4323/156 8334/4321/157 8241/4320/157
f 8243/4324/155 3372/4325/155 8333/4323/156 8242/4322/156
f 8244/4326/154 8331/4327/154 3372/4325/155 8243/4324/155
f 8245/4328/153 8330/4329/153 8331/4327/154 8244/4326/154
f 8246/4330/152 3369/4331/152 8330/4329/153 8245/4328/153
f 8247/4332/151 3368/4333/151 3369/4331/152 8246/4330/152
f 8248/4334/150 8325/4335/150 3368/4336/151 8247/4337/151
f 8228/4338/147 8324/4339/147 8325/4335/150 8248/4334/150
f 3315/4340/149 3459/4341/106 3460/4342/105 3316/4343/70
f 3316/4343/70 3460/4342/105 3461/4344/104 3317/4345/2
f 3317/4345/2 3461/4344/104 3462/4346/103 3318/4347/69
f 3318/4347/69 3462/4346/103 3463/4348/102 3319/4349/68
f 3319/4349/68 3463/4348/102 3464/4350/101 3320/4351/67
f 3320/4351/67 3464/4350/101 3465/4352/100 3321/4353/66
f 3321/4353/66 3465/4352/100 3466/4354/99 3322/4355/122
f 3322/4355/122 3466/4354/99 3467/4356/98 3323/4357/64
f 3323/4357/64 3467/4356/98 3468/4358/97 3324/4359/63
f 3324/4359/63 3468/4358/97 3469/4360/96 3325/4361/62
f 3325/4361/62 3469/4360/96 3470/4362/95 3326/4363/61
f 3326/4363/61 3470/4362/95 3471/4364/94 3327/4365/60
f 3327/4365/60 3471/4364/94 3472/4366/93 3328/4367/59
f 3328/4367/59 3472/4366/93 3473/4368/92 3329/4369/58
f 3329/4369/58 3473/4368/92 3474/4370/91 3330/4371/57
f 3330/4371/57 3474/4370/91 3475/4372/90 3331/4373/56
f 3331/4374/56 3475/4375/90 3476/4376/87 3332/4377/148
f 3332/4377/148 3476/4376/87 8178/4378/89 3333/4379/144
f 8229/4380/146 8327/4381/146 8324/4339/147 8228/4338/147
f 3333/4379/144 8178/4378/89 8174/4382/145 3334/4383/145
f 8249/4384/75 8252/4385/75 8320/4386/75
f 8257/4387/130 8254/4388/130 8317/4389/130
f 8262/4390/143 8259/4391/143 7835/4392/143
f 8264/4393/73 8267/4394/73 7862/4395/73
f 8255/4396/142 8258/4397/142 8253/4398/142 8250/4399/142
f 8265/4400/141 8260/4401/141 8263/4402/141 8268/4403/141
f 8275/4404/140 8278/4405/140 8273/4406/140 8270/4407/140
f 8285/4408/139 8288/4409/139 8283/4410/139 8280/4411/139
f 8295/4412/138 8298/4413/138 8293/4414/138 8290/4415/138
f 8305/4416/137 8308/4417/137 8303/4418/137 8300/4419/137
f 3336/4420/136 7864/4421/136 3450/4422/136 3335/4423/136
f 3337/4424/135 8311/4425/118 8310/4426/115 3338/4427/135
f 3339/4428/134 8215/4429/134 3454/4430/134 3340/4431/134
f 3341/4432/133 8315/4433/112 8314/4434/109 3342/4435/133
f 3343/4436/132 8195/4437/132 8190/4438/132 3344/4439/132
f 3345/4440/131 8319/4441/84 8318/4442/81 3346/4443/131
f 3348/4444/55 3367/4445/55 3366/4446/3 3347/4447/3
f 7929/4448/51 8256/4449/51 8266/4450/52 7924/4451/52
f 7928/4452/53 8251/4453/53 8256/4449/51 7929/4448/51
f 7901/4454/54 8326/4455/54 8251/4453/53 7928/4452/53
f 3347/4447/3 3366/4446/3 8326/4455/54 7901/4454/54
f 7903/4456/56 8328/4457/56 3367/4445/55 3348/4444/55
f 7905/4458/57 8329/4459/57 8328/4460/56 7903/4461/56
f 3349/4462/58 3370/4463/58 8329/4459/57 7905/4458/57
f 3350/4464/130 3371/4465/130 3370/4463/58 3349/4462/58
f 7907/4466/60 8332/4467/60 3371/4465/130 3350/4464/130
f 3351/4468/61 3373/4469/61 8332/4467/60 7907/4466/60
f 3352/4470/62 3374/4471/62 3373/4469/61 3351/4468/61
f 3353/4472/63 3375/4473/63 3374/4471/62 3352/4470/62
f 7910/4474/64 8336/4475/64 3375/4473/63 3353/4472/63
f 7927/4476/122 8337/4477/122 8336/4475/64 7910/4474/64
f 7926/4478/66 8338/4479/66 8337/4477/122 7927/4476/122
f 7912/4480/67 8339/4481/67 8338/4479/66 7926/4478/66
f 3354/4482/68 3380/4483/68 8339/4481/67 7912/4480/67
f 3355/4484/69 3381/4485/69 3380/4483/68 3354/4482/68
f 3356/4486/2 3382/4487/2 3381/4485/69 3355/4484/69
f 3357/4488/70 3383/4489/70 3382/4487/2 3356/4486/2
f 7914/4490/71 8225/4491/71 3383/4489/70 3357/4488/70
f 3358/4492/72 8307/4493/72 8225/4491/71 7914/4490/71
f 3359/4494/73 8302/4495/73 8307/4493/72 3358/4492/72
f 7917/4496/74 8296/4497/74 8302/4495/73 3359/4494/73
f 7925/4498/75 8291/4499/75 8296/4497/74 7917/4496/74
f 7919/4500/76 8286/4501/76 8291/4499/75 7925/4498/75
f 3360/4502/33 8282/4503/33 8286/4501/76 7919/4500/76
f 7921/4504/77 8276/4505/77 8282/4503/33 3360/4502/33
f 3361/4506/78 8272/4507/78 8276/4505/77 7921/4504/77
f 7923/4508/79 8261/4509/79 8272/4507/78 3361/4506/78
f 7923/4508/79 7924/4451/52 8266/4450/52 8261/4509/79
f 3365/4510/129 8175/4511/129 3479/4512/129 3364/4513/129
f 3362/4514/128 3363/4515/128 3481/4516/128 7863/4517/128
f 3393/4518/127 7837/4519/127 3451/4520/127 3392/4521/127
f 3391/4522/126 3452/4523/126 8213/4524/126 3390/4525/126
f 3389/4526/125 8209/4527/125 3455/4528/125 3388/4529/125
f 3387/4530/124 3456/4531/124 8193/4532/124 3386/4533/124
f 3385/4534/123 8189/4535/123 8232/4536/123 3384/4537/123
f 3433/4538/52 3402/4539/79 7878/4540/79 3438/4541/52
f 3402/4539/79 3403/4542/78 3401/4543/78 7878/4540/79
f 3403/4542/78 3404/4544/77 3400/4545/77 3401/4543/78
f 3404/4544/77 3405/4546/33 3399/4547/33 3400/4545/77
f 3405/4546/33 3406/4548/76 3398/4549/76 3399/4547/33
f 3406/4548/76 3407/4550/75 7893/4551/75 3398/4549/76
f 3407/4550/75 3408/4552/74 8398/4553/74 7893/4551/75
f 3408/4552/74 3409/4554/73 7880/4555/73 8398/4553/74
f 3409/4554/73 3410/4556/72 3434/4557/72 7880/4555/73
f 3410/4556/72 3411/4558/71 7881/4559/71 3434/4557/72
f 3411/4558/71 3412/4560/70 3397/4561/70 7881/4559/71
f 3412/4560/70 3413/4562/2 3435/4563/2 3397/4561/70
f 3413/4562/2 3414/4564/69 7889/4565/69 3435/4563/2
f 3414/4564/69 3415/4566/68 3436/4567/68 7889/4565/69
f 3415/4566/68 3416/4568/67 7883/4569/67 3436/4567/68
f 3416/4568/67 3417/4570/66 3396/4571/66 7883/4569/67
f 3417/4570/66 3418/4572/122 7895/4573/122 3396/4571/66
f 3418/4572/122 3419/4574/64 8399/4575/64 7895/4573/122
f 3419/4574/64 3420/4576/63 8400/4577/63 8399/4575/64
f 3420/4576/63 3421/4578/62 8401/4579/62 8400/4577/63
f 3421/4578/62 3422/4580/61 8402/4581/61 8401/4579/62
f 3422/4580/61 3423/4582/60 7897/4583/60 8402/4581/61
f 3423/4582/60 3424/4584/121 3395/4585/121 7897/4583/60
f 3424/4584/121 3425/4586/58 7898/4587/58 3395/4585/121
f 3425/4586/58 3426/4588/57 3394/4589/57 7898/4587/58
f 3426/4588/57 3427/4590/56 7900/4591/56 3394/4589/57
f 3427/4592/56 3428/4593/55 7885/4594/55 7900/4595/56
f 3428/4593/55 3429/4596/3 3437/4597/3 7885/4594/55
f 3429/4596/3 3430/4598/54 7886/4599/54 3437/4597/3
f 3430/4598/54 3431/4600/53 8349/4601/53 7886/4599/54
f 3431/4600/53 3432/4602/51 7887/4603/51 8349/4601/53
f 3432/4602/51 3433/4538/52 3438/4541/52 7887/4603/51
f 7838/4604/120 7841/4605/120 7843/4606/119 8311/4607/118
f 8311/4607/118 7843/4606/119 3449/4608/116 8310/4609/115
f 8310/4609/115 3449/4608/116 8218/4610/117 3453/4611/117
f 8210/4612/114 7865/4613/114 7868/4614/113 8315/4615/112
f 8315/4615/112 7868/4614/113 3447/4616/110 8314/4617/109
f 8314/4617/109 3447/4616/110 8201/4618/111 3457/4619/111
f 3458/4620/108 8198/4621/108 3485/4622/107 3459/4623/106
f 3459/4623/106 3485/4622/107 7858/4624/105 3460/4625/105
f 3460/4625/105 7858/4624/105 3486/4626/104 3461/4627/104
f 3461/4627/104 3486/4626/104 3487/4628/103 3462/4629/103
f 3462/4629/103 3487/4628/103 7856/4630/102 3463/4631/102
f 3463/4631/102 7856/4630/102 7845/4632/101 3464/4633/101
f 3464/4633/101 7845/4632/101 3446/4634/100 3465/4635/100
f 3465/4635/100 3446/4634/100 7870/4636/99 3466/4637/99
f 3466/4637/99 7870/4636/99 3445/4638/98 3467/4639/98
f 3467/4639/98 3445/4638/98 7872/4640/97 3468/4641/97
f 3468/4641/97 7872/4640/97 7854/4642/96 3469/4643/96
f 3469/4643/96 7854/4642/96 3488/4644/95 3470/4645/95
f 3470/4645/95 3488/4644/95 3444/4646/94 3471/4647/94
f 3471/4647/94 3444/4646/94 3443/4648/93 3472/4649/93
f 3472/4649/93 3443/4648/93 3489/4650/92 3473/4651/92
f 3473/4651/92 3489/4650/92 7847/4652/91 3474/4653/91
f 3474/4653/91 7847/4652/91 3442/4654/90 3475/4655/90
f 3475/4656/90 3442/4657/90 3490/4658/87 3476/4659/87
f 3476/4659/87 3490/4658/87 8180/4660/88 8178/4661/89
f 3478/4662/86 7873/4663/86 7876/4664/85 8319/4665/84
f 8319/4665/84 7876/4664/85 3439/4666/82 8318/4667/81
f 8318/4667/81 3439/4666/82 7850/4668/83 3480/4669/83
f 3501/4670/80 8145/4671/80 8148/4672/80 3497/4673/80
f 3497/4673/80 8148/4672/80 8163/4674/80 7842/4675/80
f 7842/4675/80 8163/4674/80 8160/4676/80 3482/4677/80
f 3448/4678/80 8165/4679/80 8168/4680/80 3502/4681/80
f 3502/4681/80 8168/4680/80 8153/4682/80 7869/4683/80
f 7869/4683/80 8153/4682/80 8150/4684/80 3483/4685/80
f 3484/4686/80 8155/4687/80 8158/4688/80 7859/4689/80
f 7859/4689/80 8158/4688/80 8350/4690/80 3496/4691/80
f 3496/4691/80 8350/4690/80 8351/4692/80 7857/4693/80
f 7857/4693/80 8351/4692/80 8352/4694/80 7855/4695/80
f 7855/4695/80 8352/4694/80 8353/4696/80 3495/4697/80
f 3495/4697/80 8353/4696/80 8354/4698/80 3494/4699/80
f 3494/4699/80 8354/4698/80 8355/4700/80 7844/4701/80
f 7844/4701/80 8355/4700/80 8356/4702/80 3503/4703/80
f 3503/4703/80 8356/4702/80 8357/4704/80 7871/4705/80
f 7871/4705/80 8357/4704/80 8358/4706/80 3504/4707/80
f 3504/4707/80 8358/4706/80 8359/4708/80 3493/4709/80
f 3493/4709/80 8359/4708/80 8360/4710/80 7853/4711/80
f 7853/4711/80 8360/4710/80 8361/4712/80 8347/4713/80
f 8347/4713/80 8361/4712/80 8362/4714/80 8346/4715/80
f 8346/4715/80 8362/4714/80 8363/4716/80 7852/4717/80
f 7852/4717/80 8363/4716/80 8364/4718/80 3492/4719/80
f 3492/4719/80 8364/4718/80 8365/4720/80 7846/4721/80
f 7846/4722/80 8365/4723/80 8133/4724/80 8348/4725/80
f 8348/4725/80 8133/4724/80 8130/4726/80 3441/4727/80
f 3440/4728/80 8135/4729/80 8138/4730/80 3505/4731/80
f 3505/4731/80 8138/4730/80 8143/4732/80 7848/4733/80
f 7848/4733/80 8143/4732/80 8139/4734/80 3491/4735/80
f 8140/4736/52 3561/4737/52 8366/4738/79 8144/4739/79
f 8144/4739/79 8366/4738/79 3531/4740/78 3506/4741/78
f 3506/4741/78 3531/4740/78 3532/4742/77 3507/4743/77
f 3507/4743/77 3532/4742/77 3533/4744/33 8159/4745/33
f 8159/4745/33 3533/4744/33 3534/4746/76 8164/4747/76
f 8164/4747/76 3534/4746/76 8372/4748/75 3508/4749/75
f 3508/4749/75 8372/4748/75 8373/4750/74 3509/4751/74
f 3509/4751/74 8373/4750/74 8374/4752/73 8149/4753/73
f 8149/4753/73 8374/4752/73 3538/4754/72 8154/4755/72
f 8154/4755/72 3538/4754/72 8376/4756/71 3510/4757/71
f 3510/4757/71 8376/4756/71 3540/4758/70 3511/4759/70
f 3511/4759/70 3540/4758/70 3541/4760/2 3512/4761/2
f 3512/4761/2 3541/4760/2 3542/4762/69 3513/4763/69
f 3513/4763/69 3542/4762/69 3543/4764/68 3514/4765/68
f 3514/4765/68 3543/4764/68 3544/4766/67 3515/4767/67
f 3515/4767/67 3544/4766/67 3545/4768/66 3516/4769/66
f 3516/4769/66 3545/4768/66 8383/4770/65 3517/4771/65
f 3517/4771/65 8383/4770/65 8384/4772/64 3518/4773/64
f 3518/4773/64 8384/4772/64 8385/4774/63 3519/4775/63
f 3519/4775/63 8385/4774/63 8386/4776/62 3520/4777/62
f 3520/4777/62 8386/4776/62 8387/4778/61 3521/4779/61
f 3521/4779/61 8387/4778/61 8388/4780/60 3522/4781/60
f 3522/4781/60 8388/4780/60 3552/4782/59 3523/4783/59
f 3523/4783/59 3552/4782/59 8390/4784/58 3524/4785/58
f 3524/4785/58 8390/4784/58 3554/4786/57 3525/4787/57
f 3525/4787/57 3554/4786/57 8392/4788/56 3526/4789/56
f 3526/4790/56 8392/4791/56 8393/4792/55 3527/4793/55
f 3527/4793/55 8393/4792/55 3557/4794/3 8129/4795/3
f 8129/4795/3 3557/4794/3 8395/4796/54 8134/4797/54
f 8134/4797/54 8395/4796/54 8396/4798/53 3528/4799/53
f 3528/4799/53 8396/4798/53 3560/4800/51 3529/4801/51
f 3529/4801/51 3560/4800/51 3561/4737/52 8140/4736/52
f 8367/4802/50 7877/4803/50 3562/4804/50 3530/4805/50
f 3530/4805/50 3562/4804/50 7891/4806/50 8368/4807/50
f 8368/4807/50 7891/4806/50 8345/4808/50 8369/4809/50
f 8369/4809/50 8345/4810/50 8344/4811/50 8370/4812/50
f 8370/4812/50 8344/4813/50 7892/4814/50 8371/4815/50
f 8371/4815/50 7892/4814/50 3563/4816/50 3535/4817/50
f 3535/4817/50 3563/4816/50 3564/4818/50 3536/4819/50
f 3536/4819/50 3564/4818/50 3565/4820/50 3537/4821/50
f 3537/4821/50 3565/4820/50 7879/4822/50 8375/4823/50
f 8375/4823/50 7879/4822/50 3566/4824/50 3539/4825/50
f 3539/4825/50 3566/4824/50 7894/4826/50 8377/4827/50
f 8377/4827/50 7894/4826/50 7890/4828/50 8378/4829/50
f 8378/4829/50 7890/4828/50 3500/4830/50 8379/4831/50
f 8379/4831/50 3500/4830/50 7888/4832/50 8380/4833/50
f 8380/4833/50 7888/4832/50 3499/4834/50 8381/4835/50
f 8381/4835/50 3499/4834/50 7882/4836/50 8382/4837/50
f 8382/4837/50 7882/4836/50 3567/4838/50 3546/4839/50
f 3546/4839/50 3567/4838/50 3568/4840/50 3547/4841/50
f 3547/4841/50 3568/4840/50 3569/4842/50 3548/4843/50
f 3548/4843/50 3569/4842/50 3570/4844/50 3549/4845/50
f 3549/4845/50 3570/4844/50 3571/4846/50 3550/4847/50
f 3550/4847/50 3571/4846/50 3572/4848/50 3551/4849/50
f 3551/4849/50 3572/4848/50 7896/4850/50 8389/4851/50
f 8389/4851/50 7896/4850/50 3573/4852/50 3553/4853/50
f 3553/4853/50 3573/4852/50 7899/4854/50 8391/4855/50
f 8391/4855/50 7899/4854/50 3574/4856/50 3555/4857/50
f 3555/4858/50 3574/4859/50 3575/4860/50 3556/4861/50
f 3556/4861/50 3575/4860/50 7884/4862/50 8394/4863/50
f 8394/4863/50 7884/4862/50 3576/4864/50 3558/4865/50
f 3558/4865/50 3576/4864/50 3577/4866/50 3559/4867/50
f 3559/4867/50 3577/4866/50 3498/4868/50 8397/4869/50
f 8397/4869/50 3498/4868/50 7877/4803/50 8367/4802/50
f 8608/4870/136 8610/4871/136 8606/4872/136 8602/4873/136
f 8592/4874/131 8594/4875/131 8590/4876/131 8586/4877/131
f 8576/4878/145 8578/4879/145 8574/4880/145 8570/4881/145
f 8560/4882/515 8562/4883/515 8558/4884/515 8554/4885/515
f 8544/4886/516 8546/4887/516 8542/4888/516 8538/4889/516
f 8528/4890/517 8530/4891/517 8526/4892/517 8522/4893/517
f 8512/4894/518 8514/4895/518 8510/4896/518 8506/4897/518
f 8496/4898/519 8498/4899/519 8494/4900/519 8490/4901/519
f 8480/4902/520 8482/4903/520 8478/4904/520 8474/4905/520
f 8464/4906/445 8466/4907/445 8462/4908/445 8458/4909/445
f 8416/4910/521 8418/4911/521 8414/4912/521 8410/4913/521
f 8448/4914/149 8450/4915/149 8446/4916/149 8442/4917/149
f 8434/4918/522 8430/4919/522 8426/4920/522 8432/4921/522
f 8656/4922/133 8658/4923/133 8654/4924/133 8650/4925/133
f 8640/4926/134 8642/4927/134 8638/4928/134 8634/4929/134
f 8624/4930/135 8626/4931/135 8622/4932/135 8618/4933/135
f 8405/4934/145 8403/4935/145 8407/4936/145 8411/4937/145
f 8415/4938/134 8409/4939/134 8404/4940/134 8406/4941/134
f 3673/4942/80 8413/4943/80 8408/4944/80 3578/4945/80
f 3672/4946/518 8417/4947/518 8412/4948/518 3579/4949/518
f 3701/4950/50 3702/4951/50 3581/4952/50 3580/4953/50
f 8421/4954/516 8419/4955/516 8423/4956/516 8427/4957/516
f 8431/4958/136 8425/4959/136 8420/4960/136 8422/4961/136
f 3670/4962/80 8429/4963/80 8424/4964/80 3582/4965/80
f 3671/4966/520 8433/4967/520 8428/4968/520 3583/4969/520
f 3705/4970/50 3675/4971/50 3585/4972/50 3584/4973/50
f 8437/4974/515 8435/4975/515 8439/4976/515 8443/4977/515
f 8447/4978/135 8441/4979/135 8436/4980/135 8438/4981/135
f 3669/4982/80 8445/4983/80 8440/4984/80 3586/4985/80
f 3668/4986/519 8449/4987/519 8444/4988/519 3587/4989/519
f 3703/4990/50 3704/4991/50 3589/4992/50 3588/4993/50
f 8453/4994/131 8451/4995/131 8455/4996/131 8459/4997/131
f 8463/4998/133 8457/4999/133 8452/5000/133 8454/5001/133
f 3667/5002/80 8461/5003/80 8456/5004/80 3590/5005/80
f 3666/5006/517 8465/5007/517 8460/5008/517 3591/5009/517
f 3699/5010/50 3700/5011/50 3593/5012/50 3592/5013/50
f 8469/5014/136 8467/5015/136 8471/5016/136 8475/5017/136
f 8479/5018/522 8473/5019/522 8468/5020/522 8470/5021/522
f 3665/5022/80 8477/5023/80 8472/5024/80 3594/5025/80
f 3664/5026/516 8481/5027/516 8476/5028/516 3595/5029/516
f 3697/5030/50 3698/5031/50 3597/5032/50 3596/5033/50
f 8485/5034/135 8483/5035/135 8487/5036/135 8491/5037/135
f 8495/5038/149 8489/5039/149 8484/5040/149 8486/5041/149
f 3663/5042/80 8493/5043/80 8488/5044/80 3598/5045/80
f 3662/5046/515 8497/5047/515 8492/5048/515 3599/5049/515
f 3695/5050/50 3696/5051/50 3601/5052/50 3600/5053/50
f 8501/5054/134 8499/5055/134 8503/5056/134 8507/5057/134
f 8511/5058/521 8505/5059/521 8500/5060/521 8502/5061/521
f 3661/5062/80 8509/5063/80 8504/5064/80 3602/5065/80
f 3660/5066/145 8513/5067/145 8508/5068/145 3603/5069/145
f 3693/5070/50 3694/5071/50 3605/5072/50 3604/5073/50
f 8517/5074/133 8515/5075/133 8519/5076/133 8523/5077/133
f 8527/5078/445 8521/5079/445 8516/5080/445 8518/5081/445
f 3659/5082/80 8525/5083/80 8520/5084/80 3606/5085/80
f 3658/5086/131 8529/5087/131 8524/5088/131 3607/5089/131
f 3691/5090/50 3692/5091/50 3609/5092/50 3608/5093/50
f 8533/5094/522 8531/5095/522 8535/5096/522 8539/5097/522
f 8543/5098/520 8537/5099/520 8532/5100/520 8534/5101/520
f 3657/5102/80 8541/5103/80 8536/5104/80 3610/5105/80
f 3656/5106/136 8545/5107/136 8540/5108/136 3611/5109/136
f 3689/5110/50 3690/5111/50 3613/5112/50 3612/5113/50
f 8549/5114/149 8547/5115/149 8551/5116/149 8555/5117/149
f 8559/5118/519 8553/5119/519 8548/5120/519 8550/5121/519
f 3655/5122/80 8557/5123/80 8552/5124/80 3614/5125/80
f 3654/5126/135 8561/5127/135 8556/5128/135 3615/5129/135
f 3687/5130/50 3688/5131/50 3617/5132/50 3616/5133/50
f 8565/5134/521 8563/5135/521 8567/5136/521 8571/5137/521
f 8575/5138/518 8569/5139/518 8564/5140/518 8566/5141/518
f 3653/5142/80 8573/5143/80 8568/5144/80 3618/5145/80
f 3652/5146/134 8577/5147/134 8572/5148/134 3619/5149/134
f 3685/5150/50 3686/5151/50 3621/5152/50 3620/5153/50
f 8581/5154/445 8579/5155/445 8583/5156/445 8587/5157/445
f 8591/5158/517 8585/5159/517 8580/5160/517 8582/5161/517
f 3651/5162/80 8589/5163/80 8584/5164/80 3622/5165/80
f 3650/5166/133 8593/5167/133 8588/5168/133 3623/5169/133
f 3683/5170/50 3684/5171/50 3625/5172/50 3624/5173/50
f 8597/5174/520 8595/5175/520 8599/5176/520 8603/5177/520
f 8607/5178/516 8601/5179/516 8596/5180/516 8598/5181/516
f 3649/5182/80 8605/5183/80 8600/5184/80 3626/5185/80
f 3648/5186/522 8609/5187/522 8604/5188/522 3627/5189/522
f 3681/5190/50 3682/5191/50 3629/5192/50 3628/5193/50
f 8613/5194/519 8611/5195/519 8615/5196/519 8619/5197/519
f 8623/5198/515 8617/5199/515 8612/5200/515 8614/5201/515
f 3647/5202/80 8621/5203/80 8616/5204/80 3630/5205/80
f 3646/5206/149 8625/5207/149 8620/5208/149 3631/5209/149
f 3679/5210/50 3680/5211/50 3633/5212/50 3632/5213/50
f 8629/5214/518 8627/5215/518 8631/5216/518 8635/5217/518
f 8639/5218/145 8633/5219/145 8628/5220/145 8630/5221/145
f 3645/5222/80 8637/5223/80 8632/5224/80 3634/5225/80
f 3644/5226/521 8641/5227/521 8636/5228/521 3635/5229/521
f 3677/5230/50 3678/5231/50 3637/5232/50 3636/5233/50
f 8645/5234/517 8643/5235/517 8647/5236/517 8651/5237/517
f 8655/5238/131 8649/5239/131 8644/5240/131 8646/5241/131
f 3643/5242/80 8653/5243/80 8648/5244/80 3638/5245/80
f 3642/5246/445 8657/5247/445 8652/5248/445 3639/5249/445
f 3674/5250/50 3676/5251/50 3641/5252/50 3640/5253/50
f 8721/5254/50 8719/5255/50 8789/5256/50 8787/5257/50
f 8783/5258/445 8722/5259/445 8788/5260/445 8791/5261/445
f 8785/5262/80 8784/5263/80 8792/5264/80 8793/5265/80
f 8720/5266/131 8786/5267/131 8794/5268/131 8790/5269/131
f 3770/5270/517 3773/5271/517 3772/5272/517 3771/5273/517
f 8717/5274/50 8715/5275/50 8797/5276/50 8795/5277/50
f 8779/5278/521 8718/5279/521 8796/5280/521 8799/5281/521
f 8781/5282/80 8780/5283/80 8800/5284/80 8801/5285/80
f 8716/5286/145 8782/5287/145 8802/5288/145 8798/5289/145
f 3774/5290/518 3777/5291/518 3776/5292/518 3775/5293/518
f 8713/5294/50 8711/5295/50 8805/5296/50 8803/5297/50
f 8775/5298/149 8714/5299/149 8804/5300/149 8807/5301/149
f 8777/5302/80 8776/5303/80 8808/5304/80 8809/5305/80
f 8712/5306/515 8778/5307/515 8810/5308/515 8806/5309/515
f 3778/5310/519 3781/5311/519 3780/5312/519 3779/5313/519
f 8709/5314/50 8707/5315/50 8813/5316/50 8811/5317/50
f 8771/5318/522 8710/5319/522 8812/5320/522 8815/5321/522
f 8773/5322/80 8772/5323/80 8816/5324/80 8817/5325/80
f 8708/5326/516 8774/5327/516 8818/5328/516 8814/5329/516
f 3782/5330/520 3785/5331/520 3784/5332/520 3783/5333/520
f 8705/5334/50 8703/5335/50 8821/5336/50 8819/5337/50
f 8767/5338/133 8706/5339/133 8820/5340/133 8823/5341/133
f 8769/5342/80 8768/5343/80 8824/5344/80 8825/5345/80
f 8704/5346/517 8770/5347/517 8826/5348/517 8822/5349/517
f 3786/5350/445 3789/5351/445 3788/5352/445 3787/5353/445
f 8701/5354/50 8699/5355/50 8829/5356/50 8827/5357/50
f 8763/5358/134 8702/5359/134 8828/5360/134 8831/5361/134
f 8765/5362/80 8764/5363/80 8832/5364/80 8833/5365/80
f 8700/5366/518 8766/5367/518 8834/5368/518 8830/5369/518
f 3790/5370/521 3793/5371/521 3792/5372/521 3791/5373/521
f 8697/5374/50 8695/5375/50 8837/5376/50 8835/5377/50
f 8759/5378/135 8698/5379/135 8836/5380/135 8839/5381/135
f 8761/5382/80 8760/5383/80 8840/5384/80 8841/5385/80
f 8696/5386/519 8762/5387/519 8842/5388/519 8838/5389/519
f 3794/5390/149 3797/5391/149 3796/5392/149 3795/5393/149
f 8693/5394/50 8691/5395/50 8845/5396/50 8843/5397/50
f 8755/5398/136 8694/5399/136 8844/5400/136 8847/5401/136
f 8757/5402/80 8756/5403/80 8848/5404/80 8849/5405/80
f 8692/5406/520 8758/5407/520 8850/5408/520 8846/5409/520
f 3798/5410/522 3801/5411/522 3800/5412/522 3799/5413/522
f 8689/5414/50 8687/5415/50 8853/5416/50 8851/5417/50
f 8751/5418/131 8690/5419/131 8852/5420/131 8855/5421/131
f 8753/5422/80 8752/5423/80 8856/5424/80 8857/5425/80
f 8688/5426/445 8754/5427/445 8858/5428/445 8854/5429/445
f 3802/5430/133 3805/5431/133 3804/5432/133 3803/5433/133
f 8685/5434/50 8683/5435/50 8861/5436/50 8859/5437/50
f 8747/5438/145 8686/5439/145 8860/5440/145 8863/5441/145
f 8749/5442/80 8748/5443/80 8864/5444/80 8865/5445/80
f 8684/5446/521 8750/5447/521 8866/5448/521 8862/5449/521
f 3806/5450/134 3809/5451/134 3808/5452/134 3807/5453/134
f 8681/5454/50 8679/5455/50 8869/5456/50 8867/5457/50
f 8743/5458/515 8682/5459/515 8868/5460/515 8871/5461/515
f 8745/5462/80 8744/5463/80 8872/5464/80 8873/5465/80
f 8680/5466/149 8746/5467/149 8874/5468/149 8870/5469/149
f 3810/5470/135 3813/5471/135 3812/5472/135 3811/5473/135
f 8677/5474/50 8675/5475/50 8877/5476/50 8875/5477/50
f 8739/5478/516 8678/5479/516 8876/5480/516 8879/5481/516
f 8741/5482/80 8740/5483/80 8880/5484/80 8881/5485/80
f 8676/5486/522 8742/5487/522 8882/5488/522 8878/5489/522
f 3814/5490/136 3817/5491/136 3816/5492/136 3815/5493/136
f 8673/5494/50 8671/5495/50 8885/5496/50 8883/5497/50
f 8735/5498/517 8674/5499/517 8884/5500/517 8887/5501/517
f 8737/5502/80 8736/5503/80 8888/5504/80 8889/5505/80
f 8672/5506/133 8738/5507/133 8890/5508/133 8886/5509/133
f 3818/5510/131 3821/5511/131 3820/5512/131 3819/5513/131
f 8669/5514/50 8667/5515/50 8893/5516/50 8891/5517/50
f 8731/5518/519 8670/5519/519 8892/5520/519 8895/5521/519
f 8733/5522/80 8732/5523/80 8896/5524/80 8897/5525/80
f 8668/5526/135 8734/5527/135 8898/5528/135 8894/5529/135
f 3822/5530/515 3825/5531/515 3824/5532/515 3823/5533/515
f 8663/5534/50 8665/5535/50 8901/5536/50 8899/5537/50
f 8727/5538/520 8664/5539/520 8900/5540/520 8903/5541/520
f 8729/5542/80 8728/5543/80 8904/5544/80 8905/5545/80
f 8666/5546/136 8730/5547/136 8906/5548/136 8902/5549/136
f 3826/5550/516 3829/5551/516 3828/5552/516 3827/5553/516
f 8661/5554/50 8659/5555/50 8909/5556/50 8907/5557/50
f 8723/5558/518 8662/5559/518 8908/5560/518 8911/5561/518
f 8725/5562/80 8724/5563/80 8912/5564/80 8913/5565/80
f 8660/5566/134 8726/5567/134 8914/5568/134 8910/5569/134
f 3830/5570/145 3833/5571/145 3832/5572/145 3831/5573/145
f 3731/5574/135 3732/5575/135 3765/5576/135 3764/5577/135
f 3733/5578/134 3734/5579/134 3767/5580/134 3766/5581/134
f 3735/5582/133 3737/5583/133 3769/5584/133 3768/5585/133
f 3706/5586/522 3740/5587/522 3741/5588/522 3736/5589/522
f 3707/5590/149 3708/5591/149 3743/5592/149 3742/5593/149
f 3709/5594/521 3710/5595/521 3739/5596/521 3738/5597/521
f 3711/5598/445 3712/5599/445 3745/5600/445 3744/5601/445
f 3713/5602/520 3714/5603/520 3747/5604/520 3746/5605/520
f 3715/5606/519 3716/5607/519 3749/5608/519 3748/5609/519
f 3717/5610/518 3718/5611/518 3751/5612/518 3750/5613/518
f 3719/5614/517 3720/5615/517 3753/5616/517 3752/5617/517
f 3721/5618/516 3722/5619/516 3755/5620/516 3754/5621/516
f 3723/5622/515 3724/5623/515 3757/5624/515 3756/5625/515
f 3725/5626/145 3726/5627/145 3759/5628/145 3758/5629/145
f 3727/5630/131 3728/5631/131 3761/5632/131 3760/5633/131
f 3729/5634/136 3730/5635/136 3763/5636/136 3762/5637/136
f 8967/5638/74 3841/5639/74 3872/5640/73 8932/5641/73
f 8919/5642/75 3842/5643/75 3841/5639/74 8967/5638/74
f 3840/5644/76 3843/5645/76 3842/5643/75 8919/5642/75
f 8935/5646/33 3844/5647/33 3843/5645/76 3840/5644/76
f 9060/5648/77 3845/5649/77 3844/5647/33 8935/5646/33
f 9061/5650/78 3846/5651/78 3845/5649/77 9060/5648/77
f 9062/5652/79 3847/5653/79 3846/5651/78 9061/5650/78
f 8947/5654/52 3848/5655/52 3847/5653/79 9062/5652/79
f 8946/5656/51 3849/5657/51 3848/5655/52 8947/5654/52
f 8921/5658/53 3850/5659/53 3849/5657/51 8946/5656/51
f 3839/5660/54 3851/5661/54 3850/5659/53 8921/5658/53
f 8934/5662/3 3852/5663/3 3851/5661/54 3839/5660/54
f 9059/5664/55 3853/5665/55 3852/5663/3 8934/5662/3
f 8917/5666/56 3854/5667/56 3853/5665/55 9059/5664/55
f 3875/5668/57 3855/5669/57 3854/5667/56 8917/5666/56
f 8916/5670/58 3856/5671/58 3855/5669/57 3875/5668/57
f 3876/5672/130 3857/5673/130 3856/5671/58 8916/5670/58
f 8930/5674/60 3858/5675/60 3857/5673/130 3876/5672/130
f 3877/5676/61 3859/5677/61 3858/5675/60 8930/5674/60
f 3838/5678/62 3860/5679/62 3859/5677/61 3877/5676/61
f 8924/5680/63 3861/5681/63 3860/5682/62 3838/5683/62
f 3878/5684/64 3862/5685/64 3861/5681/63 8924/5680/63
f 3837/5686/65 3863/5687/65 3862/5685/64 3878/5684/64
f 3836/5688/66 3864/5689/66 3863/5687/65 3837/5686/65
f 3879/5690/67 3865/5691/67 3864/5689/66 3836/5688/66
f 8926/5692/68 3866/5693/68 3865/5691/67 3879/5690/67
f 3835/5694/69 3867/5695/69 3866/5693/68 8926/5692/68
f 3874/5696/2 3868/5697/2 3867/5695/69 3835/5694/69
f 8928/5698/70 3869/5699/70 3868/5697/2 3874/5696/2
f 3834/5700/71 3870/5701/71 3869/5699/70 8928/5698/70
f 3873/5702/72 3871/5703/72 3870/5701/71 3834/5700/71
f 8932/5641/73 3872/5640/73 3871/5703/72 3873/5702/72
f 3973/5704/2 9037/5705/333 8940/5706/105 8941/5707/104
f 9035/5708/358 9031/5709/357 8955/5710/378 9024/5711/107
f 9057/5712/342 9030/5713/367 3963/5714/377 9033/5715/343
f 4002/5716/369 3968/5717/113 9055/5718/346 9053/5719/523
f 9051/5720/349 9049/5721/348 8944/5722/116 8945/5723/368
f 9026/5724/371 9027/5725/119 9047/5726/352 9045/5727/351
f 9043/5728/355 9041/5729/354 8943/5730/372 8942/5731/370
f 3952/5732/50 8931/5733/50 8969/5734/50 8968/5735/50
f 8931/5733/50 8927/5736/50 8970/5737/50 8969/5734/50
f 8927/5736/50 3880/5738/50 8971/5739/50 8970/5737/50
f 3880/5738/50 8933/5740/50 8972/5741/50 8971/5739/50
f 8933/5740/50 8937/5742/50 8973/5743/50 8972/5741/50
f 8937/5742/50 4017/5744/50 8974/5745/50 8973/5743/50
f 4017/5744/50 8925/5746/50 8975/5747/50 8974/5745/50
f 8925/5746/50 8938/5748/50 8976/5749/50 8975/5747/50
f 8938/5748/50 8939/5750/50 8977/5751/50 8976/5749/50
f 8939/5750/50 8923/5752/50 8978/5753/50 8977/5751/50
f 8923/5752/50 4016/5754/50 8979/5755/50 8978/5753/50
f 4016/5754/50 8936/5756/50 8980/5757/50 8979/5755/50
f 8936/5758/50 8929/5759/50 8981/5760/50 8980/5761/50
f 8929/5759/50 3881/5762/50 8982/5763/50 8981/5760/50
f 3881/5762/50 8922/5764/50 8983/5765/50 8982/5763/50
f 8922/5764/50 4015/5766/50 8984/5767/50 8983/5765/50
f 4015/5766/50 8915/5768/50 8985/5769/50 8984/5767/50
f 8915/5768/50 4007/5770/50 8986/5771/50 8985/5769/50
f 4007/5770/50 4008/5772/50 8987/5773/50 8986/5771/50
f 4008/5772/50 4009/5774/50 8988/5775/50 8987/5773/50
f 4009/5774/50 8920/5776/50 8989/5777/50 8988/5775/50
f 8920/5776/50 3882/5778/50 8990/5779/50 8989/5777/50
f 3882/5778/50 3951/5780/50 8991/5781/50 8990/5779/50
f 3951/5780/50 4014/5782/50 8992/5783/50 8991/5781/50
f 4014/5782/50 4013/5784/50 8993/5785/50 8992/5783/50
f 4013/5784/50 4012/5786/50 8994/5787/50 8993/5785/50
f 4012/5786/50 4011/5788/50 8995/5789/50 8994/5787/50
f 4011/5788/50 4010/5790/50 8996/5791/50 8995/5789/50
f 4010/5790/50 8918/5792/50 8997/5793/50 8996/5791/50
f 8918/5792/50 3883/5794/50 8998/5795/50 8997/5793/50
f 3883/5794/50 3884/5796/50 8999/5797/50 8998/5795/50
f 3884/5796/50 3952/5732/50 8968/5735/50 8999/5797/50
f 3885/5798/73 3886/5799/72 9000/5800/72 4115/5801/73
f 3886/5799/72 3887/5802/71 9001/5803/71 9000/5800/72
f 3887/5802/71 3888/5804/70 9175/5805/70 9001/5803/71
f 3888/5804/70 3889/5806/2 9176/5807/2 9175/5805/70
f 3889/5806/2 3890/5808/69 9002/5809/69 9176/5807/2
f 3890/5808/69 3891/5810/68 3920/5811/68 9002/5809/69
f 3891/5810/68 3892/5812/67 9004/5813/67 3920/5811/68
f 3892/5812/67 3893/5814/66 9005/5815/66 9004/5813/67
f 3893/5814/66 3894/5816/65 9006/5817/65 9005/5815/66
f 3894/5816/65 3895/5818/64 3924/5819/64 9006/5817/65
f 3895/5818/64 3896/5820/63 9008/5821/63 3924/5819/64
f 3896/5820/63 3897/5822/62 9009/5823/62 9008/5821/63
f 3897/5824/62 3898/5825/61 3927/5826/61 9009/5827/62
f 3898/5825/61 3899/5828/60 3928/5829/60 3927/5826/61
f 3899/5828/60 3900/5830/59 9012/5831/59 3928/5829/60
f 3900/5830/59 3901/5832/58 9013/5833/58 9012/5831/59
f 3901/5832/58 3902/5834/57 9014/5835/57 9013/5833/58
f 3902/5834/57 3903/5836/56 9015/5837/56 9014/5835/57
f 3903/5836/56 3904/5838/55 3933/5839/55 9015/5837/56
f 3904/5838/55 3905/5840/3 9017/5841/3 3933/5839/55
f 3905/5840/3 3906/5842/54 9018/5843/54 9017/5841/3
f 3906/5842/54 3907/5844/53 3936/5845/53 9018/5843/54
f 3907/5844/53 3908/5846/51 9173/5847/51 3936/5845/53
f 3908/5846/51 3909/5848/52 9174/5849/52 9173/5847/51
f 3909/5848/52 3910/5850/79 9020/5851/79 9174/5849/52
f 3910/5850/79 3911/5852/78 9021/5853/78 9020/5851/79
f 3911/5852/78 3912/5854/77 9171/5855/77 9021/5853/78
f 3912/5854/77 3913/5856/33 4117/5857/33 9171/5855/77
f 3913/5856/33 3914/5858/76 3939/5859/76 4117/5857/33
f 3914/5858/76 3915/5860/75 3940/5861/75 3939/5859/76
f 3915/5860/75 3916/5862/74 9169/5863/74 3940/5861/75
f 3916/5862/74 3885/5798/73 4115/5801/73 9169/5863/74
f 9170/5864/80 3917/5865/80 3941/5866/80 8956/5867/80
f 3917/5865/80 3918/5868/80 3942/5869/80 3941/5866/80
f 3918/5868/80 4120/5870/80 3943/5871/80 3942/5869/80
f 4121/5872/80 3919/5873/80 3962/5874/80 3944/5875/80
f 3919/5873/80 9003/5876/80 8953/5877/80 3962/5874/80
f 9003/5876/80 3921/5878/80 3961/5879/80 8953/5877/80
f 3921/5878/80 3922/5880/80 3960/5881/80 3961/5879/80
f 3922/5880/80 3923/5882/80 3945/5883/80 3960/5881/80
f 3923/5882/80 9007/5884/80 8951/5885/80 3945/5883/80
f 9007/5884/80 3925/5886/80 3959/5887/80 8951/5885/80
f 3925/5886/80 3926/5888/80 3958/5889/80 3959/5887/80
f 3926/5890/80 9010/5891/80 8949/5892/80 3958/5893/80
f 9010/5891/80 9011/5894/80 8963/5895/80 8949/5892/80
f 9011/5894/80 3929/5896/80 3946/5897/80 8963/5895/80
f 3929/5896/80 3930/5898/80 3947/5899/80 3946/5897/80
f 3930/5898/80 3931/5900/80 3957/5901/80 3947/5899/80
f 3931/5900/80 3932/5902/80 3956/5903/80 3957/5901/80
f 3932/5902/80 9016/5904/80 8958/5905/80 3956/5903/80
f 9016/5904/80 3934/5906/80 3955/5907/80 8958/5905/80
f 3934/5906/80 3935/5908/80 3954/5909/80 3955/5907/80
f 3935/5908/80 9019/5910/80 8961/5911/80 3954/5909/80
f 9019/5910/80 4118/5912/80 3966/5913/80 8961/5911/80
f 4119/5914/80 3937/5915/80 3948/5916/80 3953/5917/80
f 3937/5915/80 3938/5918/80 3949/5919/80 3948/5916/80
f 3938/5918/80 4116/5920/80 3950/5921/80 3949/5919/80
f 9172/5922/80 9022/5923/80 8966/5924/80 3967/5925/80
f 9022/5923/80 9023/5926/80 8965/5927/80 8966/5924/80
f 9023/5926/80 4114/5928/80 4001/5929/80 8965/5927/80
f 3963/5714/377 8955/5710/378 9031/5709/357 9033/5715/343
f 9024/5711/107 8940/5706/105 9037/5705/333 9035/5708/358
f 8941/5707/104 8954/5930/103 3974/5931/69 3973/5704/2
f 8954/5930/103 4006/5932/102 3975/5933/68 3974/5931/69
f 4006/5932/102 8952/5934/101 3976/5935/67 3975/5933/68
f 8952/5934/101 9029/5936/100 3977/5937/66 3976/5935/67
f 9029/5936/100 8964/5938/524 3978/5939/65 3977/5937/66
f 8964/5938/524 4005/5940/98 3979/5941/64 3978/5939/65
f 4005/5940/98 8950/5942/97 3980/5943/63 3979/5941/64
f 8950/5942/97 8948/5944/96 3981/5945/62 3980/5943/63
f 8948/5946/96 4004/5947/95 3982/5948/61 3981/5949/62
f 4004/5947/95 4003/5950/94 3983/5951/60 3982/5948/61
f 4003/5950/94 8962/5952/525 3984/5953/130 3983/5951/60
f 8962/5952/525 9025/5954/92 3985/5955/58 3984/5953/130
f 9025/5954/92 9028/5956/91 3986/5957/57 3985/5955/58
f 9028/5956/91 8957/5958/90 3987/5959/56 3986/5957/57
f 8957/5958/90 3964/5960/87 3988/5961/55 3987/5959/56
f 3964/5960/87 8959/5962/374 3989/5963/3 3988/5961/55
f 8959/5962/374 8960/5964/373 3990/5965/54 3989/5963/3
f 8960/5964/373 3965/5966/85 9039/5967/327 3990/5965/54
f 3965/5966/85 8943/5730/372 9041/5729/354 9039/5967/327
f 8942/5731/370 9026/5724/371 9045/5727/351 9043/5728/355
f 9027/5725/119 8944/5722/116 9049/5721/348 9047/5726/352
f 8945/5723/368 4002/5716/369 9053/5719/523 9051/5720/349
f 3968/5717/113 9030/5713/367 9057/5712/342 9055/5718/346
f 9040/5968/366 9042/5969/366 9091/5970/366 9093/5971/366
f 9044/5972/365 9046/5973/365 9085/5974/365 9087/5975/365
f 9048/5976/364 9050/5977/364 9079/5978/364 9081/5979/364
f 9052/5980/363 9054/5981/363 9073/5982/363 9075/5983/363
f 9056/5984/362 9058/5985/362 9064/5986/362 9069/5987/362
f 9032/5988/361 9121/5989/361 9067/5990/361 9034/5991/361
f 9036/5992/360 9038/5993/360 9115/5994/360 9117/5995/360
f 9066/5996/73 4051/5997/73 4050/5998/74 9063/5999/74
f 9070/6000/75 9063/5999/74 4050/5998/74 4052/6001/75
f 9072/6002/76 9070/6000/75 4052/6001/75 4053/6003/76
f 9076/6004/33 9072/6002/76 4053/6003/76 4054/6005/33
f 9078/6006/77 9076/6004/33 4054/6005/33 4055/6007/77
f 9082/6008/78 9078/6006/77 4055/6007/77 4056/6009/78
f 9084/6010/79 9082/6008/78 4056/6009/78 4057/6011/79
f 9088/6012/52 9084/6010/79 4057/6011/79 4058/6013/52
f 9090/6014/51 9088/6012/52 4058/6013/52 4059/6015/51
f 9094/6016/53 9090/6014/51 4059/6015/51 4060/6017/53
f 9096/6018/54 9094/6016/53 4060/6017/53 4061/6019/54
f 9097/6020/3 9096/6018/54 4061/6019/54 4062/6021/3
f 9098/6022/55 9097/6020/3 4062/6021/3 4063/6023/55
f 9099/6024/56 9098/6022/55 4063/6023/55 4064/6025/56
f 9100/6026/57 9099/6024/56 4064/6025/56 4065/6027/57
f 9101/6028/58 9100/6026/57 4065/6027/57 4066/6029/58
f 9102/6030/130 9101/6028/58 4066/6029/58 4067/6031/130
f 9103/6032/60 9102/6030/130 4067/6031/130 4068/6033/60
f 9104/6034/61 9103/6032/60 4068/6033/60 4069/6035/61
f 9105/6036/62 9104/6034/61 4069/6035/61 4070/6037/62
f 9106/6038/63 9105/6039/62 4070/6040/62 4071/6041/63
f 9107/6042/64 9106/6038/63 4071/6041/63 4072/6043/64
f 9108/6044/122 9107/6042/64 4072/6043/64 4073/6045/122
f 9109/6046/66 9108/6044/122 4073/6045/122 4074/6047/66
f 9110/6048/67 9109/6046/66 4074/6047/66 4075/6049/67
f 9111/6050/68 9110/6048/67 4075/6049/67 4076/6051/68
f 9112/6052/69 9111/6050/68 4076/6051/68 4077/6053/69
f 9114/6054/70 9113/6055/2 4078/6056/2 4079/6057/70
f 9118/6058/71 9114/6054/70 4079/6057/70 4080/6059/71
f 9120/6060/72 9118/6058/71 4080/6059/71 4081/6061/72
f 9066/5996/73 9120/6060/72 4081/6061/72 4051/5997/73
f 9113/6055/2 9112/6052/69 4077/6053/69 4078/6056/2
f 9031/5709/357 9035/5708/358 9123/6062/359 9125/6063/359
f 9041/5729/354 9043/5728/355 9127/6064/356 9129/6065/356
f 9045/5727/351 9047/5726/352 9131/6066/353 9133/6067/353
f 9049/5721/348 9051/5720/349 9135/6068/350 9137/6069/350
f 9053/5719/523 9055/5718/346 9139/6070/347 9141/6071/347
f 9057/5712/342 9033/5715/343 9143/6072/344 9145/6073/344
f 9089/6074/341 9092/6075/341 9130/6076/341 9128/6077/341
f 9083/6078/340 9086/6079/340 9134/6080/340 9132/6081/340
f 9077/6082/339 9080/6083/339 9138/6084/339 9136/6085/339
f 9071/6086/338 9074/6087/338 9142/6088/338 9140/6089/338
f 9065/6090/337 9146/6091/337 9144/6092/337 9068/6093/337
f 9119/6094/336 9122/6095/336 9126/6096/336 9124/6097/336
f 3970/6098/52 4049/6099/52 4092/6100/52
f 4000/6101/335 4093/6102/335 4018/6103/335
f 3969/6104/122 4082/6105/122 4048/6106/122
f 3971/6107/78 4047/6108/78 4083/6109/78
f 9037/5705/333 3973/5704/2 9149/6110/332 9147/6111/334
f 4045/6112/326 9116/6113/146 9148/6114/146 4095/6115/326
f 3973/5704/2 3974/5931/69 9150/6116/331 9149/6110/332
f 3974/5931/69 3975/5933/68 9151/6117/68 9150/6116/331
f 3975/5933/68 3976/5935/67 9152/6118/67 9151/6117/68
f 3976/5935/67 3977/5937/66 9153/6119/66 9152/6118/67
f 3977/5937/66 3978/5939/65 9154/6120/65 9153/6119/66
f 3978/5939/65 3979/5941/64 9155/6121/64 9154/6120/65
f 3979/5941/64 3980/5943/63 9156/6122/63 9155/6121/64
f 3980/5943/63 3981/5945/62 9157/6123/62 9156/6122/63
f 3981/5949/62 3982/5948/61 9158/6124/61 9157/6125/62
f 3982/5948/61 3983/5951/60 9159/6126/60 9158/6124/61
f 3983/5951/60 3984/5953/130 9160/6127/59 9159/6126/60
f 3984/5953/130 3985/5955/58 9161/6128/58 9160/6127/59
f 3985/5955/58 3986/5957/57 9162/6129/57 9161/6128/58
f 3986/5957/57 3987/5959/56 9163/6130/56 9162/6129/57
f 3987/5959/56 3988/5961/55 9164/6131/55 9163/6130/56
f 3988/5961/55 3989/5963/3 9165/6132/3 9164/6131/55
f 3989/5963/3 3990/5965/54 9166/6133/54 9165/6132/3
f 3990/5965/54 9039/5967/327 9167/6134/328 9166/6133/54
f 4044/6135/325 4045/6112/326 4095/6115/326 4096/6136/325
f 4043/6137/163 4044/6135/325 4096/6136/325 4097/6138/163
f 4042/6139/162 4043/6137/163 4097/6138/163 4098/6140/162
f 4041/6141/161 4042/6139/162 4098/6140/162 4099/6142/161
f 4040/6143/160 4041/6141/161 4099/6142/161 4100/6144/160
f 4039/6145/159 4040/6143/160 4100/6144/160 4101/6146/159
f 4038/6147/158 4039/6145/159 4101/6146/159 4102/6148/158
f 4037/6149/157 4038/6147/158 4102/6148/158 4103/6150/157
f 4036/6151/156 4037/6152/157 4103/6153/157 4104/6154/156
f 4035/6155/155 4036/6151/156 4104/6154/156 4105/6156/155
f 4034/6157/154 4035/6155/155 4105/6156/155 4106/6158/154
f 4033/6159/153 4034/6157/154 4106/6158/154 4107/6160/153
f 4032/6161/152 4033/6159/153 4107/6160/153 4108/6162/152
f 4031/6163/151 4032/6161/152 4108/6162/152 4109/6164/151
f 4030/6165/315 4031/6163/151 4109/6164/151 4110/6166/315
f 3997/6167/3 4021/6168/3 4089/6169/3
f 3996/6170/70 4088/6171/70 4022/6172/70
f 3995/6173/56 4023/6174/56 4087/6175/56
f 3994/6176/72 4086/6177/72 4024/6178/72
f 3993/6179/322 4025/6180/322 4085/6181/322
f 3992/6182/321 4084/6183/321 4026/6184/321
f 3991/6185/320 9095/6186/320 9168/6187/320
f 3999/6188/319 4019/6189/319 4091/6190/319
f 3998/6191/318 4090/6192/318 4020/6193/318
f 4027/6194/317 4028/6195/316 4112/6196/316 4113/6197/317
f 4028/6195/316 4029/6198/314 4111/6199/314 4112/6196/316
f 4029/6198/314 4030/6165/315 4110/6166/315 4111/6199/314
f 8956/5867/80 4001/5929/80 4114/5928/80 9170/5864/80
f 3967/5925/80 3950/5921/80 4116/5920/80 9172/5922/80
f 3953/5917/80 3966/5913/80 4118/5912/80 4119/5914/80
f 3944/5875/80 3943/5871/80 4120/5870/80 4121/5872/80
f 9239/6200/50 9237/6201/50 9307/6202/50 9305/6203/50
f 9301/6204/445 9240/6205/445 9306/6206/445 9309/6207/445
f 9303/6208/80 9302/6209/80 9310/6210/80 9311/6211/80
f 9238/6212/131 9304/6213/131 9312/6214/131 9308/6215/131
f 4186/6216/517 4189/6217/517 4188/6218/517 4187/6219/517
f 9235/6220/50 9233/6221/50 9315/6222/50 9313/6223/50
f 9297/6224/521 9236/6225/521 9314/6226/521 9317/6227/521
f 9299/6228/80 9298/6229/80 9318/6230/80 9319/6231/80
f 9234/6232/145 9300/6233/145 9320/6234/145 9316/6235/145
f 4190/6236/518 4193/6237/518 4192/6238/518 4191/6239/518
f 9231/6240/50 9229/6241/50 9323/6242/50 9321/6243/50
f 9293/6244/149 9232/6245/149 9322/6246/149 9325/6247/149
f 9295/6248/80 9294/6249/80 9326/6250/80 9327/6251/80
f 9230/6252/515 9296/6253/515 9328/6254/515 9324/6255/515
f 4194/6256/519 4197/6257/519 4196/6258/519 4195/6259/519
f 9227/6260/50 9225/6261/50 9331/6262/50 9329/6263/50
f 9289/6264/522 9228/6265/522 9330/6266/522 9333/6267/522
f 9291/6268/80 9290/6269/80 9334/6270/80 9335/6271/80
f 9226/6272/516 9292/6273/516 9336/6274/516 9332/6275/516
f 4198/6276/520 4201/6277/520 4200/6278/520 4199/6279/520
f 9223/6280/50 9221/6281/50 9339/6282/50 9337/6283/50
f 9285/6284/133 9224/6285/133 9338/6286/133 9341/6287/133
f 9287/6288/80 9286/6289/80 9342/6290/80 9343/6291/80
f 9222/6292/517 9288/6293/517 9344/6294/517 9340/6295/517
f 4202/6296/445 4205/6297/445 4204/6298/445 4203/6299/445
f 9219/6300/50 9217/6301/50 9347/6302/50 9345/6303/50
f 9281/6304/134 9220/6305/134 9346/6306/134 9349/6307/134
f 9283/6308/80 9282/6309/80 9350/6310/80 9351/6311/80
f 9218/6312/518 9284/6313/518 9352/6314/518 9348/6315/518
f 4206/6316/521 4209/6317/521 4208/6318/521 4207/6319/521
f 9215/6320/50 9213/6321/50 9355/6322/50 9353/6323/50
f 9277/6324/135 9216/6325/135 9354/6326/135 9357/6327/135
f 9279/6328/80 9278/6329/80 9358/6330/80 9359/6331/80
f 9214/6332/519 9280/6333/519 9360/6334/519 9356/6335/519
f 4210/6336/149 4213/6337/149 4212/6338/149 4211/6339/149
f 9211/6340/50 9209/6341/50 9363/6342/50 9361/6343/50
f 9273/6344/136 9212/6345/136 9362/6346/136 9365/6347/136
f 9275/6348/80 9274/6349/80 9366/6350/80 9367/6351/80
f 9210/6352/520 9276/6353/520 9368/6354/520 9364/6355/520
f 4214/6356/522 4217/6357/522 4216/6358/522 4215/6359/522
f 9207/6360/50 9205/6361/50 9371/6362/50 9369/6363/50
f 9269/6364/131 9208/6365/131 9370/6366/131 9373/6367/131
f 9271/6368/80 9270/6369/80 9374/6370/80 9375/6371/80
f 9206/6372/445 9272/6373/445 9376/6374/445 9372/6375/445
f 4218/6376/133 4221/6377/133 4220/6378/133 4219/6379/133
f 9203/6380/50 9201/6381/50 9379/6382/50 9377/6383/50
f 9265/6384/145 9204/6385/145 9378/6386/145 9381/6387/145
f 9267/6388/80 9266/6389/80 9382/6390/80 9383/6391/80
f 9202/6392/521 9268/6393/521 9384/6394/521 9380/6395/521
f 4222/6396/134 4225/6397/134 4224/6398/134 4223/6399/134
f 9199/6400/50 9197/6401/50 9387/6402/50 9385/6403/50
f 9261/6404/515 9200/6405/515 9386/6406/515 9389/6407/515
f 9263/6408/80 9262/6409/80 9390/6410/80 9391/6411/80
f 9198/6412/149 9264/6413/149 9392/6414/149 9388/6415/149
f 4226/6416/135 4229/6417/135 4228/6418/135 4227/6419/135
f 9195/6420/50 9193/6421/50 9395/6422/50 9393/6423/50
f 9257/6424/516 9196/6425/516 9394/6426/516 9397/6427/516
f 9259/6428/80 9258/6429/80 9398/6430/80 9399/6431/80
f 9194/6432/522 9260/6433/522 9400/6434/522 9396/6435/522
f 4230/6436/136 4233/6437/136 4232/6438/136 4231/6439/136
f 9191/6440/50 9189/6441/50 9403/6442/50 9401/6443/50
f 9253/6444/517 9192/6445/517 9402/6446/517 9405/6447/517
f 9255/6448/80 9254/6449/80 9406/6450/80 9407/6451/80
f 9190/6452/133 9256/6453/133 9408/6454/133 9404/6455/133
f 4234/6456/131 4237/6457/131 4236/6458/131 4235/6459/131
f 9187/6460/50 9185/6461/50 9411/6462/50 9409/6463/50
f 9249/6464/519 9188/6465/519 9410/6466/519 9413/6467/519
f 9251/6468/80 9250/6469/80 9414/6470/80 9415/6471/80
f 9186/6472/135 9252/6473/135 9416/6474/135 9412/6475/135
f 4238/6476/515 4241/6477/515 4240/6478/515 4239/6479/515
f 9181/6480/50 9183/6481/50 9419/6482/50 9417/6483/50
f 9245/6484/520 9182/6485/520 9418/6486/520 9421/6487/520
f 9247/6488/80 9246/6489/80 9422/6490/80 9423/6491/80
f 9184/6492/136 9248/6493/136 9424/6494/136 9420/6495/136
f 4242/6496/516 4245/6497/516 4244/6498/516 4243/6499/516
f 9179/6500/50 9177/6501/50 9427/6502/50 9425/6503/50
f 9241/6504/518 9180/6505/518 9426/6506/518 9429/6507/518
f 9243/6508/80 9242/6509/80 9430/6510/80 9431/6511/80
f 9178/6512/134 9244/6513/134 9432/6514/134 9428/6515/134
f 4246/6516/145 4249/6517/145 4248/6518/145 4247/6519/145
f 4147/6520/135 4148/6521/135 4181/6522/135 4180/6523/135
f 4149/6524/134 4150/6525/134 4183/6526/134 4182/6527/134
f 4151/6528/133 4153/6529/133 4185/6530/133 4184/6531/133
f 4122/6532/522 4156/6533/522 4157/6534/522 4152/6535/522
f 4123/6536/149 4124/6537/149 4159/6538/149 4158/6539/149
f 4125/6540/521 4126/6541/521 4155/6542/521 4154/6543/521
f 4127/6544/445 4128/6545/445 4161/6546/445 4160/6547/445
f 4129/6548/520 4130/6549/520 4163/6550/520 4162/6551/520
f 4131/6552/519 4132/6553/519 4165/6554/519 4164/6555/519
f 4133/6556/518 4134/6557/518 4167/6558/518 4166/6559/518
f 4135/6560/517 4136/6561/517 4169/6562/517 4168/6563/517
f 4137/6564/516 4138/6565/516 4171/6566/516 4170/6567/516
f 4139/6568/515 4140/6569/515 4173/6570/515 4172/6571/515
f 4141/6572/145 4142/6573/145 4175/6574/145 4174/6575/145
f 4143/6576/131 4144/6577/131 4177/6578/131 4176/6579/131
f 4145/6580/136 4146/6581/136 4179/6582/136 4178/6583/136
f 9485/6584/74 4257/6585/74 4288/6586/73 9450/6587/73
f 9437/6588/75 4258/6589/75 4257/6585/74 9485/6584/74
f 4256/6590/76 4259/6591/76 4258/6589/75 9437/6588/75
f 9453/6592/33 4260/6593/33 4259/6591/76 4256/6590/76
f 9578/6594/77 4261/6595/77 4260/6593/33 9453/6592/33
f 9579/6596/78 4262/6597/78 4261/6595/77 9578/6594/77
f 9580/6598/79 4263/6599/79 4262/6597/78 9579/6596/78
f 9465/6600/52 4264/6601/52 4263/6599/79 9580/6598/79
f 9464/6602/51 4265/6603/51 4264/6601/52 9465/6600/52
f 9439/6604/53 4266/6605/53 4265/6603/51 9464/6602/51
f 4255/6606/54 4267/6607/54 4266/6605/53 9439/6604/53
f 9452/6608/3 4268/6609/3 4267/6607/54 4255/6606/54
f 9577/6610/55 4269/6611/55 4268/6609/3 9452/6608/3
f 9435/6612/56 4270/6613/56 4269/6611/55 9577/6610/55
f 4291/6614/57 4271/6615/57 4270/6613/56 9435/6612/56
f 9434/6616/58 4272/6617/58 4271/6615/57 4291/6614/57
f 4292/6618/130 4273/6619/130 4272/6617/58 9434/6616/58
f 9448/6620/60 4274/6621/60 4273/6619/130 4292/6618/130
f 4293/6622/61 4275/6623/61 4274/6621/60 9448/6620/60
f 4254/6624/62 4276/6625/62 4275/6623/61 4293/6622/61
f 9442/6626/63 4277/6627/63 4276/6628/62 4254/6629/62
f 4294/6630/64 4278/6631/64 4277/6627/63 9442/6626/63
f 4253/6632/122 4279/6633/122 4278/6631/64 4294/6630/64
f 4252/6634/66 4280/6635/66 4279/6633/122 4253/6632/122
f 4295/6636/67 4281/6637/67 4280/6635/66 4252/6634/66
f 9444/6638/68 4282/6639/68 4281/6637/67 4295/6636/67
f 4251/6640/69 4283/6641/69 4282/6639/68 9444/6638/68
f 4290/6642/2 4284/6643/2 4283/6641/69 4251/6640/69
f 9446/6644/70 4285/6645/70 4284/6643/2 4290/6642/2
f 4250/6646/71 4286/6647/71 4285/6645/70 9446/6644/70
f 4289/6648/72 4287/6649/72 4286/6647/71 4250/6646/71
f 9450/6587/73 4288/6586/73 4287/6649/72 4289/6648/72
f 4389/6650/2 9555/6651/333 9458/6652/105 9459/6653/104
f 9553/6654/358 9549/6655/357 9473/6656/378 9542/6657/107
f 9575/6658/342 9548/6659/367 4379/6660/377 9551/6661/343
f 4418/6662/369 4384/6663/113 9573/6664/346 9571/6665/345
f 9569/6666/349 9567/6667/348 9462/6668/116 9463/6669/368
f 9544/6670/371 9545/6671/119 9565/6672/352 9563/6673/351
f 9561/6674/355 9559/6675/354 9461/6676/372 9460/6677/370
f 4368/6678/50 9449/6679/50 9487/6680/50 9486/6681/50
f 9449/6679/50 9445/6682/50 9488/6683/50 9487/6680/50
f 9445/6682/50 4296/6684/50 9489/6685/50 9488/6683/50
f 4296/6684/50 9451/6686/50 9490/6687/50 9489/6685/50
f 9451/6686/50 9455/6688/50 9491/6689/50 9490/6687/50
f 9455/6688/50 4433/6690/50 9492/6691/50 9491/6689/50
f 4433/6690/50 9443/6692/50 9493/6693/50 9492/6691/50
f 9443/6692/50 9456/6694/50 9494/6695/50 9493/6693/50
f 9456/6694/50 9457/6696/50 9495/6697/50 9494/6695/50
f 9457/6696/50 9441/6698/50 9496/6699/50 9495/6697/50
f 9441/6698/50 4432/6700/50 9497/6701/50 9496/6699/50
f 4432/6700/50 9454/6702/50 9498/6703/50 9497/6701/50
f 9454/6704/50 9447/6705/50 9499/6706/50 9498/6707/50
f 9447/6705/50 4297/6708/50 9500/6709/50 9499/6706/50
f 4297/6708/50 9440/6710/50 9501/6711/50 9500/6709/50
f 9440/6710/50 4431/6712/50 9502/6713/50 9501/6711/50
f 4431/6712/50 9433/6714/50 9503/6715/50 9502/6713/50
f 9433/6714/50 4423/6716/50 9504/6717/50 9503/6715/50
f 4423/6716/50 4424/6718/50 9505/6719/50 9504/6717/50
f 4424/6718/50 4425/6720/50 9506/6721/50 9505/6719/50
f 4425/6720/50 9438/6722/50 9507/6723/50 9506/6721/50
f 9438/6722/50 4298/6724/50 9508/6725/50 9507/6723/50
f 4298/6724/50 4367/6726/50 9509/6727/50 9508/6725/50
f 4367/6726/50 4430/6728/50 9510/6729/50 9509/6727/50
f 4430/6728/50 4429/6730/50 9511/6731/50 9510/6729/50
f 4429/6730/50 4428/6732/50 9512/6733/50 9511/6731/50
f 4428/6732/50 4427/6734/50 9513/6735/50 9512/6733/50
f 4427/6734/50 4426/6736/50 9514/6737/50 9513/6735/50
f 4426/6736/50 9436/6738/50 9515/6739/50 9514/6737/50
f 9436/6738/50 4299/6740/50 9516/6741/50 9515/6739/50
f 4299/6740/50 4300/6742/50 9517/6743/50 9516/6741/50
f 4300/6742/50 4368/6678/50 9486/6681/50 9517/6743/50
f 4301/6744/73 4302/6745/72 9518/6746/72 4531/6747/73
f 4302/6745/72 4303/6748/71 9519/6749/71 9518/6746/72
f 4303/6748/71 4304/6750/70 9693/6751/70 9519/6749/71
f 4304/6750/70 4305/6752/2 9694/6753/2 9693/6751/70
f 4305/6752/2 4306/6754/69 9520/6755/69 9694/6753/2
f 4306/6754/69 4307/6756/68 4336/6757/68 9520/6755/69
f 4307/6756/68 4308/6758/67 9522/6759/67 4336/6757/68
f 4308/6758/67 4309/6760/66 9523/6761/66 9522/6759/67
f 4309/6760/66 4310/6762/65 9524/6763/65 9523/6761/66
f 4310/6762/65 4311/6764/64 4340/6765/64 9524/6763/65
f 4311/6764/64 4312/6766/63 9526/6767/63 4340/6765/64
f 4312/6766/63 4313/6768/62 9527/6769/62 9526/6767/63
f 4313/6770/62 4314/6771/61 4343/6772/61 9527/6773/62
f 4314/6771/61 4315/6774/60 4344/6775/60 4343/6772/61
f 4315/6774/60 4316/6776/59 9530/6777/59 4344/6775/60
f 4316/6776/59 4317/6778/58 9531/6779/58 9530/6777/59
f 4317/6778/58 4318/6780/57 9532/6781/57 9531/6779/58
f 4318/6780/57 4319/6782/56 9533/6783/56 9532/6781/57
f 4319/6782/56 4320/6784/55 4349/6785/55 9533/6783/56
f 4320/6784/55 4321/6786/3 9535/6787/3 4349/6785/55
f 4321/6786/3 4322/6788/54 9536/6789/54 9535/6787/3
f 4322/6788/54 4323/6790/53 4352/6791/53 9536/6789/54
f 4323/6790/53 4324/6792/51 9691/6793/51 4352/6791/53
f 4324/6792/51 4325/6794/52 9692/6795/52 9691/6793/51
f 4325/6794/52 4326/6796/79 9538/6797/79 9692/6795/52
f 4326/6796/79 4327/6798/78 9539/6799/78 9538/6797/79
f 4327/6798/78 4328/6800/77 9689/6801/77 9539/6799/78
f 4328/6800/77 4329/6802/33 4533/6803/33 9689/6801/77
f 4329/6802/33 4330/6804/76 4355/6805/76 4533/6803/33
f 4330/6804/76 4331/6806/75 4356/6807/75 4355/6805/76
f 4331/6806/75 4332/6808/74 9687/6809/74 4356/6807/75
f 4332/6808/74 4301/6744/73 4531/6747/73 9687/6809/74
f 9688/6810/80 4333/6811/80 4357/6812/80 9474/6813/80
f 4333/6811/80 4334/6814/80 4358/6815/80 4357/6812/80
f 4334/6814/80 4536/6816/80 4359/6817/80 4358/6815/80
f 4537/6818/80 4335/6819/80 4378/6820/80 4360/6821/80
f 4335/6819/80 9521/6822/80 9471/6823/80 4378/6820/80
f 9521/6822/80 4337/6824/80 4377/6825/80 9471/6823/80
f 4337/6824/80 4338/6826/80 4376/6827/80 4377/6825/80
f 4338/6826/80 4339/6828/80 4361/6829/80 4376/6827/80
f 4339/6828/80 9525/6830/80 9469/6831/80 4361/6829/80
f 9525/6830/80 4341/6832/80 4375/6833/80 9469/6831/80
f 4341/6832/80 4342/6834/80 4374/6835/80 4375/6833/80
f 4342/6836/80 9528/6837/80 9467/6838/80 4374/6839/80
f 9528/6837/80 9529/6840/80 9481/6841/80 9467/6838/80
f 9529/6840/80 4345/6842/80 4362/6843/80 9481/6841/80
f 4345/6842/80 4346/6844/80 4363/6845/80 4362/6843/80
f 4346/6844/80 4347/6846/80 4373/6847/80 4363/6845/80
f 4347/6846/80 4348/6848/80 4372/6849/80 4373/6847/80
f 4348/6848/80 9534/6850/80 9476/6851/80 4372/6849/80
f 9534/6850/80 4350/6852/80 4371/6853/80 9476/6851/80
f 4350/6852/80 4351/6854/80 4370/6855/80 4371/6853/80
f 4351/6854/80 9537/6856/80 9479/6857/80 4370/6855/80
f 9537/6856/80 4534/6858/80 4382/6859/80 9479/6857/80
f 4535/6860/80 4353/6861/80 4364/6862/80 4369/6863/80
f 4353/6861/80 4354/6864/80 4365/6865/80 4364/6862/80
f 4354/6864/80 4532/6866/80 4366/6867/80 4365/6865/80
f 9690/6868/80 9540/6869/80 9484/6870/80 4383/6871/80
f 9540/6869/80 9541/6872/80 9483/6873/80 9484/6870/80
f 9541/6872/80 4530/6874/80 4417/6875/80 9483/6873/80
f 4379/6660/377 9473/6656/378 9549/6655/357 9551/6661/343
f 9542/6657/107 9458/6652/105 9555/6651/333 9553/6654/358
f 9459/6653/104 9472/6876/103 4390/6877/69 4389/6650/2
f 9472/6876/103 4422/6878/102 4391/6879/68 4390/6877/69
f 4422/6878/102 9470/6880/101 4392/6881/67 4391/6879/68
f 9470/6880/101 9547/6882/100 4393/6883/66 4392/6881/67
f 9547/6882/100 9482/6884/376 4394/6885/65 4393/6883/66
f 9482/6884/376 4421/6886/98 4395/6887/64 4394/6885/65
f 4421/6886/98 9468/6888/97 4396/6889/63 4395/6887/64
f 9468/6888/97 9466/6890/96 4397/6891/62 4396/6889/63
f 9466/6892/96 4420/6893/95 4398/6894/61 4397/6895/62
f 4420/6893/95 4419/6896/94 4399/6897/60 4398/6894/61
f 4419/6896/94 9480/6898/375 4400/6899/121 4399/6897/60
f 9480/6898/375 9543/6900/92 4401/6901/58 4400/6899/121
f 9543/6900/92 9546/6902/91 4402/6903/57 4401/6901/58
f 9546/6902/91 9475/6904/90 4403/6905/56 4402/6903/57
f 9475/6904/90 4380/6906/87 4404/6907/55 4403/6905/56
f 4380/6906/87 9477/6908/374 4405/6909/3 4404/6907/55
f 9477/6908/374 9478/6910/373 4406/6911/54 4405/6909/3
f 9478/6910/373 4381/6912/85 9557/6913/327 4406/6911/54
f 4381/6912/85 9461/6676/372 9559/6675/354 9557/6913/327
f 9460/6677/370 9544/6670/371 9563/6673/351 9561/6674/355
f 9545/6671/119 9462/6668/116 9567/6667/348 9565/6672/352
f 9463/6669/368 4418/6662/369 9571/6665/345 9569/6666/349
f 4384/6663/113 9548/6659/367 9575/6658/342 9573/6664/346
f 9558/6914/366 9560/6915/366 9609/6916/366 9611/6917/366
f 9562/6918/365 9564/6919/365 9603/6920/365 9605/6921/365
f 9566/6922/364 9568/6923/364 9597/6924/364 9599/6925/364
f 9570/6926/363 9572/6927/363 9591/6928/363 9593/6929/363
f 9574/6930/362 9576/6931/362 9582/6932/362 9587/6933/362
f 9550/6934/361 9639/6935/361 9585/6936/361 9552/6937/361
f 9554/6938/360 9556/6939/360 9633/6940/360 9635/6941/360
f 9584/6942/73 4467/6943/73 4466/6944/74 9581/6945/74
f 9588/6946/75 9581/6945/74 4466/6944/74 4468/6947/75
f 9590/6948/76 9588/6946/75 4468/6947/75 4469/6949/76
f 9594/6950/33 9590/6948/76 4469/6949/76 4470/6951/33
f 9596/6952/77 9594/6950/33 4470/6951/33 4471/6953/77
f 9600/6954/78 9596/6952/77 4471/6953/77 4472/6955/78
f 9602/6956/79 9600/6954/78 4472/6955/78 4473/6957/79
f 9606/6958/52 9602/6956/79 4473/6957/79 4474/6959/52
f 9608/6960/51 9606/6958/52 4474/6959/52 4475/6961/51
f 9612/6962/53 9608/6960/51 4475/6961/51 4476/6963/53
f 9614/6964/54 9612/6962/53 4476/6963/53 4477/6965/54
f 9615/6966/3 9614/6964/54 4477/6965/54 4478/6967/3
f 9616/6968/55 9615/6966/3 4478/6967/3 4479/6969/55
f 9617/6970/56 9616/6968/55 4479/6969/55 4480/6971/56
f 9618/6972/57 9617/6970/56 4480/6971/56 4481/6973/57
f 9619/6974/58 9618/6972/57 4481/6973/57 4482/6975/58
f 9620/6976/130 9619/6974/58 4482/6975/58 4483/6977/130
f 9621/6978/60 9620/6976/130 4483/6977/130 4484/6979/60
f 9622/6980/61 9621/6978/60 4484/6979/60 4485/6981/61
f 9623/6982/62 9622/6980/61 4485/6981/61 4486/6983/62
f 9624/6984/63 9623/6985/62 4486/6986/62 4487/6987/63
f 9625/6988/64 9624/6984/63 4487/6987/63 4488/6989/64
f 9626/6990/122 9625/6988/64 4488/6989/64 4489/6991/122
f 9627/6992/66 9626/6990/122 4489/6991/122 4490/6993/66
f 9628/6994/67 9627/6992/66 4490/6993/66 4491/6995/67
f 9629/6996/68 9628/6994/67 4491/6995/67 4492/6997/68
f 9630/6998/69 9629/6996/68 4492/6997/68 4493/6999/69
f 9632/7000/70 9631/7001/2 4494/7002/2 4495/7003/70
f 9636/7004/71 9632/7000/70 4495/7003/70 4496/7005/71
f 9638/7006/72 9636/7004/71 4496/7005/71 4497/7007/72
f 9584/6942/73 9638/7006/72 4497/7007/72 4467/6943/73
f 9631/7001/2 9630/6998/69 4493/6999/69 4494/7002/2
f 9549/6655/357 9553/6654/358 9641/7008/359 9643/7009/359
f 9559/6675/354 9561/6674/355 9645/7010/356 9647/7011/356
f 9563/6673/351 9565/6672/352 9649/7012/353 9651/7013/353
f 9567/6667/348 9569/6666/349 9653/7014/350 9655/7015/350
f 9571/6665/345 9573/6664/346 9657/7016/347 9659/7017/347
f 9575/6658/342 9551/6661/343 9661/7018/344 9663/7019/344
f 9607/7020/341 9610/7021/341 9648/7022/341 9646/7023/341
f 9601/7024/340 9604/7025/340 9652/7026/340 9650/7027/340
f 9595/7028/339 9598/7029/339 9656/7030/339 9654/7031/339
f 9589/7032/338 9592/7033/338 9660/7034/338 9658/7035/338
f 9583/7036/337 9664/7037/337 9662/7038/337 9586/7039/337
f 9637/7040/336 9640/7041/336 9644/7042/336 9642/7043/336
f 4386/7044/52 4465/7045/52 4508/7046/52
f 4416/7047/335 4509/7048/335 4434/7049/335
f 4385/7050/122 4498/7051/122 4464/7052/122
f 4387/7053/78 4463/7054/78 4499/7055/78
f 9555/6651/333 4389/6650/2 9667/7056/332 9665/7057/334
f 4461/7058/326 9634/7059/146 9666/7060/146 4511/7061/326
f 4389/6650/2 4390/6877/69 9668/7062/331 9667/7056/332
f 4390/6877/69 4391/6879/68 9669/7063/68 9668/7062/331
f 4391/6879/68 4392/6881/67 9670/7064/67 9669/7063/68
f 4392/6881/67 4393/6883/66 9671/7065/66 9670/7064/67
f 4393/6883/66 4394/6885/65 9672/7066/65 9671/7065/66
f 4394/6885/65 4395/6887/64 9673/7067/64 9672/7066/65
f 4395/6887/64 4396/6889/63 9674/7068/63 9673/7067/64
f 4396/6889/63 4397/6891/62 9675/7069/62 9674/7068/63
f 4397/6895/62 4398/6894/61 9676/7070/61 9675/7071/62
f 4398/6894/61 4399/6897/60 9677/7072/60 9676/7070/61
f 4399/6897/60 4400/6899/121 9678/7073/130 9677/7072/60
f 4400/6899/121 4401/6901/58 9679/7074/58 9678/7073/130
f 4401/6901/58 4402/6903/57 9680/7075/57 9679/7074/58
f 4402/6903/57 4403/6905/56 9681/7076/56 9680/7075/57
f 4403/6905/56 4404/6907/55 9682/7077/55 9681/7076/56
f 4404/6907/55 4405/6909/3 9683/7078/3 9682/7077/55
f 4405/6909/3 4406/6911/54 9684/7079/54 9683/7078/3
f 4406/6911/54 9557/6913/327 9685/7080/328 9684/7079/54
f 4460/7081/325 4461/7058/326 4511/7061/326 4512/7082/325
f 4459/7083/163 4460/7081/325 4512/7082/325 4513/7084/163
f 4458/7085/162 4459/7083/163 4513/7084/163 4514/7086/162
f 4457/7087/161 4458/7085/162 4514/7086/162 4515/7088/161
f 4456/7089/160 4457/7087/161 4515/7088/161 4516/7090/160
f 4455/7091/159 4456/7089/160 4516/7090/160 4517/7092/159
f 4454/7093/158 4455/7091/159 4517/7092/159 4518/7094/158
f 4453/7095/157 4454/7093/158 4518/7094/158 4519/7096/157
f 4452/7097/156 4453/7098/157 4519/7099/157 4520/7100/156
f 4451/7101/155 4452/7097/156 4520/7100/156 4521/7102/155
f 4450/7103/154 4451/7101/155 4521/7102/155 4522/7104/154
f 4449/7105/153 4450/7103/154 4522/7104/154 4523/7106/153
f 4448/7107/152 4449/7105/153 4523/7106/153 4524/7108/152
f 4447/7109/151 4448/7107/152 4524/7108/152 4525/7110/151
f 4446/7111/315 4447/7109/151 4525/7110/151 4526/7112/315
f 4413/7113/3 4437/7114/3 4505/7115/3
f 4412/7116/70 4504/7117/70 4438/7118/70
f 4411/7119/56 4439/7120/56 4503/7121/56
f 4410/7122/72 4502/7123/72 4440/7124/72
f 4409/7125/322 4441/7126/322 4501/7127/322
f 4408/7128/321 4500/7129/321 4442/7130/321
f 4407/7131/320 9613/7132/320 9686/7133/320
f 4415/7134/319 4435/7135/319 4507/7136/319
f 4414/7137/318 4506/7138/318 4436/7139/318
f 4443/7140/317 4444/7141/316 4528/7142/316 4529/7143/317
f 4444/7141/316 4445/7144/314 4527/7145/314 4528/7142/316
f 4445/7144/314 4446/7111/315 4526/7112/315 4527/7145/314
f 9474/6813/80 4417/6875/80 4530/6874/80 9688/6810/80
f 4383/6871/80 4366/6867/80 4532/6866/80 9690/6868/80
f 4369/6863/80 4382/6859/80 4534/6858/80 4535/6860/80
f 4360/6821/80 4359/6817/80 4536/6816/80 4537/6818/80
f 9873/7146/80 9883/7147/80 4539/7148/80 4538/7149/80
f 9866/7150/80 9855/7151/80 4541/7152/80 4540/7153/80
f 9858/7154/80 9880/7155/80 4543/7156/80 4542/7157/80
f 9861/7158/80 9859/7159/80 4545/7160/80 9699/7161/80
f 9843/7162/314 9842/7163/315 9723/7164/315 9722/7165/314
f 9844/7166/526 9843/7162/314 9722/7165/314 9719/7167/526
f 9713/7168/317 9844/7166/526 9719/7167/526 9711/7169/317
f 9807/7170/318 9768/7171/318 9770/7172/318
f 9809/7173/319 9765/7174/319 9763/7175/319
f 9720/7176/320 9715/7177/320 9712/7178/320
f 9819/7179/321 9798/7180/321 9800/7181/321
f 9821/7182/322 9795/7183/322 9793/7184/322
f 9815/7185/72 9788/7186/72 9790/7187/72
f 9817/7188/56 9785/7189/56 9783/7190/56
f 9811/7191/70 9778/7192/70 9780/7193/70
f 9813/7194/3 9775/7195/3 9773/7196/3
f 9842/7163/315 9841/7197/151 9724/7198/151 9723/7164/315
f 9841/7197/151 9840/7199/152 9725/7200/152 9724/7198/151
f 9840/7199/152 9839/7201/153 9726/7202/153 9725/7200/152
f 9839/7201/153 9838/7203/154 9727/7204/154 9726/7202/153
f 9838/7203/154 9837/7205/155 9728/7206/155 9727/7204/154
f 9837/7205/155 9836/7207/156 9729/7208/156 9728/7206/155
f 9836/7207/156 9835/7209/157 9730/7210/157 9729/7208/156
f 9835/7211/157 9834/7212/158 9731/7213/158 9730/7214/157
f 9834/7212/158 9833/7215/159 9732/7216/159 9731/7213/158
f 9833/7215/159 9832/7217/160 9733/7218/160 9732/7216/159
f 9832/7217/160 9831/7219/161 9734/7220/161 9733/7218/160
f 9831/7219/161 9830/7221/162 9735/7222/162 9734/7220/161
f 9830/7221/162 9829/7223/163 9736/7224/163 9735/7222/162
f 9829/7223/163 9828/7225/325 9737/7226/325 9736/7224/163
f 9828/7225/325 9827/7227/326 9716/7228/326 9737/7226/325
f 4669/7229/54 4668/7230/327 4546/7231/328 4547/7232/54
f 4670/7233/3 4669/7229/54 4547/7232/54 4548/7234/3
f 4671/7235/55 4670/7233/3 4548/7234/3 4549/7236/55
f 4672/7237/56 4671/7235/55 4549/7236/55 4550/7238/56
f 4673/7239/57 4672/7237/56 4550/7238/56 4551/7240/57
f 4674/7241/58 4673/7239/57 4551/7240/57 4552/7242/58
f 4675/7243/59 4674/7241/58 4552/7242/58 4553/7244/59
f 4676/7245/60 4675/7243/59 4553/7244/59 4554/7246/60
f 4677/7247/61 4676/7245/60 4554/7246/60 4555/7248/61
f 4678/7249/62 4677/7247/61 4555/7248/61 4556/7250/62
f 4679/7251/63 4678/7252/62 4556/7253/62 4557/7254/63
f 4680/7255/64 4679/7251/63 4557/7254/63 4558/7256/64
f 4681/7257/65 4680/7255/64 4558/7256/64 4559/7258/65
f 4682/7259/66 4681/7257/65 4559/7258/65 4560/7260/66
f 4683/7261/67 4682/7259/66 4560/7260/66 4561/7262/67
f 4684/7263/68 4683/7261/67 4561/7262/67 4562/7264/68
f 4685/7265/69 4684/7263/68 4562/7264/68 4563/7266/331
f 4686/7267/2 4685/7265/69 4563/7266/331 4564/7268/332
f 9827/7227/326 9738/7269/146 9717/7270/146 9716/7228/326
f 9741/7271/333 4686/7267/2 4564/7268/332 9718/7272/334
f 9825/7273/78 9745/7274/78 9743/7275/78
f 9823/7276/122 9748/7277/122 9750/7278/122
f 9803/7279/335 9753/7280/335 9755/7281/335
f 9805/7282/52 9760/7283/52 9758/7284/52
f 9747/7285/336 9752/7286/336 9749/7287/336 9744/7288/336
f 9757/7289/337 9754/7290/337 9759/7291/337 9762/7292/337
f 9767/7293/338 9772/7294/338 9769/7295/338 9764/7296/338
f 9777/7297/339 9782/7298/339 9779/7299/339 9774/7300/339
f 9787/7301/340 9792/7302/340 9789/7303/340 9784/7304/340
f 9797/7305/341 9802/7306/341 9799/7307/341 9794/7308/341
f 9804/7309/342 9806/7310/343 4567/7311/344 4566/7312/344
f 9808/7313/345 4660/7314/346 4568/7315/347 4569/7316/347
f 9812/7317/348 4662/7318/349 4570/7319/350 4571/7320/350
f 9816/7321/351 4664/7322/352 4572/7323/353 4573/7324/353
f 9820/7325/354 4666/7326/355 4574/7327/356 4575/7328/356
f 9824/7329/357 4688/7330/358 4576/7331/359 4577/7332/359
f 4614/7333/2 4615/7334/69 4582/7335/69 4581/7336/2
f 9761/7337/73 9751/7338/72 4578/7339/72 4608/7340/73
f 9751/7338/72 9746/7341/71 4579/7342/71 4578/7339/72
f 9746/7341/71 9739/7343/70 4580/7344/70 4579/7342/71
f 9739/7343/70 4614/7333/2 4581/7336/2 4580/7344/70
f 4615/7334/69 4616/7345/68 4583/7346/68 4582/7335/69
f 4616/7345/68 4617/7347/67 4584/7348/67 4583/7346/68
f 4617/7347/67 4618/7349/66 4585/7350/66 4584/7348/67
f 4618/7349/66 4619/7351/122 4586/7352/122 4585/7350/66
f 4619/7351/122 4620/7353/64 4587/7354/64 4586/7352/122
f 4620/7353/64 4621/7355/63 4588/7356/63 4587/7354/64
f 4621/7355/63 4622/7357/62 4589/7358/62 4588/7356/63
f 4622/7359/62 4623/7360/61 4590/7361/61 4589/7362/62
f 4623/7360/61 4624/7363/60 4591/7364/60 4590/7361/61
f 4624/7363/60 4625/7365/130 4592/7366/130 4591/7364/60
f 4625/7365/130 4626/7367/58 4593/7368/58 4592/7366/130
f 4626/7367/58 4627/7369/57 4594/7370/57 4593/7368/58
f 4627/7369/57 4628/7371/56 4595/7372/56 4594/7370/57
f 4628/7371/56 4629/7373/55 4596/7374/55 4595/7372/56
f 4629/7373/55 4630/7375/3 4597/7376/3 4596/7374/55
f 4630/7375/3 4631/7377/54 4598/7378/54 4597/7376/3
f 4631/7377/54 9714/7379/53 4599/7380/53 4598/7378/54
f 9714/7379/53 9801/7381/51 4600/7382/51 4599/7380/53
f 9801/7381/51 9796/7383/52 4601/7384/52 4600/7382/51
f 9796/7383/52 9791/7385/79 4602/7386/79 4601/7384/52
f 9791/7385/79 9786/7387/78 4603/7388/78 4602/7386/79
f 9786/7387/78 9781/7389/77 4604/7390/77 4603/7388/78
f 9781/7389/77 9776/7391/33 4605/7392/33 4604/7390/77
f 9776/7391/33 9771/7393/76 4606/7394/76 4605/7392/33
f 9771/7393/76 9766/7395/75 4607/7396/75 4606/7394/76
f 9766/7395/75 9756/7397/74 4609/7398/74 4607/7396/75
f 9761/7337/73 4608/7340/73 4609/7398/74 9756/7397/74
f 9826/7399/360 9742/7400/360 9740/7401/360 4612/7402/360
f 4690/7403/361 4611/7404/361 4610/7405/361 4689/7406/361
f 9810/7407/362 4659/7408/362 4641/7409/362 4640/7410/362
f 9814/7411/363 4661/7412/363 4639/7413/363 4638/7414/363
f 9818/7415/364 4663/7416/364 4637/7417/364 4636/7418/364
f 9822/7419/365 4665/7420/365 4635/7421/365 4634/7422/365
f 9721/7423/366 4667/7424/366 4633/7425/366 4632/7426/366
f 9860/7427/113 4658/7428/367 9804/7309/342 4660/7314/346
f 4692/7429/368 9857/7430/369 9808/7313/345 4662/7318/349
f 9881/7431/119 4709/7432/116 9812/7317/348 4664/7322/352
f 4706/7433/370 9867/7434/371 9816/7321/351 4666/7326/355
f 9856/7435/85 4693/7436/372 9820/7325/354 4668/7230/327
f 4705/7437/373 9856/7435/85 4668/7230/327 4669/7229/54
f 4704/7438/374 4705/7437/373 4669/7229/54 4670/7233/3
f 9936/7439/87 4704/7438/374 4670/7233/3 4671/7235/55
f 4703/7440/90 9936/7439/87 4671/7235/55 4672/7237/56
f 4702/7441/91 4703/7440/90 4672/7237/56 4673/7239/57
f 9869/7442/92 4702/7441/91 4673/7239/57 4674/7241/58
f 9882/7443/93 9869/7442/92 4674/7241/58 4675/7243/59
f 9854/7444/94 9882/7443/93 4675/7243/59 4676/7245/60
f 9853/7445/95 9854/7444/94 4676/7245/60 4677/7247/61
f 4701/7446/96 9853/7445/95 4677/7247/61 4678/7249/62
f 4700/7447/97 4701/7448/96 4678/7252/62 4679/7251/63
f 9935/7449/98 4700/7447/97 4679/7251/63 4680/7255/64
f 9871/7450/376 9935/7449/98 4680/7255/64 4681/7257/65
f 4699/7451/100 9871/7450/376 4681/7257/65 4682/7259/66
f 4698/7452/101 4699/7451/100 4682/7259/66 4683/7261/67
f 9937/7453/102 4698/7452/101 4683/7261/67 4684/7263/68
f 4697/7454/103 9937/7453/102 4684/7263/68 4685/7265/69
f 4715/7455/104 4697/7454/103 4685/7265/69 4686/7267/2
f 9884/7456/107 4716/7457/105 9741/7271/333 4688/7330/358
f 4696/7458/377 4718/7459/378 9824/7329/357 9806/7310/343
f 9702/7460/80 4545/7160/80 9859/7159/80 4691/7461/80
f 9708/7462/80 9702/7460/80 4691/7461/80 4657/7463/80
f 4542/7157/80 9708/7462/80 4657/7463/80 9858/7154/80
f 9710/7464/80 4543/7156/80 9880/7155/80 4710/7465/80
f 9704/7466/80 9710/7464/80 4710/7465/80 4711/7467/80
f 4540/7153/80 9704/7466/80 4711/7467/80 9866/7150/80
f 9706/7468/80 4541/7152/80 9855/7151/80 4694/7469/80
f 9886/7470/80 9706/7468/80 4694/7469/80 9879/7471/80
f 9887/7472/80 9886/7470/80 9879/7471/80 9878/7473/80
f 9888/7474/80 9887/7472/80 9878/7473/80 4695/7475/80
f 9889/7476/80 9888/7474/80 4695/7475/80 9877/7477/80
f 9890/7478/80 9889/7476/80 9877/7477/80 9868/7479/80
f 9891/7480/80 9890/7478/80 9868/7479/80 4712/7481/80
f 9892/7482/80 9891/7480/80 4712/7481/80 4713/7483/80
f 9893/7484/80 9892/7482/80 4713/7483/80 4656/7485/80
f 9894/7486/80 9893/7484/80 4656/7485/80 4655/7487/80
f 9895/7488/80 9894/7486/80 4655/7487/80 9876/7489/80
f 9896/7490/80 9895/7491/80 9876/7492/80 9875/7493/80
f 9897/7494/80 9896/7490/80 9875/7493/80 4654/7495/80
f 9898/7496/80 9897/7494/80 4654/7495/80 4714/7497/80
f 9899/7498/80 9898/7496/80 4714/7497/80 9870/7499/80
f 9900/7500/80 9899/7498/80 9870/7499/80 9874/7501/80
f 9901/7502/80 9900/7500/80 9874/7501/80 4653/7503/80
f 9696/7504/80 9901/7502/80 4653/7503/80 9872/7505/80
f 4538/7149/80 9696/7504/80 9872/7505/80 9873/7146/80
f 9698/7506/80 4539/7148/80 9883/7147/80 4717/7507/80
f 9700/7508/80 9698/7506/80 4717/7507/80 9885/7509/80
f 9699/7161/80 9700/7508/80 9885/7509/80 9861/7158/80
f 9902/7510/74 9903/7511/73 4544/7512/73 9701/7513/74
f 9904/7514/75 9902/7510/74 9701/7513/74 4719/7515/75
f 9905/7516/76 9904/7514/75 4719/7515/75 4720/7517/76
f 9906/7518/33 9905/7516/76 4720/7517/76 9707/7519/33
f 9907/7520/77 9906/7518/33 9707/7519/33 9709/7521/77
f 9908/7522/78 9907/7520/77 9709/7521/77 4721/7523/78
f 9909/7524/79 9908/7522/78 4721/7523/78 4722/7525/79
f 9910/7526/52 9909/7524/79 4722/7525/79 9703/7527/52
f 9911/7528/51 9910/7526/52 9703/7527/52 9705/7529/51
f 9912/7530/53 9911/7528/51 9705/7529/51 4723/7531/53
f 9913/7532/54 9912/7530/53 4723/7531/53 4724/7533/54
f 9914/7534/3 9913/7532/54 4724/7533/54 4725/7535/3
f 9915/7536/55 9914/7534/3 4725/7535/3 4726/7537/55
f 9916/7538/56 9915/7536/55 4726/7537/55 4727/7539/56
f 9917/7540/57 9916/7538/56 4727/7539/56 4728/7541/57
f 9918/7542/58 9917/7540/57 4728/7541/57 4729/7543/58
f 9919/7544/59 9918/7542/58 4729/7543/58 4730/7545/59
f 9920/7546/60 9919/7544/59 4730/7545/59 4731/7547/60
f 9921/7548/61 9920/7546/60 4731/7547/60 4732/7549/61
f 9922/7550/62 9921/7548/61 4732/7549/61 4733/7551/62
f 9923/7552/63 9922/7553/62 4733/7554/62 4734/7555/63
f 9924/7556/64 9923/7552/63 4734/7555/63 4735/7557/64
f 9925/7558/65 9924/7556/64 4735/7557/64 4736/7559/65
f 9926/7560/66 9925/7558/65 4736/7559/65 4737/7561/66
f 9927/7562/67 9926/7560/66 4737/7561/66 4738/7563/67
f 9928/7564/68 9927/7562/67 4738/7563/67 4739/7565/68
f 9929/7566/69 9928/7564/68 4739/7565/68 4740/7567/69
f 9930/7568/2 9929/7566/69 4740/7567/69 9695/7569/2
f 9931/7570/70 9930/7568/2 9695/7569/2 9697/7571/70
f 9932/7572/71 9931/7570/70 9697/7571/70 4741/7573/71
f 9933/7574/72 9932/7572/71 4741/7573/71 4742/7575/72
f 9903/7511/73 9933/7574/72 4742/7575/72 4544/7512/73
f 9863/7576/50 9862/7577/50 4774/7578/50 4743/7579/50
f 9934/7580/50 9863/7576/50 4743/7579/50 4744/7581/50
f 4819/7582/50 9934/7580/50 4744/7581/50 4745/7583/50
f 9849/7584/50 4819/7582/50 4745/7583/50 4746/7585/50
f 9848/7586/50 9849/7584/50 4746/7585/50 4747/7587/50
f 9847/7588/50 9848/7586/50 4747/7587/50 4748/7589/50
f 9846/7590/50 9847/7588/50 4748/7589/50 4749/7591/50
f 9845/7592/50 9846/7590/50 4749/7591/50 4750/7593/50
f 9864/7594/50 9845/7592/50 4750/7593/50 4751/7595/50
f 9865/7596/50 9864/7594/50 4751/7595/50 4752/7597/50
f 4820/7598/50 9865/7596/50 4752/7597/50 4753/7599/50
f 9850/7600/50 4820/7598/50 4753/7599/50 4754/7601/50
f 9851/7602/50 9850/7600/50 4754/7601/50 4755/7603/50
f 9852/7604/50 9851/7602/50 4755/7603/50 4756/7605/50
f 4784/7606/50 9852/7604/50 4756/7605/50 4757/7607/50
f 9955/7608/50 4784/7606/50 4757/7607/50 4758/7609/50
f 4783/7610/50 9955/7608/50 4758/7609/50 4759/7611/50
f 9953/7612/50 4783/7610/50 4759/7611/50 4760/7613/50
f 4782/7614/50 9953/7612/50 4760/7613/50 4761/7615/50
f 9943/7616/50 4782/7614/50 4761/7615/50 4762/7617/50
f 9949/7618/50 9943/7619/50 4762/7620/50 4763/7621/50
f 4781/7622/50 9949/7618/50 4763/7621/50 4764/7623/50
f 9945/7624/50 4781/7622/50 4764/7623/50 4765/7625/50
f 9947/7626/50 9945/7624/50 4765/7625/50 4766/7627/50
f 4780/7628/50 9947/7626/50 4766/7627/50 4767/7629/50
f 9948/7630/50 4780/7628/50 4767/7629/50 4768/7631/50
f 9939/7632/50 9948/7630/50 4768/7631/50 4769/7633/50
f 4785/7634/50 9939/7632/50 4769/7633/50 4770/7635/50
f 9952/7636/50 4785/7634/50 4770/7635/50 4771/7637/50
f 9941/7638/50 9952/7636/50 4771/7637/50 4772/7639/50
f 4786/7640/50 9941/7638/50 4772/7639/50 4773/7641/50
f 9862/7577/50 4786/7640/50 4773/7641/50 4774/7578/50
f 4666/7326/355 9820/7325/354 4693/7436/372 4706/7433/370
f 9867/7434/371 9881/7431/119 4664/7322/352 9816/7321/351
f 4662/7318/349 9812/7317/348 4709/7432/116 4692/7429/368
f 9857/7430/369 9860/7427/113 4660/7314/346 9808/7313/345
f 9804/7309/342 4658/7428/367 4696/7458/377 9806/7310/343
f 4688/7330/358 9824/7329/357 4718/7459/378 9884/7456/107
f 4686/7267/2 9741/7271/333 4716/7457/105 4715/7455/104
f 4707/7642/73 4787/7643/73 4788/7644/72 9940/7645/72
f 9940/7645/72 4788/7644/72 4789/7646/71 4825/7647/71
f 4825/7647/71 4789/7646/71 4790/7648/70 4779/7649/70
f 4779/7649/70 4790/7648/70 4791/7650/2 9938/7651/2
f 9938/7651/2 4791/7650/2 4792/7652/69 4824/7653/69
f 4824/7653/69 4792/7652/69 4793/7654/68 4642/7655/68
f 4642/7655/68 4793/7654/68 4794/7656/67 9946/7657/67
f 9946/7657/67 4794/7656/67 4795/7658/66 4823/7659/66
f 4823/7659/66 4795/7658/66 4796/7660/65 4822/7661/65
f 4822/7661/65 4796/7660/65 4797/7662/64 9944/7663/64
f 9944/7663/64 4797/7662/64 4798/7664/63 4643/7665/63
f 4643/7665/63 4798/7664/63 4799/7666/62 4821/7667/62
f 4821/7668/62 4799/7669/62 4800/7670/61 9942/7671/61
f 9942/7671/61 4800/7670/61 4801/7672/60 4778/7673/60
f 4778/7673/60 4801/7672/60 4802/7674/130 9954/7675/130
f 9954/7675/130 4802/7674/130 4803/7676/58 4644/7677/58
f 4644/7677/58 4803/7676/58 4804/7678/57 9956/7679/57
f 9956/7679/57 4804/7678/57 4805/7680/56 4652/7681/56
f 4652/7681/56 4805/7680/56 4806/7682/55 4651/7683/55
f 4651/7683/55 4806/7682/55 4807/7684/3 4650/7685/3
f 4650/7685/3 4807/7684/3 4808/7686/54 9951/7687/54
f 9951/7687/54 4808/7686/54 4809/7688/53 4777/7689/53
f 4777/7689/53 4809/7688/53 4810/7690/51 4708/7691/51
f 4708/7691/51 4810/7690/51 4811/7692/52 4645/7693/52
f 4645/7693/52 4811/7692/52 4812/7694/79 4646/7695/79
f 4646/7695/79 4812/7694/79 4813/7696/78 4647/7697/78
f 4647/7697/78 4813/7696/78 4814/7698/77 4648/7699/77
f 4648/7699/77 4814/7698/77 4815/7700/33 4649/7701/33
f 4649/7701/33 4815/7700/33 4816/7702/76 9950/7703/76
f 9950/7703/76 4816/7702/76 4817/7704/75 4776/7705/75
f 4776/7705/75 4817/7704/75 4818/7706/74 4775/7707/74
f 4775/7707/74 4818/7706/74 4787/7643/73 4707/7642/73
f 10162/7708/136 10164/7709/136 10160/7710/136 10156/7711/136
f 10146/7712/131 10148/7713/131 10144/7714/131 10140/7715/131
f 10130/7716/145 10132/7717/145 10128/7718/145 10124/7719/145
f 10114/7720/515 10116/7721/515 10112/7722/515 10108/7723/515
f 10098/7724/516 10100/7725/516 10096/7726/516 10092/7727/516
f 10082/7728/517 10084/7729/517 10080/7730/517 10076/7731/517
f 10066/7732/518 10068/7733/518 10064/7734/518 10060/7735/518
f 10050/7736/519 10052/7737/519 10048/7738/519 10044/7739/519
f 10034/7740/520 10036/7741/520 10032/7742/520 10028/7743/520
f 10018/7744/445 10020/7745/445 10016/7746/445 10012/7747/445
f 9970/7748/521 9972/7749/521 9968/7750/521 9964/7751/521
f 10002/7752/149 10004/7753/149 10000/7754/149 9996/7755/149
f 9988/7756/522 9984/7757/522 9980/7758/522 9986/7759/522
f 10210/7760/133 10212/7761/133 10208/7762/133 10204/7763/133
f 10194/7764/134 10196/7765/134 10192/7766/134 10188/7767/134
f 10178/7768/135 10180/7769/135 10176/7770/135 10172/7771/135
f 9959/7772/145 9957/7773/145 9961/7774/145 9965/7775/145
f 9969/7776/134 9963/7777/134 9958/7778/134 9960/7779/134
f 4921/7780/80 9967/7781/80 9962/7782/80 4826/7783/80
f 4920/7784/518 9971/7785/518 9966/7786/518 4827/7787/518
f 4949/7788/50 4950/7789/50 4829/7790/50 4828/7791/50
f 9975/7792/516 9973/7793/516 9977/7794/516 9981/7795/516
f 9985/7796/136 9979/7797/136 9974/7798/136 9976/7799/136
f 4918/7800/80 9983/7801/80 9978/7802/80 4830/7803/80
f 4919/7804/520 9987/7805/520 9982/7806/520 4831/7807/520
f 4953/7808/50 4923/7809/50 4833/7810/50 4832/7811/50
f 9991/7812/515 9989/7813/515 9993/7814/515 9997/7815/515
f 10001/7816/135 9995/7817/135 9990/7818/135 9992/7819/135
f 4917/7820/80 9999/7821/80 9994/7822/80 4834/7823/80
f 4916/7824/519 10003/7825/519 9998/7826/519 4835/7827/519
f 4951/7828/50 4952/7829/50 4837/7830/50 4836/7831/50
f 10007/7832/131 10005/7833/131 10009/7834/131 10013/7835/131
f 10017/7836/133 10011/7837/133 10006/7838/133 10008/7839/133
f 4915/7840/80 10015/7841/80 10010/7842/80 4838/7843/80
f 4914/7844/517 10019/7845/517 10014/7846/517 4839/7847/517
f 4947/7848/50 4948/7849/50 4841/7850/50 4840/7851/50
f 10023/7852/136 10021/7853/136 10025/7854/136 10029/7855/136
f 10033/7856/522 10027/7857/522 10022/7858/522 10024/7859/522
f 4913/7860/80 10031/7861/80 10026/7862/80 4842/7863/80
f 4912/7864/516 10035/7865/516 10030/7866/516 4843/7867/516
f 4945/7868/50 4946/7869/50 4845/7870/50 4844/7871/50
f 10039/7872/135 10037/7873/135 10041/7874/135 10045/7875/135
f 10049/7876/149 10043/7877/149 10038/7878/149 10040/7879/149
f 4911/7880/80 10047/7881/80 10042/7882/80 4846/7883/80
f 4910/7884/515 10051/7885/515 10046/7886/515 4847/7887/515
f 4943/7888/50 4944/7889/50 4849/7890/50 4848/7891/50
f 10055/7892/134 10053/7893/134 10057/7894/134 10061/7895/134
f 10065/7896/521 10059/7897/521 10054/7898/521 10056/7899/521
f 4909/7900/80 10063/7901/80 10058/7902/80 4850/7903/80
f 4908/7904/145 10067/7905/145 10062/7906/145 4851/7907/145
f 4941/7908/50 4942/7909/50 4853/7910/50 4852/7911/50
f 10071/7912/133 10069/7913/133 10073/7914/133 10077/7915/133
f 10081/7916/445 10075/7917/445 10070/7918/445 10072/7919/445
f 4907/7920/80 10079/7921/80 10074/7922/80 4854/7923/80
f 4906/7924/131 10083/7925/131 10078/7926/131 4855/7927/131
f 4939/7928/50 4940/7929/50 4857/7930/50 4856/7931/50
f 10087/7932/522 10085/7933/522 10089/7934/522 10093/7935/522
f 10097/7936/520 10091/7937/520 10086/7938/520 10088/7939/520
f 4905/7940/80 10095/7941/80 10090/7942/80 4858/7943/80
f 4904/7944/136 10099/7945/136 10094/7946/136 4859/7947/136
f 4937/7948/50 4938/7949/50 4861/7950/50 4860/7951/50
f 10103/7952/149 10101/7953/149 10105/7954/149 10109/7955/149
f 10113/7956/519 10107/7957/519 10102/7958/519 10104/7959/519
f 4903/7960/80 10111/7961/80 10106/7962/80 4862/7963/80
f 4902/7964/135 10115/7965/135 10110/7966/135 4863/7967/135
f 4935/7968/50 4936/7969/50 4865/7970/50 4864/7971/50
f 10119/7972/521 10117/7973/521 10121/7974/521 10125/7975/521
f 10129/7976/518 10123/7977/518 10118/7978/518 10120/7979/518
f 4901/7980/80 10127/7981/80 10122/7982/80 4866/7983/80
f 4900/7984/134 10131/7985/134 10126/7986/134 4867/7987/134
f 4933/7988/50 4934/7989/50 4869/7990/50 4868/7991/50
f 10135/7992/445 10133/7993/445 10137/7994/445 10141/7995/445
f 10145/7996/517 10139/7997/517 10134/7998/517 10136/7999/517
f 4899/8000/80 10143/8001/80 10138/8002/80 4870/8003/80
f 4898/8004/133 10147/8005/133 10142/8006/133 4871/8007/133
f 4931/8008/50 4932/8009/50 4873/8010/50 4872/8011/50
f 10151/8012/520 10149/8013/520 10153/8014/520 10157/8015/520
f 10161/8016/516 10155/8017/516 10150/8018/516 10152/8019/516
f 4897/8020/80 10159/8021/80 10154/8022/80 4874/8023/80
f 4896/8024/522 10163/8025/522 10158/8026/522 4875/8027/522
f 4929/8028/50 4930/8029/50 4877/8030/50 4876/8031/50
f 10167/8032/519 10165/8033/519 10169/8034/519 10173/8035/519
f 10177/8036/515 10171/8037/515 10166/8038/515 10168/8039/515
f 4895/8040/80 10175/8041/80 10170/8042/80 4878/8043/80
f 4894/8044/149 10179/8045/149 10174/8046/149 4879/8047/149
f 4927/8048/50 4928/8049/50 4881/8050/50 4880/8051/50
f 10183/8052/518 10181/8053/518 10185/8054/518 10189/8055/518
f 10193/8056/145 10187/8057/145 10182/8058/145 10184/8059/145
f 4893/8060/80 10191/8061/80 10186/8062/80 4882/8063/80
f 4892/8064/521 10195/8065/521 10190/8066/521 4883/8067/521
f 4925/8068/50 4926/8069/50 4885/8070/50 4884/8071/50
f 10199/8072/517 10197/8073/517 10201/8074/517 10205/8075/517
f 10209/8076/131 10203/8077/131 10198/8078/131 10200/8079/131
f 4891/8080/80 10207/8081/80 10202/8082/80 4886/8083/80
f 4890/8084/445 10211/8085/445 10206/8086/445 4887/8087/445
f 4922/8088/50 4924/8089/50 4889/8090/50 4888/8091/50
usemtl Castle_StairsAO.tga
f 7202/8092/527 7214/8093/527 7213/8094/66 7201/8095/66
f 7202/8092/527 7203/8096/528 7215/8097/528 7214/8093/527
f 7203/8096/528 7204/8098/58 7216/8099/58 7215/8097/528
f 7205/8100/529 7217/8101/529 7216/8099/58 7204/8098/58
f 7205/8102/529 7206/8103/530 7218/8104/530 7217/8105/529
f 7206/8103/530 7207/8106/52 7219/8107/52 7218/8104/530
f 7208/8108/531 7220/8109/531 7219/8107/52 7207/8106/52
f 7208/8108/531 7209/8110/532 7221/8111/532 7220/8109/531
f 7209/8110/532 7210/8112/73 7222/8113/73 7221/8111/532
f 7210/8112/73 7211/8114/533 7223/8115/533 7222/8113/73
f 7211/8114/533 7212/8116/534 7224/8117/534 7223/8115/533
f 7201/8095/66 7213/8094/66 7224/8117/534 7212/8116/534
f 2280/8118/50 2279/8119/50 2352/8120/50
f 2281/8121/50 2280/8118/50 2352/8120/50
f 2282/8122/50 2281/8121/50 2352/8120/50
f 2283/8123/50 2282/8122/50 2352/8120/50
f 2284/8124/50 2283/8125/50 2352/8120/50
f 2285/8126/50 2284/8124/50 2352/8120/50
f 2286/8127/50 2285/8126/50 2352/8120/50
f 2287/8128/50 2286/8127/50 2352/8120/50
f 2288/8129/50 2287/8128/50 2352/8120/50
f 2289/8130/50 2288/8129/50 2352/8120/50
f 2290/8131/50 2289/8130/50 2352/8120/50
f 2279/8119/50 2290/8131/50 2352/8120/50
f 10238/8132/50 10237/8133/50 4954/8134/50
f 10237/8133/50 10239/8135/50 4954/8134/50
f 10239/8135/50 10240/8136/50 4954/8134/50
f 10240/8136/50 10241/8137/50 4954/8134/50
f 10241/8137/50 10242/8138/50 4954/8134/50
f 10242/8138/50 10243/8139/50 4954/8134/50
f 10243/8139/50 10244/8140/50 4954/8134/50
f 10244/8140/50 10245/8141/50 4954/8134/50
f 10245/8142/50 10246/8143/50 4954/8134/50
f 10246/8143/50 10247/8144/50 4954/8134/50
f 10247/8144/50 10248/8145/50 4954/8134/50
f 10248/8145/50 10238/8132/50 4954/8134/50
f 5027/8146/66 5015/8147/66 5004/8148/534 5016/8149/534
f 5017/8150/533 5016/8149/534 5004/8148/534 5005/8151/533
f 5018/8152/73 5017/8150/533 5005/8151/533 5006/8153/73
f 5019/8154/532 5018/8152/73 5006/8153/73 5007/8155/532
f 5020/8156/531 5019/8154/532 5007/8155/532 5008/8157/531
f 5020/8156/531 5008/8157/531 5009/8158/52 5021/8159/52
f 5022/8160/530 5021/8159/52 5009/8158/52 5010/8161/530
f 5023/8162/529 5022/8160/530 5010/8161/530 5011/8163/529
f 5023/8164/529 5011/8165/529 5012/8166/58 5024/8167/58
f 5025/8168/528 5024/8167/58 5012/8166/58 5013/8169/528
f 5026/8170/527 5025/8168/528 5013/8169/528 5014/8171/527
f 5026/8170/527 5014/8171/527 5015/8147/66 5027/8146/66
f 10250/8172/527 10262/8173/527 10261/8174/66 10249/8175/66
f 10250/8172/527 10251/8176/528 10263/8177/528 10262/8173/527
f 10251/8176/528 10252/8178/58 10264/8179/58 10263/8177/528
f 10253/8180/529 10265/8181/529 10264/8179/58 10252/8178/58
f 10253/8182/529 10254/8183/530 10266/8184/530 10265/8185/529
f 10254/8183/530 10255/8186/52 10267/8187/52 10266/8184/530
f 10256/8188/531 10268/8189/531 10267/8187/52 10255/8186/52
f 10256/8188/531 10257/8190/532 10269/8191/532 10268/8189/531
f 10257/8190/532 10258/8192/73 10270/8193/73 10269/8191/532
f 10258/8192/73 10259/8194/533 10271/8195/533 10270/8193/73
f 10259/8194/533 10260/8196/534 10272/8197/534 10271/8195/533
f 10249/8175/66 10261/8174/66 10272/8197/534 10260/8196/534
f 5029/8198/50 5028/8199/50 5101/8200/50
f 5030/8201/50 5029/8198/50 5101/8200/50
f 5031/8202/50 5030/8201/50 5101/8200/50
f 5032/8203/50 5031/8202/50 5101/8200/50
f 5033/8204/50 5032/8205/50 5101/8200/50
f 5034/8206/50 5033/8204/50 5101/8200/50
f 5035/8207/50 5034/8206/50 5101/8200/50
f 5036/8208/50 5035/8207/50 5101/8200/50
f 5037/8209/50 5036/8208/50 5101/8200/50
f 5038/8210/50 5037/8209/50 5101/8200/50
f 5039/8211/50 5038/8210/50 5101/8200/50
f 5028/8199/50 5039/8211/50 5101/8200/50
f 10310/8212/50 10309/8213/50 5102/8214/50
f 10309/8213/50 10311/8215/50 5102/8214/50
f 10311/8215/50 10312/8216/50 5102/8214/50
f 10312/8216/50 10313/8217/50 5102/8214/50
f 10313/8217/50 10314/8218/50 5102/8214/50
f 10314/8218/50 10315/8219/50 5102/8214/50
f 10315/8219/50 10316/8220/50 5102/8214/50
f 10316/8220/50 10317/8221/50 5102/8214/50
f 10317/8222/50 10318/8223/50 5102/8214/50
f 10318/8223/50 10319/8224/50 5102/8214/50
f 10319/8224/50 10320/8225/50 5102/8214/50
f 10320/8225/50 10310/8212/50 5102/8214/50
f 5175/8226/66 5163/8227/66 5152/8228/534 5164/8229/534
f 5165/8230/533 5164/8229/534 5152/8228/534 5153/8231/533
f 5166/8232/73 5165/8230/533 5153/8231/533 5154/8233/73
f 5167/8234/532 5166/8232/73 5154/8233/73 5155/8235/532
f 5168/8236/531 5167/8234/532 5155/8235/532 5156/8237/531
f 5168/8236/531 5156/8237/531 5157/8238/52 5169/8239/52
f 5170/8240/530 5169/8239/52 5157/8238/52 5158/8241/530
f 5171/8242/529 5170/8240/530 5158/8241/530 5159/8243/529
f 5171/8244/529 5159/8245/529 5160/8246/58 5172/8247/58
f 5173/8248/528 5172/8247/58 5160/8246/58 5161/8249/528
f 5174/8250/527 5173/8248/528 5161/8249/528 5162/8251/527
f 5174/8250/527 5162/8251/527 5163/8227/66 5175/8226/66
f 10322/8252/527 10334/8253/527 10333/8254/66 10321/8255/66
f 10322/8252/527 10323/8256/528 10335/8257/528 10334/8253/527
f 10323/8256/528 10324/8258/58 10336/8259/58 10335/8257/528
f 10325/8260/529 10337/8261/529 10336/8259/58 10324/8258/58
f 10325/8262/529 10326/8263/530 10338/8264/530 10337/8265/529
f 10326/8263/530 10327/8266/52 10339/8267/52 10338/8264/530
f 10328/8268/531 10340/8269/531 10339/8267/52 10327/8266/52
f 10328/8268/531 10329/8270/532 10341/8271/532 10340/8269/531
f 10329/8270/532 10330/8272/73 10342/8273/73 10341/8271/532
f 10330/8272/73 10331/8274/533 10343/8275/533 10342/8273/73
f 10331/8274/533 10332/8276/534 10344/8277/534 10343/8275/533
f 10321/8255/66 10333/8254/66 10344/8277/534 10332/8276/534
f 5177/8278/50 5176/8279/50 5249/8280/50
f 5178/8281/50 5177/8278/50 5249/8280/50
f 5179/8282/50 5178/8281/50 5249/8280/50
f 5180/8283/50 5179/8282/50 5249/8280/50
f 5181/8284/50 5180/8285/50 5249/8280/50
f 5182/8286/50 5181/8284/50 5249/8280/50
f 5183/8287/50 5182/8286/50 5249/8280/50
f 5184/8288/50 5183/8287/50 5249/8280/50
f 5185/8289/50 5184/8288/50 5249/8280/50
f 5186/8290/50 5185/8289/50 5249/8280/50
f 5187/8291/50 5186/8290/50 5249/8280/50
f 5176/8279/50 5187/8291/50 5249/8280/50
f 10382/8292/50 10381/8293/50 5250/8294/50
f 10381/8293/50 10383/8295/50 5250/8294/50
f 10383/8295/50 10384/8296/50 5250/8294/50
f 10384/8296/50 10385/8297/50 5250/8294/50
f 10385/8297/50 10386/8298/50 5250/8294/50
f 10386/8298/50 10387/8299/50 5250/8294/50
f 10387/8299/50 10388/8300/50 5250/8294/50
f 10388/8300/50 10389/8301/50 5250/8294/50
f 10389/8302/50 10390/8303/50 5250/8294/50
f 10390/8303/50 10391/8304/50 5250/8294/50
f 10391/8304/50 10392/8305/50 5250/8294/50
f 10392/8305/50 10382/8292/50 5250/8294/50
f 5323/8306/66 5311/8307/66 5300/8308/534 5312/8309/534
f 5313/8310/533 5312/8309/534 5300/8308/534 5301/8311/533
f 5314/8312/73 5313/8310/533 5301/8311/533 5302/8313/73
f 5315/8314/532 5314/8312/73 5302/8313/73 5303/8315/532
f 5316/8316/531 5315/8314/532 5303/8315/532 5304/8317/531
f 5316/8316/531 5304/8317/531 5305/8318/52 5317/8319/52
f 5318/8320/530 5317/8319/52 5305/8318/52 5306/8321/530
f 5319/8322/529 5318/8320/530 5306/8321/530 5307/8323/529
f 5319/8324/529 5307/8325/529 5308/8326/58 5320/8327/58
f 5321/8328/528 5320/8327/58 5308/8326/58 5309/8329/528
f 5322/8330/527 5321/8328/528 5309/8329/528 5310/8331/527
f 5322/8330/527 5310/8331/527 5311/8307/66 5323/8306/66
usemtl Castle_NONE
f 3972/8332/380 4094/8333/380 4046/8334/380
f 965/8335/330 1087/8336/121 1086/8337/58 10406/8338/58
f 964/8339/329 10406/8338/58 1086/8337/58 1085/8340/57
f 6045/8341/323 6156/8342/323 1038/8343/535 5327/8344/535
f 6046/8345/324 5327/8344/535 1038/8343/535 6154/8346/324
f 4565/8347/380 4613/8348/380 4687/8349/380
f 4388/8350/380 4510/8351/380 4462/8352/380
usemtl Clayroof
f 1507/8353/536 6479/8354/537 1354/8355/538 1352/8356/539
f 1352/8356/539 1354/8355/538 1355/8357/540 1353/8358/541
f 1353/8358/541 1355/8357/540 1540/8359/542 6391/8360/543
f 6481/8361/544 6480/8362/545 1346/8363/546 1408/8364/547
f 1408/8364/547 1346/8363/546 1347/8365/548 1409/8366/549
f 1409/8366/549 1347/8365/548 1536/8367/550 1567/8368/551
f 6480/8362/545 6482/8369/552 1348/8370/553 1346/8363/546
f 1346/8363/546 1348/8370/553 1349/8371/554 1347/8365/548
f 1347/8365/548 1349/8371/554 1537/8372/555 1536/8367/550
f 6482/8369/552 1506/8373/556 1350/8374/557 1348/8370/553
f 1348/8370/553 1350/8374/557 1351/8375/558 1349/8371/554
f 1349/8371/554 1351/8375/558 6384/8376/559 1537/8372/555
f 6479/8354/537 6483/8377/560 1356/8378/561 1354/8355/538
f 1354/8355/538 1356/8378/561 1357/8379/562 1355/8357/540
f 1355/8357/540 1357/8379/562 1541/8380/563 1540/8359/542
f 6483/8381/560 6484/8382/564 1358/8383/565 1356/8384/561
f 1356/8384/561 1358/8383/565 1359/8385/566 1357/8386/562
f 1357/8386/562 1359/8385/566 1542/8387/567 1541/8388/563
f 6484/8382/564 6485/8389/568 1360/8390/569 1358/8383/565
f 1358/8383/565 1360/8390/569 1361/8391/570 1359/8385/566
f 1359/8385/566 1361/8391/570 1543/8392/571 1542/8387/567
f 6485/8389/568 6486/8393/572 1362/8394/573 1360/8390/569
f 1360/8390/569 1362/8394/573 1363/8395/574 1361/8391/570
f 1361/8391/570 1363/8395/574 1544/8396/575 1543/8392/571
f 6486/8393/572 6487/8397/576 1364/8398/577 1362/8394/573
f 1362/8394/573 1364/8398/577 1365/8399/578 1363/8395/574
f 1363/8395/574 1365/8399/578 1545/8400/579 1544/8396/575
f 6487/8397/576 1514/8401/580 1366/8402/581 1364/8398/577
f 1364/8398/577 1366/8402/581 1367/8403/582 1365/8399/578
f 1365/8399/578 1367/8403/582 6398/8404/583 1545/8400/579
f 1515/8405/584 6488/8406/585 1370/8407/586 1368/8408/587
f 1368/8408/587 1370/8407/586 1371/8409/588 1369/8410/589
f 1369/8410/589 1371/8409/588 1548/8411/590 1547/8412/591
f 6488/8406/585 6489/8413/592 1372/8414/593 1370/8407/586
f 1370/8407/586 1372/8414/593 1373/8415/594 1371/8409/588
f 1371/8409/588 1373/8415/594 1549/8416/595 1548/8411/590
f 6489/8413/592 6490/8417/596 1374/8418/597 1372/8414/593
f 1372/8414/593 1374/8418/597 1375/8419/598 1373/8415/594
f 1373/8415/594 1375/8419/598 1550/8420/599 1549/8416/595
f 6490/8417/596 6491/8421/600 1376/8422/601 1374/8418/597
f 1374/8418/597 1376/8422/601 1377/8423/602 1375/8419/598
f 1375/8419/598 1377/8423/602 1551/8424/603 1550/8420/599
f 6491/8421/600 6492/8425/604 1378/8426/605 1376/8422/601
f 1376/8422/601 1378/8426/605 1379/8427/606 1377/8423/602
f 1377/8423/602 1379/8427/606 1552/8428/607 1551/8424/603
f 6492/8425/604 6493/8429/608 1380/8430/609 1378/8426/605
f 1378/8426/605 1380/8430/609 1381/8431/610 1379/8427/606
f 1379/8427/606 1381/8431/610 1553/8432/611 1552/8428/607
f 6493/8429/608 1522/8433/612 1382/8434/613 1380/8430/609
f 1380/8430/609 1382/8434/613 1383/8435/614 1381/8431/610
f 1381/8431/610 1383/8435/614 6412/8436/615 1553/8432/611
f 1523/8437/616 6494/8438/617 1386/8439/618 1384/8440/619
f 1384/8440/619 1386/8439/618 1387/8441/620 1385/8442/621
f 1385/8442/621 1387/8441/620 1556/8443/622 1555/8444/623
f 6494/8438/617 6495/8445/624 1388/8446/625 1386/8439/618
f 1386/8439/618 1388/8446/625 1389/8447/626 1387/8441/620
f 1387/8441/620 1389/8447/626 1557/8448/627 1556/8443/622
f 6495/8445/624 6496/8449/628 1390/8450/629 1388/8446/625
f 1388/8446/625 1390/8450/629 1391/8451/630 1389/8447/626
f 1389/8447/626 1391/8451/630 1558/8452/631 1557/8448/627
f 6496/8449/628 6497/8453/632 1392/8454/633 1390/8450/629
f 1390/8450/629 1392/8454/633 1393/8455/634 1391/8451/630
f 1391/8451/630 1393/8455/634 1559/8456/635 1558/8452/631
f 6497/8453/632 6498/8457/636 1394/8458/637 1392/8454/633
f 1392/8454/633 1394/8458/637 1395/8459/638 1393/8455/634
f 1393/8455/634 1395/8459/638 1560/8460/639 1559/8456/635
f 6498/8457/636 6499/8461/640 1396/8462/641 1394/8458/637
f 1394/8463/637 1396/8464/641 1397/8465/642 1395/8466/638
f 1395/8467/638 1397/8468/642 1561/8469/643 1560/8470/639
f 6499/8461/640 1530/8471/644 1398/8472/645 1396/8462/641
f 1396/8473/641 1398/8474/645 1399/8475/646 1397/8476/642
f 1397/8476/642 1399/8475/646 1562/8477/647 1561/8478/643
f 1531/8479/648 6500/8480/649 1402/8481/650 1400/8482/651
f 1400/8482/651 1402/8481/650 1403/8483/652 1401/8484/653
f 1401/8484/653 1403/8483/652 1564/8485/654 6431/8486/655
f 6500/8480/649 6501/8487/656 1404/8488/657 1402/8481/650
f 1402/8481/650 1404/8488/657 1405/8489/658 1403/8483/652
f 1403/8483/652 1405/8489/658 1565/8490/659 1564/8485/654
f 6501/8487/656 6502/8491/660 1406/8492/661 1404/8488/657
f 1404/8488/657 1406/8492/661 1407/8493/662 1405/8489/658
f 1405/8489/658 1407/8493/662 1566/8494/663 1565/8490/659
f 6502/8491/660 6481/8361/544 1408/8364/547 1406/8492/661
f 1406/8492/661 1408/8364/547 1409/8366/549 1407/8493/662
f 1407/8493/662 1409/8366/549 1567/8368/551 1566/8494/663
f 1476/8495/80 1508/8496/80 6388/8497/80 1475/8498/80
f 1472/8499/80 1504/8500/80 1535/8501/80 1503/8502/80
f 1473/8503/80 1505/8504/80 1504/8500/80 1472/8499/80
f 1474/8505/80 6381/8506/80 1505/8504/80 1473/8503/80
f 1475/8498/80 6388/8497/80 6381/8506/80 1474/8505/80
f 1477/8507/80 1509/8508/80 1508/8496/80 1476/8495/80
f 1478/8509/80 1510/8510/80 1509/8511/80 1477/8512/80
f 1479/8513/80 1511/8514/80 1510/8510/80 1478/8509/80
f 1480/8515/80 1512/8516/80 1511/8514/80 1479/8513/80
f 1481/8517/80 1513/8518/80 1512/8516/80 1480/8515/80
f 1482/8519/80 6395/8520/80 1513/8518/80 1481/8517/80
f 1483/8521/80 6402/8522/80 6395/8520/80 1482/8519/80
f 1484/8523/80 1516/8524/80 6402/8522/80 1483/8521/80
f 1485/8525/80 1517/8526/80 1516/8524/80 1484/8523/80
f 1486/8527/80 1518/8528/80 1517/8526/80 1485/8525/80
f 1487/8529/80 1519/8530/80 1518/8528/80 1486/8527/80
f 1488/8531/80 1520/8532/80 1519/8530/80 1487/8529/80
f 1489/8533/80 1521/8534/80 1520/8532/80 1488/8531/80
f 1490/8535/80 6409/8536/80 1521/8534/80 1489/8533/80
f 1491/8537/80 6416/8538/80 6409/8536/80 1490/8535/80
f 1492/8539/80 1524/8540/80 6416/8538/80 1491/8537/80
f 1493/8541/80 1525/8542/80 1524/8540/80 1492/8539/80
f 1494/8543/80 1526/8544/80 1525/8542/80 1493/8541/80
f 1495/8545/80 1527/8546/80 1526/8544/80 1494/8543/80
f 1496/8547/80 1528/8548/80 1527/8546/80 1495/8545/80
f 1497/8549/80 1529/8550/80 1528/8548/80 1496/8547/80
f 1498/8551/80 6423/8552/80 1529/8550/80 1497/8549/80
f 1499/8553/80 6429/8554/80 6423/8552/80 1498/8551/80
f 1500/8555/80 1532/8556/80 6429/8554/80 1499/8553/80
f 1501/8557/80 1533/8558/80 1532/8556/80 1500/8555/80
f 1502/8559/80 1534/8560/80 1533/8558/80 1501/8557/80
f 1503/8502/80 1535/8501/80 1534/8560/80 1502/8559/80
f 1540/8359/542 6504/8561/55 6503/8562/3 6391/8360/543
f 1536/8367/550 6505/8563/51 6506/8564/52 1567/8368/551
f 1537/8372/555 6507/8565/53 6505/8563/51 1536/8367/550
f 6384/8376/559 6508/8566/54 6507/8565/53 1537/8372/555
f 6391/8360/543 6503/8562/3 6508/8566/54 6384/8376/559
f 1541/8380/563 6509/8567/56 6504/8561/55 1540/8359/542
f 1542/8387/567 6510/8568/57 6509/8569/56 1541/8388/563
f 1543/8392/571 6511/8570/58 6510/8568/57 1542/8387/567
f 1544/8396/575 6512/8571/130 6511/8570/58 1543/8392/571
f 1545/8400/579 6513/8572/60 6512/8571/130 1544/8396/575
f 6398/8404/583 6514/8573/61 6513/8572/60 1545/8400/579
f 1547/8412/591 6515/8574/62 6514/8573/61 6398/8404/583
f 1548/8411/590 6516/8575/63 6515/8574/62 1547/8412/591
f 1549/8416/595 6517/8576/64 6516/8575/63 1548/8411/590
f 1550/8420/599 6518/8577/122 6517/8576/64 1549/8416/595
f 1551/8424/603 6519/8578/66 6518/8577/122 1550/8420/599
f 1552/8428/607 6520/8579/67 6519/8578/66 1551/8424/603
f 1553/8432/611 6521/8580/68 6520/8579/67 1552/8428/607
f 6412/8436/615 6522/8581/69 6521/8580/68 1553/8432/611
f 1555/8444/623 6523/8582/2 6522/8581/69 6412/8436/615
f 1556/8443/622 6524/8583/70 6523/8582/2 1555/8444/623
f 1557/8448/627 6525/8584/71 6524/8583/70 1556/8443/622
f 1558/8452/631 6526/8585/72 6525/8584/71 1557/8448/627
f 1559/8456/635 6527/8586/664 6526/8585/72 1558/8452/631
f 1560/8460/639 6528/8587/665 6527/8586/664 1559/8456/635
f 1561/8588/643 6529/8589/666 6528/8587/665 1560/8460/639
f 1562/8590/647 6530/8591/76 6529/8589/666 1561/8588/643
f 6431/8486/655 6531/8592/33 6530/8591/76 1562/8590/647
f 1565/8490/659 6533/8593/78 6532/8594/77 1564/8485/654
f 1566/8494/663 6534/8595/79 6533/8593/78 1565/8490/659
f 1567/8368/551 6506/8564/52 6534/8595/79 1566/8494/663
f 1572/8596/50 657/8597/50 658/8598/50 1571/8599/50
f 1568/8600/50 6535/8601/50 6536/8602/50 1598/8603/50
f 1569/8604/50 6537/8605/50 6535/8601/50 1568/8600/50
f 1570/8606/50 6538/8607/50 6537/8605/50 1569/8604/50
f 1571/8599/50 658/8598/50 6538/8607/50 1570/8606/50
f 1573/8608/50 6539/8609/50 657/8597/50 1572/8596/50
f 1574/8610/50 6540/8611/50 6539/8612/50 1573/8613/50
f 1575/8614/50 656/8615/50 6540/8611/50 1574/8610/50
f 1576/8616/50 655/8617/50 656/8615/50 1575/8614/50
f 1577/8618/50 6553/8619/50 655/8617/50 1576/8616/50
f 1578/8620/50 654/8621/50 6553/8619/50 1577/8618/50
f 1579/8622/50 653/8623/50 654/8621/50 1578/8620/50
f 1580/8624/50 652/8625/50 653/8623/50 1579/8622/50
f 1581/8626/50 6541/8627/50 652/8625/50 1580/8624/50
f 1582/8628/50 6542/8629/50 6541/8627/50 1581/8626/50
f 1583/8630/50 6543/8631/50 6542/8629/50 1582/8628/50
f 1584/8632/50 6544/8633/50 6543/8631/50 1583/8630/50
f 1585/8634/50 651/8635/50 6544/8633/50 1584/8632/50
f 1586/8636/50 650/8637/50 651/8635/50 1585/8634/50
f 1587/8638/50 649/8639/50 650/8637/50 1586/8636/50
f 1588/8640/50 648/8641/50 649/8639/50 1587/8638/50
f 1589/8642/50 6552/8643/50 648/8641/50 1588/8640/50
f 1590/8644/50 647/8645/50 6552/8643/50 1589/8642/50
f 1591/8646/50 646/8647/50 647/8645/50 1590/8644/50
f 1592/8648/50 6545/8649/50 646/8647/50 1591/8646/50
f 1593/8650/50 6546/8651/50 6545/8649/50 1592/8648/50
f 1594/8652/50 6547/8653/50 6546/8651/50 1593/8650/50
f 1595/8654/50 645/8655/50 6547/8653/50 1594/8652/50
f 1596/8656/50 6550/8657/50 645/8655/50 1595/8654/50
f 1597/8658/50 644/8659/50 6550/8660/50 1596/8661/50
f 1599/8662/50 6548/8663/50 644/8659/50 1597/8658/50
f 1598/8603/50 6536/8602/50 6548/8663/50 1599/8662/50
f 2292/8664/50 7226/8665/50 7225/8666/50 2291/8667/50
f 2292/8664/50 2293/8668/50 7227/8669/50 7226/8665/50
f 2293/8668/50 2294/8670/50 7228/8671/50 7227/8669/50
f 2295/8672/50 7229/8673/50 7228/8671/50 2294/8670/50
f 2295/8674/50 2296/8675/50 7230/8676/50 7229/8677/50
f 2296/8675/50 2297/8678/50 7231/8679/50 7230/8676/50
f 2298/8680/50 7232/8681/50 7231/8679/50 2297/8678/50
f 2298/8680/50 2299/8682/50 7233/8683/50 7232/8681/50
f 2299/8682/50 2300/8684/50 7234/8685/50 7233/8683/50
f 2300/8684/50 2301/8686/50 7235/8687/50 7234/8685/50
f 2301/8686/50 2302/8688/50 7236/8689/50 7235/8687/50
f 2291/8667/50 7225/8666/50 7236/8689/50 2302/8688/50
f 2304/8690/667 2316/8691/668 2315/8692/669 2303/8693/670
f 2304/8690/667 2305/8694/671 2317/8695/672 2316/8691/668
f 2305/8694/671 2306/8696/673 2318/8697/674 2317/8695/672
f 2307/8698/675 2319/8699/676 2318/8697/674 2306/8696/673
f 2307/8700/675 2308/8701/677 2320/8702/678 2319/8703/676
f 2308/8701/677 2309/8704/679 2321/8705/680 2320/8702/678
f 2310/8706/681 2322/8707/682 2321/8705/680 2309/8704/679
f 2310/8706/681 2311/8708/683 2323/8709/684 2322/8707/682
f 2311/8708/683 2312/8710/685 2324/8711/686 2323/8709/684
f 2312/8710/685 2313/8712/687 2325/8713/688 2324/8711/686
f 2313/8712/687 2314/8714/689 2326/8715/690 2325/8713/688
f 2303/8693/670 2315/8692/669 2326/8715/690 2314/8714/689
f 2316/8691/668 2327/8716/691 2328/8717/692 2315/8692/669
f 2316/8691/668 2317/8695/672 2329/8718/693 2327/8716/691
f 2317/8695/672 2318/8697/674 2330/8719/694 2329/8718/693
f 2319/8699/676 2331/8720/695 2330/8719/694 2318/8697/674
f 2319/8703/676 2320/8702/678 2332/8721/696 2331/8722/695
f 2320/8702/678 2321/8705/680 2333/8723/697 2332/8721/696
f 2322/8707/682 2334/8724/698 2333/8723/697 2321/8705/680
f 2322/8707/682 2323/8709/684 2335/8725/699 2334/8724/698
f 2323/8709/684 2324/8711/686 2336/8726/700 2335/8725/699
f 2324/8711/686 2325/8713/688 2337/8727/701 2336/8726/700
f 2325/8713/688 2326/8715/690 2338/8728/702 2337/8727/701
f 2315/8692/669 2328/8717/692 2338/8728/702 2326/8715/690
f 2327/8716/691 2339/8729/703 2340/8730/704 2328/8717/692
f 2327/8716/691 2329/8718/693 2341/8731/705 2339/8729/703
f 2329/8718/693 2330/8719/694 2342/8732/706 2341/8731/705
f 2331/8720/695 2343/8733/707 2342/8732/706 2330/8719/694
f 2331/8722/695 2332/8721/696 2344/8734/708 2343/8735/707
f 2332/8721/696 2333/8723/697 2345/8736/709 2344/8734/708
f 2334/8724/698 2346/8737/710 2345/8736/709 2333/8723/697
f 2334/8724/698 2335/8725/699 2347/8738/711 2346/8737/710
f 2335/8725/699 2336/8726/700 2348/8739/712 2347/8738/711
f 2336/8726/700 2337/8727/701 2349/8740/713 2348/8739/712
f 2337/8727/701 2338/8728/702 2350/8741/714 2349/8740/713
f 2328/8717/692 2340/8730/704 2350/8741/714 2338/8728/702
f 2339/8729/703 2351/8742/80 2340/8730/704
f 2339/8729/703 2341/8731/705 2351/8742/80
f 2341/8731/705 2342/8732/706 2351/8742/80
f 2343/8733/707 2351/8742/80 2342/8732/706
f 2343/8735/707 2344/8734/708 2351/8742/80
f 2344/8734/708 2345/8736/709 2351/8742/80
f 2346/8737/710 2351/8742/80 2345/8736/709
f 2346/8737/710 2347/8738/711 2351/8742/80
f 2347/8738/711 2348/8739/712 2351/8742/80
f 2348/8739/712 2349/8740/713 2351/8742/80
f 2349/8740/713 2350/8741/714 2351/8742/80
f 2340/8730/704 2351/8742/80 2350/8741/714
f 7931/8743/50 3012/8744/50 3011/8745/50 7930/8746/50
f 7930/8746/50 3011/8745/50 7922/8747/50 7932/8748/50
f 7932/8748/50 7922/8747/50 3013/8749/50 7933/8750/50
f 7933/8751/50 3013/8752/50 7920/8753/50 7934/8754/50
f 7934/8754/50 7920/8753/50 3014/8755/50 7935/8756/50
f 7935/8756/50 3014/8755/50 3015/8757/50 7936/8758/50
f 7936/8758/50 3015/8757/50 3016/8759/50 7937/8760/50
f 7937/8760/50 3016/8759/50 7918/8761/50 7938/8762/50
f 7938/8762/50 7918/8761/50 7916/8763/50 7939/8764/50
f 7939/8764/50 7916/8763/50 3017/8765/50 7940/8766/50
f 7940/8766/50 3017/8765/50 7915/8767/50 7941/8768/50
f 7941/8768/50 7915/8767/50 8323/8769/50 7942/8770/50
f 7942/8770/50 8323/8769/50 8322/8771/50 7943/8772/50
f 7943/8772/50 8322/8771/50 7913/8773/50 7944/8774/50
f 7944/8774/50 7913/8773/50 3018/8775/50 7945/8776/50
f 7945/8776/50 3018/8775/50 3019/8777/50 7946/8778/50
f 7946/8778/50 3019/8777/50 3020/8779/50 7947/8780/50
f 7947/8780/50 3020/8779/50 3021/8781/50 7948/8782/50
f 7948/8782/50 3021/8781/50 7911/8783/50 7949/8784/50
f 7949/8784/50 7911/8783/50 8321/8785/50 7950/8786/50
f 7950/8786/50 8321/8785/50 7909/8787/50 7951/8788/50
f 7951/8788/50 7909/8787/50 3022/8789/50 7952/8790/50
f 7952/8790/50 3022/8789/50 7908/8791/50 7953/8792/50
f 7953/8792/50 7908/8791/50 7906/8793/50 7954/8794/50
f 7954/8794/50 7906/8793/50 3023/8795/50 7955/8796/50
f 7955/8796/50 3023/8795/50 3024/8797/50 7956/8798/50
f 7956/8799/50 3024/8800/50 7904/8801/50 7957/8802/50
f 7958/8803/50 7902/8804/50 3025/8805/50 7959/8806/50
f 7959/8806/50 3025/8805/50 3026/8807/50 7960/8808/50
f 7960/8808/50 3026/8807/50 3027/8809/50 7961/8810/50
f 7961/8810/50 3027/8809/50 3012/8744/50 7931/8743/50
f 7957/8802/50 7904/8801/50 7902/8804/50 7958/8803/50
f 3060/8811/551 3029/8812/52 3028/8813/79 3061/8814/663
f 3061/8814/663 3028/8813/79 3030/8815/78 3062/8816/659
f 3062/8816/659 3030/8815/78 3031/8817/77 3063/8818/654
f 7962/8819/655 3032/8820/33 3033/8821/76 7964/8822/647
f 7964/8822/647 3033/8821/76 3034/8823/666 3066/8824/643
f 3066/8824/643 3034/8823/666 3035/8825/665 3067/8826/639
f 3067/8826/639 3035/8825/665 3036/8827/664 3068/8828/635
f 3068/8828/635 3036/8827/664 3037/8829/72 3069/8830/631
f 3069/8830/631 3037/8829/72 3038/8831/71 3070/8832/627
f 3070/8832/627 3038/8831/71 3039/8833/70 3071/8834/622
f 3071/8834/622 3039/8833/70 3040/8835/2 7966/8836/623
f 7966/8836/623 3040/8835/2 3041/8837/69 7968/8838/615
f 7968/8838/615 3041/8837/69 3042/8839/68 3074/8840/611
f 3074/8840/611 3042/8839/68 3043/8841/67 3075/8842/607
f 3075/8842/607 3043/8841/67 3044/8843/66 3076/8844/603
f 3076/8844/603 3044/8843/66 3045/8845/122 3077/8846/599
f 3077/8846/599 3045/8845/122 3046/8847/64 3078/8848/595
f 3078/8848/595 3046/8847/64 3047/8849/63 3079/8850/590
f 3079/8850/590 3047/8849/63 3048/8851/62 7970/8852/591
f 7970/8852/591 3048/8851/62 3049/8853/61 7972/8854/583
f 7972/8854/583 3049/8853/61 3050/8855/60 3082/8856/579
f 3082/8856/579 3050/8855/60 3051/8857/130 3083/8858/575
f 3083/8858/575 3051/8857/130 3052/8859/58 3084/8860/571
f 3084/8860/571 3052/8859/58 3053/8861/57 3085/8862/567
f 3085/8862/567 3053/8861/57 3054/8863/56 3086/8864/563
f 3086/8865/563 3054/8866/56 3055/8867/55 3087/8868/542
f 7974/8869/543 3056/8870/3 3057/8871/54 7976/8872/559
f 7976/8872/559 3057/8871/54 3058/8873/53 3090/8874/555
f 3090/8874/555 3058/8873/53 3059/8875/51 3091/8876/550
f 3091/8876/550 3059/8875/51 3029/8812/52 3060/8811/551
f 3087/8868/542 3055/8867/55 3056/8870/3 7974/8869/543
f 8026/8877/80 7978/8878/80 7979/8879/80 8027/8880/80
f 8027/8880/80 7979/8879/80 7980/8881/80 8028/8882/80
f 8028/8882/80 7980/8881/80 7981/8883/80 8029/8884/80
f 8029/8884/80 7981/8883/80 7982/8885/80 8030/8886/80
f 8030/8886/80 7982/8885/80 7985/8887/80 8031/8888/80
f 8031/8888/80 7985/8887/80 7988/8889/80 8032/8890/80
f 8032/8890/80 7988/8889/80 7989/8891/80 8033/8892/80
f 8033/8892/80 7989/8891/80 7990/8893/80 8034/8894/80
f 8034/8894/80 7990/8893/80 7991/8895/80 8035/8896/80
f 8035/8896/80 7991/8895/80 7992/8897/80 8036/8898/80
f 8036/8898/80 7992/8897/80 7993/8899/80 8037/8900/80
f 8037/8900/80 7993/8899/80 7994/8901/80 8038/8902/80
f 8038/8902/80 7994/8901/80 7997/8903/80 8039/8904/80
f 8039/8904/80 7997/8903/80 8000/8905/80 8040/8906/80
f 8040/8906/80 8000/8905/80 8001/8907/80 8041/8908/80
f 8041/8908/80 8001/8907/80 8002/8909/80 8042/8910/80
f 8042/8910/80 8002/8909/80 8003/8911/80 8043/8912/80
f 8043/8912/80 8003/8911/80 8004/8913/80 8044/8914/80
f 8044/8914/80 8004/8913/80 8005/8915/80 8045/8916/80
f 8045/8916/80 8005/8915/80 8006/8917/80 8046/8918/80
f 8046/8918/80 8006/8917/80 8009/8919/80 8047/8920/80
f 8047/8920/80 8009/8919/80 8012/8921/80 8048/8922/80
f 8048/8922/80 8012/8921/80 8013/8923/80 8049/8924/80
f 8049/8924/80 8013/8923/80 8014/8925/80 8050/8926/80
f 8050/8926/80 8014/8925/80 8015/8927/80 8051/8928/80
f 8051/8928/80 8015/8927/80 8016/8929/80 8052/8930/80
f 8052/8931/80 8016/8932/80 8017/8933/80 8053/8934/80
f 8054/8935/80 8018/8936/80 8021/8937/80 8055/8938/80
f 8055/8938/80 8021/8937/80 8024/8939/80 8056/8940/80
f 8056/8940/80 8024/8939/80 8025/8941/80 8057/8942/80
f 8057/8942/80 8025/8941/80 7978/8878/80 8026/8877/80
f 8053/8934/80 8017/8933/80 8018/8936/80 8054/8935/80
f 3221/8943/662 3219/8944/549 3060/8811/551 3061/8814/663
f 3222/8945/661 3220/8946/547 3219/8944/549 3221/8943/662
f 3093/8947/660 3092/8948/544 3220/8946/547 3222/8945/661
f 3223/8949/658 3221/8943/662 3061/8814/663 3062/8816/659
f 3224/8950/657 3222/8945/661 3221/8943/662 3223/8949/658
f 3094/8951/656 3093/8947/660 3222/8945/661 3224/8950/657
f 3225/8952/652 3223/8949/658 3062/8816/659 3063/8818/654
f 3226/8953/650 3224/8950/657 3223/8949/658 3225/8952/652
f 3095/8954/649 3094/8951/656 3224/8950/657 3226/8953/650
f 8096/8955/653 3225/8952/652 3063/8818/654 7962/8819/655
f 8097/8956/651 3226/8953/650 3225/8952/652 8096/8955/653
f 3096/8957/648 3095/8954/649 3226/8953/650 8097/8956/651
f 3231/8958/642 8098/8959/646 7964/8960/647 3066/8961/643
f 3232/8962/641 8099/8963/645 8098/8964/646 3231/8965/642
f 3098/8966/640 7987/8967/644 8099/8968/645 3232/8969/641
f 3233/8970/638 3231/8971/642 3066/8972/643 3067/8973/639
f 3234/8974/637 3232/8975/641 3231/8976/642 3233/8977/638
f 3099/8978/636 3098/8966/640 3232/8969/641 3234/8979/637
f 3235/8980/634 3233/8981/638 3067/8826/639 3068/8828/635
f 3236/8982/633 3234/8979/637 3233/8981/638 3235/8980/634
f 3100/8983/632 3099/8978/636 3234/8979/637 3236/8982/633
f 3237/8984/630 3235/8980/634 3068/8828/635 3069/8830/631
f 3238/8985/629 3236/8982/633 3235/8980/634 3237/8984/630
f 3101/8986/628 3100/8983/632 3236/8982/633 3238/8985/629
f 3239/8987/626 3237/8984/630 3069/8830/631 3070/8832/627
f 3240/8988/625 3238/8985/629 3237/8984/630 3239/8987/626
f 3102/8989/624 3101/8986/628 3238/8985/629 3240/8988/625
f 3241/8990/620 3239/8987/626 3070/8832/627 3071/8834/622
f 3242/8991/618 3240/8988/625 3239/8987/626 3241/8990/620
f 3103/8992/617 3102/8989/624 3240/8988/625 3242/8991/618
f 8100/8993/621 3241/8990/620 3071/8834/622 7966/8836/623
f 8101/8994/619 3242/8991/618 3241/8990/620 8100/8993/621
f 7996/8995/616 3103/8992/617 3242/8991/618 8101/8994/619
f 3247/8996/610 8102/8997/614 7968/8838/615 3074/8840/611
f 3248/8998/609 8103/8999/613 8102/8997/614 3247/8996/610
f 3106/9000/608 7999/9001/612 8103/8999/613 3248/8998/609
f 3249/9002/606 3247/8996/610 3074/8840/611 3075/8842/607
f 3250/9003/605 3248/8998/609 3247/8996/610 3249/9002/606
f 3107/9004/604 3106/9000/608 3248/8998/609 3250/9003/605
f 3251/9005/602 3249/9002/606 3075/8842/607 3076/8844/603
f 3252/9006/601 3250/9003/605 3249/9002/606 3251/9005/602
f 3108/9007/600 3107/9004/604 3250/9003/605 3252/9006/601
f 3253/9008/598 3251/9005/602 3076/8844/603 3077/8846/599
f 3254/9009/597 3252/9006/601 3251/9005/602 3253/9008/598
f 3109/9010/596 3108/9007/600 3252/9006/601 3254/9009/597
f 3255/9011/594 3253/9008/598 3077/8846/599 3078/8848/595
f 3256/9012/593 3254/9009/597 3253/9008/598 3255/9011/594
f 3110/9013/592 3109/9010/596 3254/9009/597 3256/9012/593
f 3257/9014/588 3255/9011/594 3078/8848/595 3079/8850/590
f 3258/9015/586 3256/9012/593 3255/9011/594 3257/9014/588
f 3111/9016/585 3110/9013/592 3256/9012/593 3258/9015/586
f 8104/9017/589 3257/9014/588 3079/8850/590 7970/8852/591
f 8105/9018/587 3258/9015/586 3257/9014/588 8104/9017/589
f 8008/9019/584 3111/9016/585 3258/9015/586 8105/9018/587
f 3263/9020/578 8106/9021/582 7972/8854/583 3082/8856/579
f 3264/9022/577 8107/9023/581 8106/9021/582 3263/9020/578
f 3114/9024/576 8011/9025/580 8107/9023/581 3264/9022/577
f 3265/9026/574 3263/9020/578 3082/8856/579 3083/8858/575
f 3266/9027/573 3264/9022/577 3263/9020/578 3265/9026/574
f 3115/9028/572 3114/9024/576 3264/9022/577 3266/9027/573
f 3267/9029/570 3265/9026/574 3083/8858/575 3084/8860/571
f 3268/9030/569 3266/9027/573 3265/9026/574 3267/9029/570
f 3116/9031/568 3115/9028/572 3266/9027/573 3268/9030/569
f 3269/9032/566 3267/9029/570 3084/8860/571 3085/8862/567
f 3270/9033/565 3268/9030/569 3267/9029/570 3269/9032/566
f 3117/9034/564 3116/9031/568 3268/9030/569 3270/9033/565
f 3271/9035/562 3269/9032/566 3085/8862/567 3086/8864/563
f 3272/9036/561 3270/9033/565 3269/9032/566 3271/9035/562
f 3118/9037/560 3117/9034/564 3270/9033/565 3272/9036/561
f 3273/9038/540 3271/9039/562 3086/8865/563 3087/8868/542
f 3274/9040/538 3272/9041/561 3271/9039/562 3273/9038/540
f 3119/9042/537 3118/9043/560 3272/9041/561 3274/9040/538
f 3279/9044/554 8110/9045/558 7976/8872/559 3090/8874/555
f 3280/9046/553 8111/9047/557 8110/9045/558 3279/9044/554
f 3122/9048/552 8023/9049/556 8111/9047/557 3280/9046/553
f 3281/9050/548 3279/9044/554 3090/8874/555 3091/8876/550
f 3282/9051/546 3280/9046/553 3279/9044/554 3281/9050/548
f 3123/9052/545 3122/9048/552 3280/9046/553 3282/9051/546
f 3219/8944/549 3281/9050/548 3091/8876/550 3060/8811/551
f 3220/8946/547 3282/9051/546 3281/9050/548 3219/8944/549
f 3092/8948/544 3123/9052/545 3282/9051/546 3220/8946/547
f 8108/9053/541 3273/9038/540 3087/8868/542 7974/8869/543
f 8109/9054/539 3274/9040/538 3273/9038/540 8108/9053/541
f 8020/9055/536 3119/9042/537 3274/9040/538 8109/9054/539
f 4966/9056/704 4955/9057/80 4956/9058/714
f 4957/9059/713 4956/9058/714 4955/9057/80
f 4958/9060/712 4957/9059/713 4955/9057/80
f 4959/9061/711 4958/9060/712 4955/9057/80
f 4960/9062/710 4959/9061/711 4955/9057/80
f 4960/9062/710 4955/9057/80 4961/9063/709
f 4962/9064/708 4961/9063/709 4955/9057/80
f 4963/9065/707 4962/9064/708 4955/9057/80
f 4963/9066/707 4955/9057/80 4964/9067/706
f 4965/9068/705 4964/9067/706 4955/9057/80
f 4967/9069/703 4965/9068/705 4955/9057/80
f 4967/9069/703 4955/9057/80 4966/9056/704
f 4978/9070/692 4966/9056/704 4956/9058/714 4968/9071/702
f 4969/9072/715 4968/9071/702 4956/9058/714 4957/9059/713
f 4970/9073/700 4969/9072/715 4957/9059/713 4958/9060/712
f 4971/9074/699 4970/9073/700 4958/9060/712 4959/9061/711
f 4972/9075/716 4971/9074/699 4959/9061/711 4960/9062/710
f 4972/9075/716 4960/9062/710 4961/9063/709 4973/9076/697
f 4974/9077/696 4973/9076/697 4961/9063/709 4962/9064/708
f 4975/9078/695 4974/9077/696 4962/9064/708 4963/9065/707
f 4975/9079/695 4963/9066/707 4964/9067/706 4976/9080/694
f 4977/9081/717 4976/9080/694 4964/9067/706 4965/9068/705
f 4979/9082/718 4977/9081/717 4965/9068/705 4967/9069/703
f 4979/9082/718 4967/9069/703 4966/9056/704 4978/9070/692
f 4991/9083/669 4978/9070/692 4968/9071/702 4980/9084/690
f 4981/9085/688 4980/9084/690 4968/9071/702 4969/9072/715
f 4982/9086/686 4981/9085/688 4969/9072/715 4970/9073/700
f 4983/9087/684 4982/9086/686 4970/9073/700 4971/9074/699
f 4984/9088/682 4983/9087/684 4971/9074/699 4972/9075/716
f 4984/9088/682 4972/9075/716 4973/9076/697 4985/9089/680
f 4986/9090/678 4985/9089/680 4973/9076/697 4974/9077/696
f 4987/9091/676 4986/9090/678 4974/9077/696 4975/9078/695
f 4987/9092/676 4975/9079/695 4976/9080/694 4988/9093/674
f 4989/9094/672 4988/9093/674 4976/9080/694 4977/9081/717
f 4990/9095/668 4989/9094/672 4977/9081/717 4979/9082/718
f 4990/9095/668 4979/9082/718 4978/9070/692 4991/9083/669
f 10214/9096/670 4991/9083/669 4980/9084/690 10213/9097/689
f 10215/9098/687 10213/9097/689 4980/9084/690 4981/9085/688
f 10216/9099/685 10215/9098/687 4981/9085/688 4982/9086/686
f 10217/9100/683 10216/9099/685 4982/9086/686 4983/9087/684
f 10218/9101/681 10217/9100/683 4983/9087/684 4984/9088/682
f 10218/9101/681 4984/9088/682 4985/9089/680 10219/9102/679
f 10220/9103/677 10219/9102/679 4985/9089/680 4986/9090/678
f 10221/9104/675 10220/9103/677 4986/9090/678 4987/9091/676
f 10221/9105/675 4987/9092/676 4988/9093/674 10222/9106/673
f 10223/9107/719 10222/9106/673 4988/9093/674 4989/9094/672
f 10224/9108/720 10223/9107/719 4989/9094/672 4990/9095/668
f 10224/9108/720 4990/9095/668 4991/9083/669 10214/9096/670
f 10226/9109/50 5003/9110/50 4992/9111/50 10225/9112/50
f 10227/9113/50 10225/9112/50 4992/9111/50 4993/9114/50
f 10228/9115/50 10227/9113/50 4993/9114/50 4994/9116/50
f 10229/9117/50 10228/9115/50 4994/9116/50 4995/9118/50
f 10230/9119/50 10229/9117/50 4995/9118/50 4996/9120/50
f 10230/9119/50 4996/9120/50 4997/9121/50 10231/9122/50
f 10232/9123/50 10231/9122/50 4997/9121/50 4998/9124/50
f 10233/9125/50 10232/9123/50 4998/9124/50 4999/9126/50
f 10233/9127/50 4999/9128/50 5000/9129/50 10234/9130/50
f 10235/9131/50 10234/9130/50 5000/9129/50 5001/9132/50
f 10236/9133/50 10235/9131/50 5001/9132/50 5002/9134/50
f 10236/9133/50 5002/9134/50 5003/9110/50 10226/9109/50
f 5041/9135/50 10274/9136/50 10273/9137/50 5040/9138/50
f 5041/9135/50 5042/9139/50 10275/9140/50 10274/9136/50
f 5042/9139/50 5043/9141/50 10276/9142/50 10275/9140/50
f 5044/9143/50 10277/9144/50 10276/9142/50 5043/9141/50
f 5044/9145/50 5045/9146/50 10278/9147/50 10277/9148/50
f 5045/9146/50 5046/9149/50 10279/9150/50 10278/9147/50
f 5047/9151/50 10280/9152/50 10279/9150/50 5046/9149/50
f 5047/9151/50 5048/9153/50 10281/9154/50 10280/9152/50
f 5048/9153/50 5049/9155/50 10282/9156/50 10281/9154/50
f 5049/9155/50 5050/9157/50 10283/9158/50 10282/9156/50
f 5050/9157/50 5051/9159/50 10284/9160/50 10283/9158/50
f 5040/9138/50 10273/9137/50 10284/9160/50 5051/9159/50
f 5053/9161/667 5065/9162/668 5064/9163/669 5052/9164/670
f 5053/9161/667 5054/9165/671 5066/9166/672 5065/9162/668
f 5054/9165/671 5055/9167/673 5067/9168/674 5066/9166/672
f 5056/9169/675 5068/9170/676 5067/9168/674 5055/9167/673
f 5056/9171/675 5057/9172/677 5069/9173/678 5068/9174/676
f 5057/9172/677 5058/9175/679 5070/9176/680 5069/9173/678
f 5059/9177/721 5071/9178/682 5070/9176/680 5058/9175/679
f 5059/9177/721 5060/9179/722 5072/9180/684 5071/9178/682
f 5060/9179/722 5061/9181/685 5073/9182/686 5072/9180/684
f 5061/9181/685 5062/9183/687 5074/9184/688 5073/9182/686
f 5062/9183/687 5063/9185/689 5075/9186/690 5074/9184/688
f 5052/9164/670 5064/9163/669 5075/9186/690 5063/9185/689
f 5065/9162/668 5076/9187/691 5077/9188/692 5064/9163/669
f 5065/9162/668 5066/9166/672 5078/9189/693 5076/9187/691
f 5066/9166/672 5067/9168/674 5079/9190/694 5078/9189/693
f 5068/9170/676 5080/9191/695 5079/9190/694 5067/9168/674
f 5068/9174/676 5069/9173/678 5081/9192/696 5080/9193/695
f 5069/9173/678 5070/9176/680 5082/9194/697 5081/9192/696
f 5071/9178/682 5083/9195/716 5082/9194/697 5070/9176/680
f 5071/9178/682 5072/9180/684 5084/9196/699 5083/9195/716
f 5072/9180/684 5073/9182/686 5085/9197/700 5084/9196/699
f 5073/9182/686 5074/9184/688 5086/9198/715 5085/9197/700
f 5074/9184/688 5075/9186/690 5087/9199/723 5086/9198/715
f 5064/9163/669 5077/9188/692 5087/9199/723 5075/9186/690
f 5076/9187/691 5088/9200/703 5089/9201/704 5077/9188/692
f 5076/9187/691 5078/9189/693 5090/9202/705 5088/9200/703
f 5078/9189/693 5079/9190/694 5091/9203/706 5090/9202/705
f 5080/9191/695 5092/9204/707 5091/9203/706 5079/9190/694
f 5080/9193/695 5081/9192/696 5093/9205/708 5092/9206/707
f 5081/9192/696 5082/9194/697 5094/9207/709 5093/9205/708
f 5083/9195/716 5095/9208/710 5094/9207/709 5082/9194/697
f 5083/9195/716 5084/9196/699 5096/9209/711 5095/9208/710
f 5084/9196/699 5085/9197/700 5097/9210/712 5096/9209/711
f 5085/9197/700 5086/9198/715 5098/9211/713 5097/9210/712
f 5086/9198/715 5087/9199/723 5099/9212/714 5098/9211/713
f 5077/9188/692 5089/9201/704 5099/9212/714 5087/9199/723
f 5088/9200/703 5100/9213/80 5089/9201/704
f 5088/9200/703 5090/9202/705 5100/9213/80
f 5090/9202/705 5091/9203/706 5100/9213/80
f 5092/9204/707 5100/9213/80 5091/9203/706
f 5092/9206/707 5093/9205/708 5100/9213/80
f 5093/9205/708 5094/9207/709 5100/9213/80
f 5095/9208/710 5100/9213/80 5094/9207/709
f 5095/9208/710 5096/9209/711 5100/9213/80
f 5096/9209/711 5097/9210/712 5100/9213/80
f 5097/9210/712 5098/9211/713 5100/9213/80
f 5098/9211/713 5099/9212/714 5100/9213/80
f 5089/9201/704 5100/9213/80 5099/9212/714
f 5114/9214/704 5103/9215/80 5104/9216/714
f 5105/9217/713 5104/9216/714 5103/9215/80
f 5106/9218/712 5105/9217/713 5103/9215/80
f 5107/9219/711 5106/9218/712 5103/9215/80
f 5108/9220/710 5107/9219/711 5103/9215/80
f 5108/9220/710 5103/9215/80 5109/9221/709
f 5110/9222/708 5109/9221/709 5103/9215/80
f 5111/9223/707 5110/9222/708 5103/9215/80
f 5111/9224/707 5103/9215/80 5112/9225/706
f 5113/9226/705 5112/9225/706 5103/9215/80
f 5115/9227/703 5113/9226/705 5103/9215/80
f 5115/9227/703 5103/9215/80 5114/9214/704
f 5126/9228/692 5114/9214/704 5104/9216/714 5116/9229/723
f 5117/9230/715 5116/9229/723 5104/9216/714 5105/9217/713
f 5118/9231/700 5117/9230/715 5105/9217/713 5106/9218/712
f 5119/9232/699 5118/9231/700 5106/9218/712 5107/9219/711
f 5120/9233/716 5119/9232/699 5107/9219/711 5108/9220/710
f 5120/9233/716 5108/9220/710 5109/9221/709 5121/9234/697
f 5122/9235/696 5121/9234/697 5109/9221/709 5110/9222/708
f 5123/9236/695 5122/9235/696 5110/9222/708 5111/9223/707
f 5123/9237/695 5111/9224/707 5112/9225/706 5124/9238/694
f 5125/9239/693 5124/9238/694 5112/9225/706 5113/9226/705
f 5127/9240/691 5125/9239/693 5113/9226/705 5115/9227/703
f 5127/9240/691 5115/9227/703 5114/9214/704 5126/9228/692
f 5139/9241/669 5126/9228/692 5116/9229/723 5128/9242/690
f 5129/9243/688 5128/9242/690 5116/9229/723 5117/9230/715
f 5130/9244/686 5129/9243/688 5117/9230/715 5118/9231/700
f 5131/9245/684 5130/9244/686 5118/9231/700 5119/9232/699
f 5132/9246/682 5131/9245/684 5119/9232/699 5120/9233/716
f 5132/9246/682 5120/9233/716 5121/9234/697 5133/9247/680
f 5134/9248/678 5133/9247/680 5121/9234/697 5122/9235/696
f 5135/9249/676 5134/9248/678 5122/9235/696 5123/9236/695
f 5135/9250/676 5123/9237/695 5124/9238/694 5136/9251/674
f 5137/9252/672 5136/9251/674 5124/9238/694 5125/9239/693
f 5138/9253/668 5137/9252/672 5125/9239/693 5127/9240/691
f 5138/9253/668 5127/9240/691 5126/9228/692 5139/9241/669
f 10286/9254/670 5139/9241/669 5128/9242/690 10285/9255/689
f 10287/9256/687 10285/9255/689 5128/9242/690 5129/9243/688
f 10288/9257/685 10287/9256/687 5129/9243/688 5130/9244/686
f 10289/9258/722 10288/9257/685 5130/9244/686 5131/9245/684
f 10290/9259/721 10289/9258/722 5131/9245/684 5132/9246/682
f 10290/9259/721 5132/9246/682 5133/9247/680 10291/9260/679
f 10292/9261/677 10291/9260/679 5133/9247/680 5134/9248/678
f 10293/9262/675 10292/9261/677 5134/9248/678 5135/9249/676
f 10293/9263/675 5135/9250/676 5136/9251/674 10294/9264/673
f 10295/9265/671 10294/9264/673 5136/9251/674 5137/9252/672
f 10296/9266/667 10295/9265/671 5137/9252/672 5138/9253/668
f 10296/9266/667 5138/9253/668 5139/9241/669 10286/9254/670
f 10298/9267/50 5151/9268/50 5140/9269/50 10297/9270/50
f 10299/9271/50 10297/9270/50 5140/9269/50 5141/9272/50
f 10300/9273/50 10299/9271/50 5141/9272/50 5142/9274/50
f 10301/9275/50 10300/9273/50 5142/9274/50 5143/9276/50
f 10302/9277/50 10301/9275/50 5143/9276/50 5144/9278/50
f 10302/9277/50 5144/9278/50 5145/9279/50 10303/9280/50
f 10304/9281/50 10303/9280/50 5145/9279/50 5146/9282/50
f 10305/9283/50 10304/9281/50 5146/9282/50 5147/9284/50
f 10305/9285/50 5147/9286/50 5148/9287/50 10306/9288/50
f 10307/9289/50 10306/9288/50 5148/9287/50 5149/9290/50
f 10308/9291/50 10307/9289/50 5149/9290/50 5150/9292/50
f 10308/9291/50 5150/9292/50 5151/9268/50 10298/9267/50
f 5189/9293/50 10346/9294/50 10345/9295/50 5188/9296/50
f 5189/9293/50 5190/9297/50 10347/9298/50 10346/9294/50
f 5190/9297/50 5191/9299/50 10348/9300/50 10347/9298/50
f 5192/9301/50 10349/9302/50 10348/9300/50 5191/9299/50
f 5192/9303/50 5193/9304/50 10350/9305/50 10349/9306/50
f 5193/9304/50 5194/9307/50 10351/9308/50 10350/9305/50
f 5195/9309/50 10352/9310/50 10351/9308/50 5194/9307/50
f 5195/9309/50 5196/9311/50 10353/9312/50 10352/9310/50
f 5196/9311/50 5197/9313/50 10354/9314/50 10353/9312/50
f 5197/9313/50 5198/9315/50 10355/9316/50 10354/9314/50
f 5198/9315/50 5199/9317/50 10356/9318/50 10355/9316/50
f 5188/9296/50 10345/9295/50 10356/9318/50 5199/9317/50
f 5201/9319/667 5213/9320/668 5212/9321/669 5200/9322/670
f 5201/9319/667 5202/9323/671 5214/9324/672 5213/9320/668
f 5202/9323/671 5203/9325/673 5215/9326/674 5214/9324/672
f 5204/9327/675 5216/9328/676 5215/9326/674 5203/9325/673
f 5204/9329/675 5205/9330/677 5217/9331/678 5216/9332/676
f 5205/9330/677 5206/9333/679 5218/9334/680 5217/9331/678
f 5207/9335/681 5219/9336/682 5218/9334/680 5206/9333/679
f 5207/9335/681 5208/9337/683 5220/9338/684 5219/9336/682
f 5208/9337/683 5209/9339/685 5221/9340/686 5220/9338/684
f 5209/9339/685 5210/9341/687 5222/9342/688 5221/9340/686
f 5210/9341/687 5211/9343/689 5223/9344/690 5222/9342/688
f 5200/9322/670 5212/9321/669 5223/9344/690 5211/9343/689
f 5213/9320/668 5224/9345/718 5225/9346/692 5212/9321/669
f 5213/9320/668 5214/9324/672 5226/9347/717 5224/9345/718
f 5214/9324/672 5215/9326/674 5227/9348/694 5226/9347/717
f 5216/9328/676 5228/9349/695 5227/9348/694 5215/9326/674
f 5216/9332/676 5217/9331/678 5229/9350/696 5228/9351/695
f 5217/9331/678 5218/9334/680 5230/9352/697 5229/9350/696
f 5219/9336/682 5231/9353/716 5230/9352/697 5218/9334/680
f 5219/9336/682 5220/9338/684 5232/9354/699 5231/9353/716
f 5220/9338/684 5221/9340/686 5233/9355/700 5232/9354/699
f 5221/9340/686 5222/9342/688 5234/9356/715 5233/9355/700
f 5222/9342/688 5223/9344/690 5235/9357/723 5234/9356/715
f 5212/9321/669 5225/9346/692 5235/9357/723 5223/9344/690
f 5224/9345/718 5236/9358/703 5237/9359/704 5225/9346/692
f 5224/9345/718 5226/9347/717 5238/9360/705 5236/9358/703
f 5226/9347/717 5227/9348/694 5239/9361/706 5238/9360/705
f 5228/9349/695 5240/9362/707 5239/9361/706 5227/9348/694
f 5228/9351/695 5229/9350/696 5241/9363/708 5240/9364/707
f 5229/9350/696 5230/9352/697 5242/9365/709 5241/9363/708
f 5231/9353/716 5243/9366/710 5242/9365/709 5230/9352/697
f 5231/9353/716 5232/9354/699 5244/9367/711 5243/9366/710
f 5232/9354/699 5233/9355/700 5245/9368/712 5244/9367/711
f 5233/9355/700 5234/9356/715 5246/9369/713 5245/9368/712
f 5234/9356/715 5235/9357/723 5247/9370/714 5246/9369/713
f 5225/9346/692 5237/9359/704 5247/9370/714 5235/9357/723
f 5236/9358/703 5248/9371/80 5237/9359/704
f 5236/9358/703 5238/9360/705 5248/9371/80
f 5238/9360/705 5239/9361/706 5248/9371/80
f 5240/9362/707 5248/9371/80 5239/9361/706
f 5240/9364/707 5241/9363/708 5248/9371/80
f 5241/9363/708 5242/9365/709 5248/9371/80
f 5243/9366/710 5248/9371/80 5242/9365/709
f 5243/9366/710 5244/9367/711 5248/9371/80
f 5244/9367/711 5245/9368/712 5248/9371/80
f 5245/9368/712 5246/9369/713 5248/9371/80
f 5246/9369/713 5247/9370/714 5248/9371/80
f 5237/9359/704 5248/9371/80 5247/9370/714
f 5262/9372/704 5251/9373/80 5252/9374/714
f 5253/9375/713 5252/9374/714 5251/9373/80
f 5254/9376/712 5253/9375/713 5251/9373/80
f 5255/9377/711 5254/9376/712 5251/9373/80
f 5256/9378/710 5255/9377/711 5251/9373/80
f 5256/9378/710 5251/9373/80 5257/9379/709
f 5258/9380/708 5257/9379/709 5251/9373/80
f 5259/9381/707 5258/9380/708 5251/9373/80
f 5259/9382/707 5251/9373/80 5260/9383/706
f 5261/9384/705 5260/9383/706 5251/9373/80
f 5263/9385/703 5261/9384/705 5251/9373/80
f 5263/9385/703 5251/9373/80 5262/9372/704
f 5274/9386/692 5262/9372/704 5252/9374/714 5264/9387/723
f 5265/9388/715 5264/9387/723 5252/9374/714 5253/9375/713
f 5266/9389/700 5265/9388/715 5253/9375/713 5254/9376/712
f 5267/9390/699 5266/9389/700 5254/9376/712 5255/9377/711
f 5268/9391/716 5267/9390/699 5255/9377/711 5256/9378/710
f 5268/9391/716 5256/9378/710 5257/9379/709 5269/9392/697
f 5270/9393/696 5269/9392/697 5257/9379/709 5258/9380/708
f 5271/9394/695 5270/9393/696 5258/9380/708 5259/9381/707
f 5271/9395/695 5259/9382/707 5260/9383/706 5272/9396/694
f 5273/9397/717 5272/9396/694 5260/9383/706 5261/9384/705
f 5275/9398/718 5273/9397/717 5261/9384/705 5263/9385/703
f 5275/9398/718 5263/9385/703 5262/9372/704 5274/9386/692
f 5287/9399/669 5274/9386/692 5264/9387/723 5276/9400/690
f 5277/9401/688 5276/9400/690 5264/9387/723 5265/9388/715
f 5278/9402/686 5277/9401/688 5265/9388/715 5266/9389/700
f 5279/9403/684 5278/9402/686 5266/9389/700 5267/9390/699
f 5280/9404/682 5279/9403/684 5267/9390/699 5268/9391/716
f 5280/9404/682 5268/9391/716 5269/9392/697 5281/9405/680
f 5282/9406/678 5281/9405/680 5269/9392/697 5270/9393/696
f 5283/9407/676 5282/9406/678 5270/9393/696 5271/9394/695
f 5283/9408/676 5271/9395/695 5272/9396/694 5284/9409/674
f 5285/9410/672 5284/9409/674 5272/9396/694 5273/9397/717
f 5286/9411/668 5285/9410/672 5273/9397/717 5275/9398/718
f 5286/9411/668 5275/9398/718 5274/9386/692 5287/9399/669
f 10358/9412/670 5287/9399/669 5276/9400/690 10357/9413/689
f 10359/9414/687 10357/9413/689 5276/9400/690 5277/9401/688
f 10360/9415/685 10359/9414/687 5277/9401/688 5278/9402/686
f 10361/9416/683 10360/9415/685 5278/9402/686 5279/9403/684
f 10362/9417/681 10361/9416/683 5279/9403/684 5280/9404/682
f 10362/9417/681 5280/9404/682 5281/9405/680 10363/9418/679
f 10364/9419/677 10363/9418/679 5281/9405/680 5282/9406/678
f 10365/9420/675 10364/9419/677 5282/9406/678 5283/9407/676
f 10365/9421/675 5283/9408/676 5284/9409/674 10366/9422/673
f 10367/9423/671 10366/9422/673 5284/9409/674 5285/9410/672
f 10368/9424/667 10367/9423/671 5285/9410/672 5286/9411/668
f 10368/9424/667 5286/9411/668 5287/9399/669 10358/9412/670
f 10370/9425/50 5299/9426/50 5288/9427/50 10369/9428/50
f 10371/9429/50 10369/9428/50 5288/9427/50 5289/9430/50
f 10372/9431/50 10371/9429/50 5289/9430/50 5290/9432/50
f 10373/9433/50 10372/9431/50 5290/9432/50 5291/9434/50
f 10374/9435/50 10373/9433/50 5291/9434/50 5292/9436/50
f 10374/9435/50 5292/9436/50 5293/9437/50 10375/9438/50
f 10376/9439/50 10375/9438/50 5293/9437/50 5294/9440/50
f 10377/9441/50 10376/9439/50 5294/9440/50 5295/9442/50
f 10377/9443/50 5295/9444/50 5296/9445/50 10378/9446/50
f 10379/9447/50 10378/9446/50 5296/9445/50 5297/9448/50
f 10380/9449/50 10379/9447/50 5297/9448/50 5298/9450/50
f 10380/9449/50 5298/9450/50 5299/9426/50 10370/9425/50
usemtl Clayroof_RooftilesCeramicOld00
f 1564/9451/654 6532/9452/77 6531/8592/33 6431/8486/655
f 3063/9453/654 3031/9454/77 3032/8820/33 7962/8819/655
usemtl Flag
f 2996/9455/724 2995/9456/724 2997/9457/725 2998/9458/726
f 2998/9458/726 2997/9457/725 2999/9459/727 3000/9460/728
f 3000/9460/728 2999/9459/727 3001/9461/729 3002/9462/729
f 3005/9463/728 3006/9464/727 3004/9465/730 3003/9466/730
f 3007/9467/726 3008/9468/725 3006/9464/727 3005/9463/728
f 3009/9469/724 3010/9470/724 3008/9468/725 3007/9467/726
usemtl Wood_Beams
f 5731/9471/50 5735/9472/50 5779/9473/50 5525/9474/50
f 5736/9475/731 5739/9476/731 5574/9477/731 514/9478/731
f 5740/9479/732 5741/9480/732 5606/9481/732 5575/9482/732
f 5742/9483/733 5732/9484/733 504/9485/733 5607/9486/733
f 693/9487/734 692/9488/734 691/9489/734 694/9490/734
f 5747/9491/50 5743/9492/50 5550/9493/50 5535/9494/50
f 5744/9495/735 5751/9496/735 5597/9497/735 523/9498/735
f 5752/9499/736 5753/9500/736 5532/9501/736 5598/9502/736
f 5754/9503/737 5748/9504/737 557/9505/737 5533/9506/737
f 697/9507/738 696/9508/738 695/9509/738 698/9510/738
f 5759/9511/50 5755/9512/50 5554/9513/50 5567/9514/50
f 5756/9515/739 5763/9516/739 5588/9517/739 522/9518/739
f 5764/9519/740 5765/9520/740 5581/9521/740 5589/9522/740
f 5766/9523/741 5760/9524/741 521/9525/741 5582/9526/741
f 701/9527/742 700/9528/742 699/9529/742 702/9530/742
f 5771/9531/50 5767/9532/50 5541/9533/50 5547/9534/50
f 5768/9535/743 5775/9536/743 5538/9537/743 564/9538/743
f 5776/9539/744 5777/9540/744 5545/9541/744 528/9542/744
f 5778/9543/745 5772/9544/745 565/9545/745 527/9546/745
f 705/9547/746 704/9548/746 703/9549/746 706/9550/746
f 8171/9551/746 8131/9552/746 8136/9553/746 8169/9554/746
f 8170/9555/745 3302/9556/745 7875/9557/745 8173/9558/745
f 8172/9559/744 3299/9560/744 8176/9561/744 8177/9562/744
f 3301/9563/743 3300/9564/743 3477/9565/743 8181/9566/743
f 8137/9567/50 8132/9568/50 8179/9569/50 7874/9570/50
f 8184/9571/742 8151/9572/742 8156/9573/742 8182/9574/742
f 8183/9575/741 3306/9576/741 8197/9577/741 8186/9578/741
f 8185/9579/740 3303/9580/740 8188/9581/740 8191/9582/740
f 3305/9583/739 3304/9584/739 8194/9585/739 8200/9586/739
f 8157/9587/50 8152/9588/50 8199/9589/50 8196/9590/50
f 8204/9591/738 8161/9592/738 8166/9593/738 8202/9594/738
f 8203/9595/737 3310/9596/737 7867/9597/737 8206/9598/737
f 8205/9599/736 3307/9600/736 8208/9601/736 8211/9602/736
f 3309/9603/735 3308/9604/735 8214/9605/735 8217/9606/735
f 8167/9607/50 8162/9608/50 8216/9609/50 7866/9610/50
f 8221/9611/734 8142/9612/734 8147/9613/734 8219/9614/734
f 8220/9615/733 3314/9616/733 7839/9617/733 7834/9618/733
f 8222/9619/732 3311/9620/732 7836/9621/732 7861/9622/732
f 3313/9623/731 3312/9624/731 7860/9625/731 7851/9626/731
f 8146/9627/50 8141/9628/50 7849/9629/50 7840/9630/50
usemtl Wood_Beams_Brown_Wood(nails...).
f 6342/9631/747 6346/9632/748 6345/9633/749 6341/9634/749
f 6341/9634/749 6345/9633/749 6347/9635/750 6343/9636/750
f 6421/9637/751 1425/9638/752 1330/9639/753 6420/9640/754
f 6420/9640/754 1330/9639/753 1331/9641/755 6424/9642/756
f 6424/9642/756 1331/9641/755 6344/9643/757 6425/9644/757
f 6430/9645/758 1333/9646/759 1332/9647/760 6426/9648/761
f 6426/9648/761 1332/9647/760 1426/9649/762 6427/9650/763
f 6349/9651/764 6354/9652/764 6353/9653/765 6348/9654/765
f 6348/9654/765 6353/9653/765 6355/9655/766 6350/9656/766
f 6350/9656/766 6355/9655/766 6356/9657/767 6351/9658/767
f 6407/9659/768 1428/9660/769 1334/9661/770 6406/9662/771
f 6406/9662/771 1334/9661/770 1335/9663/772 6410/9664/773
f 6410/9664/773 1335/9663/772 6352/9665/774 6411/9666/774
f 6418/9667/775 6357/9668/775 1337/9669/776 6417/9670/777
f 6417/9670/777 1337/9669/776 1336/9671/778 6413/9672/779
f 6413/9672/779 1336/9671/778 1429/9673/780 6414/9674/781
f 6359/9675/782 6364/9676/782 6363/9677/783 6358/9678/783
f 6358/9678/783 6363/9677/783 6365/9679/784 6360/9680/784
f 6360/9680/784 6365/9679/784 6366/9681/785 6361/9682/785
f 6393/9683/786 1432/9684/787 1338/9685/788 6392/9686/789
f 6392/9686/789 1338/9685/788 1339/9687/790 6396/9688/791
f 6396/9688/791 1339/9687/790 6362/9689/792 6397/9690/792
f 6404/9691/793 6367/9692/793 1341/9693/794 6403/9694/795
f 6403/9694/795 1341/9693/794 1340/9695/796 6399/9696/797
f 6399/9696/797 1340/9695/796 1433/9697/798 6400/9698/799
f 6369/9699/800 6374/9700/800 6373/9701/801 6368/9702/801
f 6368/9702/801 6373/9701/801 6375/9703/802 6370/9704/802
f 6370/9704/802 6375/9703/802 6376/9705/803 6371/9706/803
f 6379/9707/804 1436/9708/805 1342/9709/806 6378/9710/807
f 6378/9710/807 1342/9709/806 1343/9711/808 6382/9712/809
f 6382/9712/809 1343/9711/808 6372/9713/810 6383/9714/810
f 6390/9715/811 6377/9716/811 1345/9717/812 6389/9718/813
f 6389/9718/813 1345/9717/812 1344/9719/814 6385/9720/815
f 6385/9720/815 1344/9719/814 1437/9721/816 6386/9722/817
f 6432/9723/818 6434/9724/818 6380/9725/818 6387/9726/818
f 6433/9727/518 1410/9728/518 6386/9722/817 1437/9721/816
f 6435/9729/819 1411/9730/819 6374/9700/800 6369/9699/800
f 1413/9731/134 1412/9732/134 1436/9708/805 6379/9707/804
f 6436/9733/820 6438/9734/820 6394/9735/820 6401/9736/820
f 6437/9737/521 1414/9738/521 6400/9698/799 1433/9697/798
f 6439/9739/821 1415/9740/821 6364/9676/782 6359/9675/782
f 1417/9741/145 1416/9742/145 1432/9684/787 6393/9683/786
f 6440/9743/822 6442/9744/822 6408/9745/822 6415/9746/822
f 6441/9747/134 1418/9748/134 6414/9674/781 1429/9673/780
f 6443/9749/823 1419/9750/823 6354/9652/764 6349/9651/764
f 1421/9751/518 1420/9752/518 1428/9660/769 6407/9659/768
f 6444/9753/824 6445/9754/824 6422/9755/824 6428/9756/824
f 1424/9757/521 6446/9758/521 1425/9638/752 6421/9637/751
f 1431/9759/825 1430/9760/825 6419/9761/825 1554/9762/825
f 1435/9763/826 1434/9764/826 6405/9765/826 1546/9766/826
f 1439/9767/827 1438/9768/827 1539/9769/827 1538/9770/827
f 8060/9771/827 8058/9772/827 7975/9773/827 7977/9774/827
f 8064/9775/826 8062/9776/826 7971/9777/826 7973/9778/826
f 8068/9779/825 8066/9780/825 7967/9781/825 7969/9782/825
f 8072/9783/828 8070/9784/828 7963/9785/828 7965/9786/828
f 8076/9787/521 8075/9788/521 8074/9789/752 7986/9790/751
f 8077/9791/824 3204/9792/824 3097/9793/824 7984/9794/824
f 8080/9795/518 8079/9796/518 8078/9797/769 7998/9798/768
f 3208/9799/823 8082/9800/823 3198/9801/764 3199/9802/764
f 3209/9803/134 8083/9804/134 7995/9805/781 8081/9806/780
f 3210/9807/822 3207/9808/822 3105/9809/822 3104/9810/822
f 8086/9811/145 8085/9812/145 8084/9813/787 8010/9814/786
f 3212/9815/821 8088/9816/821 3194/9817/782 3195/9818/782
f 3213/9819/521 8089/9820/521 8007/9821/799 8087/9822/798
f 3214/9823/820 3211/9824/820 3113/9825/820 3112/9826/820
f 8092/9827/134 8091/9828/134 8090/9829/805 8022/9830/804
f 3216/9831/819 8094/9832/819 3190/9833/800 3191/9834/800
f 3217/9835/518 8095/9836/518 8019/9837/817 8093/9838/816
f 3218/9839/818 3215/9840/818 3121/9841/818 3120/9842/818
f 3276/9843/815 8113/9844/814 8093/9838/816 8019/9837/817
f 3275/9845/813 8112/9846/812 8113/9844/814 3276/9843/815
f 3088/9847/811 8059/9848/811 8112/9846/812 3275/9845/813
f 3277/9849/809 8114/9850/808 8061/9851/810 3089/9852/810
f 3278/9853/807 8115/9854/806 8114/9850/808 3277/9849/809
f 8022/9830/804 8090/9829/805 8115/9854/806 3278/9853/807
f 3285/9855/802 3283/9856/802 3189/9857/803 3188/9858/803
f 3286/9859/801 3284/9860/801 3283/9856/802 3285/9855/802
f 3191/9834/800 3190/9833/800 3284/9860/801 3286/9859/801
f 3260/9861/797 8117/9862/796 8087/9822/798 8007/9821/799
f 3259/9863/795 8116/9864/794 8117/9862/796 3260/9861/797
f 3080/9865/793 8063/9866/793 8116/9864/794 3259/9863/795
f 3261/9867/791 8118/9868/790 8065/9869/792 3081/9870/792
f 3262/9871/789 8119/9872/788 8118/9868/790 3261/9867/791
f 8010/9814/786 8084/9813/787 8119/9872/788 3262/9871/789
f 3289/9873/784 3287/9874/784 3193/9875/785 3192/9876/785
f 3290/9877/783 3288/9878/783 3287/9874/784 3289/9873/784
f 3195/9818/782 3194/9817/782 3288/9878/783 3290/9877/783
f 3244/9879/779 8121/9880/778 8081/9806/780 7995/9805/781
f 3243/9881/777 8120/9882/776 8121/9880/778 3244/9879/779
f 3072/9883/775 8067/9884/775 8120/9882/776 3243/9881/777
f 3245/9885/773 8122/9886/772 8069/9887/774 3073/9888/774
f 3246/9889/771 8123/9890/770 8122/9886/772 3245/9885/773
f 7998/9798/768 8078/9797/769 8123/9890/770 3246/9889/771
f 3293/9891/766 3291/9892/766 3197/9893/767 3196/9894/767
f 3294/9895/765 3292/9896/765 3291/9892/766 3293/9891/766
f 3199/9802/764 3198/9801/764 3292/9896/765 3294/9895/765
f 3228/9897/761 8125/9898/760 8126/9899/829 7983/9900/830
f 3227/9901/831 8124/9902/832 8125/9898/760 3228/9897/761
f 3064/9903/833 8071/9904/833 8124/9902/832 3227/9901/831
f 3229/9905/834 8127/9906/835 8073/9907/836 3065/9908/836
f 3230/9909/754 8128/9910/753 8127/9906/835 3229/9905/834
f 7986/9790/751 8074/9789/752 8128/9910/753 3230/9909/754
f 3297/9911/837 3295/9912/837 3201/9913/838 3200/9914/838
f 3298/9915/749 3296/9916/749 3295/9912/837 3297/9911/837
f 3203/9917/839 3202/9918/840 3296/9916/749 3298/9915/749
f 6343/9636/750 6347/9635/750 5324/9919/841 1427/9920/841
f 1333/9646/759 6430/9645/758 1563/9921/842 10393/9922/842
f 7983/9900/830 8126/9899/829 5325/9923/843 3206/9924/843
f 3202/9918/840 3203/9917/839 3205/9925/844 10394/9926/844
f 1423/9927/845 10395/9928/845 6346/9632/748 6342/9631/747
f 1422/9929/846 6427/9650/763 1426/9649/762 5326/9930/846
usemtl Stairs
f 5328/9931/847 5/9932/848 7/9933/849 5329/9934/850
f 8/9935/851 6/9936/852 5330/9937/853 5331/9938/854
f 5329/9934/850 7/9933/849 9/9939/855 5332/9940/856
f 10/9941/857 8/9935/851 5331/9938/854 5333/9942/858
f 5332/9940/856 9/9939/855 11/9943/859 5334/9944/860
f 12/9945/861 10/9941/857 5333/9942/858 5335/9946/862
f 5334/9944/860 11/9943/859 13/9947/863 5336/9948/864
f 14/9949/865 12/9945/861 5335/9946/862 5337/9950/866
f 5336/9948/864 13/9947/863 15/9951/867 5338/9952/868
f 16/9953/869 14/9949/865 5337/9950/866 5339/9954/870
f 5338/9952/868 15/9951/867 17/9955/871 5340/9956/872
f 18/9957/873 16/9953/869 5339/9954/870 5341/9958/874
f 5340/9956/872 17/9955/871 19/9959/875 5342/9960/876
f 20/9961/877 18/9957/873 5341/9958/874 5343/9962/878
f 5342/9960/876 19/9959/875 21/9963/879 5344/9964/880
f 22/9965/881 20/9961/877 5343/9962/878 5345/9966/882
f 5344/9964/880 21/9963/879 23/9967/883 5346/9968/884
f 24/9969/885 22/9965/881 5345/9966/882 5347/9970/886
f 5346/9968/884 23/9967/883 25/9971/887 5348/9972/888
f 26/9973/889 24/9969/885 5347/9970/886 5349/9974/890
f 5348/9972/888 25/9971/887 27/9975/891 5350/9976/892
f 28/9977/893 26/9973/889 5349/9974/890 5351/9978/894
f 5/9932/848 5328/9931/847 5350/9979/892 27/9980/891
f 6/9936/852 28/9981/893 5351/9982/894 5330/9937/853
f 63/9983/895 5352/9984/896 5374/9985/897 59/9986/898
f 5375/9987/899 5354/9988/900 64/9989/901 60/9990/902
f 65/9991/903 63/9983/895 59/9986/898 57/9992/904
f 60/9990/902 64/9989/901 66/9993/905 58/9994/906
f 67/9995/907 65/9991/903 57/9992/904 315/9996/908
f 58/9997/906 66/9998/905 68/9999/909 316/10000/910
f 69/10001/911 67/9995/907 315/9996/908 55/10002/912
f 316/10000/910 68/9999/909 70/10003/913 56/10004/914
f 71/10005/915 69/10001/911 55/10002/912 313/10006/916
f 56/10004/914 70/10003/913 72/10007/917 314/10008/918
f 73/10009/919 71/10005/915 313/10006/916 311/10010/920
f 314/10008/918 72/10007/917 74/10011/921 312/10012/922
f 75/10013/923 73/10009/919 311/10010/920 309/10014/924
f 312/10012/922 74/10011/921 76/10015/925 310/10016/926
f 77/10017/927 75/10013/923 309/10014/924 307/10018/928
f 310/10016/926 76/10015/925 78/10019/929 308/10020/930
f 79/10021/931 77/10017/927 307/10018/928 305/10022/932
f 308/10020/930 78/10019/929 80/10023/933 306/10024/934
f 81/10025/935 79/10021/931 305/10022/932 53/10026/936
f 306/10024/934 80/10023/933 82/10027/937 54/10028/938
f 83/10029/80 81/10025/935 53/10026/936
f 54/10028/938 82/10027/937 84/10030/80
f 83/10029/80 85/10031/939 81/10025/935
f 82/10027/937 86/10032/940 84/10030/80
f 85/10031/939 87/10033/941 79/10021/931 81/10025/935
f 80/10023/933 88/10034/942 86/10032/940 82/10027/937
f 87/10033/941 89/10035/943 77/10017/927 79/10021/931
f 78/10019/929 90/10036/944 88/10034/942 80/10023/933
f 89/10035/943 91/10037/945 75/10013/923 77/10017/927
f 76/10015/925 92/10038/946 90/10036/944 78/10019/929
f 91/10037/945 93/10039/947 73/10009/919 75/10013/923
f 74/10011/921 94/10040/948 92/10038/946 76/10015/925
f 93/10039/947 95/10041/949 71/10005/915 73/10009/919
f 72/10007/917 96/10042/950 94/10040/948 74/10011/921
f 95/10041/949 97/10043/951 69/10001/911 71/10005/915
f 70/10003/913 98/10044/952 96/10042/950 72/10007/917
f 97/10043/951 99/10045/953 67/9995/907 69/10001/911
f 68/9999/909 100/10046/954 98/10044/952 70/10003/913
f 99/10045/953 101/10047/955 65/9991/903 67/9995/907
f 66/9998/905 102/10048/956 100/10046/954 68/9999/909
f 101/10047/955 103/10049/957 63/9983/895 65/9991/903
f 64/9989/901 104/10050/958 102/10051/956 66/9993/905
f 103/10049/957 5353/10052/959 5352/9984/896 63/9983/895
f 5354/9988/900 5355/10053/960 104/10050/958 64/9989/901
f 109/10054/961 5356/10055/962 5353/10056/959 103/10057/957
f 5355/10058/960 5357/10059/963 110/10060/964 104/10061/958
f 111/10062/965 109/10054/961 103/10057/957 101/10063/955
f 104/10061/958 110/10060/964 112/10064/966 102/10065/956
f 113/10066/967 111/10062/965 101/10063/955 99/10067/953
f 102/10068/956 112/10069/966 114/10070/968 100/10071/954
f 115/10072/969 113/10066/967 99/10067/953 97/10073/951
f 100/10071/954 114/10070/968 116/10074/970 98/10075/952
f 117/10076/971 115/10072/969 97/10073/951 95/10077/949
f 98/10075/952 116/10074/970 118/10078/972 96/10079/950
f 119/10080/973 117/10076/971 95/10077/949 93/10081/947
f 96/10079/950 118/10078/972 120/10082/974 94/10083/948
f 121/10084/975 119/10080/973 93/10081/947 91/10085/945
f 94/10083/948 120/10082/974 122/10086/976 92/10087/946
f 123/10088/977 121/10084/975 91/10085/945 89/10089/943
f 92/10087/946 122/10086/976 124/10090/978 90/10091/944
f 125/10092/979 123/10088/977 89/10089/943 87/10093/941
f 90/10091/944 124/10090/978 126/10094/980 88/10095/942
f 127/10096/981 125/10092/979 87/10093/941 85/10097/939
f 88/10095/942 126/10094/980 128/10098/982 86/10099/940
f 83/10029/80 127/10096/981 85/10097/939
f 86/10099/940 128/10098/982 84/10030/80
f 83/10029/80 129/10100/983 127/10096/981
f 128/10098/982 130/10101/984 84/10030/80
f 129/10100/983 131/10102/985 125/10092/979 127/10096/981
f 126/10094/980 132/10103/986 130/10101/984 128/10098/982
f 131/10102/985 133/10104/987 123/10088/977 125/10092/979
f 124/10090/978 134/10105/988 132/10103/986 126/10094/980
f 133/10104/987 135/10106/989 121/10084/975 123/10088/977
f 122/10086/976 136/10107/990 134/10105/988 124/10090/978
f 135/10106/989 137/10108/991 119/10080/973 121/10084/975
f 120/10082/974 138/10109/992 136/10107/990 122/10086/976
f 137/10108/991 139/10110/993 117/10076/971 119/10080/973
f 118/10078/972 140/10111/994 138/10109/992 120/10082/974
f 139/10110/993 141/10112/995 115/10072/969 117/10076/971
f 116/10074/970 142/10113/996 140/10111/994 118/10078/972
f 141/10112/995 143/10114/997 113/10066/967 115/10072/969
f 114/10070/968 144/10115/998 142/10113/996 116/10074/970
f 143/10114/997 145/10116/999 111/10062/965 113/10066/967
f 112/10069/966 146/10117/1000 144/10115/998 114/10070/968
f 145/10116/999 147/10118/1001 109/10054/961 111/10062/965
f 110/10060/964 148/10119/1002 146/10120/1000 112/10064/966
f 147/10118/1001 5358/10121/1003 5356/10055/962 109/10054/961
f 5357/10059/963 5359/10122/1004 148/10119/1002 110/10060/964
f 153/10123/1005 5360/10124/1006 5358/10121/1003 147/10118/1001
f 5359/10122/1004 5361/10125/1007 154/10126/1008 148/10119/1002
f 155/10127/1009 153/10123/1005 147/10118/1001 145/10116/999
f 148/10119/1002 154/10126/1008 156/10128/1010 146/10120/1000
f 157/10129/1011 155/10127/1009 145/10116/999 143/10114/997
f 146/10117/1000 156/10130/1010 158/10131/1012 144/10115/998
f 159/10132/1013 157/10129/1011 143/10114/997 141/10112/995
f 144/10115/998 158/10131/1012 160/10133/1014 142/10113/996
f 161/10134/1015 159/10132/1013 141/10112/995 139/10110/993
f 142/10113/996 160/10133/1014 162/10135/1016 140/10111/994
f 163/10136/1017 161/10134/1015 139/10110/993 137/10108/991
f 140/10111/994 162/10135/1016 164/10137/1018 138/10109/992
f 165/10138/1019 163/10136/1017 137/10108/991 135/10106/989
f 138/10109/992 164/10137/1018 166/10139/1020 136/10107/990
f 167/10140/1021 165/10138/1019 135/10106/989 133/10104/987
f 136/10107/990 166/10139/1020 168/10141/1022 134/10105/988
f 169/10142/1023 167/10140/1021 133/10104/987 131/10102/985
f 134/10105/988 168/10141/1022 170/10143/1024 132/10103/986
f 171/10144/1025 169/10142/1023 131/10102/985 129/10100/983
f 132/10103/986 170/10143/1024 172/10145/1026 130/10101/984
f 83/10029/80 171/10144/1025 129/10100/983
f 130/10101/984 172/10145/1026 84/10030/80
f 83/10029/80 173/10146/1027 171/10144/1025
f 172/10145/1026 174/10147/1028 84/10030/80
f 173/10146/1027 175/10148/1029 169/10142/1023 171/10144/1025
f 170/10143/1024 176/10149/1030 174/10147/1028 172/10145/1026
f 175/10148/1029 177/10150/1031 167/10140/1021 169/10142/1023
f 168/10141/1022 178/10151/1032 176/10149/1030 170/10143/1024
f 177/10150/1031 179/10152/1033 165/10138/1019 167/10140/1021
f 166/10139/1020 180/10153/1034 178/10151/1032 168/10141/1022
f 179/10152/1033 181/10154/1035 163/10136/1017 165/10138/1019
f 164/10137/1018 182/10155/1036 180/10153/1034 166/10139/1020
f 181/10154/1035 183/10156/1037 161/10134/1015 163/10136/1017
f 162/10135/1016 184/10157/1038 182/10155/1036 164/10137/1018
f 183/10156/1037 185/10158/1039 159/10132/1013 161/10134/1015
f 160/10133/1014 186/10159/1040 184/10157/1038 162/10135/1016
f 185/10158/1039 187/10160/1041 157/10129/1011 159/10132/1013
f 158/10131/1012 188/10161/1042 186/10159/1040 160/10133/1014
f 187/10160/1041 189/10162/1043 155/10127/1009 157/10129/1011
f 156/10130/1010 190/10163/1044 188/10161/1042 158/10131/1012
f 189/10162/1043 191/10164/1045 153/10123/1005 155/10127/1009
f 154/10126/1008 192/10165/1046 190/10166/1044 156/10128/1010
f 191/10164/1045 5362/10167/1047 5360/10124/1006 153/10123/1005
f 5361/10125/1007 5363/10168/1048 192/10165/1046 154/10126/1008
f 197/10169/1049 5364/10170/1050 5362/10167/1047 191/10164/1045
f 5363/10168/1048 5365/10171/1051 198/10172/1052 192/10165/1046
f 199/10173/1053 197/10169/1049 191/10164/1045 189/10162/1043
f 192/10165/1046 198/10172/1052 200/10174/1054 190/10166/1044
f 201/10175/1055 199/10173/1053 189/10162/1043 187/10160/1041
f 190/10163/1044 200/10176/1054 202/10177/1056 188/10161/1042
f 203/10178/1057 201/10175/1055 187/10160/1041 185/10158/1039
f 188/10161/1042 202/10177/1056 204/10179/1058 186/10159/1040
f 205/10180/1059 203/10178/1057 185/10158/1039 183/10156/1037
f 186/10159/1040 204/10179/1058 206/10181/1060 184/10157/1038
f 207/10182/1061 205/10180/1059 183/10156/1037 181/10154/1035
f 184/10157/1038 206/10181/1060 208/10183/1062 182/10155/1036
f 209/10184/1063 207/10182/1061 181/10154/1035 179/10152/1033
f 182/10155/1036 208/10183/1062 210/10185/1064 180/10153/1034
f 211/10186/1065 209/10184/1063 179/10152/1033 177/10150/1031
f 180/10153/1034 210/10185/1064 212/10187/1066 178/10151/1032
f 213/10188/1067 211/10186/1065 177/10150/1031 175/10148/1029
f 178/10151/1032 212/10187/1066 214/10189/1068 176/10149/1030
f 215/10190/1069 213/10188/1067 175/10148/1029 173/10146/1027
f 176/10149/1030 214/10189/1068 216/10191/1070 174/10147/1028
f 83/10029/80 215/10190/1069 173/10146/1027
f 174/10147/1028 216/10191/1070 84/10030/80
f 83/10029/80 217/10192/1071 215/10190/1069
f 216/10191/1070 218/10193/1072 84/10030/80
f 217/10192/1071 219/10194/1073 213/10188/1067 215/10190/1069
f 214/10189/1068 220/10195/1074 218/10193/1072 216/10191/1070
f 219/10194/1073 221/10196/1075 211/10186/1065 213/10188/1067
f 212/10187/1066 222/10197/1076 220/10195/1074 214/10189/1068
f 221/10196/1075 223/10198/1077 209/10184/1063 211/10186/1065
f 210/10185/1064 224/10199/1078 222/10197/1076 212/10187/1066
f 223/10198/1077 225/10200/1079 207/10182/1061 209/10184/1063
f 208/10183/1062 226/10201/1080 224/10199/1078 210/10185/1064
f 225/10200/1079 227/10202/1081 205/10180/1059 207/10182/1061
f 206/10181/1060 228/10203/1082 226/10201/1080 208/10183/1062
f 227/10202/1081 229/10204/1083 203/10178/1057 205/10180/1059
f 204/10179/1058 230/10205/1084 228/10203/1082 206/10181/1060
f 229/10204/1083 231/10206/1085 201/10175/1055 203/10178/1057
f 202/10177/1056 232/10207/1086 230/10205/1084 204/10179/1058
f 231/10206/1085 233/10208/1087 199/10173/1053 201/10175/1055
f 200/10176/1054 234/10209/1088 232/10207/1086 202/10177/1056
f 233/10208/1087 235/10210/1089 197/10169/1049 199/10173/1053
f 198/10172/1052 236/10211/1090 234/10212/1088 200/10174/1054
f 235/10210/1089 5366/10213/1091 5364/10170/1050 197/10169/1049
f 5365/10171/1051 5367/10214/1092 236/10211/1090 198/10172/1052
f 241/10215/1093 5368/10216/1094 5366/10213/1091 235/10210/1089
f 5367/10214/1092 5369/10217/1095 242/10218/1096 236/10211/1090
f 243/10219/1097 241/10215/1093 235/10210/1089 233/10208/1087
f 236/10211/1090 242/10218/1096 244/10220/1098 234/10212/1088
f 245/10221/1099 243/10219/1097 233/10208/1087 231/10206/1085
f 234/10209/1088 244/10222/1098 246/10223/1100 232/10207/1086
f 247/10224/1101 245/10221/1099 231/10206/1085 229/10204/1083
f 232/10207/1086 246/10223/1100 248/10225/1102 230/10205/1084
f 249/10226/1103 247/10224/1101 229/10204/1083 227/10202/1081
f 230/10205/1084 248/10225/1102 250/10227/1104 228/10203/1082
f 251/10228/1105 249/10226/1103 227/10202/1081 225/10200/1079
f 228/10203/1082 250/10227/1104 252/10229/1106 226/10201/1080
f 253/10230/1107 251/10228/1105 225/10200/1079 223/10198/1077
f 226/10201/1080 252/10229/1106 254/10231/1108 224/10199/1078
f 255/10232/1109 253/10230/1107 223/10198/1077 221/10196/1075
f 224/10199/1078 254/10231/1108 256/10233/1110 222/10197/1076
f 257/10234/1111 255/10232/1109 221/10196/1075 219/10194/1073
f 222/10197/1076 256/10233/1110 258/10235/1112 220/10195/1074
f 259/10236/1113 257/10234/1111 219/10194/1073 217/10192/1071
f 220/10195/1074 258/10235/1112 260/10237/1114 218/10193/1072
f 83/10029/80 259/10236/1113 217/10192/1071
f 218/10193/1072 260/10237/1114 84/10030/80
f 83/10029/80 261/10238/1115 259/10236/1113
f 260/10237/1114 262/10239/1116 84/10030/80
f 261/10238/1115 263/10240/1117 257/10234/1111 259/10236/1113
f 258/10235/1112 264/10241/1118 262/10239/1116 260/10237/1114
f 263/10240/1117 265/10242/1119 255/10232/1109 257/10234/1111
f 256/10233/1110 266/10243/1120 264/10241/1118 258/10235/1112
f 265/10242/1119 267/10244/1121 253/10230/1107 255/10232/1109
f 254/10231/1108 268/10245/1122 266/10243/1120 256/10233/1110
f 267/10244/1121 269/10246/1123 251/10228/1105 253/10230/1107
f 252/10229/1106 270/10247/1124 268/10245/1122 254/10231/1108
f 269/10246/1123 271/10248/1125 249/10226/1103 251/10228/1105
f 250/10227/1104 272/10249/1126 270/10247/1124 252/10229/1106
f 271/10248/1125 273/10250/1127 247/10224/1101 249/10226/1103
f 248/10225/1102 274/10251/1128 272/10249/1126 250/10227/1104
f 273/10250/1127 275/10252/1129 245/10221/1099 247/10224/1101
f 246/10223/1100 276/10253/1130 274/10251/1128 248/10225/1102
f 275/10252/1129 277/10254/1131 243/10219/1097 245/10221/1099
f 244/10222/1098 278/10255/1132 276/10253/1130 246/10223/1100
f 277/10254/1131 279/10256/1133 241/10215/1093 243/10219/1097
f 242/10218/1096 280/10257/1134 278/10258/1132 244/10220/1098
f 279/10256/1133 5370/10259/1135 5368/10216/1094 241/10215/1093
f 5369/10217/1095 5371/10260/1136 280/10257/1134 242/10218/1096
f 285/10261/1137 5372/10262/1138 5370/10259/1135 279/10256/1133
f 5371/10260/1136 5373/10263/1139 286/10264/1140 280/10257/1134
f 287/10265/1141 285/10261/1137 279/10256/1133 277/10254/1131
f 280/10257/1134 286/10264/1140 288/10266/1142 278/10258/1132
f 289/10267/1143 287/10265/1141 277/10254/1131 275/10252/1129
f 278/10255/1132 288/10268/1142 290/10269/1144 276/10253/1130
f 291/10270/1145 289/10267/1143 275/10252/1129 273/10250/1127
f 276/10253/1130 290/10269/1144 292/10271/1146 274/10251/1128
f 293/10272/1147 291/10270/1145 273/10250/1127 271/10248/1125
f 274/10251/1128 292/10271/1146 294/10273/1148 272/10249/1126
f 295/10274/1149 293/10272/1147 271/10248/1125 269/10246/1123
f 272/10249/1126 294/10273/1148 296/10275/1150 270/10247/1124
f 297/10276/1151 295/10274/1149 269/10246/1123 267/10244/1121
f 270/10247/1124 296/10275/1150 298/10277/1152 268/10245/1122
f 299/10278/1153 297/10276/1151 267/10244/1121 265/10242/1119
f 268/10245/1122 298/10277/1152 300/10279/1154 266/10243/1120
f 301/10280/1155 299/10278/1153 265/10242/1119 263/10240/1117
f 266/10243/1120 300/10279/1154 302/10281/1156 264/10241/1118
f 303/10282/1157 301/10280/1155 263/10240/1117 261/10238/1115
f 264/10241/1118 302/10281/1156 304/10283/1158 262/10239/1116
f 83/10029/80 303/10282/1157 261/10238/1115
f 262/10239/1116 304/10283/1158 84/10030/80
f 83/10029/80 53/10026/936 303/10282/1157
f 304/10283/1158 54/10028/938 84/10030/80
f 53/10026/936 305/10022/932 301/10280/1155 303/10282/1157
f 302/10281/1156 306/10024/934 54/10028/938 304/10283/1158
f 305/10022/932 307/10018/928 299/10278/1153 301/10280/1155
f 300/10279/1154 308/10020/930 306/10024/934 302/10281/1156
f 307/10018/928 309/10014/924 297/10276/1151 299/10278/1153
f 298/10277/1152 310/10016/926 308/10020/930 300/10279/1154
f 309/10014/924 311/10010/920 295/10274/1149 297/10276/1151
f 296/10275/1150 312/10012/922 310/10016/926 298/10277/1152
f 311/10010/920 313/10006/916 293/10272/1147 295/10274/1149
f 294/10273/1148 314/10008/918 312/10012/922 296/10275/1150
f 313/10006/916 55/10002/912 291/10270/1145 293/10272/1147
f 292/10271/1146 56/10004/914 314/10008/918 294/10273/1148
f 55/10002/912 315/9996/908 289/10267/1143 291/10270/1145
f 290/10269/1144 316/10000/910 56/10004/914 292/10271/1146
f 315/9996/908 57/9992/904 287/10265/1141 289/10267/1143
f 288/10268/1142 58/9997/906 316/10000/910 290/10269/1144
f 57/9992/904 59/9986/898 285/10261/1137 287/10265/1141
f 286/10264/1140 60/9990/902 58/9994/906 288/10266/1142
f 59/9986/898 5374/9985/897 5372/10262/1138 285/10261/1137
f 5373/10263/1139 5375/9987/899 60/9990/902 286/10264/1140
f 5376/10284/80 29/10285/80 31/10286/80 5377/10287/80
f 32/10288/80 30/10289/80 5378/10290/80 5379/10291/80
f 5377/10287/80 31/10286/80 33/10292/80 5380/10293/80
f 34/10294/80 32/10288/80 5379/10291/80 5381/10295/80
f 5380/10293/80 33/10292/80 35/10296/80 5382/10297/80
f 36/10298/80 34/10294/80 5381/10295/80 5383/10299/80
f 5382/10297/80 35/10296/80 37/10300/80 5384/10301/80
f 38/10302/80 36/10298/80 5383/10299/80 5385/10303/80
f 5384/10301/80 37/10300/80 39/10304/80 5386/10305/80
f 40/10306/80 38/10302/80 5385/10303/80 5387/10307/80
f 5386/10305/80 39/10304/80 41/10308/80 5388/10309/80
f 42/10310/80 40/10306/80 5387/10307/80 5389/10311/80
f 5388/10309/80 41/10308/80 43/10312/80 5390/10313/80
f 44/10314/80 42/10310/80 5389/10311/80 5391/10315/80
f 5390/10313/80 43/10312/80 45/10316/80 5392/10317/80
f 46/10318/80 44/10314/80 5391/10315/80 5393/10319/80
f 5392/10317/80 45/10316/80 47/10320/80 5394/10321/80
f 48/10322/80 46/10318/80 5393/10319/80 5395/10323/80
f 5394/10321/80 47/10320/80 49/10324/80 5396/10325/80
f 50/10326/80 48/10322/80 5395/10323/80 5397/10327/80
f 5396/10325/80 49/10324/80 51/10328/80 5398/10329/80
f 52/10330/80 50/10326/80 5397/10327/80 5399/10331/80
f 5398/10332/80 51/10333/80 29/10285/80 5376/10284/80
f 30/10289/80 52/10334/80 5399/10335/80 5378/10290/80
f 317/10336/1159 321/10337/1160 323/10338/1161 283/10339/1162
f 324/10340/1163 322/10341/1164 318/10342/1165 284/10343/1166
f 61/10344/1167 319/10345/1168 321/10337/1160 317/10336/1159
f 322/10341/1164 320/10346/1169 62/10347/1170 318/10342/1165
f 105/10348/1171 341/10349/1172 319/10345/1168 61/10344/1167
f 320/10346/1169 342/10350/1173 106/10351/1174 62/10347/1170
f 107/10352/1175 339/10353/1176 341/10354/1172 105/10355/1171
f 342/10356/1173 340/10357/1177 108/10358/1178 106/10359/1174
f 149/10360/1179 337/10361/1180 339/10353/1176 107/10352/1175
f 340/10357/1177 338/10362/1181 150/10363/1182 108/10358/1178
f 151/10364/1183 335/10365/1184 337/10361/1180 149/10360/1179
f 338/10362/1181 336/10366/1185 152/10367/1186 150/10363/1182
f 193/10368/1187 333/10369/1188 335/10365/1184 151/10364/1183
f 336/10366/1185 334/10370/1189 194/10371/1190 152/10367/1186
f 195/10372/1191 331/10373/1192 333/10369/1188 193/10368/1187
f 334/10370/1189 332/10374/1193 196/10375/1194 194/10371/1190
f 237/10376/1195 329/10377/1196 331/10373/1192 195/10372/1191
f 332/10374/1193 330/10378/1197 238/10379/1198 196/10375/1194
f 239/10380/1199 327/10381/1200 329/10377/1196 237/10376/1195
f 330/10378/1197 328/10382/1201 240/10383/1202 238/10379/1198
f 281/10384/1203 325/10385/1204 327/10381/1200 239/10380/1199
f 328/10382/1201 326/10386/1205 282/10387/1206 240/10383/1202
f 283/10339/1162 323/10338/1161 325/10385/1204 281/10384/1203
f 326/10386/1205 324/10340/1163 284/10343/1166 282/10387/1206
f 7642/10388/2 2839/10389/2 2815/10390/2 2809/10391/2
f 2816/10392/3 2840/10393/3 7643/10394/3 2810/10395/3
f 7625/10396/62 7644/10397/62 7646/10398/62 7624/10399/62
f 2809/10391/2 7641/10400/2 7642/10388/2
f 7643/10394/3 7626/10401/3 2810/10395/3
f 2812/10402/80 7647/10403/80 10405/10404/80 2811/10405/80
f 2825/10406/1207 7672/10407/1208 7637/10408/1209 7627/10409/1210
f 7639/10410/1211 7674/10411/1212 2826/10412/1213 7631/10413/1214
f 7627/10409/1210 2863/10414/1215 2825/10406/1207
f 2826/10412/1213 2864/10415/1216 7631/10413/1214
f 7656/10416/2 7657/10417/2 2821/10418/2 2819/10419/2
f 2822/10420/3 7659/10421/3 7658/10422/3 2820/10423/3
f 7661/10424/2 7660/10425/2 2817/10426/2 2837/10427/2
f 2818/10428/3 7662/10429/3 7663/10430/3 2838/10431/3
f 7660/10425/2 7664/10432/2 2835/10433/2 2817/10426/2
f 2836/10434/3 7665/10435/3 7662/10429/3 2818/10428/3
f 7666/10436/2 7656/10416/2 2819/10419/2 2827/10437/2
f 2820/10423/3 7658/10422/3 7667/10438/3 2828/10439/3
f 7657/10417/2 7668/10440/2 2823/10441/2 2821/10418/2
f 2824/10442/3 7669/10443/3 7659/10421/3 2822/10420/3
f 7668/10440/2 7670/10444/2 2843/10445/2 2823/10441/2
f 2844/10446/3 7671/10447/3 7669/10443/3 2824/10442/3
f 7673/10448/2 7672/10407/1208 2825/10406/1207 2845/10449/2
f 2826/10412/1213 7674/10411/1212 7675/10450/3 2846/10451/3
f 7770/10452/2 7666/10436/2 2827/10437/2 2829/10453/2
f 2828/10439/3 7667/10438/3 7771/10454/3 2830/10455/3
f 7772/10456/2 7770/10452/2 2829/10453/2 2831/10457/2
f 2830/10455/3 7771/10454/3 7773/10458/3 2832/10459/3
f 7774/10460/2 7772/10456/2 2831/10457/2 2833/10461/2
f 2832/10459/3 7773/10458/3 7775/10462/3 2834/10463/3
f 7664/10432/2 7774/10460/2 2833/10461/2 2835/10433/2
f 2834/10463/3 7775/10462/3 7665/10435/3 2836/10434/3
f 7776/10464/2 7661/10424/2 2837/10427/2 2841/10465/2
f 2838/10431/3 7663/10430/3 7777/10466/3 2842/10467/3
f 7642/10388/2 7776/10464/2 2841/10465/2 2839/10389/2
f 2842/10467/3 7777/10466/3 7643/10394/3 2840/10393/3
f 7670/10444/2 7673/10448/2 2845/10449/2 2843/10445/2
f 2846/10451/3 7675/10450/3 7671/10447/3 2844/10446/3
f 7649/10468/1217 2898/10469/1218 2849/10470/1219 7648/10471/1219
f 2850/10472/1220 2899/10473/1221 7650/10474/1222 7645/10475/1220
f 10404/10476/1223 2932/10477/1224 2847/10478/1225 2852/10479/1225
f 2848/10480/1226 2933/10481/1227 7651/10482/1228 2851/10483/1226
f 7647/10403/80 2878/10484/1229 2877/10485/1229 10405/10404/80
f 7652/10486/1230 7638/10487/1231 7779/10488/1232
f 7781/10489/1233 7640/10490/1234 7654/10491/1235
f 7779/10488/1232 7638/10487/1231 2853/10492/1236 7778/10493/1236
f 2854/10494/1237 7640/10490/1234 7781/10489/1233 7780/10495/1237
f 7778/10493/1236 2853/10492/1236 2906/10496/1238 7782/10497/1238
f 2907/10498/1238 2854/10494/1237 7780/10495/1237 7783/10499/1238
f 7785/10500/1238 2904/10501/1238 2855/10502/1238 7784/10503/1238
f 2856/10504/1238 2905/10505/1238 7787/10506/1238 7786/10507/1238
f 7784/10503/1238 2855/10502/1238 2902/10508/1238 7788/10509/1238
f 2903/10510/1238 2856/10504/1238 7786/10507/1238 7789/10511/1238
f 7791/10512/1238 2859/10513/1238 2884/10514/1238 7790/10515/1238
f 2885/10516/1238 2860/10517/1238 7793/10518/1238 7792/10519/1238
f 7790/10515/1238 2884/10514/1238 2886/10520/1238 7794/10521/1238
f 2887/10522/1238 2885/10516/1238 7792/10519/1238 7795/10523/1238
f 7794/10521/1238 2886/10520/1238 2888/10524/1238 7796/10525/1238
f 2889/10526/1238 2887/10522/1238 7795/10523/1238 7797/10527/1238
f 7796/10525/1238 2888/10524/1238 2890/10528/1238 7798/10529/1238
f 2891/10530/1238 2889/10526/1238 7797/10527/1238 7799/10531/1238
f 7798/10529/1238 2890/10528/1238 2892/10532/1238 7800/10533/1238
f 2893/10534/1238 2891/10530/1238 7799/10531/1238 7801/10535/1238
f 7800/10533/1238 2892/10532/1238 2857/10536/1238 7802/10537/1238
f 2858/10538/1238 2893/10534/1238 7801/10535/1238 7803/10539/1238
f 7802/10537/1238 2857/10536/1238 2894/10540/1238 7804/10541/1238
f 2895/10542/1238 2858/10538/1238 7803/10539/1238 7805/10543/1238
f 7804/10541/1238 2894/10540/1238 2900/10544/1238 7806/10545/1238
f 2901/10546/1238 2895/10542/1238 7805/10543/1238 7807/10547/1238
f 7806/10545/1238 2900/10544/1238 2898/10469/1218 7649/10468/1217
f 2899/10473/1221 2901/10546/1238 7807/10547/1238 7650/10474/1222
f 7788/10509/1238 2902/10508/1238 2859/10513/1238 7791/10512/1238
f 2860/10517/1238 2903/10510/1238 7789/10511/1238 7793/10518/1238
f 7782/10497/1238 2906/10496/1238 2904/10501/1238 7785/10500/1238
f 2905/10505/1238 2907/10498/1238 7783/10499/1238 7787/10506/1238
f 7628/10548/1239 2896/10549/1239 7653/10550/1239 7680/10551/1240
f 7655/10552/1241 2897/10553/1241 7632/10554/1241 7676/10555/1242
f 7680/10551/1240 7635/10556/1243 7628/10548/1239
f 7632/10554/1241 7636/10557/1244 7676/10555/1242
f 7629/10558/1245 7832/10559/1245 2863/10414/1215 7627/10409/1210
f 2864/10415/1216 7833/10560/1246 7633/10561/1246 7631/10413/1214
f 7810/10562/1247 7681/10563/1247 7769/10564/1248
f 7764/10565/1249 7677/10566/1250 7678/10567/1250
f 7808/10568/3 7769/10564/1248 7763/10569/3
f 7758/10570/2 7764/10565/1249 7766/10571/2
f 7812/10572/3 7763/10569/3 7757/10573/3
f 7752/10574/2 7758/10570/2 7760/10575/2
f 7814/10576/3 7757/10573/3 7751/10577/3
f 7746/10578/2 7752/10574/2 7754/10579/2
f 10397/10580/3 7751/10577/3 7745/10581/3
f 7740/10582/2 7746/10578/2 7748/10583/2
f 7816/10584/3 7745/10581/3 7739/10585/3
f 7734/10586/2 7740/10582/2 7742/10587/2
f 7818/10588/3 7739/10585/3 7733/10589/3
f 7728/10590/2 7734/10586/2 7736/10591/2
f 7820/10592/3 7733/10589/3 7720/10593/3
f 7724/10594/2 7728/10590/2 7730/10595/2
f 7722/10596/3 7720/10593/3 7719/10597/3
f 7714/10598/2 7724/10594/2 7726/10599/2
f 7828/10600/3 7719/10597/3 7713/10601/3
f 7708/10602/2 7714/10598/2 7716/10603/2
f 10402/10604/3 7826/10605/3 7713/10601/3
f 7708/10602/2 7710/10606/2 7704/10607/2
f 7824/10608/3 10402/10604/3 7703/10609/3
f 7698/10610/2 7704/10607/2 7706/10611/2
f 10401/10612/3 7703/10609/3 7697/10613/3
f 7692/10614/2 7698/10610/2 7700/10615/2
f 7822/10616/3 7697/10613/3 7691/10617/3
f 7686/10618/2 7692/10614/2 7694/10619/2
f 10399/10620/3 7691/10617/3 7685/10621/3
f 7683/10622/2 7686/10618/2 7688/10623/2
f 7769/10564/1248 2928/10624/1251 2908/10625/3 7763/10569/3
f 2909/10626/2 2929/10627/1252 7764/10565/1249 7758/10570/2
f 7763/10569/3 2908/10625/3 2938/10628/3 7757/10573/3
f 2939/10629/2 2909/10626/2 7758/10570/2 7752/10574/2
f 7751/10577/3 2940/10630/3 2910/10631/3 7745/10581/3
f 2911/10632/2 2941/10633/2 7746/10578/2 7740/10582/2
f 7745/10581/3 2910/10631/3 2934/10634/3 7739/10585/3
f 2935/10635/2 2911/10632/2 7740/10582/2 7734/10586/2
f 7733/10589/3 2936/10636/3 2912/10637/3 7720/10593/3
f 2913/10638/2 2937/10639/2 7728/10590/2 7724/10594/2
f 7720/10593/3 2912/10637/3 2914/10640/3 7719/10597/3
f 2915/10641/2 2913/10638/2 7724/10594/2 7714/10598/2
f 7719/10597/3 2914/10640/3 2916/10642/3 7713/10601/3
f 2917/10643/2 2915/10641/2 7714/10598/2 7708/10602/2
f 7713/10601/3 2916/10642/3 2918/10644/3 10402/10604/3
f 2919/10645/2 2917/10643/2 7708/10602/2 7704/10607/2
f 10402/10604/3 2918/10644/3 2920/10646/3 7703/10609/3
f 2921/10647/2 2919/10645/2 7704/10607/2 7698/10610/2
f 7703/10609/3 2920/10646/3 2922/10648/3 7697/10613/3
f 2923/10649/2 2921/10647/2 7698/10610/2 7692/10614/2
f 7697/10613/3 2922/10648/3 2924/10650/3 7691/10617/3
f 2925/10651/2 2923/10649/2 7692/10614/2 7686/10618/2
f 7691/10617/3 2924/10650/3 2930/10652/3 7685/10621/3
f 2931/10653/2 2925/10651/2 7686/10618/2 7683/10622/2
f 7681/10563/1247 2926/10654/1247 2928/10624/1251 7769/10564/1248
f 2929/10627/1252 2927/10655/1250 7677/10566/1250 7764/10565/1249
f 7685/10621/3 2930/10652/3 2932/10477/1224 10404/10476/1223
f 2933/10481/1227 2931/10653/2 7683/10622/2 7651/10482/1228
f 7739/10585/3 2934/10634/3 2936/10636/3 7733/10589/3
f 2937/10639/2 2935/10635/2 7734/10586/2 7728/10590/2
f 7757/10573/3 2938/10628/3 2940/10630/3 7751/10577/3
f 2941/10633/2 2939/10629/2 7752/10574/2 7746/10578/2
f 7768/10656/80 7809/10657/80 7767/10658/80 7765/10659/80
f 7811/10660/33 2951/10661/33 2876/10662/33 7679/10663/33
f 2954/10664/33 7762/10665/33 7759/10666/33 2966/10667/33
f 2953/10668/80 7813/10669/80 7761/10670/80 2865/10671/80
f 2861/10672/80 2952/10673/80 2985/10674/80 2862/10675/80
f 7635/10556/1243 7680/10551/1240 7676/10555/1242 7636/10557/1244
f 2950/10676/33 7756/10677/33 7753/10678/33 2986/10679/33
f 2955/10680/80 7815/10681/80 7755/10682/80 2883/10683/80
f 7750/10684/80 10396/10685/80 7749/10686/80 7747/10687/80
f 2949/10688/33 2948/10689/33 2882/10690/33 2987/10691/33
f 2969/10692/33 7744/10693/33 7741/10694/33 2970/10695/33
f 2947/10696/80 7817/10697/80 7743/10698/80 2866/10699/80
f 7738/10700/80 7819/10701/80 7737/10702/80 7735/10703/80
f 2946/10704/33 2956/10705/33 2881/10706/33 2988/10707/33
f 2944/10708/33 7732/10709/33 7729/10710/33 2989/10711/33
f 2945/10712/80 7821/10713/80 7731/10714/80 2880/10715/80
f 7684/10716/1253 2877/10485/1229 2878/10484/1229 7682/10717/1253
f 10398/10718/33 2943/10719/33 2879/10720/33 7689/10721/33
f 7823/10722/33 7690/10723/33 7687/10724/33 7695/10725/33
f 2957/10726/80 2990/10727/80 2991/10728/80 2875/10729/80
f 7696/10730/80 2958/10731/80 2971/10732/80 7693/10733/80
f 10400/10734/33 2959/10735/33 2874/10736/33 7701/10737/33
f 7825/10738/33 7702/10739/33 7699/10740/33 7707/10741/33
f 2960/10742/80 2992/10743/80 2993/10744/80 2873/10745/80
f 10403/10746/80 2961/10747/80 2972/10748/80 7705/10749/80
f 2872/10750/33 7711/10751/33 7827/10752/33 2871/10753/33
f 2962/10754/33 7721/10755/33 7725/10756/33 2973/10757/33
f 2867/10758/80 7723/10759/80 7727/10760/80 2868/10761/80
f 2994/10762/80 7709/10763/80 7712/10764/80 2942/10765/80
f 7829/10766/33 2964/10767/33 2870/10768/33 7717/10769/33
f 2975/10770/33 7718/10771/33 7715/10772/33 2976/10773/33
f 2965/10774/80 2963/10775/80 2974/10776/80 2869/10777/80
f 2979/10778/1254 2977/10779/1254 2978/10780/1255 2980/10781/1255
f 7830/10782/80 2967/10783/80 2968/10784/80 7831/10785/80
f 7630/10786/1256 2977/10779/1254 2979/10778/1254 2983/10787/1256
f 2980/10781/1255 2978/10780/1255 7634/10788/1257 2984/10789/1257
f 2813/10790/80 2967/10783/80 7830/10782/80 2981/10791/80
f 7831/10785/80 2968/10784/80 2814/10792/80 2982/10793/80
o Doors
v 8.232334 -19.398897 27.351938
v 8.232334 -35.014954 27.351938
v -0.553127 -35.014950 27.351938
v -0.553125 -19.398893 27.351938
vt 1.000000 0.997885
vt 0.000000 0.997885
vt -0.000000 0.000904
vt 1.000000 0.000904
vn 0.0000 0.0000 1.0000
usemtl DoorsMat
s off
f 10407/10794/1258 10410/10795/1258 10409/10796/1258 10408/10797/1258
o Portcullis
v 3.808987 -34.986832 28.665701
v 3.885214 -19.291492 28.557077
v 3.931058 -19.291492 28.692299
v 3.808504 -19.291492 28.775097
v 3.686916 -19.291492 28.691048
v 3.734326 -19.291492 28.556303
v 3.885214 -34.383167 28.557077
v 3.931058 -34.383167 28.692299
v 3.808504 -34.383167 28.775097
v 3.686916 -34.383167 28.691048
v 3.734326 -34.383167 28.556303
v 4.696987 -34.383167 28.556303
v 4.649577 -34.383167 28.691048
v 4.771165 -34.383167 28.775097
v 4.893719 -34.383167 28.692299
v 4.847875 -34.383167 28.557077
v 4.696987 -19.291492 28.556303
v 4.649577 -19.291492 28.691048
v 4.771165 -19.291492 28.775097
v 4.893719 -19.291492 28.692299
v 4.847875 -19.291492 28.557077
v 4.771648 -34.986832 28.665701
v 5.734309 -34.986832 28.665701
v 5.810535 -19.291492 28.557077
v 5.856380 -19.291492 28.692299
v 5.733826 -19.291492 28.775097
v 5.612238 -19.291492 28.691048
v 5.659647 -19.291492 28.556303
v 5.810535 -34.383167 28.557077
v 5.856380 -34.383167 28.692299
v 5.733826 -34.383167 28.775097
v 5.612238 -34.383167 28.691048
v 5.659647 -34.383167 28.556303
v 6.622309 -34.383167 28.556303
v 6.574899 -34.383167 28.691048
v 6.696486 -34.383167 28.775097
v 6.819041 -34.383167 28.692299
v 6.773196 -34.383167 28.557077
v 6.622309 -19.291492 28.556303
v 6.574899 -19.291492 28.691048
v 6.696486 -19.291492 28.775097
v 6.819041 -19.291492 28.692299
v 6.773196 -19.291492 28.557077
v 6.696970 -34.986832 28.665701
v 7.659631 -34.986832 28.665701
v 7.735857 -19.291492 28.557077
v 7.781702 -19.291492 28.692299
v 7.659147 -19.291492 28.775097
v 7.537560 -19.291492 28.691048
v 7.584970 -19.291492 28.556303
v 7.735857 -34.383167 28.557077
v 7.781702 -34.383167 28.692299
v 7.659147 -34.383167 28.775097
v 7.537560 -34.383167 28.691048
v 7.584970 -34.383167 28.556303
v 2.771665 -34.383167 28.556303
v 2.724256 -34.383167 28.691048
v 2.845843 -34.383167 28.775097
v 2.968398 -34.383167 28.692299
v 2.922553 -34.383167 28.557077
v 2.771665 -19.291492 28.556303
v 2.724256 -19.291492 28.691048
v 2.845843 -19.291492 28.775097
v 2.968398 -19.291492 28.692299
v 2.922553 -19.291492 28.557077
v 2.846327 -34.986832 28.665701
v 1.883666 -34.986832 28.665701
v 1.959892 -19.291492 28.557077
v 2.005737 -19.291492 28.692299
v 1.883182 -19.291492 28.775097
v 1.761595 -19.291492 28.691048
v 1.809004 -19.291492 28.556303
v 1.959892 -34.383167 28.557077
v 2.005737 -34.383167 28.692299
v 1.883182 -34.383167 28.775097
v 1.761595 -34.383167 28.691048
v 1.809004 -34.383167 28.556303
v 0.846344 -34.383167 28.556303
v 0.798934 -34.383167 28.691048
v 0.920521 -34.383167 28.775097
v 1.043076 -34.383167 28.692299
v 0.997231 -34.383167 28.557077
v 0.846344 -19.291492 28.556303
v 0.798934 -19.291492 28.691048
v 0.920521 -19.291492 28.775097
v 1.043076 -19.291492 28.692299
v 0.997231 -19.291492 28.557077
v 0.921005 -34.986832 28.665701
v -0.041656 -34.986832 28.665701
v 0.034570 -19.291492 28.557077
v 0.080415 -19.291492 28.692299
v -0.042140 -19.291492 28.775097
v -0.163727 -19.291492 28.691048
v -0.116318 -19.291492 28.556303
v 0.034570 -34.383167 28.557077
v 0.080415 -34.383167 28.692299
v -0.042140 -34.383167 28.775097
v -0.163727 -34.383167 28.691048
v -0.116318 -34.383167 28.556303
v 8.017551 -26.988247 28.563284
v 8.017551 -27.290081 28.563284
v -0.338346 -27.290081 28.563284
v -0.338343 -26.988247 28.563284
v 8.017553 -26.988247 28.774567
v 8.017548 -27.290081 28.774567
v -0.338346 -27.290081 28.774567
v -0.338346 -26.988247 28.774567
v -0.338346 -27.893747 28.774567
v -0.338346 -28.195581 28.774567
v 8.017548 -28.195581 28.774567
v 8.017553 -27.893747 28.774567
v -0.338343 -27.893747 28.563284
v -0.338346 -28.195581 28.563284
v 8.017551 -28.195581 28.563284
v 8.017551 -27.893747 28.563284
v 8.017551 -28.799248 28.563284
v 8.017551 -29.101082 28.563284
v -0.338346 -29.101082 28.563284
v -0.338343 -28.799248 28.563284
v 8.017553 -28.799248 28.774567
v 8.017548 -29.101082 28.774567
v -0.338346 -29.101082 28.774567
v -0.338346 -28.799248 28.774567
v -0.338346 -29.704748 28.774567
v -0.338346 -30.006582 28.774567
v 8.017548 -30.006582 28.774567
v 8.017553 -29.704748 28.774567
v -0.338343 -29.704748 28.563284
v -0.338346 -30.006582 28.563284
v 8.017551 -30.006582 28.563284
v 8.017551 -29.704748 28.563284
v 8.017551 -30.610249 28.563284
v 8.017551 -30.912083 28.563284
v -0.338346 -30.912083 28.563284
v -0.338343 -30.610249 28.563284
v 8.017553 -30.610249 28.774567
v 8.017548 -30.912083 28.774567
v -0.338346 -30.912083 28.774567
v -0.338346 -30.610249 28.774567
v -0.338346 -26.082747 28.774567
v -0.338346 -26.384581 28.774567
v 8.017548 -26.384581 28.774567
v 8.017553 -26.082747 28.774567
v -0.338343 -26.082747 28.563284
v -0.338346 -26.384581 28.563284
v 8.017551 -26.384581 28.563284
v 8.017551 -26.082747 28.563284
v 8.017551 -25.177246 28.563284
v 8.017551 -25.479080 28.563284
v -0.338346 -25.479080 28.563284
v -0.338343 -25.177246 28.563284
v 8.017553 -25.177246 28.774567
v 8.017548 -25.479080 28.774567
v -0.338346 -25.479080 28.774567
v -0.338346 -25.177246 28.774567
v -0.338346 -24.271746 28.774567
v -0.338346 -24.573580 28.774567
v 8.017548 -24.573580 28.774567
v 8.017553 -24.271746 28.774567
v -0.338343 -24.271746 28.563284
v -0.338346 -24.573580 28.563284
v 8.017551 -24.573580 28.563284
v 8.017551 -24.271746 28.563284
v 8.017551 -23.366245 28.563284
v 8.017551 -23.668079 28.563284
v -0.338346 -23.668079 28.563284
v -0.338343 -23.366245 28.563284
v 8.017553 -23.366245 28.774567
v 8.017548 -23.668079 28.774567
v -0.338346 -23.668079 28.774567
v -0.338346 -23.366245 28.774567
v 8.017548 -22.762579 28.774567
v 8.017553 -22.460747 28.774567
v -0.338343 -22.460745 28.563284
v 8.017551 -22.762579 28.563284
v 8.017551 -22.460745 28.563284
v -0.338346 -32.421249 28.774567
v -0.338346 -32.723083 28.774567
v 8.017548 -32.723083 28.774567
v 8.017553 -32.421249 28.774567
v -0.338343 -32.421249 28.563284
v -0.338346 -32.723083 28.563284
v 8.017551 -32.723083 28.563284
v 8.017551 -32.421249 28.563284
v 8.017551 -31.515749 28.563284
v 8.017551 -31.817583 28.563284
v -0.338346 -31.817583 28.563284
v -0.338343 -31.515749 28.563284
v 8.017553 -31.515749 28.774567
v 8.017548 -31.817583 28.774567
v -0.338346 -31.817583 28.774567
v -0.338346 -31.515749 28.774567
v 8.017551 -20.649746 28.563284
v 8.017551 -20.951578 28.563284
v -0.338346 -20.951578 28.563284
v -0.338343 -20.649746 28.563284
v 8.017553 -20.649746 28.774567
v 8.017548 -20.951578 28.774567
v -0.338346 -20.951578 28.774567
v -0.338346 -20.649746 28.774567
v -0.338346 -21.857079 28.774567
v 8.017548 -21.857079 28.774567
v -0.338343 -21.555244 28.563284
v -0.338346 -21.857079 28.563284
v 8.017551 -21.857079 28.563284
v 8.017551 -21.555244 28.563284
v -0.338346 -22.762579 28.563284
v -0.338346 -22.762579 28.774567
v -0.338346 -22.460745 28.774567
v -0.338346 -21.555244 28.774567
v 8.017553 -21.555244 28.774567
v 8.017551 -33.326752 28.563284
v 8.017551 -33.628582 28.563284
v -0.338346 -33.628582 28.563284
v -0.338343 -33.326752 28.563284
v 8.017553 -33.326752 28.774567
v 8.017548 -33.628586 28.774567
v -0.338346 -33.628582 28.774567
v -0.338346 -33.326752 28.774567
vt 0.850173 1.025817
vt 0.847530 0.983215
vt 0.852228 0.983246
vt 0.849062 -0.080804
vt 0.853760 -0.080773
vt 0.943495 1.025812
vt 0.940983 0.983216
vt 0.945680 0.983247
vt 0.942515 -0.080804
vt 0.947213 -0.080773
vt 0.999559 -0.080804
vt 1.001752 -0.038239
vt 0.997055 -0.038208
vt 1.003285 1.025781
vt 0.998587 1.025812
vt 0.968549 -0.080804
vt 0.970601 -0.038233
vt 0.965903 -0.038202
vt 0.972134 1.025786
vt 0.967436 1.025817
vt 0.830372 1.025817
vt 0.828839 -0.038201
vt 0.833537 -0.038231
vt 0.835069 1.025787
vt 0.831131 -0.080804
vt 0.810148 -0.038201
vt 0.812441 -0.080804
vt 0.814846 -0.038231
vt 0.811681 1.025817
vt 0.816379 1.025787
vt 0.883378 -0.038233
vt 0.884911 1.025786
vt 0.880213 1.025817
vt 0.878681 -0.038202
vt 0.881327 -0.080804
vt 0.995522 -0.038239
vt 0.997055 1.025781
vt 0.992357 1.025812
vt 0.990824 -0.038208
vt 0.993329 -0.080804
vt 0.928522 0.983216
vt 0.930055 -0.080804
vt 0.934753 -0.080773
vt 0.933220 0.983247
vt 0.931034 1.025812
vt 0.803918 0.983215
vt 0.805451 -0.080804
vt 0.810148 -0.080773
vt 0.808616 0.983246
vt 0.806561 1.025817
vt 0.787871 1.025817
vt 0.785228 0.983215
vt 0.789925 0.983246
vt 0.786760 -0.080804
vt 0.791458 -0.080773
vt 0.949725 1.025812
vt 0.947213 0.983216
vt 0.951911 0.983247
vt 0.948745 -0.080804
vt 0.953443 -0.080773
vt 1.018249 -0.080804
vt 1.020443 -0.038239
vt 1.015745 -0.038208
vt 1.021975 1.025781
vt 1.017277 1.025812
vt 0.862636 -0.080804
vt 0.864688 -0.038233
vt 0.859990 -0.038202
vt 0.866220 1.025786
vt 0.861523 1.025817
vt 0.886443 1.025817
vt 0.884911 -0.038201
vt 0.889609 -0.038231
vt 0.891141 1.025786
vt 0.887203 -0.080804
vt 0.766537 -0.038201
vt 0.768829 -0.080804
vt 0.771235 -0.038231
vt 0.768069 1.025817
vt 0.772767 1.025787
vt 0.802386 -0.038233
vt 0.803918 1.025786
vt 0.799221 1.025817
vt 0.797688 -0.038202
vt 0.800334 -0.080804
vt 1.026673 -0.038239
vt 1.028205 1.025781
vt 1.023508 1.025812
vt 1.021975 -0.038208
vt 1.024480 -0.080804
vt 0.835069 0.983216
vt 0.836602 -0.080804
vt 0.841300 -0.080773
vt 0.839767 0.983247
vt 0.837581 1.025812
vt 0.754077 0.983215
vt 0.755609 -0.080804
vt 0.760307 -0.080773
vt 0.758774 0.983246
vt 0.756720 1.025817
vt 0.843943 1.025817
vt 0.841300 0.983215
vt 0.845997 0.983246
vt 0.842832 -0.080804
vt 0.847530 -0.080773
vt 0.893653 1.025812
vt 0.891141 0.983216
vt 0.895839 0.983247
vt 0.892674 -0.080804
vt 0.897371 -0.080773
vt 0.912336 -0.080804
vt 0.914529 -0.038239
vt 0.909832 -0.038208
vt 0.916062 1.025781
vt 0.911364 1.025812
vt 0.974780 -0.080804
vt 0.976831 -0.038233
vt 0.972134 -0.038202
vt 0.978364 1.025786
vt 0.973666 1.025817
vt 0.817911 1.025817
vt 0.816379 -0.038201
vt 0.821076 -0.038231
vt 0.822609 1.025787
vt 0.818671 -0.080804
vt 0.778997 -0.038201
vt 0.781290 -0.080804
vt 0.783695 -0.038231
vt 0.780530 1.025817
vt 0.785228 1.025787
vt 0.964371 -0.038233
vt 0.965903 1.025786
vt 0.961206 1.025817
vt 0.959673 -0.038202
vt 0.962319 -0.080804
vt 0.939450 -0.038239
vt 0.940983 1.025781
vt 0.936285 1.025812
vt 0.934753 -0.038208
vt 0.937257 -0.080804
vt 0.922292 0.983216
vt 0.923825 -0.080804
vt 0.928522 -0.080773
vt 0.926990 0.983247
vt 0.924804 1.025812
vt 0.791458 0.983215
vt 0.792990 -0.080804
vt 0.797688 -0.080773
vt 0.796156 0.983246
vt 0.794101 1.025817
vt 0.762950 1.025817
vt 0.760307 0.983215
vt 0.765004 0.983246
vt 0.761839 -0.080804
vt 0.766537 -0.080773
vt 0.918574 1.025812
vt 0.916062 0.983216
vt 0.920760 0.983247
vt 0.917594 -0.080804
vt 0.922292 -0.080773
vt 0.955947 -0.080804
vt 0.958141 -0.038239
vt 0.953443 -0.038208
vt 0.959673 1.025781
vt 0.954976 1.025812
vt 0.875096 -0.080804
vt 0.877148 -0.038233
vt 0.872450 -0.038202
vt 0.878681 1.025786
vt 0.873983 1.025817
vt 1.004817 1.025817
vt 1.003285 -0.038201
vt 1.007982 -0.038231
vt 1.009515 1.025787
vt 1.005577 -0.080804
vt 1.009515 -0.038201
vt 1.011807 -0.080804
vt 1.014212 -0.038231
vt 1.011047 1.025817
vt 1.015745 1.025787
vt 0.870918 -0.038233
vt 0.872450 1.025786
vt 0.867753 1.025817
vt 0.866220 -0.038202
vt 0.868866 -0.080804
vt 0.983062 -0.038239
vt 0.984594 1.025781
vt 0.979896 1.025812
vt 0.978364 -0.038208
vt 0.980868 -0.080804
vt 0.897371 0.983216
vt 0.898904 -0.080804
vt 0.903602 -0.080773
vt 0.902069 0.983247
vt 0.899883 1.025812
vt 0.772767 0.983215
vt 0.774300 -0.080804
vt 0.778997 -0.080773
vt 0.777465 0.983246
vt 0.775410 1.025817
vt 0.750489 1.025817
vt 0.747846 0.983215
vt 0.752544 0.983246
vt 0.749379 -0.080804
vt 0.754077 -0.080773
vt 0.906113 1.025812
vt 0.903602 0.983216
vt 0.908299 0.983247
vt 0.905134 -0.080804
vt 0.909832 -0.080773
vt 0.987099 -0.080804
vt 0.989292 -0.038239
vt 0.984594 -0.038208
vt 0.990824 1.025781
vt 0.986126 1.025812
vt 0.825255 -0.080804
vt 0.827307 -0.038233
vt 0.822609 -0.038202
vt 0.828839 1.025786
vt 0.824141 1.025817
vt 0.855292 1.025817
vt 0.853760 -0.038201
vt 0.858458 -0.038231
vt 0.859990 1.025787
vt 0.856052 -0.080804
vt 0.630009 0.063812
vt 0.639984 0.063860
vt 0.639187 0.472521
vt 0.629212 0.472473
vt 0.780015 0.063860
vt 0.779218 0.472521
vt 0.769243 0.472473
vt 0.770040 0.063812
vt 0.660806 0.879887
vt 0.654610 0.879909
vt 0.654582 0.864511
vt 0.660778 0.864489
vt 0.990459 0.472507
vt 0.983476 0.472473
vt 0.984273 0.063812
vt 0.991256 0.063846
vt 0.820654 0.879915
vt 0.814478 0.879894
vt 0.814506 0.864496
vt 0.820683 0.864518
vt 1.092385 0.472473
vt 1.085403 0.472507
vt 1.084606 0.063846
vt 1.091588 0.063812
vt 1.139060 0.472473
vt 1.132078 0.472507
vt 1.131281 0.063846
vt 1.138263 0.063812
vt 0.792251 0.879915
vt 0.786075 0.879894
vt 0.786103 0.864496
vt 0.792279 0.864518
vt 1.131281 0.472473
vt 1.124299 0.472507
vt 1.123502 0.063846
vt 1.130484 0.063812
vt 0.677719 0.879887
vt 0.671523 0.879909
vt 0.671494 0.864511
vt 0.677690 0.864489
vt 0.758471 0.063860
vt 0.757675 0.472521
vt 0.747700 0.472473
vt 0.748497 0.063812
vt 0.705410 0.063812
vt 0.715385 0.063860
vt 0.714588 0.472521
vt 0.704614 0.472473
vt 0.920045 0.063860
vt 0.930020 0.063812
vt 0.930817 0.472473
vt 0.920842 0.472521
vt 0.866187 0.063860
vt 0.865390 0.472521
vt 0.855416 0.472473
vt 0.856213 0.063812
vt 0.654582 0.879887
vt 0.648386 0.879909
vt 0.648357 0.864511
vt 0.654553 0.864489
vt 1.061268 0.881168
vt 1.054286 0.881201
vt 1.053489 0.472540
vt 1.060471 0.472507
vt 0.809118 0.879915
vt 0.802942 0.879894
vt 0.802971 0.864496
vt 0.809147 0.864518
vt 1.084606 0.881167
vt 1.077624 0.881201
vt 1.076827 0.472540
vt 1.083809 0.472507
vt 1.013796 0.472507
vt 1.006814 0.472473
vt 1.007611 0.063812
vt 1.014593 0.063846
vt 0.763411 0.879915
vt 0.757235 0.879894
vt 0.757263 0.864496
vt 0.763440 0.864518
vt 1.037134 0.472507
vt 1.030152 0.472473
vt 1.030948 0.063812
vt 1.037931 0.063846
vt 0.703088 0.879887
vt 0.696892 0.879909
vt 0.696864 0.864511
vt 0.703060 0.864489
vt 0.747700 0.063860
vt 0.746903 0.472521
vt 0.736928 0.472473
vt 0.737725 0.063812
vt 0.876959 0.063860
vt 0.886934 0.063812
vt 0.887731 0.472473
vt 0.877756 0.472521
vt 0.780015 0.063860
vt 0.789989 0.063812
vt 0.790786 0.472473
vt 0.780811 0.472521
vt 0.909274 0.063860
vt 0.908477 0.472521
vt 0.898502 0.472473
vt 0.899299 0.063812
vt 0.734162 0.879886
vt 0.727966 0.879908
vt 0.727938 0.864511
vt 0.734133 0.864489
vt 1.107943 0.472473
vt 1.100961 0.472507
vt 1.100164 0.063846
vt 1.107147 0.063812
vt 0.861466 0.879915
vt 0.855290 0.879894
vt 0.855318 0.864496
vt 0.861494 0.864518
vt 0.998238 0.472507
vt 0.991256 0.472473
vt 0.992053 0.063812
vt 0.999035 0.063846
vt 1.107943 0.881167
vt 1.100961 0.881201
vt 1.100164 0.472540
vt 1.107147 0.472507
vt 0.849930 0.879915
vt 0.843754 0.879894
vt 0.843783 0.864497
vt 0.849959 0.864518
vt 1.123502 0.472473
vt 1.116519 0.472507
vt 1.115723 0.063846
vt 1.122705 0.063812
vt 0.671494 0.879887
vt 0.665298 0.879909
vt 0.665270 0.864511
vt 0.671466 0.864489
vt 0.844644 0.063860
vt 0.843847 0.472521
vt 0.833873 0.472473
vt 0.834669 0.063812
vt 0.639984 0.063860
vt 0.649959 0.063812
vt 0.650756 0.472473
vt 0.640781 0.472521
vt 0.909274 0.063860
vt 0.919248 0.063812
vt 0.920045 0.472473
vt 0.910071 0.472521
vt 0.876959 0.063860
vt 0.876162 0.472521
vt 0.866187 0.472473
vt 0.866984 0.063812
vt 0.751923 0.879886
vt 0.745727 0.879908
vt 0.745698 0.864511
vt 0.751894 0.864489
vt 1.115723 0.472473
vt 1.108740 0.472507
vt 1.107943 0.063846
vt 1.114926 0.063812
vt 1.087991 0.881201
vt 1.081815 0.881180
vt 1.081844 0.865783
vt 1.088020 0.865804
vt 1.044913 0.472507
vt 1.037931 0.472473
vt 1.038728 0.063812
vt 1.045710 0.063846
vt 0.982680 0.472507
vt 0.975697 0.472473
vt 0.976494 0.063812
vt 0.983476 0.063846
vt 0.786047 0.879915
vt 0.779871 0.879894
vt 0.779899 0.864496
vt 0.786075 0.864518
vt 1.029355 0.472507
vt 1.022372 0.472473
vt 1.023169 0.063812
vt 1.030152 0.063846
vt 0.686175 0.879887
vt 0.679979 0.879909
vt 0.679951 0.864511
vt 0.686147 0.864489
vt 0.898502 0.063860
vt 0.897705 0.472521
vt 0.887731 0.472473
vt 0.888527 0.063812
vt 0.823898 0.063812
vt 0.833873 0.063860
vt 0.833076 0.472521
vt 0.823101 0.472473
vt 0.759268 0.063812
vt 0.769243 0.063860
vt 0.768446 0.472521
vt 0.758471 0.472473
vt 0.693842 0.063860
vt 0.693045 0.472521
vt 0.683070 0.472473
vt 0.683867 0.063812
vt 0.637669 0.879887
vt 0.631473 0.879909
vt 0.631444 0.864511
vt 0.637640 0.864489
vt 1.084606 0.472473
vt 1.077624 0.472507
vt 1.076827 0.063846
vt 1.083809 0.063812
vt 0.832190 0.879915
vt 0.826014 0.879894
vt 0.826042 0.864496
vt 0.832218 0.864518
vt 1.076827 0.472473
vt 1.069844 0.472507
vt 1.069047 0.063846
vt 1.076030 0.063812
vt 0.974901 0.472507
vt 0.967918 0.472473
vt 0.968715 0.063812
vt 0.975697 0.063846
vt 0.802914 0.879915
vt 0.796738 0.879894
vt 0.796766 0.864496
vt 0.802942 0.864518
vt 0.704614 0.063860
vt 0.703817 0.472521
vt 0.693842 0.472473
vt 0.694639 0.063812
vt 0.662324 0.063812
vt 0.672299 0.063860
vt 0.671502 0.472521
vt 0.661527 0.472473
vt 1.021575 0.472507
vt 1.014593 0.472473
vt 1.015390 0.063812
vt 1.022372 0.063846
vt 1.116946 0.881201
vt 1.110770 0.881180
vt 1.110799 0.865783
vt 1.116975 0.865804
vt 0.959342 0.472507
vt 0.952360 0.472473
vt 0.953157 0.063812
vt 0.960139 0.063846
vt 0.716857 0.879886
vt 0.710661 0.879908
vt 0.710632 0.864511
vt 0.716828 0.864489
vt 0.726157 0.063860
vt 0.725360 0.472521
vt 0.715385 0.472473
vt 0.716182 0.063812
vt 0.672299 0.063860
vt 0.682273 0.063812
vt 0.683070 0.472473
vt 0.673096 0.472521
vt 0.651552 0.063812
vt 0.661527 0.063860
vt 0.660730 0.472521
vt 0.650756 0.472473
vt 0.812329 0.063860
vt 0.811533 0.472521
vt 0.801558 0.472473
vt 0.802355 0.063812
vt 0.723081 0.879886
vt 0.716885 0.879908
vt 0.716857 0.864511
vt 0.723053 0.864489
vt 1.068251 0.472507
vt 1.061268 0.472473
vt 1.062065 0.063812
vt 1.069047 0.063846
vt 1.027053 0.881201
vt 1.020877 0.881180
vt 1.020905 0.865783
vt 1.027081 0.865804
vt 1.146839 0.472473
vt 1.139857 0.472507
vt 1.139060 0.063846
vt 1.146042 0.063812
vt 0.812329 0.063860
vt 0.822304 0.063812
vt 0.823101 0.472473
vt 0.813126 0.472521
vt 0.952360 0.063860
vt 0.951563 0.472521
vt 0.941588 0.472473
vt 0.942385 0.063812
vt 0.709312 0.879887
vt 0.703116 0.879908
vt 0.703088 0.864511
vt 0.709284 0.864489
vt 1.100164 0.472473
vt 1.093182 0.472507
vt 1.092385 0.063846
vt 1.099367 0.063812
vt 1.019839 0.881201
vt 1.013663 0.881180
vt 1.013691 0.865783
vt 1.019867 0.865804
vt 1.100164 0.881167
vt 1.093182 0.881201
vt 1.092385 0.472540
vt 1.099367 0.472507
vt 1.006017 0.472507
vt 0.999035 0.472473
vt 0.999832 0.063812
vt 1.006814 0.063846
vt 0.774511 0.879915
vt 0.768335 0.879894
vt 0.768363 0.864496
vt 0.774539 0.864518
vt 0.696864 0.879887
vt 0.690668 0.879909
vt 0.690639 0.864512
vt 0.696835 0.864490
vt 0.726157 0.063860
vt 0.736131 0.063812
vt 0.736928 0.472473
vt 0.726954 0.472521
vt 0.740386 0.879886
vt 0.734190 0.879908
vt 0.734162 0.864511
vt 0.740358 0.864489
vt 1.053489 0.472473
vt 1.046507 0.472507
vt 1.045710 0.063846
vt 1.052692 0.063812
vt 1.061268 0.472473
vt 1.054286 0.472507
vt 1.053489 0.063846
vt 1.060471 0.063812
vt 0.855416 0.063860
vt 0.854619 0.472521
vt 0.844644 0.472473
vt 0.845441 0.063812
vt 0.930817 0.063860
vt 0.940791 0.063812
vt 0.941588 0.472473
vt 0.931614 0.472521
vt 0.801558 0.063860
vt 0.800761 0.472521
vt 0.790786 0.472473
vt 0.791583 0.063812
vt 0.643893 0.879887
vt 0.637697 0.879909
vt 0.637669 0.864511
vt 0.643865 0.864489
vt 1.053489 0.881168
vt 1.046507 0.881201
vt 1.045710 0.472540
vt 1.052692 0.472507
vt 0.838394 0.879915
vt 0.832218 0.879894
vt 0.832247 0.864496
vt 0.838423 0.864518
vt 0.967121 0.472507
vt 0.960139 0.472473
vt 0.960936 0.063812
vt 0.967918 0.063846
vn -0.0003 -0.9998 0.0183
vn 0.5812 -0.1039 -0.8071
vn 0.9443 -0.0976 0.3142
vn 0.5847 0.0000 -0.8112
vn 0.9477 0.0000 0.3192
vn -0.0053 -0.0868 0.9962
vn -0.0053 0.0000 1.0000
vn -0.9477 -0.0974 0.3038
vn -0.9511 0.0000 0.3087
vn -0.5723 -0.1037 -0.8134
vn -0.5759 0.0000 -0.8175
vn -0.5773 -0.5773 -0.5773
vn -0.5773 0.5773 -0.5773
vn 0.5773 0.5773 -0.5773
vn 0.5773 -0.5773 -0.5773
vn 0.5773 0.5773 0.5773
vn -0.5773 0.5773 0.5773
vn -0.5773 -0.5773 0.5773
vn 0.5773 -0.5773 0.5773
usemtl Gate
s 1
f 10411/10798/1259 10417/10799/1260 10418/10800/1261
f 10417/10799/1260 10412/10801/1262 10413/10802/1263 10418/10800/1261
f 10411/10803/1259 10418/10804/1261 10419/10805/1264
f 10418/10804/1261 10413/10806/1263 10414/10807/1265 10419/10805/1264
f 10411/10808/1259 10419/10809/1264 10420/10810/1266
f 10419/10809/1264 10414/10811/1265 10415/10812/1267 10420/10810/1266
f 10411/10813/1259 10420/10814/1266 10421/10815/1268
f 10420/10814/1266 10415/10816/1267 10416/10817/1269 10421/10815/1268
f 10412/10818/1262 10417/10819/1260 10421/10820/1268 10416/10821/1269
f 10417/10819/1260 10411/10822/1259 10421/10820/1268
f 10426/10823/1260 10432/10824/1259 10422/10825/1268
f 10431/10826/1262 10426/10823/1260 10422/10825/1268 10427/10827/1269
f 10423/10828/1266 10428/10829/1267 10427/10830/1269 10422/10831/1268
f 10432/10832/1259 10423/10828/1266 10422/10831/1268
f 10424/10833/1264 10429/10834/1265 10428/10835/1267 10423/10836/1266
f 10432/10837/1259 10424/10833/1264 10423/10836/1266
f 10425/10838/1261 10430/10839/1263 10429/10840/1265 10424/10841/1264
f 10432/10842/1259 10425/10838/1261 10424/10841/1264
f 10426/10843/1260 10431/10844/1262 10430/10845/1263 10425/10846/1261
f 10432/10847/1259 10426/10843/1260 10425/10846/1261
f 10433/10848/1259 10439/10849/1260 10440/10850/1261
f 10439/10849/1260 10434/10851/1262 10435/10852/1263 10440/10850/1261
f 10433/10853/1259 10440/10854/1261 10441/10855/1264
f 10440/10854/1261 10435/10856/1263 10436/10857/1265 10441/10855/1264
f 10433/10858/1259 10441/10859/1264 10442/10860/1266
f 10441/10859/1264 10436/10861/1265 10437/10862/1267 10442/10860/1266
f 10433/10863/1259 10442/10864/1266 10443/10865/1268
f 10442/10864/1266 10437/10866/1267 10438/10867/1269 10443/10865/1268
f 10434/10868/1262 10439/10869/1260 10443/10870/1268 10438/10871/1269
f 10439/10869/1260 10433/10872/1259 10443/10870/1268
f 10448/10873/1260 10454/10874/1259 10444/10875/1268
f 10453/10876/1262 10448/10873/1260 10444/10875/1268 10449/10877/1269
f 10445/10878/1266 10450/10879/1267 10449/10880/1269 10444/10881/1268
f 10454/10882/1259 10445/10878/1266 10444/10881/1268
f 10446/10883/1264 10451/10884/1265 10450/10885/1267 10445/10886/1266
f 10454/10887/1259 10446/10883/1264 10445/10886/1266
f 10447/10888/1261 10452/10889/1263 10451/10890/1265 10446/10891/1264
f 10454/10892/1259 10447/10888/1261 10446/10891/1264
f 10448/10893/1260 10453/10894/1262 10452/10895/1263 10447/10896/1261
f 10454/10897/1259 10448/10893/1260 10447/10896/1261
f 10455/10898/1259 10461/10899/1260 10462/10900/1261
f 10461/10899/1260 10456/10901/1262 10457/10902/1263 10462/10900/1261
f 10455/10903/1259 10462/10904/1261 10463/10905/1264
f 10462/10904/1261 10457/10906/1263 10458/10907/1265 10463/10905/1264
f 10455/10908/1259 10463/10909/1264 10464/10910/1266
f 10463/10909/1264 10458/10911/1265 10459/10912/1267 10464/10910/1266
f 10455/10913/1259 10464/10914/1266 10465/10915/1268
f 10464/10914/1266 10459/10916/1267 10460/10917/1269 10465/10915/1268
f 10456/10918/1262 10461/10919/1260 10465/10920/1268 10460/10921/1269
f 10461/10919/1260 10455/10922/1259 10465/10920/1268
f 10470/10923/1260 10476/10924/1259 10466/10925/1268
f 10475/10926/1262 10470/10923/1260 10466/10925/1268 10471/10927/1269
f 10467/10928/1266 10472/10929/1267 10471/10930/1269 10466/10931/1268
f 10476/10932/1259 10467/10928/1266 10466/10931/1268
f 10468/10933/1264 10473/10934/1265 10472/10935/1267 10467/10936/1266
f 10476/10937/1259 10468/10933/1264 10467/10936/1266
f 10469/10938/1261 10474/10939/1263 10473/10940/1265 10468/10941/1264
f 10476/10942/1259 10469/10938/1261 10468/10941/1264
f 10470/10943/1260 10475/10944/1262 10474/10945/1263 10469/10946/1261
f 10476/10947/1259 10470/10943/1260 10469/10946/1261
f 10477/10948/1259 10483/10949/1260 10484/10950/1261
f 10483/10949/1260 10478/10951/1262 10479/10952/1263 10484/10950/1261
f 10477/10953/1259 10484/10954/1261 10485/10955/1264
f 10484/10954/1261 10479/10956/1263 10480/10957/1265 10485/10955/1264
f 10477/10958/1259 10485/10959/1264 10486/10960/1266
f 10485/10959/1264 10480/10961/1265 10481/10962/1267 10486/10960/1266
f 10477/10963/1259 10486/10964/1266 10487/10965/1268
f 10486/10964/1266 10481/10966/1267 10482/10967/1269 10487/10965/1268
f 10478/10968/1262 10483/10969/1260 10487/10970/1268 10482/10971/1269
f 10483/10969/1260 10477/10972/1259 10487/10970/1268
f 10492/10973/1260 10498/10974/1259 10488/10975/1268
f 10497/10976/1262 10492/10973/1260 10488/10975/1268 10493/10977/1269
f 10489/10978/1266 10494/10979/1267 10493/10980/1269 10488/10981/1268
f 10498/10982/1259 10489/10978/1266 10488/10981/1268
f 10490/10983/1264 10495/10984/1265 10494/10985/1267 10489/10986/1266
f 10498/10987/1259 10490/10983/1264 10489/10986/1266
f 10491/10988/1261 10496/10989/1263 10495/10990/1265 10490/10991/1264
f 10498/10992/1259 10491/10988/1261 10490/10991/1264
f 10492/10993/1260 10497/10994/1262 10496/10995/1263 10491/10996/1261
f 10498/10997/1259 10492/10993/1260 10491/10996/1261
f 10499/10998/1259 10505/10999/1260 10506/11000/1261
f 10505/10999/1260 10500/11001/1262 10501/11002/1263 10506/11000/1261
f 10499/11003/1259 10506/11004/1261 10507/11005/1264
f 10506/11004/1261 10501/11006/1263 10502/11007/1265 10507/11005/1264
f 10499/11008/1259 10507/11009/1264 10508/11010/1266
f 10507/11009/1264 10502/11011/1265 10503/11012/1267 10508/11010/1266
f 10499/11013/1259 10508/11014/1266 10509/11015/1268
f 10508/11014/1266 10503/11016/1267 10504/11017/1269 10509/11015/1268
f 10500/11018/1262 10505/11019/1260 10509/11020/1268 10504/11021/1269
f 10505/11019/1260 10499/11022/1259 10509/11020/1268
f 10512/11023/1270 10513/11024/1271 10510/11025/1272 10511/11026/1273
f 10514/11027/1274 10517/11028/1275 10516/11029/1276 10515/11030/1277
f 10510/11031/1272 10514/11032/1274 10515/11033/1277 10511/11034/1273
f 10511/11035/1273 10515/11036/1277 10516/11037/1276 10512/11038/1270
f 10512/11039/1270 10516/11040/1276 10517/11041/1275 10513/11042/1271
f 10513/11043/1271 10517/11044/1275 10514/11045/1274 10510/11046/1272
f 10522/11047/1271 10518/11048/1275 10521/11049/1274 10525/11050/1272
f 10523/11051/1270 10519/11052/1276 10518/11053/1275 10522/11054/1271
f 10524/11055/1273 10520/11056/1277 10519/11057/1276 10523/11058/1270
f 10525/11059/1272 10521/11060/1274 10520/11061/1277 10524/11062/1273
f 10521/11063/1274 10518/11064/1275 10519/11065/1276 10520/11066/1277
f 10523/11067/1270 10522/11068/1271 10525/11069/1272 10524/11070/1273
f 10528/11071/1270 10529/11072/1271 10526/11073/1272 10527/11074/1273
f 10530/11075/1274 10533/11076/1275 10532/11077/1276 10531/11078/1277
f 10526/11079/1272 10530/11080/1274 10531/11081/1277 10527/11082/1273
f 10527/11083/1273 10531/11084/1277 10532/11085/1276 10528/11086/1270
f 10528/11087/1270 10532/11088/1276 10533/11089/1275 10529/11090/1271
f 10529/11091/1271 10533/11092/1275 10530/11093/1274 10526/11094/1272
f 10538/11095/1271 10534/11096/1275 10537/11097/1274 10541/11098/1272
f 10539/11099/1270 10535/11100/1276 10534/11101/1275 10538/11102/1271
f 10540/11103/1273 10536/11104/1277 10535/11105/1276 10539/11106/1270
f 10541/11107/1272 10537/11108/1274 10536/11109/1277 10540/11110/1273
f 10537/11111/1274 10534/11112/1275 10535/11113/1276 10536/11114/1277
f 10539/11115/1270 10538/11116/1271 10541/11117/1272 10540/11118/1273
f 10544/11119/1270 10545/11120/1271 10542/11121/1272 10543/11122/1273
f 10546/11123/1274 10549/11124/1275 10548/11125/1276 10547/11126/1277
f 10542/11127/1272 10546/11128/1274 10547/11129/1277 10543/11130/1273
f 10543/11131/1273 10547/11132/1277 10548/11133/1276 10544/11134/1270
f 10544/11135/1270 10548/11136/1276 10549/11137/1275 10545/11138/1271
f 10545/11139/1271 10549/11140/1275 10546/11141/1274 10542/11142/1272
f 10554/11143/1271 10550/11144/1275 10553/11145/1274 10557/11146/1272
f 10555/11147/1270 10551/11148/1276 10550/11149/1275 10554/11150/1271
f 10556/11151/1273 10552/11152/1277 10551/11153/1276 10555/11154/1270
f 10557/11155/1272 10553/11156/1274 10552/11157/1277 10556/11158/1273
f 10553/11159/1274 10550/11160/1275 10551/11161/1276 10552/11162/1277
f 10555/11163/1270 10554/11164/1271 10557/11165/1272 10556/11166/1273
f 10560/11167/1270 10561/11168/1271 10558/11169/1272 10559/11170/1273
f 10562/11171/1274 10565/11172/1275 10564/11173/1276 10563/11174/1277
f 10558/11175/1272 10562/11176/1274 10563/11177/1277 10559/11178/1273
f 10559/11179/1273 10563/11180/1277 10564/11181/1276 10560/11182/1270
f 10560/11183/1270 10564/11184/1276 10565/11185/1275 10561/11186/1271
f 10561/11187/1271 10565/11188/1275 10562/11189/1274 10558/11190/1272
f 10570/11191/1271 10566/11192/1275 10569/11193/1274 10573/11194/1272
f 10571/11195/1270 10567/11196/1276 10566/11197/1275 10570/11198/1271
f 10572/11199/1273 10568/11200/1277 10567/11201/1276 10571/11202/1270
f 10573/11203/1272 10569/11204/1274 10568/11205/1277 10572/11206/1273
f 10569/11207/1274 10566/11208/1275 10567/11209/1276 10568/11210/1277
f 10571/11211/1270 10570/11212/1271 10573/11213/1272 10572/11214/1273
f 10576/11215/1270 10577/11216/1271 10574/11217/1272 10575/11218/1273
f 10578/11219/1274 10581/11220/1275 10580/11221/1276 10579/11222/1277
f 10574/11223/1272 10578/11224/1274 10579/11225/1277 10575/11226/1273
f 10575/11227/1273 10579/11228/1277 10580/11229/1276 10576/11230/1270
f 10576/11231/1270 10580/11232/1276 10581/11233/1275 10577/11234/1271
f 10577/11235/1271 10581/11236/1275 10578/11237/1274 10574/11238/1272
f 10584/11239/1271 10619/11240/1275 10583/11241/1274 10586/11242/1272
f 10617/11243/1270 10618/11244/1276 10619/11245/1275 10584/11246/1271
f 10583/11247/1274 10619/11248/1275 10618/11249/1276 10582/11250/1277
f 10617/11251/1270 10584/11252/1271 10586/11253/1272 10585/11254/1273
f 10591/11255/1271 10587/11256/1275 10590/11257/1274 10594/11258/1272
f 10592/11259/1270 10588/11260/1276 10587/11261/1275 10591/11262/1271
f 10593/11263/1273 10589/11264/1277 10588/11265/1276 10592/11266/1270
f 10594/11267/1272 10590/11268/1274 10589/11269/1277 10593/11270/1273
f 10590/11271/1274 10587/11272/1275 10588/11273/1276 10589/11274/1277
f 10592/11275/1270 10591/11276/1271 10594/11277/1272 10593/11278/1273
f 10597/11279/1270 10598/11280/1271 10595/11281/1272 10596/11282/1273
f 10599/11283/1274 10602/11284/1275 10601/11285/1276 10600/11286/1277
f 10595/11287/1272 10599/11288/1274 10600/11289/1277 10596/11290/1273
f 10596/11291/1273 10600/11292/1277 10601/11293/1276 10597/11294/1270
f 10597/11295/1270 10601/11296/1276 10602/11297/1275 10598/11298/1271
f 10598/11299/1271 10602/11300/1275 10599/11301/1274 10595/11302/1272
f 10605/11303/1270 10606/11304/1271 10603/11305/1272 10604/11306/1273
f 10607/11307/1274 10610/11308/1275 10609/11309/1276 10608/11310/1277
f 10603/11311/1272 10607/11312/1274 10608/11313/1277 10604/11314/1273
f 10604/11315/1273 10608/11316/1277 10609/11317/1276 10605/11318/1270
f 10605/11319/1270 10609/11320/1276 10610/11321/1275 10606/11322/1271
f 10606/11323/1271 10610/11324/1275 10607/11325/1274 10603/11326/1272
f 10613/11327/1271 10620/11328/1275 10621/11329/1274 10616/11330/1272
f 10614/11331/1270 10611/11332/1276 10620/11333/1275 10613/11334/1271
f 10616/11335/1272 10621/11336/1274 10612/11337/1277 10615/11338/1273
f 10614/11339/1270 10613/11340/1271 10616/11341/1272 10615/11342/1273
f 10586/11343/1272 10583/11344/1274 10582/11345/1277 10585/11346/1273
f 10585/11347/1273 10582/11348/1277 10618/11349/1276 10617/11350/1270
f 10615/11351/1273 10612/11352/1277 10611/11353/1276 10614/11354/1270
f 10621/11355/1274 10620/11356/1275 10611/11357/1276 10612/11358/1277
f 10624/11359/1270 10625/11360/1271 10622/11361/1272 10623/11362/1273
f 10626/11363/1274 10629/11364/1275 10628/11365/1276 10627/11366/1277
f 10622/11367/1272 10626/11368/1274 10627/11369/1277 10623/11370/1273
f 10623/11371/1273 10627/11372/1277 10628/11373/1276 10624/11374/1270
f 10624/11375/1270 10628/11376/1276 10629/11377/1275 10625/11378/1271
f 10625/11379/1271 10629/11380/1275 10626/11381/1274 10622/11382/1272
o Sky.001
v 45.543503 567.808838 60.082928
v 100.232285 559.537598 70.959183
v 153.862549 545.840820 81.628914
v 205.917877 526.850220 91.983871
v 255.896881 502.748840 101.925255
v 303.318298 473.768799 111.356995
v 347.725403 440.188965 120.189507
v 388.690430 402.333069 128.338837
v 425.819122 360.565430 135.724304
v 458.753723 315.288391 142.275970
v 487.177002 266.937927 147.927826
v 510.815308 215.979828 152.630951
v 529.441040 162.904694 156.335388
v 542.874695 108.223694 159.008606
v 550.987000 52.463539 160.620026
v 553.699890 -3.838898 161.160583
v 550.987000 -60.141281 160.620026
v 518.456909 -60.141296 267.859497
v 521.012390 -3.838898 268.916565
v 518.456909 52.463528 267.859497
v 510.815369 108.223694 264.695312
v 498.161133 162.904694 259.449646
v 480.616028 215.979828 252.183929
v 458.349274 266.937897 242.961243
v 431.575073 315.288391 231.868866
v 400.551361 360.565430 219.021545
v 365.576996 402.333069 204.534485
v 326.988678 440.188965 188.548645
v 285.158142 473.768799 171.223969
v 240.488159 502.748840 152.720184
v 193.408951 526.850220 133.220215
v 144.373917 545.840820 112.909760
v 93.855286 559.537598 91.983833
v 42.339596 567.808838 70.644440
v 37.136742 567.808838 80.379333
v 83.499649 559.537598 111.356995
v 128.965210 545.840820 141.735718
v 173.095566 526.850220 171.223969
v 215.465714 502.748840 199.533081
v 255.667633 473.768799 226.395172
v 293.314178 440.188965 251.552002
v 328.042664 402.333069 274.756439
v 359.518799 360.565430 295.788025
v 387.439362 315.288391 314.444702
v 411.535461 266.937958 330.543213
v 431.575073 215.979813 343.933167
v 447.365204 162.904694 354.482849
v 458.753723 108.223694 362.094116
v 465.631104 52.463528 366.688843
v 467.930878 -3.838898 368.225311
v 465.631104 -60.141281 366.688843
v 394.539307 -60.141312 453.314697
v 396.495087 -3.838898 455.271667
v 394.539307 52.463516 453.314697
v 388.690613 108.223694 447.465363
v 379.005493 162.904694 437.780090
v 365.577026 215.979813 424.352661
v 348.534851 266.937958 407.309662
v 328.042755 315.288391 386.816040
v 304.298218 360.565430 363.073578
v 277.529999 402.333069 336.305389
v 247.995819 440.188965 306.770050
v 215.980118 473.768799 274.756439
v 181.791199 502.748840 240.567535
v 145.758331 526.850220 204.534485
v 108.228561 545.840820 167.002670
v 69.563263 559.537598 128.338837
v 30.134869 567.808838 88.911140
v -9.676941 570.574646 49.098488
v 21.603069 567.808838 95.911682
v 52.581772 559.537598 142.275970
v 82.960876 545.840820 187.740723
v 112.447830 526.850220 231.868866
v 140.758682 502.748840 274.242065
v 167.620728 473.768799 314.444702
v 192.775299 440.188965 352.089081
v 215.980179 402.333069 386.816040
v 237.011871 360.565430 418.294067
v 255.667755 315.288391 446.213318
v 271.768280 266.937958 470.310547
v 285.158234 215.979813 490.350830
v 295.708923 162.904694 506.139191
v 303.318512 108.223694 517.530029
v 307.913788 52.463516 524.406006
v 309.450439 -3.838898 526.705872
v 307.913788 -60.141281 524.406006
v 209.083481 -60.141312 577.230530
v 210.141876 -3.838898 579.786072
v 209.083481 52.463516 577.230530
v 205.918137 108.223694 569.591248
v 200.676559 162.904694 556.936462
v 193.409164 215.979828 539.390747
v 184.185989 266.937958 517.123657
v 173.095734 315.288391 490.350830
v 160.245316 360.565430 459.326080
v 145.758484 402.333069 424.352661
v 129.774704 440.188965 385.763641
v 112.447937 473.768799 343.933167
v 93.945023 502.748840 299.262299
v 74.444153 526.850220 252.183929
v 54.133194 545.840820 203.148651
v 33.207699 559.537598 152.630890
v 11.869205 567.808838 101.114952
v 1.307347 567.808838 104.319061
v 12.185617 559.537598 159.008606
v 22.853340 545.840820 212.636505
v 33.207767 526.850220 264.692810
v 43.149220 502.748840 314.672607
v 52.581924 473.768799 362.094147
v 61.415035 440.188965 406.501709
v 69.563492 402.333069 447.465363
v 76.948807 360.565491 484.593231
v 83.499908 315.288391 517.530029
v 89.153656 266.937958 545.951965
v 93.855606 215.979828 569.591370
v 97.560486 162.904694 588.217163
v 100.232605 108.223694 601.649292
v 101.846313 52.463516 609.763245
v 102.385880 -3.838898 612.474060
v 101.846313 -60.141312 609.763245
v -9.676617 -60.141312 620.747620
v -9.676631 -3.838898 623.512512
v -9.676617 52.463516 620.747498
v -9.676668 108.223694 612.474060
v -9.676645 162.904694 598.778748
v -9.676646 215.979828 579.786072
v -9.676643 266.937958 555.684326
v -9.676665 315.288391 526.705872
v -9.676677 360.565491 493.125061
v -9.676645 402.333069 455.271698
v -9.676640 440.188965 413.502045
v -9.676639 473.768799 368.225311
v -9.676633 502.748840 319.875885
v -9.676639 526.850220 268.916565
v -9.676626 545.840820 215.840851
v -9.676620 559.537598 161.160614
v -9.676616 567.808838 105.399551
v -20.660580 567.808838 104.319061
v -31.538857 559.537598 159.008606
v -42.206589 545.840820 212.636505
v -52.561043 526.850220 264.692810
v -62.502480 502.748840 314.672607
v -71.935196 473.768799 362.094147
v -80.768295 440.188965 406.501709
v -88.916779 402.333069 447.465363
v -96.302139 360.565491 484.593231
v -102.853210 315.288391 517.530029
v -108.506943 266.937958 545.951965
v -113.208878 215.979828 569.591370
v -116.913788 162.904694 588.217163
v -119.585922 108.223694 601.649292
v -121.199524 52.463516 609.763245
v -121.739136 -3.838898 612.474060
v -121.199524 -60.141312 609.763245
v -228.436676 -60.141312 577.230530
v -229.495117 -3.838898 579.786072
v -228.436676 52.463516 577.230530
v -225.271423 108.223694 569.591248
v -220.029831 162.904694 556.936462
v -212.762451 215.979828 539.390747
v -203.539261 266.937958 517.123657
v -192.449066 315.288391 490.350830
v -179.598648 360.565430 459.326080
v -165.111740 402.333069 424.352661
v -149.127960 440.188965 385.763641
v -131.801163 473.768799 343.933167
v -113.298248 502.748840 299.262299
v -93.797409 526.850220 252.183929
v -73.486435 545.840820 203.148651
v -52.560936 559.537598 152.630890
v -31.222435 567.808838 101.114952
v -40.956299 567.808838 95.911682
v -71.934982 559.537598 142.275970
v -102.314102 545.840820 187.740723
v -131.801086 526.850220 231.868866
v -160.111923 502.748840 274.242065
v -186.973969 473.768799 314.444702
v -212.128555 440.188965 352.089081
v -235.333405 402.333069 386.816040
v -256.365112 360.565430 418.294067
v -275.020996 315.288391 446.213318
v -291.121552 266.937958 470.310547
v -304.511505 215.979813 490.350830
v -315.062134 162.904694 506.139191
v -322.671722 108.223694 517.530029
v -327.267029 52.463516 524.406006
v -328.803619 -3.838898 526.705872
v -327.267029 -60.141281 524.406006
v -413.892487 -60.141312 453.314697
v -415.848267 -3.838898 455.271667
v -413.892487 52.463516 453.314697
v -408.043793 108.223694 447.465363
v -398.358673 162.904694 437.780090
v -384.930237 215.979813 424.352661
v -367.888031 266.937958 407.309662
v -347.395966 315.288391 386.816040
v -323.651520 360.565430 363.073578
v -296.883209 402.333069 336.305389
v -267.349030 440.188965 306.770050
v -235.333298 473.768799 274.753998
v -201.144424 502.748840 240.567535
v -165.111557 526.850220 204.534485
v -127.581772 545.840820 167.002670
v -88.916489 559.537598 128.338837
v -49.488094 567.808838 88.911140
v -56.489956 567.808838 80.379333
v -102.852844 559.537598 111.356995
v -148.318405 545.840820 141.735718
v -192.448761 526.850220 171.223969
v -234.818893 502.748840 199.533081
v -275.020844 473.768799 226.395172
v -312.667267 440.188965 251.552002
v -347.395782 402.333069 274.753998
v -378.871918 360.565430 295.788025
v -406.792542 315.288391 314.444702
v -430.888672 266.937958 330.543213
v -450.928131 215.979813 343.933167
v -466.718323 162.904694 354.482849
v -478.106903 108.223694 362.094116
v -484.984161 52.463528 366.688843
v -487.284027 -3.838898 368.225311
v -484.984161 -60.141281 366.688843
v -537.810059 -60.141296 267.859497
v -540.365479 -3.838898 268.916565
v -537.810059 52.463528 267.859497
v -530.168396 108.223694 264.692810
v -517.514160 162.904694 259.449646
v -499.969025 215.979828 252.183929
v -477.702332 266.937897 242.961243
v -450.928131 315.288391 231.868866
v -419.904480 360.565430 219.021545
v -384.930054 402.333069 204.534485
v -346.341858 440.188965 188.548645
v -304.511292 473.768799 171.223969
v -259.841309 502.748840 152.720184
v -212.762161 526.850220 133.220215
v -163.727112 545.840820 112.909760
v -113.208496 559.537598 91.983833
v -61.692810 567.808838 70.644440
v -64.896713 567.808838 60.082928
v -119.585449 559.537598 70.959183
v -173.215729 545.840820 81.628914
v -225.271057 526.850220 91.983871
v -275.250061 502.748840 101.925255
v -322.671448 473.768799 111.356995
v -367.078461 440.188965 120.189507
v -408.043579 402.333069 128.338837
v -445.172150 360.565430 135.724304
v -478.106659 315.288391 142.275970
v -506.530060 266.937927 147.927826
v -530.168274 215.979828 152.630951
v -548.794006 162.904694 156.335388
v -562.227661 108.223694 159.008606
v -570.340027 52.463539 160.620026
v -573.052795 -3.838898 161.160583
v -570.340027 -60.141281 160.620026
v -581.324036 -60.141296 49.098450
v -584.090027 -3.838882 49.098454
v -581.324036 52.463528 49.098457
v -573.052795 108.223694 49.098461
v -559.355835 162.904694 49.098454
v -540.365295 215.979828 49.098473
v -516.263916 266.937927 49.098473
v -487.283752 315.288391 49.098454
v -453.703918 360.565430 49.098454
v -415.848053 402.333069 49.098454
v -374.080353 440.188965 49.098488
v -328.803345 473.768799 49.098488
v -280.452881 502.748962 49.098488
v -229.494797 526.850220 49.098488
v -176.419647 545.840820 49.098488
v -121.738693 559.537598 49.098488
v -65.978531 567.808838 49.098488
v -64.896713 567.808838 38.114052
v -119.585449 559.537598 27.237762
v -173.215714 545.840820 16.568066
v -225.271027 526.850220 6.215523
v -275.250031 502.748962 -3.728348
v -322.671387 473.768799 -13.160053
v -367.078400 440.188965 -21.992554
v -408.043549 402.333130 -30.141861
v -445.172119 360.565430 -37.527367
v -478.106567 315.288391 -44.079056
v -506.530029 266.937927 -49.730881
v -530.168213 215.979828 -54.434036
v -548.793945 162.904694 -58.138474
v -562.227661 108.223694 -60.809486
v -570.339966 52.463528 -62.423141
v -573.052795 -3.838882 -62.963661
v -570.339966 -60.141281 -62.423141
v -537.809937 -60.141296 -169.660217
v -540.365356 -3.838882 -170.719696
v -537.809937 52.463528 -169.660217
v -530.168274 108.223724 -166.498230
v -517.514038 162.904694 -161.252716
v -499.968994 215.979828 -153.986847
v -477.702271 266.937927 -144.764282
v -450.927979 315.288391 -133.671783
v -419.904358 360.565430 -120.824516
v -384.930023 402.333069 -106.337547
v -346.341766 440.188965 -90.351707
v -304.511230 473.768799 -73.027023
v -259.841309 502.748962 -54.523239
v -212.762115 526.850220 -35.023239
v -163.727081 545.840820 -14.712784
v -113.208466 559.537598 6.215523
v -61.692802 567.808838 27.552502
v -56.489944 567.808838 17.820095
v -102.852829 559.537598 -13.160019
v -148.318359 545.840820 -43.538803
v -192.448700 526.850220 -73.027023
v -234.818848 502.748962 -101.336143
v -275.020752 473.768799 -128.198425
v -312.667206 440.188965 -153.355072
v -347.395752 402.333130 -176.559540
v -378.871704 360.565430 -197.591125
v -406.792328 315.288391 -216.245361
v -430.888580 266.937927 -232.346222
v -450.928070 215.979828 -245.736206
v -466.718201 162.904694 -256.286041
v -478.106659 108.223694 -263.897186
v -484.984009 52.463539 -268.492004
v -487.283905 -3.838882 -270.028381
v -484.984009 -60.141281 -268.492035
v -413.892273 -60.141281 -355.117859
v -415.848114 -3.838898 -357.074707
v -413.892273 52.463516 -355.117859
v -408.043579 108.223694 -349.268463
v -398.358521 162.904694 -339.583099
v -384.930054 215.979828 -326.155670
v -367.887878 266.937958 -309.112854
v -347.395752 315.288391 -288.619171
v -323.651245 360.565430 -264.876648
v -296.883118 402.333069 -238.108551
v -267.348877 440.189026 -208.573212
v -235.333191 473.768799 -176.557190
v -201.144348 502.748962 -142.370575
v -165.111481 526.850220 -106.337502
v -127.581711 545.840820 -68.805725
v -88.916458 559.537598 -30.141861
v -49.488083 567.808838 9.285835
v -40.956284 567.808838 2.285294
v -71.934952 559.537598 -44.079041
v -102.314056 545.840820 -89.543755
v -131.800995 526.850220 -133.671783
v -160.111832 502.748962 -176.045013
v -186.973831 473.768799 -216.245361
v -212.128403 440.189026 -253.892273
v -235.333252 402.333069 -288.619171
v -256.364868 360.565430 -320.097321
v -275.020782 315.288452 -348.016418
v -291.121399 266.938019 -372.113617
v -304.511353 215.979828 -392.153870
v -315.062042 162.904694 -407.942322
v -322.671478 108.223694 -419.333191
v -327.266815 52.463539 -426.209045
v -328.803497 -3.838867 -428.508789
v -327.266815 -60.141281 -426.209045
v -228.436569 -60.141281 -479.033569
v -229.494965 -3.838898 -481.589233
v -228.436569 52.463539 -479.033569
v -225.271210 108.223694 -471.394287
v -220.029694 162.904694 -458.739502
v -212.762253 215.979828 -441.193909
v -203.539078 266.937927 -418.926727
v -192.448822 315.288391 -392.153870
v -179.598389 360.565491 -361.129089
v -165.111572 402.333069 -326.155670
v -149.127808 440.189026 -287.566711
v -131.801056 473.768799 -245.736206
v -113.298187 502.748962 -201.065491
v -93.797333 526.850220 -153.986847
v -73.486389 545.840820 -104.951637
v -52.560898 559.537598 -54.434036
v -31.222422 567.808838 -2.917938
v -20.660566 567.808838 -6.122089
v -31.538822 559.537598 -60.809464
v -42.206551 545.840820 -114.439644
v -52.560951 526.850220 -166.495911
v -62.502411 502.748962 -216.473206
v -71.935074 473.768799 -263.897186
v -80.768188 440.189026 -308.304810
v -88.916626 402.333069 -349.268433
v -96.301910 360.565491 -386.396210
v -102.853043 315.288452 -419.330750
v -108.506775 266.937958 -447.755005
v -113.208710 215.979828 -471.394287
v -116.913651 162.904724 -490.017944
v -119.585693 108.223694 -503.452393
v -121.199432 52.463539 -511.566223
v -121.738998 -3.838867 -514.277161
v -121.199432 -60.141281 -511.566223
v -9.676574 -60.141281 -522.550781
v -9.676529 -3.838898 -525.315674
v -9.676574 52.463539 -522.550659
v -9.676476 108.223755 -514.277161
v -9.676552 162.904694 -500.579590
v -9.676494 215.979828 -481.589233
v -9.676505 266.937927 -457.487366
v -9.676519 315.288452 -428.508789
v -9.676468 360.565430 -394.928131
v -9.676527 402.333069 -357.074707
v -9.676538 440.189026 -315.305054
v -9.676548 473.768799 -270.028381
v -9.676583 502.748962 -221.678955
v -9.676560 526.850220 -170.719666
v -9.676603 545.840820 -117.643761
v -9.676598 559.537598 -62.963638
v -9.676608 567.808838 -7.202564
v 1.307350 567.808838 -6.122089
v 12.185627 559.537598 -60.809464
v 22.853340 545.840820 -114.439644
v 33.207825 526.850220 -166.495911
v 43.149242 502.748962 -216.473206
v 52.581978 473.768799 -263.897186
v 61.415096 440.189026 -308.304810
v 69.563568 402.333069 -349.268433
v 76.948944 360.565491 -386.396210
v 83.500000 315.288452 -419.330750
v 89.153763 266.937958 -447.755005
v 93.855713 215.979828 -471.394287
v 97.560532 162.904724 -490.017944
v 100.232742 108.223694 -503.452393
v 101.846268 52.463539 -511.566223
v 102.385941 -3.838867 -514.277161
v 101.846268 -60.141281 -511.566223
v 209.083359 -60.141281 -479.033569
v 210.141876 -3.838898 -481.589233
v 209.083359 52.463539 -479.033569
v 205.918198 108.223694 -471.394287
v 200.676559 162.904694 -458.739502
v 193.409225 215.979828 -441.193909
v 184.186005 266.937927 -418.926727
v 173.095764 315.288391 -392.153870
v 160.245407 360.565491 -361.129089
v 145.758499 402.333069 -326.155670
v 129.774704 440.189026 -287.566711
v 112.447937 473.768799 -245.736206
v 93.944992 502.748962 -201.065491
v 74.444183 526.850220 -153.986847
v 54.133167 545.840820 -104.951637
v 33.207699 559.537598 -54.434036
v 11.869202 567.808838 -2.917938
v 21.603062 567.808838 2.285294
v 52.581757 559.537598 -44.079041
v 82.960815 545.840820 -89.543755
v 112.447830 526.850220 -133.671783
v 140.758636 502.748962 -176.045013
v 167.620697 473.768799 -216.245361
v 192.775238 440.189026 -253.892273
v 215.980118 402.333069 -288.619171
v 237.011871 360.565430 -320.097321
v 255.667694 315.288452 -348.016418
v 271.768250 266.938019 -372.113617
v 285.158234 215.979828 -392.153870
v 295.708862 162.904694 -407.942322
v 303.318512 108.223694 -419.330750
v 307.913544 52.463539 -426.209045
v 309.450317 -3.838867 -428.508789
v 307.913544 -60.141281 -426.209045
v 394.538971 -60.141281 -355.117859
v 396.494934 -3.838898 -357.074707
v 394.538971 52.463516 -355.117859
v 388.690430 108.223694 -349.268463
v 379.005310 162.904694 -339.583099
v 365.576996 215.979828 -326.155670
v 348.534760 266.937958 -309.112854
v 328.042603 315.288391 -288.619171
v 304.298157 360.565430 -264.876648
v 277.529907 402.333069 -238.108551
v 247.995697 440.189026 -208.573212
v 215.980011 473.768799 -176.557190
v 181.791107 502.748962 -142.370575
v 145.758301 526.850220 -106.335136
v 108.228455 545.840820 -68.805725
v 69.563248 559.537598 -30.141861
v 30.134853 567.808838 9.285835
v 37.136715 567.808838 17.820095
v 83.499588 559.537598 -13.160019
v 128.965103 545.840820 -43.538803
v 173.095505 526.850220 -73.027023
v 215.465607 502.748962 -101.336143
v 255.667511 473.768799 -128.198425
v 293.313965 440.188965 -153.352600
v 328.042511 402.333069 -176.557190
v 359.518616 360.565430 -197.591125
v 387.439148 315.288391 -216.245361
v 411.535278 266.937927 -232.346222
v 431.574860 215.979828 -245.736206
v 447.364990 162.904694 -256.286041
v 458.753510 108.223694 -263.897186
v 465.630707 52.463539 -268.492004
v 467.930573 -3.838882 -270.028381
v 465.630707 -60.141281 -268.492035
v 518.456482 -60.141296 -169.660217
v 521.012024 -3.838882 -170.719696
v 518.456482 52.463528 -169.660217
v 510.815063 108.223694 -166.495911
v 498.160706 162.904694 -161.252716
v 480.615753 215.979828 -153.986847
v 458.348999 266.937927 -144.764282
v 431.574707 315.288391 -133.671783
v 400.551086 360.565430 -120.824516
v 365.576752 402.333069 -106.337547
v 326.988403 440.188965 -90.351707
v 285.158020 473.768799 -73.027023
v 240.488037 502.748962 -54.523239
v 193.408844 526.850220 -35.023239
v 144.373779 545.840820 -14.712784
v 93.855225 559.537598 6.215523
v 42.339569 567.808838 27.552502
v 45.543468 567.808838 38.114052
v 100.232193 559.537598 27.237762
v 153.862381 545.840820 16.568066
v 205.917755 526.850220 6.215523
v 255.896729 502.748962 -3.728348
v 303.318054 473.768799 -13.160053
v 347.725067 440.188965 -21.992554
v 388.690155 402.333130 -30.141861
v 425.818756 360.565430 -37.527367
v 458.753235 315.288391 -44.079056
v 487.176727 266.937927 -49.730881
v 510.814880 215.979828 -54.434036
v 529.440613 162.904694 -58.138474
v 542.874329 108.223694 -60.809486
v 550.986511 52.463528 -62.423141
v 553.699402 -3.838882 -62.963661
v 550.986511 -60.141281 -62.423141
v 561.970520 -60.141296 49.098450
v 564.736511 -3.838882 49.098454
v 561.970520 52.463528 49.098457
v 553.699341 108.223694 49.098461
v 540.002441 162.904694 49.098454
v 521.011902 215.979828 49.098473
v 496.910583 266.937927 49.098473
v 467.930298 315.288391 49.098454
v 434.350494 360.565430 49.098454
v 396.494598 402.333069 49.098454
v 354.726898 440.188965 49.098488
v 309.449982 473.768799 49.098488
v 261.099609 502.748962 49.098488
v 210.141464 526.850220 49.098488
v 157.066284 545.840820 49.098488
v 102.385437 559.537598 49.098488
v 46.625290 567.808838 49.098488
vt 0.510945 0.520100
vt 0.506737 0.521825
vt 0.500074 0.499606
vt 0.513410 0.544080
vt 0.521825 0.540616
vt 0.532782 0.561264
vt 0.520123 0.566467
vt 0.543801 0.582107
vt 0.526881 0.589090
vt 0.555044 0.603285
vt 0.533740 0.611980
vt 0.566448 0.624768
vt 0.540761 0.635283
vt 0.578044 0.646630
vt 0.547962 0.659104
vt 0.590044 0.669257
vt 0.555278 0.683641
vt 0.602456 0.692662
vt 0.562843 0.709024
vt 0.615382 0.717035
vt 0.570691 0.735111
vt 0.628714 0.742173
vt 0.578997 0.762758
vt 0.643011 0.769126
vt 0.587576 0.791655
vt 0.657831 0.797039
vt 0.596834 0.822187
vt 0.673744 0.827240
vt 0.606568 0.854927
vt 0.690979 0.859517
vt 0.617251 0.890204
vt 0.710015 0.895275
vt 0.628617 0.927977
vt 0.730302 0.933179
vt 0.641540 0.970829
vt 0.546500 0.988877
vt 0.542495 0.945197
vt 0.538699 0.905382
vt 0.535182 0.868756
vt 0.532065 0.834784
vt 0.528949 0.802975
vt 0.526116 0.773158
vt 0.523459 0.744526
vt 0.520757 0.717216
vt 0.518315 0.690910
vt 0.515931 0.665447
vt 0.513534 0.640584
vt 0.511183 0.616369
vt 0.508908 0.592569
vt 0.506693 0.569101
vt 0.504477 0.545836
vt 0.502275 0.522700
vt 0.497726 0.522687
vt 0.495375 0.545799
vt 0.493016 0.569031
vt 0.490621 0.592481
vt 0.488208 0.616275
vt 0.485739 0.640617
vt 0.483230 0.665401
vt 0.480635 0.690827
vt 0.477950 0.717032
vt 0.475235 0.744398
vt 0.472342 0.772678
vt 0.469252 0.802882
vt 0.466153 0.834576
vt 0.462628 0.868308
vt 0.458908 0.905122
vt 0.454805 0.945406
vt 0.450426 0.988055
vt 0.356432 0.969317
vt 0.369094 0.927503
vt 0.380793 0.889211
vt 0.391361 0.854436
vt 0.401406 0.821733
vt 0.410655 0.791113
vt 0.419578 0.762294
vt 0.428037 0.734720
vt 0.435982 0.708530
vt 0.443786 0.683211
vt 0.451231 0.658811
vt 0.458492 0.635023
vt 0.465677 0.611748
vt 0.472680 0.588894
vt 0.479603 0.566337
vt 0.486456 0.543989
vt 0.493269 0.521784
vt 0.489074 0.520028
vt 0.478054 0.540487
vt 0.466989 0.561042
vt 0.455810 0.581805
vt 0.444434 0.602905
vt 0.432902 0.624280
vt 0.421172 0.646190
vt 0.409021 0.668798
vt 0.396494 0.691973
vt 0.383444 0.716310
vt 0.369822 0.741527
vt 0.355456 0.768069
vt 0.340414 0.796329
vt 0.324225 0.826344
vt 0.306987 0.858761
vt 0.288139 0.893978
vt 0.267556 0.932839
vt 0.186613 0.879648
vt 0.215187 0.844879
vt 0.240288 0.814362
vt 0.263780 0.785749
vt 0.285298 0.759658
vt 0.305912 0.734647
vt 0.325155 0.711443
vt 0.343282 0.689435
vt 0.360862 0.668204
vt 0.377627 0.647849
vt 0.394007 0.628079
vt 0.409887 0.608792
vt 0.425382 0.590015
vt 0.440620 0.571609
vt 0.455627 0.553427
vt 0.470505 0.535401
vt 0.485303 0.517489
vt 0.482096 0.514264
vt 0.464093 0.528942
vt 0.445995 0.543711
vt 0.427693 0.558640
vt 0.409120 0.573758
vt 0.390246 0.589166
vt 0.370983 0.604910
vt 0.351141 0.621029
vt 0.330516 0.637854
vt 0.309311 0.655116
vt 0.287007 0.673359
vt 0.263700 0.692327
vt 0.239042 0.712366
vt 0.212621 0.733967
vt 0.183738 0.757479
vt 0.152722 0.782776
vt 0.118516 0.810443
vt 0.065769 0.729796
vt 0.103845 0.709653
vt 0.139832 0.690604
vt 0.171932 0.673607
vt 0.202460 0.657435
vt 0.230790 0.642423
vt 0.257444 0.628295
vt 0.282819 0.614842
vt 0.307071 0.601981
vt 0.330268 0.589679
vt 0.352809 0.577722
vt 0.374919 0.565993
vt 0.396459 0.554567
vt 0.417544 0.543383
vt 0.438406 0.532317
vt 0.459069 0.521357
vt 0.479585 0.510475
vt 0.477856 0.506270
vt 0.455607 0.512943
vt 0.433229 0.519645
vt 0.410604 0.526424
vt 0.387669 0.533321
vt 0.364325 0.540308
vt 0.340491 0.547429
vt 0.316023 0.554817
vt 0.290530 0.562454
vt 0.264351 0.570321
vt 0.236743 0.578543
vt 0.207974 0.587184
vt 0.177561 0.596332
vt 0.144868 0.606054
vt 0.109215 0.616728
vt 0.070890 0.628148
vt 0.028813 0.640854
vt 0.009936 0.545762
vt 0.054670 0.541682
vt 0.093955 0.538072
vt 0.130772 0.534708
vt 0.164408 0.531552
vt 0.196648 0.528530
vt 0.226632 0.525623
vt 0.255004 0.522966
vt 0.282430 0.520321
vt 0.308673 0.517857
vt 0.334222 0.515379
vt 0.359078 0.513034
vt 0.383328 0.510739
vt 0.407117 0.508448
vt 0.430588 0.506221
vt 0.453855 0.504013
vt 0.476984 0.501807
vt 0.476997 0.497260
vt 0.453878 0.494910
vt 0.430655 0.492544
vt 0.407197 0.490155
vt 0.383345 0.487735
vt 0.359128 0.485266
vt 0.334468 0.482752
vt 0.308924 0.480129
vt 0.282735 0.477515
vt 0.255282 0.474672
vt 0.226782 0.471811
vt 0.196774 0.468821
vt 0.164977 0.465428
vt 0.131097 0.462000
vt 0.094667 0.458088
vt 0.055036 0.453932
vt 0.011442 0.449152
vt 0.031075 0.355447
vt 0.072663 0.368350
vt 0.110822 0.380077
vt 0.145431 0.390770
vt 0.178104 0.400754
vt 0.208620 0.410249
vt 0.237472 0.419013
vt 0.265038 0.427470
vt 0.291184 0.435581
vt 0.316431 0.443226
vt 0.340865 0.450794
vt 0.364660 0.458035
vt 0.387979 0.465214
vt 0.410794 0.472217
vt 0.433346 0.479132
vt 0.455691 0.485990
vt 0.477896 0.492802
vt 0.479647 0.488605
vt 0.459193 0.477591
vt 0.438636 0.466516
vt 0.417876 0.455351
vt 0.396807 0.444005
vt 0.375389 0.432413
vt 0.353416 0.420655
vt 0.330933 0.408481
vt 0.307615 0.396040
vt 0.283455 0.382957
vt 0.258421 0.369511
vt 0.231674 0.355147
vt 0.203662 0.339954
vt 0.173683 0.323929
vt 0.141427 0.306696
vt 0.105747 0.287578
vt 0.067986 0.267435
vt 0.120685 0.187256
vt 0.154672 0.214925
vt 0.185481 0.240255
vt 0.214196 0.263824
vt 0.240501 0.285329
vt 0.265062 0.305691
vt 0.288162 0.324721
vt 0.310384 0.342949
vt 0.331495 0.360483
vt 0.351945 0.377248
vt 0.371598 0.393478
vt 0.390907 0.409417
vt 0.409628 0.424930
vt 0.428057 0.440159
vt 0.446247 0.455153
vt 0.464267 0.470035
vt 0.482188 0.484832
vt 0.485415 0.481628
vt 0.470731 0.463623
vt 0.455959 0.445510
vt 0.441016 0.427227
vt 0.425907 0.408713
vt 0.410544 0.389839
vt 0.394847 0.370516
vt 0.378644 0.350711
vt 0.361853 0.330220
vt 0.344639 0.309103
vt 0.326387 0.286733
vt 0.307246 0.263441
vt 0.287126 0.238680
vt 0.265420 0.212297
vt 0.242131 0.183712
vt 0.217157 0.153158
vt 0.188838 0.118469
vt 0.269692 0.065930
vt 0.289834 0.103990
vt 0.308885 0.139853
vt 0.325918 0.171888
vt 0.342089 0.202128
vt 0.356951 0.230093
vt 0.371290 0.257065
vt 0.384653 0.282205
vt 0.397603 0.306576
vt 0.410035 0.329977
vt 0.422046 0.352599
vt 0.433653 0.374463
vt 0.445052 0.395941
vt 0.456287 0.417131
vt 0.467366 0.437947
vt 0.478317 0.458599
vt 0.489203 0.479111
vt 0.493411 0.477385
vt 0.486731 0.455137
vt 0.480027 0.432750
vt 0.473210 0.410158
vt 0.466365 0.387241
vt 0.459342 0.363935
vt 0.452130 0.340108
vt 0.444800 0.315570
vt 0.437217 0.290186
vt 0.429348 0.264102
vt 0.421019 0.236462
vt 0.412426 0.207601
vt 0.403154 0.177177
vt 0.393196 0.144157
vt 0.382499 0.109105
vt 0.370967 0.070810
vt 0.358202 0.028948
vt 0.452784 0.009924
vt 0.457126 0.053678
vt 0.460980 0.093545
vt 0.464638 0.130226
vt 0.467859 0.164292
vt 0.471043 0.196133
vt 0.473919 0.225972
vt 0.476594 0.254647
vt 0.479316 0.281964
vt 0.481778 0.308274
vt 0.484178 0.333742
vt 0.486580 0.358625
vt 0.488917 0.382869
vt 0.491185 0.406617
vt 0.493455 0.430127
vt 0.495663 0.453384
vt 0.497874 0.476513
vt 0.502421 0.476529
vt 0.504768 0.453407
vt 0.507129 0.430182
vt 0.509502 0.406697
vt 0.511915 0.382846
vt 0.514340 0.358638
vt 0.516905 0.333762
vt 0.519484 0.308331
vt 0.522147 0.282129
vt 0.524810 0.254811
vt 0.527786 0.226350
vt 0.530847 0.196111
vt 0.533912 0.164345
vt 0.537401 0.130484
vt 0.541081 0.093460
vt 0.545134 0.053685
vt 0.549497 0.009924
vt 0.644136 0.029111
vt 0.631305 0.071188
vt 0.619541 0.109548
vt 0.608905 0.144425
vt 0.598818 0.177225
vt 0.589545 0.207919
vt 0.580613 0.236823
vt 0.572134 0.264242
vt 0.564177 0.290538
vt 0.556377 0.315913
vt 0.548936 0.340345
vt 0.541560 0.364130
vt 0.534471 0.387430
vt 0.527461 0.410291
vt 0.520545 0.432866
vt 0.513690 0.455218
vt 0.506880 0.477427
vt 0.511075 0.479183
vt 0.522094 0.458720
vt 0.533163 0.438159
vt 0.544345 0.417382
vt 0.555696 0.396302
vt 0.567193 0.374828
vt 0.579025 0.352969
vt 0.591185 0.330332
vt 0.603727 0.307124
vt 0.616779 0.282773
vt 0.630418 0.257560
vt 0.644809 0.230996
vt 0.659880 0.202742
vt 0.676173 0.172654
vt 0.693510 0.140188
vt 0.712482 0.104929
vt 0.733244 0.066000
vt 0.814202 0.119607
vt 0.785462 0.154325
vt 0.760249 0.184786
vt 0.736687 0.213358
vt 0.714772 0.239697
vt 0.694424 0.264454
vt 0.675110 0.287692
vt 0.656926 0.309719
vt 0.639434 0.330906
vt 0.622597 0.351300
vt 0.606189 0.371098
vt 0.590300 0.390298
vt 0.574757 0.409155
vt 0.559560 0.427574
vt 0.544530 0.445777
vt 0.529645 0.463807
vt 0.514849 0.481720
vt 0.518053 0.484947
vt 0.536054 0.470268
vt 0.554165 0.455498
vt 0.572457 0.440579
vt 0.591024 0.425419
vt 0.609959 0.410001
vt 0.629212 0.394274
vt 0.649036 0.378185
vt 0.669563 0.361454
vt 0.690968 0.344032
vt 0.713218 0.325839
vt 0.736471 0.306957
vt 0.761263 0.286686
vt 0.787770 0.265296
vt 0.816670 0.241873
vt 0.847730 0.216693
vt 0.882020 0.189193
vt 0.934245 0.269893
vt 0.896239 0.289857
vt 0.860301 0.308811
vt 0.828220 0.325756
vt 0.798000 0.341643
vt 0.769494 0.356741
vt 0.742778 0.370898
vt 0.717352 0.384375
vt 0.693271 0.397141
vt 0.669970 0.409496
vt 0.647397 0.421466
vt 0.625271 0.433201
vt 0.603790 0.444594
vt 0.582623 0.455821
vt 0.561752 0.466891
vt 0.541095 0.477847
vt 0.520566 0.488737
vt 0.522295 0.492943
vt 0.544542 0.486271
vt 0.566928 0.479562
vt 0.589542 0.472786
vt 0.612504 0.465916
vt 0.635889 0.458889
vt 0.659708 0.451773
vt 0.684147 0.444387
vt 0.709509 0.436783
vt 0.735938 0.428841
vt 0.763481 0.420636
vt 0.792163 0.411993
vt 0.822864 0.402852
vt 0.855547 0.393138
vt 0.890697 0.382494
vt 0.929001 0.371032
vt 0.970815 0.358383
vt 0.989726 0.452696
vt 0.945976 0.457060
vt 0.906266 0.460853
vt 0.869244 0.464442
vt 0.835656 0.467669
vt 0.803733 0.470616
vt 0.773664 0.473560
vt 0.745235 0.476253
vt 0.717891 0.478848
vt 0.691573 0.481347
vt 0.665985 0.483829
vt 0.641173 0.486213
vt 0.616843 0.488503
vt 0.593078 0.490759
vt 0.569573 0.492990
vt 0.546297 0.495201
vt 0.523169 0.497405
vt 0.523153 0.501953
vt 0.546273 0.504304
vt 0.569500 0.506672
vt 0.592996 0.509083
vt 0.616787 0.511480
vt 0.641013 0.514013
vt 0.665775 0.516494
vt 0.691325 0.519108
vt 0.717546 0.521727
vt 0.745013 0.524576
vt 0.773517 0.527421
vt 0.803544 0.530394
vt 0.835312 0.533749
vt 0.869757 0.537263
vt 0.906040 0.540962
vt 0.945339 0.544960
vt 0.990064 0.549505
vt 0.970286 0.644276
vt 0.928204 0.631206
vt 0.889952 0.619446
vt 0.854718 0.608618
vt 0.822372 0.598612
vt 0.791721 0.589075
vt 0.762775 0.580254
vt 0.735318 0.571890
vt 0.709074 0.563725
vt 0.683782 0.556042
vt 0.659398 0.548555
vt 0.635458 0.541200
vt 0.612232 0.534021
vt 0.589347 0.527034
vt 0.566796 0.520079
vt 0.544460 0.513225
vt 0.522254 0.506411
vt 0.520497 0.510607
vt 0.540957 0.521627
vt 0.561523 0.532699
vt 0.582269 0.543912
vt 0.603387 0.555279
vt 0.624782 0.566803
vt 0.646697 0.578695
vt 0.669234 0.590785
vt 0.692529 0.603251
vt 0.716611 0.616359
vt 0.741827 0.629847
vt 0.768559 0.644260
vt 0.796540 0.659528
vt 0.826452 0.675601
vt 0.859162 0.693313
vt 0.894295 0.712272
vt 0.932880 0.733235
vt 0.878666 0.813000
vt 0.844981 0.784939
vt 0.814206 0.759453
vt 0.785963 0.735940
vt 0.759588 0.714212
vt 0.735030 0.693745
vt 0.711946 0.674647
vt 0.689711 0.656367
vt 0.668618 0.638808
vt 0.648190 0.622023
vt 0.628429 0.605760
vt 0.609288 0.589831
vt 0.590498 0.574344
vt 0.572078 0.559120
vt 0.553892 0.544051
vt 0.535870 0.529178
vt 0.517958 0.514378
vt 0.514733 0.517584
vt 0.529410 0.535590
vt 0.544186 0.553696
vt 0.559061 0.572008
vt 0.574173 0.590508
vt 0.589589 0.609405
vt 0.605243 0.628721
vt 0.621452 0.648543
vt 0.638223 0.669048
vt 0.655413 0.690178
vt 0.673633 0.712559
vt 0.692718 0.735848
vt 0.712738 0.760590
vt 0.734567 0.787416
vt 0.757411 0.815523
vt 0.782677 0.846505
vt 0.810187 0.880415
vn -0.1010 -0.9949 0.0000
vn -0.0991 -0.9949 -0.0197
vn 0.0000 -1.0000 0.0000
vn -0.1942 -0.9802 -0.0386
vn -0.1980 -0.9802 0.0000
vn -0.2931 -0.9561 0.0000
vn -0.2875 -0.9561 -0.0572
vn -0.3853 -0.9228 0.0000
vn -0.3779 -0.9228 -0.0751
vn -0.4738 -0.8806 0.0000
vn -0.4646 -0.8806 -0.0924
vn -0.5577 -0.8300 0.0000
vn -0.5470 -0.8300 -0.1088
vn -0.6362 -0.7715 0.0000
vn -0.6240 -0.7715 -0.1241
vn -0.7086 -0.7056 0.0000
vn -0.6950 -0.7056 -0.1382
vn -0.7742 -0.6329 0.0000
vn -0.7594 -0.6329 -0.1510
vn -0.8324 -0.5542 0.0000
vn -0.8164 -0.5542 -0.1624
vn -0.8826 -0.4701 0.0000
vn -0.8656 -0.4701 -0.1722
vn -0.9243 -0.3816 0.0000
vn -0.9066 -0.3816 -0.1803
vn -0.9572 -0.2894 0.0000
vn -0.9388 -0.2894 -0.1867
vn -0.9809 -0.1945 0.0000
vn -0.9620 -0.1945 -0.1914
vn -0.9952 -0.0977 0.0000
vn -0.9761 -0.0977 -0.1941
vn -1.0000 0.0000 0.0000
vn -0.9808 0.0000 -0.1951
vn -0.9988 0.0490 0.0000
vn -0.9796 0.0490 -0.1948
vn -0.9228 0.0490 -0.3822
vn -0.9239 0.0000 -0.3827
vn -0.9194 -0.0977 -0.3808
vn -0.9062 -0.1945 -0.3753
vn -0.8843 -0.2894 -0.3663
vn -0.8539 -0.3816 -0.3537
vn -0.8154 -0.4701 -0.3377
vn -0.7690 -0.5542 -0.3185
vn -0.7153 -0.6329 -0.2963
vn -0.6547 -0.7056 -0.2712
vn -0.5878 -0.7715 -0.2434
vn -0.5152 -0.8300 -0.2134
vn -0.4377 -0.8806 -0.1813
vn -0.3559 -0.9228 -0.1474
vn -0.2708 -0.9561 -0.1122
vn -0.1830 -0.9802 -0.0758
vn -0.0934 -0.9949 -0.0387
vn -0.0840 -0.9949 -0.0561
vn -0.1646 -0.9802 -0.1100
vn -0.2437 -0.9561 -0.1628
vn -0.3204 -0.9228 -0.2141
vn -0.3939 -0.8806 -0.2632
vn -0.4637 -0.8300 -0.3098
vn -0.5290 -0.7715 -0.3534
vn -0.5892 -0.7056 -0.3937
vn -0.6437 -0.6329 -0.4301
vn -0.6921 -0.5542 -0.4624
vn -0.7338 -0.4701 -0.4903
vn -0.7685 -0.3816 -0.5135
vn -0.7959 -0.2894 -0.5318
vn -0.8156 -0.1945 -0.5449
vn -0.8275 -0.0977 -0.5529
vn -0.8314 0.0000 -0.5556
vn -0.8304 0.0490 -0.5549
vn -0.7062 0.0491 -0.7062
vn -0.7071 0.0000 -0.7071
vn -0.7037 -0.0977 -0.7037
vn -0.6936 -0.1945 -0.6936
vn -0.6768 -0.2894 -0.6768
vn -0.6536 -0.3816 -0.6536
vn -0.6241 -0.4701 -0.6241
vn -0.5886 -0.5542 -0.5886
vn -0.5474 -0.6329 -0.5475
vn -0.5011 -0.7056 -0.5011
vn -0.4499 -0.7715 -0.4499
vn -0.3943 -0.8300 -0.3943
vn -0.3350 -0.8806 -0.3350
vn -0.2724 -0.9228 -0.2724
vn -0.2072 -0.9561 -0.2072
vn -0.1400 -0.9802 -0.1400
vn -0.0714 -0.9949 -0.0714
vn -0.0561 -0.9949 -0.0840
vn -0.1100 -0.9802 -0.1646
vn -0.1628 -0.9561 -0.2437
vn -0.2140 -0.9228 -0.3204
vn -0.2632 -0.8806 -0.3939
vn -0.3098 -0.8300 -0.4637
vn -0.3535 -0.7715 -0.5290
vn -0.3937 -0.7056 -0.5892
vn -0.4301 -0.6329 -0.6437
vn -0.4624 -0.5542 -0.6921
vn -0.4903 -0.4701 -0.7338
vn -0.5135 -0.3816 -0.7685
vn -0.5318 -0.2894 -0.7959
vn -0.5449 -0.1945 -0.8156
vn -0.5529 -0.0977 -0.8275
vn -0.5556 0.0000 -0.8314
vn -0.5549 0.0490 -0.8305
vn -0.3822 0.0490 -0.9228
vn -0.3827 0.0000 -0.9239
vn -0.3808 -0.0977 -0.9194
vn -0.3753 -0.1945 -0.9062
vn -0.3663 -0.2894 -0.8843
vn -0.3537 -0.3816 -0.8539
vn -0.3377 -0.4701 -0.8154
vn -0.3186 -0.5542 -0.7690
vn -0.2963 -0.6329 -0.7153
vn -0.2712 -0.7056 -0.6547
vn -0.2434 -0.7715 -0.5878
vn -0.2134 -0.8300 -0.5152
vn -0.1813 -0.8806 -0.4377
vn -0.1474 -0.9228 -0.3559
vn -0.1122 -0.9561 -0.2708
vn -0.0758 -0.9802 -0.1830
vn -0.0387 -0.9949 -0.0934
vn -0.0197 -0.9949 -0.0991
vn -0.0386 -0.9802 -0.1942
vn -0.0572 -0.9561 -0.2875
vn -0.0752 -0.9228 -0.3779
vn -0.0924 -0.8806 -0.4646
vn -0.1088 -0.8300 -0.5470
vn -0.1241 -0.7715 -0.6240
vn -0.1382 -0.7056 -0.6950
vn -0.1510 -0.6329 -0.7593
vn -0.1624 -0.5542 -0.8164
vn -0.1722 -0.4701 -0.8656
vn -0.1803 -0.3816 -0.9066
vn -0.1867 -0.2894 -0.9388
vn -0.1914 -0.1945 -0.9620
vn -0.1942 -0.0977 -0.9761
vn -0.1951 0.0000 -0.9808
vn -0.1949 0.0490 -0.9796
vn 0.0000 0.0490 -0.9988
vn 0.0000 0.0000 -1.0000
vn 0.0000 -0.0977 -0.9952
vn 0.0000 -0.1945 -0.9809
vn 0.0000 -0.2894 -0.9572
vn 0.0000 -0.3816 -0.9243
vn 0.0000 -0.4701 -0.8826
vn 0.0000 -0.5542 -0.8324
vn 0.0000 -0.6329 -0.7742
vn 0.0000 -0.7056 -0.7086
vn 0.0000 -0.7715 -0.6362
vn 0.0000 -0.8300 -0.5577
vn 0.0000 -0.8806 -0.4738
vn 0.0000 -0.9228 -0.3853
vn 0.0000 -0.9561 -0.2931
vn 0.0000 -0.9802 -0.1980
vn 0.0000 -0.9949 -0.1010
vn 0.0197 -0.9949 -0.0991
vn 0.0386 -0.9802 -0.1942
vn 0.0572 -0.9561 -0.2875
vn 0.0752 -0.9228 -0.3779
vn 0.0924 -0.8806 -0.4646
vn 0.1088 -0.8300 -0.5470
vn 0.1241 -0.7715 -0.6240
vn 0.1382 -0.7056 -0.6950
vn 0.1510 -0.6329 -0.7593
vn 0.1624 -0.5542 -0.8164
vn 0.1722 -0.4701 -0.8656
vn 0.1803 -0.3816 -0.9066
vn 0.1867 -0.2894 -0.9388
vn 0.1914 -0.1945 -0.9620
vn 0.1942 -0.0977 -0.9761
vn 0.1951 0.0000 -0.9808
vn 0.1949 0.0490 -0.9796
vn 0.3822 0.0490 -0.9228
vn 0.3827 0.0000 -0.9239
vn 0.3808 -0.0977 -0.9194
vn 0.3753 -0.1945 -0.9062
vn 0.3663 -0.2894 -0.8843
vn 0.3537 -0.3816 -0.8539
vn 0.3377 -0.4701 -0.8154
vn 0.3186 -0.5542 -0.7690
vn 0.2963 -0.6329 -0.7153
vn 0.2712 -0.7056 -0.6547
vn 0.2434 -0.7715 -0.5878
vn 0.2134 -0.8300 -0.5152
vn 0.1813 -0.8806 -0.4377
vn 0.1474 -0.9228 -0.3559
vn 0.1122 -0.9561 -0.2708
vn 0.0758 -0.9802 -0.1830
vn 0.0387 -0.9949 -0.0934
vn 0.0561 -0.9949 -0.0840
vn 0.1100 -0.9802 -0.1646
vn 0.1628 -0.9561 -0.2437
vn 0.2140 -0.9228 -0.3204
vn 0.2632 -0.8806 -0.3939
vn 0.3098 -0.8300 -0.4637
vn 0.3535 -0.7715 -0.5290
vn 0.3937 -0.7056 -0.5892
vn 0.4301 -0.6329 -0.6437
vn 0.4624 -0.5542 -0.6921
vn 0.4903 -0.4701 -0.7338
vn 0.5135 -0.3816 -0.7685
vn 0.5318 -0.2894 -0.7959
vn 0.5449 -0.1945 -0.8156
vn 0.5529 -0.0977 -0.8275
vn 0.5556 0.0000 -0.8314
vn 0.5549 0.0490 -0.8305
vn 0.7062 0.0490 -0.7062
vn 0.7071 0.0000 -0.7071
vn 0.7037 -0.0977 -0.7037
vn 0.6936 -0.1945 -0.6936
vn 0.6768 -0.2894 -0.6768
vn 0.6536 -0.3816 -0.6536
vn 0.6241 -0.4701 -0.6241
vn 0.5886 -0.5542 -0.5886
vn 0.5474 -0.6329 -0.5475
vn 0.5011 -0.7056 -0.5011
vn 0.4499 -0.7715 -0.4499
vn 0.3943 -0.8300 -0.3943
vn 0.3350 -0.8806 -0.3350
vn 0.2724 -0.9228 -0.2724
vn 0.2072 -0.9561 -0.2072
vn 0.1400 -0.9802 -0.1400
vn 0.0714 -0.9949 -0.0714
vn 0.0840 -0.9949 -0.0561
vn 0.1646 -0.9802 -0.1100
vn 0.2437 -0.9561 -0.1628
vn 0.3204 -0.9228 -0.2141
vn 0.3939 -0.8806 -0.2632
vn 0.4637 -0.8300 -0.3098
vn 0.5290 -0.7715 -0.3535
vn 0.5892 -0.7056 -0.3937
vn 0.6437 -0.6329 -0.4301
vn 0.6921 -0.5542 -0.4624
vn 0.7338 -0.4701 -0.4903
vn 0.7685 -0.3816 -0.5135
vn 0.7959 -0.2894 -0.5318
vn 0.8156 -0.1945 -0.5449
vn 0.8275 -0.0977 -0.5529
vn 0.8314 0.0000 -0.5556
vn 0.8304 0.0490 -0.5549
vn 0.9228 0.0490 -0.3822
vn 0.9239 0.0000 -0.3827
vn 0.9194 -0.0977 -0.3808
vn 0.9062 -0.1945 -0.3753
vn 0.8843 -0.2894 -0.3663
vn 0.8539 -0.3816 -0.3537
vn 0.8154 -0.4701 -0.3377
vn 0.7690 -0.5542 -0.3185
vn 0.7153 -0.6329 -0.2963
vn 0.6547 -0.7056 -0.2712
vn 0.5878 -0.7715 -0.2434
vn 0.5152 -0.8300 -0.2134
vn 0.4377 -0.8806 -0.1813
vn 0.3559 -0.9228 -0.1474
vn 0.2708 -0.9561 -0.1122
vn 0.1830 -0.9802 -0.0758
vn 0.0934 -0.9949 -0.0387
vn 0.0991 -0.9949 -0.0197
vn 0.1942 -0.9802 -0.0386
vn 0.2875 -0.9561 -0.0572
vn 0.3779 -0.9228 -0.0751
vn 0.4646 -0.8806 -0.0924
vn 0.5470 -0.8300 -0.1088
vn 0.6240 -0.7715 -0.1241
vn 0.6950 -0.7056 -0.1382
vn 0.7594 -0.6329 -0.1510
vn 0.8164 -0.5542 -0.1624
vn 0.8656 -0.4701 -0.1722
vn 0.9066 -0.3816 -0.1803
vn 0.9388 -0.2894 -0.1867
vn 0.9620 -0.1945 -0.1914
vn 0.9761 -0.0977 -0.1941
vn 0.9808 0.0000 -0.1951
vn 0.9796 0.0490 -0.1948
vn 0.9988 0.0490 0.0000
vn 1.0000 0.0000 0.0000
vn 0.9952 -0.0977 0.0000
vn 0.9809 -0.1945 0.0000
vn 0.9572 -0.2894 0.0000
vn 0.9243 -0.3816 0.0000
vn 0.8826 -0.4701 0.0000
vn 0.8324 -0.5542 0.0000
vn 0.7742 -0.6329 0.0000
vn 0.7086 -0.7056 0.0000
vn 0.6362 -0.7715 0.0000
vn 0.5577 -0.8300 0.0000
vn 0.4738 -0.8806 0.0000
vn 0.3853 -0.9228 0.0000
vn 0.2931 -0.9561 0.0000
vn 0.1980 -0.9802 0.0000
vn 0.1010 -0.9949 0.0000
vn 0.0991 -0.9949 0.0197
vn 0.1942 -0.9802 0.0386
vn 0.2875 -0.9561 0.0572
vn 0.3779 -0.9228 0.0751
vn 0.4646 -0.8806 0.0924
vn 0.5470 -0.8300 0.1088
vn 0.6240 -0.7715 0.1241
vn 0.6950 -0.7056 0.1382
vn 0.7594 -0.6329 0.1510
vn 0.8164 -0.5542 0.1624
vn 0.8656 -0.4701 0.1722
vn 0.9066 -0.3816 0.1803
vn 0.9388 -0.2894 0.1867
vn 0.9620 -0.1945 0.1914
vn 0.9761 -0.0977 0.1941
vn 0.9808 0.0000 0.1951
vn 0.9796 0.0490 0.1948
vn 0.9228 0.0490 0.3822
vn 0.9239 0.0000 0.3827
vn 0.9194 -0.0977 0.3808
vn 0.9062 -0.1945 0.3753
vn 0.8843 -0.2894 0.3663
vn 0.8539 -0.3816 0.3537
vn 0.8154 -0.4701 0.3377
vn 0.7690 -0.5542 0.3185
vn 0.7153 -0.6329 0.2963
vn 0.6547 -0.7056 0.2712
vn 0.5878 -0.7715 0.2434
vn 0.5152 -0.8300 0.2134
vn 0.4377 -0.8806 0.1813
vn 0.3559 -0.9228 0.1474
vn 0.2708 -0.9561 0.1122
vn 0.1830 -0.9802 0.0758
vn 0.0934 -0.9949 0.0387
vn 0.0840 -0.9949 0.0561
vn 0.1646 -0.9802 0.1100
vn 0.2437 -0.9561 0.1628
vn 0.3204 -0.9228 0.2141
vn 0.3939 -0.8806 0.2632
vn 0.4637 -0.8300 0.3098
vn 0.5290 -0.7715 0.3534
vn 0.5892 -0.7056 0.3937
vn 0.6438 -0.6329 0.4301
vn 0.6921 -0.5542 0.4624
vn 0.7338 -0.4701 0.4903
vn 0.7685 -0.3816 0.5135
vn 0.7959 -0.2894 0.5318
vn 0.8156 -0.1945 0.5449
vn 0.8275 -0.0977 0.5529
vn 0.8314 0.0000 0.5556
vn 0.8305 0.0490 0.5549
vn 0.7062 0.0490 0.7062
vn 0.7071 0.0000 0.7071
vn 0.7037 -0.0977 0.7037
vn 0.6936 -0.1945 0.6936
vn 0.6768 -0.2894 0.6768
vn 0.6536 -0.3816 0.6536
vn 0.6241 -0.4701 0.6241
vn 0.5886 -0.5542 0.5886
vn 0.5474 -0.6329 0.5475
vn 0.5011 -0.7056 0.5011
vn 0.4498 -0.7715 0.4499
vn 0.3943 -0.8300 0.3943
vn 0.3350 -0.8806 0.3350
vn 0.2724 -0.9228 0.2724
vn 0.2072 -0.9561 0.2072
vn 0.1400 -0.9802 0.1400
vn 0.0714 -0.9949 0.0714
vn 0.0561 -0.9949 0.0840
vn 0.1100 -0.9802 0.1646
vn 0.1628 -0.9561 0.2437
vn 0.2140 -0.9228 0.3204
vn 0.2632 -0.8806 0.3939
vn 0.3098 -0.8300 0.4637
vn 0.3535 -0.7715 0.5290
vn 0.3937 -0.7056 0.5892
vn 0.4301 -0.6329 0.6437
vn 0.4624 -0.5542 0.6921
vn 0.4903 -0.4701 0.7338
vn 0.5135 -0.3816 0.7685
vn 0.5318 -0.2894 0.7959
vn 0.5449 -0.1945 0.8156
vn 0.5529 -0.0977 0.8275
vn 0.5556 0.0000 0.8314
vn 0.5549 0.0490 0.8305
vn 0.3822 0.0490 0.9228
vn 0.3827 0.0000 0.9239
vn 0.3808 -0.0977 0.9194
vn 0.3753 -0.1945 0.9062
vn 0.3663 -0.2894 0.8843
vn 0.3537 -0.3816 0.8539
vn 0.3377 -0.4701 0.8154
vn 0.3185 -0.5542 0.7690
vn 0.2963 -0.6329 0.7153
vn 0.2712 -0.7056 0.6547
vn 0.2434 -0.7715 0.5878
vn 0.2134 -0.8300 0.5152
vn 0.1813 -0.8806 0.4377
vn 0.1474 -0.9228 0.3559
vn 0.1122 -0.9561 0.2708
vn 0.0758 -0.9802 0.1830
vn 0.0387 -0.9949 0.0934
vn 0.0197 -0.9949 0.0991
vn 0.0386 -0.9802 0.1942
vn 0.0572 -0.9561 0.2875
vn 0.0752 -0.9228 0.3779
vn 0.0924 -0.8806 0.4646
vn 0.1088 -0.8300 0.5470
vn 0.1241 -0.7715 0.6240
vn 0.1382 -0.7056 0.6950
vn 0.1510 -0.6329 0.7594
vn 0.1624 -0.5542 0.8164
vn 0.1722 -0.4701 0.8656
vn 0.1803 -0.3816 0.9066
vn 0.1867 -0.2894 0.9388
vn 0.1914 -0.1945 0.9620
vn 0.1942 -0.0977 0.9761
vn 0.1951 0.0000 0.9808
vn 0.1949 0.0490 0.9796
vn 0.0000 0.0490 0.9988
vn 0.0000 0.0000 1.0000
vn 0.0000 -0.0977 0.9952
vn 0.0000 -0.1945 0.9809
vn 0.0000 -0.2894 0.9572
vn 0.0000 -0.3816 0.9243
vn 0.0000 -0.4701 0.8826
vn 0.0000 -0.5542 0.8324
vn 0.0000 -0.6329 0.7742
vn 0.0000 -0.7056 0.7086
vn 0.0000 -0.7715 0.6362
vn 0.0000 -0.8300 0.5577
vn 0.0000 -0.8806 0.4738
vn 0.0000 -0.9228 0.3853
vn 0.0000 -0.9561 0.2931
vn 0.0000 -0.9802 0.1980
vn 0.0000 -0.9949 0.1010
vn -0.0197 -0.9949 0.0991
vn -0.0386 -0.9802 0.1942
vn -0.0572 -0.9561 0.2875
vn -0.0752 -0.9228 0.3779
vn -0.0924 -0.8806 0.4646
vn -0.1088 -0.8300 0.5470
vn -0.1241 -0.7715 0.6240
vn -0.1382 -0.7056 0.6950
vn -0.1510 -0.6329 0.7594
vn -0.1624 -0.5542 0.8164
vn -0.1722 -0.4701 0.8656
vn -0.1803 -0.3816 0.9066
vn -0.1867 -0.2894 0.9388
vn -0.1914 -0.1945 0.9620
vn -0.1942 -0.0977 0.9761
vn -0.1951 0.0000 0.9808
vn -0.1949 0.0490 0.9796
vn -0.3822 0.0490 0.9228
vn -0.3827 0.0000 0.9239
vn -0.3808 -0.0977 0.9194
vn -0.3753 -0.1945 0.9062
vn -0.3663 -0.2894 0.8843
vn -0.3537 -0.3816 0.8539
vn -0.3377 -0.4701 0.8154
vn -0.3185 -0.5542 0.7690
vn -0.2963 -0.6329 0.7153
vn -0.2712 -0.7056 0.6547
vn -0.2434 -0.7715 0.5878
vn -0.2134 -0.8300 0.5152
vn -0.1813 -0.8806 0.4377
vn -0.1474 -0.9228 0.3559
vn -0.1122 -0.9561 0.2708
vn -0.0758 -0.9802 0.1830
vn -0.0387 -0.9949 0.0934
vn -0.0561 -0.9949 0.0840
vn -0.1100 -0.9802 0.1646
vn -0.1628 -0.9561 0.2437
vn -0.2140 -0.9228 0.3204
vn -0.2632 -0.8806 0.3939
vn -0.3098 -0.8300 0.4637
vn -0.3535 -0.7715 0.5290
vn -0.3937 -0.7056 0.5892
vn -0.4301 -0.6329 0.6437
vn -0.4624 -0.5542 0.6921
vn -0.4903 -0.4701 0.7338
vn -0.5135 -0.3816 0.7685
vn -0.5318 -0.2894 0.7959
vn -0.5449 -0.1945 0.8156
vn -0.5529 -0.0977 0.8275
vn -0.5556 0.0000 0.8314
vn -0.5549 0.0490 0.8305
vn -0.7062 0.0491 0.7062
vn -0.7071 0.0000 0.7071
vn -0.7037 -0.0977 0.7037
vn -0.6936 -0.1945 0.6936
vn -0.6768 -0.2894 0.6768
vn -0.6536 -0.3816 0.6536
vn -0.6241 -0.4701 0.6241
vn -0.5886 -0.5542 0.5886
vn -0.5474 -0.6329 0.5475
vn -0.5011 -0.7056 0.5011
vn -0.4499 -0.7715 0.4498
vn -0.3943 -0.8300 0.3943
vn -0.3350 -0.8806 0.3350
vn -0.2724 -0.9228 0.2724
vn -0.2072 -0.9561 0.2072
vn -0.1400 -0.9802 0.1400
vn -0.0714 -0.9949 0.0714
vn -0.0840 -0.9949 0.0561
vn -0.1646 -0.9802 0.1100
vn -0.2437 -0.9561 0.1628
vn -0.3204 -0.9228 0.2141
vn -0.3939 -0.8806 0.2632
vn -0.4637 -0.8300 0.3098
vn -0.5290 -0.7715 0.3534
vn -0.5892 -0.7056 0.3937
vn -0.6437 -0.6329 0.4301
vn -0.6921 -0.5542 0.4624
vn -0.7338 -0.4701 0.4903
vn -0.7685 -0.3816 0.5135
vn -0.7959 -0.2894 0.5318
vn -0.8156 -0.1945 0.5449
vn -0.8275 -0.0977 0.5529
vn -0.8314 0.0000 0.5556
vn -0.8305 0.0490 0.5549
vn -0.9228 0.0490 0.3822
vn -0.9239 0.0000 0.3827
vn -0.9194 -0.0977 0.3808
vn -0.9062 -0.1945 0.3753
vn -0.8843 -0.2894 0.3663
vn -0.8539 -0.3816 0.3537
vn -0.8154 -0.4701 0.3377
vn -0.7690 -0.5542 0.3185
vn -0.7153 -0.6329 0.2963
vn -0.6547 -0.7056 0.2712
vn -0.5878 -0.7715 0.2434
vn -0.5152 -0.8300 0.2134
vn -0.4377 -0.8806 0.1813
vn -0.3559 -0.9228 0.1474
vn -0.2708 -0.9561 0.1122
vn -0.1830 -0.9802 0.0758
vn -0.0934 -0.9949 0.0387
vn -0.0991 -0.9949 0.0197
vn -0.1942 -0.9802 0.0386
vn -0.2875 -0.9561 0.0572
vn -0.3779 -0.9228 0.0751
vn -0.4646 -0.8806 0.0924
vn -0.5470 -0.8300 0.1088
vn -0.6240 -0.7715 0.1241
vn -0.6950 -0.7056 0.1382
vn -0.7594 -0.6329 0.1510
vn -0.8164 -0.5542 0.1624
vn -0.8656 -0.4701 0.1722
vn -0.9066 -0.3816 0.1803
vn -0.9388 -0.2894 0.1867
vn -0.9620 -0.1945 0.1914
vn -0.9761 -0.0977 0.1941
vn -0.9808 0.0000 0.1951
vn -0.9796 0.0490 0.1948
usemtl Skydome.001
s 1
f 11174/11383/1278 10630/11384/1279 10698/11385/1280
f 10631/11386/1281 10630/11384/1279 11174/11383/1278 11173/11387/1282
f 11173/11387/1282 11172/11388/1283 10632/11389/1284 10631/11386/1281
f 11172/11388/1283 11171/11390/1285 10633/11391/1286 10632/11389/1284
f 11171/11390/1285 11170/11392/1287 10634/11393/1288 10633/11391/1286
f 11170/11392/1287 11169/11394/1289 10635/11395/1290 10634/11393/1288
f 11169/11394/1289 11168/11396/1291 10636/11397/1292 10635/11395/1290
f 11168/11396/1291 11167/11398/1293 10637/11399/1294 10636/11397/1292
f 11167/11398/1293 11166/11400/1295 10638/11401/1296 10637/11399/1294
f 11166/11400/1295 11165/11402/1297 10639/11403/1298 10638/11401/1296
f 11165/11402/1297 11164/11404/1299 10640/11405/1300 10639/11403/1298
f 11164/11404/1299 11163/11406/1301 10641/11407/1302 10640/11405/1300
f 11163/11406/1301 11162/11408/1303 10642/11409/1304 10641/11407/1302
f 11162/11408/1303 11161/11410/1305 10643/11411/1306 10642/11409/1304
f 11161/11410/1305 11160/11412/1307 10644/11413/1308 10643/11411/1306
f 11160/11412/1307 11159/11414/1309 10645/11415/1310 10644/11413/1308
f 11159/11414/1309 11158/11416/1311 10646/11417/1312 10645/11415/1310
f 10645/11415/1310 10646/11417/1312 10647/11418/1313 10648/11419/1314
f 10644/11413/1308 10645/11415/1310 10648/11419/1314 10649/11420/1315
f 10643/11411/1306 10644/11413/1308 10649/11420/1315 10650/11421/1316
f 10642/11409/1304 10643/11411/1306 10650/11421/1316 10651/11422/1317
f 10641/11407/1302 10642/11409/1304 10651/11422/1317 10652/11423/1318
f 10640/11405/1300 10641/11407/1302 10652/11423/1318 10653/11424/1319
f 10639/11403/1298 10640/11405/1300 10653/11424/1319 10654/11425/1320
f 10638/11401/1296 10639/11403/1298 10654/11425/1320 10655/11426/1321
f 10637/11399/1294 10638/11401/1296 10655/11426/1321 10656/11427/1322
f 10636/11397/1292 10637/11399/1294 10656/11427/1322 10657/11428/1323
f 10635/11395/1290 10636/11397/1292 10657/11428/1323 10658/11429/1324
f 10634/11393/1288 10635/11395/1290 10658/11429/1324 10659/11430/1325
f 10633/11391/1286 10634/11393/1288 10659/11430/1325 10660/11431/1326
f 10632/11389/1284 10633/11391/1286 10660/11431/1326 10661/11432/1327
f 10631/11386/1281 10632/11389/1284 10661/11432/1327 10662/11433/1328
f 10630/11384/1279 10631/11386/1281 10662/11433/1328 10663/11434/1329
f 10698/11385/1280 10630/11384/1279 10663/11434/1329
f 10698/11385/1280 10663/11434/1329 10664/11435/1330
f 10663/11434/1329 10662/11433/1328 10665/11436/1331 10664/11435/1330
f 10662/11433/1328 10661/11432/1327 10666/11437/1332 10665/11436/1331
f 10661/11432/1327 10660/11431/1326 10667/11438/1333 10666/11437/1332
f 10660/11431/1326 10659/11430/1325 10668/11439/1334 10667/11438/1333
f 10659/11430/1325 10658/11429/1324 10669/11440/1335 10668/11439/1334
f 10658/11429/1324 10657/11428/1323 10670/11441/1336 10669/11440/1335
f 10657/11428/1323 10656/11427/1322 10671/11442/1337 10670/11441/1336
f 10656/11427/1322 10655/11426/1321 10672/11443/1338 10671/11442/1337
f 10655/11426/1321 10654/11425/1320 10673/11444/1339 10672/11443/1338
f 10654/11425/1320 10653/11424/1319 10674/11445/1340 10673/11444/1339
f 10653/11424/1319 10652/11423/1318 10675/11446/1341 10674/11445/1340
f 10652/11423/1318 10651/11422/1317 10676/11447/1342 10675/11446/1341
f 10651/11422/1317 10650/11421/1316 10677/11448/1343 10676/11447/1342
f 10650/11421/1316 10649/11420/1315 10678/11449/1344 10677/11448/1343
f 10649/11420/1315 10648/11419/1314 10679/11450/1345 10678/11449/1344
f 10648/11419/1314 10647/11418/1313 10680/11451/1346 10679/11450/1345
f 10679/11450/1345 10680/11451/1346 10681/11452/1347 10682/11453/1348
f 10678/11449/1344 10679/11450/1345 10682/11453/1348 10683/11454/1349
f 10677/11448/1343 10678/11449/1344 10683/11454/1349 10684/11455/1350
f 10676/11447/1342 10677/11448/1343 10684/11455/1350 10685/11456/1351
f 10675/11446/1341 10676/11447/1342 10685/11456/1351 10686/11457/1352
f 10674/11445/1340 10675/11446/1341 10686/11457/1352 10687/11458/1353
f 10673/11444/1339 10674/11445/1340 10687/11458/1353 10688/11459/1354
f 10672/11443/1338 10673/11444/1339 10688/11459/1354 10689/11460/1355
f 10671/11442/1337 10672/11443/1338 10689/11460/1355 10690/11461/1356
f 10670/11441/1336 10671/11442/1337 10690/11461/1356 10691/11462/1357
f 10669/11440/1335 10670/11441/1336 10691/11462/1357 10692/11463/1358
f 10668/11439/1334 10669/11440/1335 10692/11463/1358 10693/11464/1359
f 10667/11438/1333 10668/11439/1334 10693/11464/1359 10694/11465/1360
f 10666/11437/1332 10667/11438/1333 10694/11465/1360 10695/11466/1361
f 10665/11436/1331 10666/11437/1332 10695/11466/1361 10696/11467/1362
f 10664/11435/1330 10665/11436/1331 10696/11467/1362 10697/11468/1363
f 10698/11385/1280 10664/11435/1330 10697/11468/1363
f 10698/11385/1280 10697/11468/1363 10699/11469/1364
f 10697/11468/1363 10696/11467/1362 10700/11470/1365 10699/11469/1364
f 10696/11467/1362 10695/11466/1361 10701/11471/1366 10700/11470/1365
f 10695/11466/1361 10694/11465/1360 10702/11472/1367 10701/11471/1366
f 10694/11465/1360 10693/11464/1359 10703/11473/1368 10702/11472/1367
f 10693/11464/1359 10692/11463/1358 10704/11474/1369 10703/11473/1368
f 10692/11463/1358 10691/11462/1357 10705/11475/1370 10704/11474/1369
f 10691/11462/1357 10690/11461/1356 10706/11476/1371 10705/11475/1370
f 10690/11461/1356 10689/11460/1355 10707/11477/1372 10706/11476/1371
f 10689/11460/1355 10688/11459/1354 10708/11478/1373 10707/11477/1372
f 10688/11459/1354 10687/11458/1353 10709/11479/1374 10708/11478/1373
f 10687/11458/1353 10686/11457/1352 10710/11480/1375 10709/11479/1374
f 10686/11457/1352 10685/11456/1351 10711/11481/1376 10710/11480/1375
f 10685/11456/1351 10684/11455/1350 10712/11482/1377 10711/11481/1376
f 10684/11455/1350 10683/11454/1349 10713/11483/1378 10712/11482/1377
f 10683/11454/1349 10682/11453/1348 10714/11484/1379 10713/11483/1378
f 10682/11453/1348 10681/11452/1347 10715/11485/1380 10714/11484/1379
f 10714/11484/1379 10715/11485/1380 10716/11486/1381 10717/11487/1382
f 10713/11483/1378 10714/11484/1379 10717/11487/1382 10718/11488/1383
f 10712/11482/1377 10713/11483/1378 10718/11488/1383 10719/11489/1384
f 10711/11481/1376 10712/11482/1377 10719/11489/1384 10720/11490/1385
f 10710/11480/1375 10711/11481/1376 10720/11490/1385 10721/11491/1386
f 10709/11479/1374 10710/11480/1375 10721/11491/1386 10722/11492/1387
f 10708/11478/1373 10709/11479/1374 10722/11492/1387 10723/11493/1388
f 10707/11477/1372 10708/11478/1373 10723/11493/1388 10724/11494/1389
f 10706/11476/1371 10707/11477/1372 10724/11494/1389 10725/11495/1390
f 10705/11475/1370 10706/11476/1371 10725/11495/1390 10726/11496/1391
f 10704/11474/1369 10705/11475/1370 10726/11496/1391 10727/11497/1392
f 10703/11473/1368 10704/11474/1369 10727/11497/1392 10728/11498/1393
f 10702/11472/1367 10703/11473/1368 10728/11498/1393 10729/11499/1394
f 10701/11471/1366 10702/11472/1367 10729/11499/1394 10730/11500/1395
f 10700/11470/1365 10701/11471/1366 10730/11500/1395 10731/11501/1396
f 10699/11469/1364 10700/11470/1365 10731/11501/1396 10732/11502/1397
f 10698/11385/1280 10699/11469/1364 10732/11502/1397
f 10698/11385/1280 10732/11502/1397 10733/11503/1398
f 10732/11502/1397 10731/11501/1396 10734/11504/1399 10733/11503/1398
f 10731/11501/1396 10730/11500/1395 10735/11505/1400 10734/11504/1399
f 10730/11500/1395 10729/11499/1394 10736/11506/1401 10735/11505/1400
f 10729/11499/1394 10728/11498/1393 10737/11507/1402 10736/11506/1401
f 10728/11498/1393 10727/11497/1392 10738/11508/1403 10737/11507/1402
f 10727/11497/1392 10726/11496/1391 10739/11509/1404 10738/11508/1403
f 10726/11496/1391 10725/11495/1390 10740/11510/1405 10739/11509/1404
f 10725/11495/1390 10724/11494/1389 10741/11511/1406 10740/11510/1405
f 10724/11494/1389 10723/11493/1388 10742/11512/1407 10741/11511/1406
f 10723/11493/1388 10722/11492/1387 10743/11513/1408 10742/11512/1407
f 10722/11492/1387 10721/11491/1386 10744/11514/1409 10743/11513/1408
f 10721/11491/1386 10720/11490/1385 10745/11515/1410 10744/11514/1409
f 10720/11490/1385 10719/11489/1384 10746/11516/1411 10745/11515/1410
f 10719/11489/1384 10718/11488/1383 10747/11517/1412 10746/11516/1411
f 10718/11488/1383 10717/11487/1382 10748/11518/1413 10747/11517/1412
f 10717/11487/1382 10716/11486/1381 10749/11519/1414 10748/11518/1413
f 10748/11518/1413 10749/11519/1414 10750/11520/1415 10751/11521/1416
f 10747/11517/1412 10748/11518/1413 10751/11521/1416 10752/11522/1417
f 10746/11516/1411 10747/11517/1412 10752/11522/1417 10753/11523/1418
f 10745/11515/1410 10746/11516/1411 10753/11523/1418 10754/11524/1419
f 10744/11514/1409 10745/11515/1410 10754/11524/1419 10755/11525/1420
f 10743/11513/1408 10744/11514/1409 10755/11525/1420 10756/11526/1421
f 10742/11512/1407 10743/11513/1408 10756/11526/1421 10757/11527/1422
f 10741/11511/1406 10742/11512/1407 10757/11527/1422 10758/11528/1423
f 10740/11510/1405 10741/11511/1406 10758/11528/1423 10759/11529/1424
f 10739/11509/1404 10740/11510/1405 10759/11529/1424 10760/11530/1425
f 10738/11508/1403 10739/11509/1404 10760/11530/1425 10761/11531/1426
f 10737/11507/1402 10738/11508/1403 10761/11531/1426 10762/11532/1427
f 10736/11506/1401 10737/11507/1402 10762/11532/1427 10763/11533/1428
f 10735/11505/1400 10736/11506/1401 10763/11533/1428 10764/11534/1429
f 10734/11504/1399 10735/11505/1400 10764/11534/1429 10765/11535/1430
f 10733/11503/1398 10734/11504/1399 10765/11535/1430 10766/11536/1431
f 10698/11385/1280 10733/11503/1398 10766/11536/1431
f 10698/11385/1280 10766/11536/1431 10767/11537/1432
f 10766/11536/1431 10765/11535/1430 10768/11538/1433 10767/11537/1432
f 10765/11535/1430 10764/11534/1429 10769/11539/1434 10768/11538/1433
f 10764/11534/1429 10763/11533/1428 10770/11540/1435 10769/11539/1434
f 10763/11533/1428 10762/11532/1427 10771/11541/1436 10770/11540/1435
f 10762/11532/1427 10761/11531/1426 10772/11542/1437 10771/11541/1436
f 10761/11531/1426 10760/11530/1425 10773/11543/1438 10772/11542/1437
f 10760/11530/1425 10759/11529/1424 10774/11544/1439 10773/11543/1438
f 10759/11529/1424 10758/11528/1423 10775/11545/1440 10774/11544/1439
f 10758/11528/1423 10757/11527/1422 10776/11546/1441 10775/11545/1440
f 10757/11527/1422 10756/11526/1421 10777/11547/1442 10776/11546/1441
f 10756/11526/1421 10755/11525/1420 10778/11548/1443 10777/11547/1442
f 10755/11525/1420 10754/11524/1419 10779/11549/1444 10778/11548/1443
f 10754/11524/1419 10753/11523/1418 10780/11550/1445 10779/11549/1444
f 10753/11523/1418 10752/11522/1417 10781/11551/1446 10780/11550/1445
f 10752/11522/1417 10751/11521/1416 10782/11552/1447 10781/11551/1446
f 10751/11521/1416 10750/11520/1415 10783/11553/1448 10782/11552/1447
f 10782/11552/1447 10783/11553/1448 10784/11554/1449 10785/11555/1450
f 10781/11551/1446 10782/11552/1447 10785/11555/1450 10786/11556/1451
f 10780/11550/1445 10781/11551/1446 10786/11556/1451 10787/11557/1452
f 10779/11549/1444 10780/11550/1445 10787/11557/1452 10788/11558/1453
f 10778/11548/1443 10779/11549/1444 10788/11558/1453 10789/11559/1454
f 10777/11547/1442 10778/11548/1443 10789/11559/1454 10790/11560/1455
f 10776/11546/1441 10777/11547/1442 10790/11560/1455 10791/11561/1456
f 10775/11545/1440 10776/11546/1441 10791/11561/1456 10792/11562/1457
f 10774/11544/1439 10775/11545/1440 10792/11562/1457 10793/11563/1458
f 10773/11543/1438 10774/11544/1439 10793/11563/1458 10794/11564/1459
f 10772/11542/1437 10773/11543/1438 10794/11564/1459 10795/11565/1460
f 10771/11541/1436 10772/11542/1437 10795/11565/1460 10796/11566/1461
f 10770/11540/1435 10771/11541/1436 10796/11566/1461 10797/11567/1462
f 10769/11539/1434 10770/11540/1435 10797/11567/1462 10798/11568/1463
f 10768/11538/1433 10769/11539/1434 10798/11568/1463 10799/11569/1464
f 10767/11537/1432 10768/11538/1433 10799/11569/1464 10800/11570/1465
f 10698/11385/1280 10767/11537/1432 10800/11570/1465
f 10698/11385/1280 10800/11570/1465 10801/11571/1466
f 10800/11570/1465 10799/11569/1464 10802/11572/1467 10801/11571/1466
f 10799/11569/1464 10798/11568/1463 10803/11573/1468 10802/11572/1467
f 10798/11568/1463 10797/11567/1462 10804/11574/1469 10803/11573/1468
f 10797/11567/1462 10796/11566/1461 10805/11575/1470 10804/11574/1469
f 10796/11566/1461 10795/11565/1460 10806/11576/1471 10805/11575/1470
f 10795/11565/1460 10794/11564/1459 10807/11577/1472 10806/11576/1471
f 10794/11564/1459 10793/11563/1458 10808/11578/1473 10807/11577/1472
f 10793/11563/1458 10792/11562/1457 10809/11579/1474 10808/11578/1473
f 10792/11562/1457 10791/11561/1456 10810/11580/1475 10809/11579/1474
f 10791/11561/1456 10790/11560/1455 10811/11581/1476 10810/11580/1475
f 10790/11560/1455 10789/11559/1454 10812/11582/1477 10811/11581/1476
f 10789/11559/1454 10788/11558/1453 10813/11583/1478 10812/11582/1477
f 10788/11558/1453 10787/11557/1452 10814/11584/1479 10813/11583/1478
f 10787/11557/1452 10786/11556/1451 10815/11585/1480 10814/11584/1479
f 10786/11556/1451 10785/11555/1450 10816/11586/1481 10815/11585/1480
f 10785/11555/1450 10784/11554/1449 10817/11587/1482 10816/11586/1481
f 10816/11586/1481 10817/11587/1482 10818/11588/1483 10819/11589/1484
f 10815/11585/1480 10816/11586/1481 10819/11589/1484 10820/11590/1485
f 10814/11584/1479 10815/11585/1480 10820/11590/1485 10821/11591/1486
f 10813/11583/1478 10814/11584/1479 10821/11591/1486 10822/11592/1487
f 10812/11582/1477 10813/11583/1478 10822/11592/1487 10823/11593/1488
f 10811/11581/1476 10812/11582/1477 10823/11593/1488 10824/11594/1489
f 10810/11580/1475 10811/11581/1476 10824/11594/1489 10825/11595/1490
f 10809/11579/1474 10810/11580/1475 10825/11595/1490 10826/11596/1491
f 10808/11578/1473 10809/11579/1474 10826/11596/1491 10827/11597/1492
f 10807/11577/1472 10808/11578/1473 10827/11597/1492 10828/11598/1493
f 10806/11576/1471 10807/11577/1472 10828/11598/1493 10829/11599/1494
f 10805/11575/1470 10806/11576/1471 10829/11599/1494 10830/11600/1495
f 10804/11574/1469 10805/11575/1470 10830/11600/1495 10831/11601/1496
f 10803/11573/1468 10804/11574/1469 10831/11601/1496 10832/11602/1497
f 10802/11572/1467 10803/11573/1468 10832/11602/1497 10833/11603/1498
f 10801/11571/1466 10802/11572/1467 10833/11603/1498 10834/11604/1499
f 10698/11385/1280 10801/11571/1466 10834/11604/1499
f 10698/11385/1280 10834/11604/1499 10835/11605/1500
f 10834/11604/1499 10833/11603/1498 10836/11606/1501 10835/11605/1500
f 10833/11603/1498 10832/11602/1497 10837/11607/1502 10836/11606/1501
f 10832/11602/1497 10831/11601/1496 10838/11608/1503 10837/11607/1502
f 10831/11601/1496 10830/11600/1495 10839/11609/1504 10838/11608/1503
f 10830/11600/1495 10829/11599/1494 10840/11610/1505 10839/11609/1504
f 10829/11599/1494 10828/11598/1493 10841/11611/1506 10840/11610/1505
f 10828/11598/1493 10827/11597/1492 10842/11612/1507 10841/11611/1506
f 10827/11597/1492 10826/11596/1491 10843/11613/1508 10842/11612/1507
f 10826/11596/1491 10825/11595/1490 10844/11614/1509 10843/11613/1508
f 10825/11595/1490 10824/11594/1489 10845/11615/1510 10844/11614/1509
f 10824/11594/1489 10823/11593/1488 10846/11616/1511 10845/11615/1510
f 10823/11593/1488 10822/11592/1487 10847/11617/1512 10846/11616/1511
f 10822/11592/1487 10821/11591/1486 10848/11618/1513 10847/11617/1512
f 10821/11591/1486 10820/11590/1485 10849/11619/1514 10848/11618/1513
f 10820/11590/1485 10819/11589/1484 10850/11620/1515 10849/11619/1514
f 10819/11589/1484 10818/11588/1483 10851/11621/1516 10850/11620/1515
f 10850/11620/1515 10851/11621/1516 10852/11622/1517 10853/11623/1518
f 10849/11619/1514 10850/11620/1515 10853/11623/1518 10854/11624/1519
f 10848/11618/1513 10849/11619/1514 10854/11624/1519 10855/11625/1520
f 10847/11617/1512 10848/11618/1513 10855/11625/1520 10856/11626/1521
f 10846/11616/1511 10847/11617/1512 10856/11626/1521 10857/11627/1522
f 10845/11615/1510 10846/11616/1511 10857/11627/1522 10858/11628/1523
f 10844/11614/1509 10845/11615/1510 10858/11628/1523 10859/11629/1524
f 10843/11613/1508 10844/11614/1509 10859/11629/1524 10860/11630/1525
f 10842/11612/1507 10843/11613/1508 10860/11630/1525 10861/11631/1526
f 10841/11611/1506 10842/11612/1507 10861/11631/1526 10862/11632/1527
f 10840/11610/1505 10841/11611/1506 10862/11632/1527 10863/11633/1528
f 10839/11609/1504 10840/11610/1505 10863/11633/1528 10864/11634/1529
f 10838/11608/1503 10839/11609/1504 10864/11634/1529 10865/11635/1530
f 10837/11607/1502 10838/11608/1503 10865/11635/1530 10866/11636/1531
f 10836/11606/1501 10837/11607/1502 10866/11636/1531 10867/11637/1532
f 10835/11605/1500 10836/11606/1501 10867/11637/1532 10868/11638/1533
f 10698/11385/1280 10835/11605/1500 10868/11638/1533
f 10698/11385/1280 10868/11638/1533 10869/11639/1534
f 10868/11638/1533 10867/11637/1532 10870/11640/1535 10869/11639/1534
f 10867/11637/1532 10866/11636/1531 10871/11641/1536 10870/11640/1535
f 10866/11636/1531 10865/11635/1530 10872/11642/1537 10871/11641/1536
f 10865/11635/1530 10864/11634/1529 10873/11643/1538 10872/11642/1537
f 10864/11634/1529 10863/11633/1528 10874/11644/1539 10873/11643/1538
f 10863/11633/1528 10862/11632/1527 10875/11645/1540 10874/11644/1539
f 10862/11632/1527 10861/11631/1526 10876/11646/1541 10875/11645/1540
f 10861/11631/1526 10860/11630/1525 10877/11647/1542 10876/11646/1541
f 10860/11630/1525 10859/11629/1524 10878/11648/1543 10877/11647/1542
f 10859/11629/1524 10858/11628/1523 10879/11649/1544 10878/11648/1543
f 10858/11628/1523 10857/11627/1522 10880/11650/1545 10879/11649/1544
f 10857/11627/1522 10856/11626/1521 10881/11651/1546 10880/11650/1545
f 10856/11626/1521 10855/11625/1520 10882/11652/1547 10881/11651/1546
f 10855/11625/1520 10854/11624/1519 10883/11653/1548 10882/11652/1547
f 10854/11624/1519 10853/11623/1518 10884/11654/1549 10883/11653/1548
f 10853/11623/1518 10852/11622/1517 10885/11655/1550 10884/11654/1549
f 10884/11654/1549 10885/11655/1550 10886/11656/1551 10887/11657/1552
f 10883/11653/1548 10884/11654/1549 10887/11657/1552 10888/11658/1553
f 10882/11652/1547 10883/11653/1548 10888/11658/1553 10889/11659/1554
f 10881/11651/1546 10882/11652/1547 10889/11659/1554 10890/11660/1555
f 10880/11650/1545 10881/11651/1546 10890/11660/1555 10891/11661/1556
f 10879/11649/1544 10880/11650/1545 10891/11661/1556 10892/11662/1557
f 10878/11648/1543 10879/11649/1544 10892/11662/1557 10893/11663/1558
f 10877/11647/1542 10878/11648/1543 10893/11663/1558 10894/11664/1559
f 10876/11646/1541 10877/11647/1542 10894/11664/1559 10895/11665/1560
f 10875/11645/1540 10876/11646/1541 10895/11665/1560 10896/11666/1561
f 10874/11644/1539 10875/11645/1540 10896/11666/1561 10897/11667/1562
f 10873/11643/1538 10874/11644/1539 10897/11667/1562 10898/11668/1563
f 10872/11642/1537 10873/11643/1538 10898/11668/1563 10899/11669/1564
f 10871/11641/1536 10872/11642/1537 10899/11669/1564 10900/11670/1565
f 10870/11640/1535 10871/11641/1536 10900/11670/1565 10901/11671/1566
f 10869/11639/1534 10870/11640/1535 10901/11671/1566 10902/11672/1567
f 10698/11385/1280 10869/11639/1534 10902/11672/1567
f 10698/11385/1280 10902/11672/1567 10903/11673/1568
f 10902/11672/1567 10901/11671/1566 10904/11674/1569 10903/11673/1568
f 10901/11671/1566 10900/11670/1565 10905/11675/1570 10904/11674/1569
f 10900/11670/1565 10899/11669/1564 10906/11676/1571 10905/11675/1570
f 10899/11669/1564 10898/11668/1563 10907/11677/1572 10906/11676/1571
f 10898/11668/1563 10897/11667/1562 10908/11678/1573 10907/11677/1572
f 10897/11667/1562 10896/11666/1561 10909/11679/1574 10908/11678/1573
f 10896/11666/1561 10895/11665/1560 10910/11680/1575 10909/11679/1574
f 10895/11665/1560 10894/11664/1559 10911/11681/1576 10910/11680/1575
f 10894/11664/1559 10893/11663/1558 10912/11682/1577 10911/11681/1576
f 10893/11663/1558 10892/11662/1557 10913/11683/1578 10912/11682/1577
f 10892/11662/1557 10891/11661/1556 10914/11684/1579 10913/11683/1578
f 10891/11661/1556 10890/11660/1555 10915/11685/1580 10914/11684/1579
f 10890/11660/1555 10889/11659/1554 10916/11686/1581 10915/11685/1580
f 10889/11659/1554 10888/11658/1553 10917/11687/1582 10916/11686/1581
f 10888/11658/1553 10887/11657/1552 10918/11688/1583 10917/11687/1582
f 10887/11657/1552 10886/11656/1551 10919/11689/1584 10918/11688/1583
f 10918/11688/1583 10919/11689/1584 10920/11690/1585 10921/11691/1586
f 10917/11687/1582 10918/11688/1583 10921/11691/1586 10922/11692/1587
f 10916/11686/1581 10917/11687/1582 10922/11692/1587 10923/11693/1588
f 10915/11685/1580 10916/11686/1581 10923/11693/1588 10924/11694/1589
f 10914/11684/1579 10915/11685/1580 10924/11694/1589 10925/11695/1590
f 10913/11683/1578 10914/11684/1579 10925/11695/1590 10926/11696/1591
f 10912/11682/1577 10913/11683/1578 10926/11696/1591 10927/11697/1592
f 10911/11681/1576 10912/11682/1577 10927/11697/1592 10928/11698/1593
f 10910/11680/1575 10911/11681/1576 10928/11698/1593 10929/11699/1594
f 10909/11679/1574 10910/11680/1575 10929/11699/1594 10930/11700/1595
f 10908/11678/1573 10909/11679/1574 10930/11700/1595 10931/11701/1596
f 10907/11677/1572 10908/11678/1573 10931/11701/1596 10932/11702/1597
f 10906/11676/1571 10907/11677/1572 10932/11702/1597 10933/11703/1598
f 10905/11675/1570 10906/11676/1571 10933/11703/1598 10934/11704/1599
f 10904/11674/1569 10905/11675/1570 10934/11704/1599 10935/11705/1600
f 10903/11673/1568 10904/11674/1569 10935/11705/1600 10936/11706/1601
f 10698/11385/1280 10903/11673/1568 10936/11706/1601
f 10698/11385/1280 10936/11706/1601 10937/11707/1602
f 10936/11706/1601 10935/11705/1600 10938/11708/1603 10937/11707/1602
f 10935/11705/1600 10934/11704/1599 10939/11709/1604 10938/11708/1603
f 10934/11704/1599 10933/11703/1598 10940/11710/1605 10939/11709/1604
f 10933/11703/1598 10932/11702/1597 10941/11711/1606 10940/11710/1605
f 10932/11702/1597 10931/11701/1596 10942/11712/1607 10941/11711/1606
f 10931/11701/1596 10930/11700/1595 10943/11713/1608 10942/11712/1607
f 10930/11700/1595 10929/11699/1594 10944/11714/1609 10943/11713/1608
f 10929/11699/1594 10928/11698/1593 10945/11715/1610 10944/11714/1609
f 10928/11698/1593 10927/11697/1592 10946/11716/1611 10945/11715/1610
f 10927/11697/1592 10926/11696/1591 10947/11717/1612 10946/11716/1611
f 10926/11696/1591 10925/11695/1590 10948/11718/1613 10947/11717/1612
f 10925/11695/1590 10924/11694/1589 10949/11719/1614 10948/11718/1613
f 10924/11694/1589 10923/11693/1588 10950/11720/1615 10949/11719/1614
f 10923/11693/1588 10922/11692/1587 10951/11721/1616 10950/11720/1615
f 10922/11692/1587 10921/11691/1586 10952/11722/1617 10951/11721/1616
f 10921/11691/1586 10920/11690/1585 10953/11723/1618 10952/11722/1617
f 10952/11722/1617 10953/11723/1618 10954/11724/1619 10955/11725/1620
f 10951/11721/1616 10952/11722/1617 10955/11725/1620 10956/11726/1621
f 10950/11720/1615 10951/11721/1616 10956/11726/1621 10957/11727/1622
f 10949/11719/1614 10950/11720/1615 10957/11727/1622 10958/11728/1623
f 10948/11718/1613 10949/11719/1614 10958/11728/1623 10959/11729/1624
f 10947/11717/1612 10948/11718/1613 10959/11729/1624 10960/11730/1625
f 10946/11716/1611 10947/11717/1612 10960/11730/1625 10961/11731/1626
f 10945/11715/1610 10946/11716/1611 10961/11731/1626 10962/11732/1627
f 10944/11714/1609 10945/11715/1610 10962/11732/1627 10963/11733/1628
f 10943/11713/1608 10944/11714/1609 10963/11733/1628 10964/11734/1629
f 10942/11712/1607 10943/11713/1608 10964/11734/1629 10965/11735/1630
f 10941/11711/1606 10942/11712/1607 10965/11735/1630 10966/11736/1631
f 10940/11710/1605 10941/11711/1606 10966/11736/1631 10967/11737/1632
f 10939/11709/1604 10940/11710/1605 10967/11737/1632 10968/11738/1633
f 10938/11708/1603 10939/11709/1604 10968/11738/1633 10969/11739/1634
f 10937/11707/1602 10938/11708/1603 10969/11739/1634 10970/11740/1635
f 10698/11385/1280 10937/11707/1602 10970/11740/1635
f 10698/11385/1280 10970/11740/1635 10971/11741/1636
f 10970/11740/1635 10969/11739/1634 10972/11742/1637 10971/11741/1636
f 10969/11739/1634 10968/11738/1633 10973/11743/1638 10972/11742/1637
f 10968/11738/1633 10967/11737/1632 10974/11744/1639 10973/11743/1638
f 10967/11737/1632 10966/11736/1631 10975/11745/1640 10974/11744/1639
f 10966/11736/1631 10965/11735/1630 10976/11746/1641 10975/11745/1640
f 10965/11735/1630 10964/11734/1629 10977/11747/1642 10976/11746/1641
f 10964/11734/1629 10963/11733/1628 10978/11748/1643 10977/11747/1642
f 10963/11733/1628 10962/11732/1627 10979/11749/1644 10978/11748/1643
f 10962/11732/1627 10961/11731/1626 10980/11750/1645 10979/11749/1644
f 10961/11731/1626 10960/11730/1625 10981/11751/1646 10980/11750/1645
f 10960/11730/1625 10959/11729/1624 10982/11752/1647 10981/11751/1646
f 10959/11729/1624 10958/11728/1623 10983/11753/1648 10982/11752/1647
f 10958/11728/1623 10957/11727/1622 10984/11754/1649 10983/11753/1648
f 10957/11727/1622 10956/11726/1621 10985/11755/1650 10984/11754/1649
f 10956/11726/1621 10955/11725/1620 10986/11756/1651 10985/11755/1650
f 10955/11725/1620 10954/11724/1619 10987/11757/1652 10986/11756/1651
f 10986/11756/1651 10987/11757/1652 10988/11758/1653 10989/11759/1654
f 10985/11755/1650 10986/11756/1651 10989/11759/1654 10990/11760/1655
f 10984/11754/1649 10985/11755/1650 10990/11760/1655 10991/11761/1656
f 10983/11753/1648 10984/11754/1649 10991/11761/1656 10992/11762/1657
f 10982/11752/1647 10983/11753/1648 10992/11762/1657 10993/11763/1658
f 10981/11751/1646 10982/11752/1647 10993/11763/1658 10994/11764/1659
f 10980/11750/1645 10981/11751/1646 10994/11764/1659 10995/11765/1660
f 10979/11749/1644 10980/11750/1645 10995/11765/1660 10996/11766/1661
f 10978/11748/1643 10979/11749/1644 10996/11766/1661 10997/11767/1662
f 10977/11747/1642 10978/11748/1643 10997/11767/1662 10998/11768/1663
f 10976/11746/1641 10977/11747/1642 10998/11768/1663 10999/11769/1664
f 10975/11745/1640 10976/11746/1641 10999/11769/1664 11000/11770/1665
f 10974/11744/1639 10975/11745/1640 11000/11770/1665 11001/11771/1666
f 10973/11743/1638 10974/11744/1639 11001/11771/1666 11002/11772/1667
f 10972/11742/1637 10973/11743/1638 11002/11772/1667 11003/11773/1668
f 10971/11741/1636 10972/11742/1637 11003/11773/1668 11004/11774/1669
f 10698/11385/1280 10971/11741/1636 11004/11774/1669
f 10698/11385/1280 11004/11774/1669 11005/11775/1670
f 11004/11774/1669 11003/11773/1668 11006/11776/1671 11005/11775/1670
f 11003/11773/1668 11002/11772/1667 11007/11777/1672 11006/11776/1671
f 11002/11772/1667 11001/11771/1666 11008/11778/1673 11007/11777/1672
f 11001/11771/1666 11000/11770/1665 11009/11779/1674 11008/11778/1673
f 11000/11770/1665 10999/11769/1664 11010/11780/1675 11009/11779/1674
f 10999/11769/1664 10998/11768/1663 11011/11781/1676 11010/11780/1675
f 10998/11768/1663 10997/11767/1662 11012/11782/1677 11011/11781/1676
f 10997/11767/1662 10996/11766/1661 11013/11783/1678 11012/11782/1677
f 10996/11766/1661 10995/11765/1660 11014/11784/1679 11013/11783/1678
f 10995/11765/1660 10994/11764/1659 11015/11785/1680 11014/11784/1679
f 10994/11764/1659 10993/11763/1658 11016/11786/1681 11015/11785/1680
f 10993/11763/1658 10992/11762/1657 11017/11787/1682 11016/11786/1681
f 10992/11762/1657 10991/11761/1656 11018/11788/1683 11017/11787/1682
f 10991/11761/1656 10990/11760/1655 11019/11789/1684 11018/11788/1683
f 10990/11760/1655 10989/11759/1654 11020/11790/1685 11019/11789/1684
f 10989/11759/1654 10988/11758/1653 11021/11791/1686 11020/11790/1685
f 11020/11790/1685 11021/11791/1686 11022/11792/1687 11023/11793/1688
f 11019/11789/1684 11020/11790/1685 11023/11793/1688 11024/11794/1689
f 11018/11788/1683 11019/11789/1684 11024/11794/1689 11025/11795/1690
f 11017/11787/1682 11018/11788/1683 11025/11795/1690 11026/11796/1691
f 11016/11786/1681 11017/11787/1682 11026/11796/1691 11027/11797/1692
f 11015/11785/1680 11016/11786/1681 11027/11797/1692 11028/11798/1693
f 11014/11784/1679 11015/11785/1680 11028/11798/1693 11029/11799/1694
f 11013/11783/1678 11014/11784/1679 11029/11799/1694 11030/11800/1695
f 11012/11782/1677 11013/11783/1678 11030/11800/1695 11031/11801/1696
f 11011/11781/1676 11012/11782/1677 11031/11801/1696 11032/11802/1697
f 11010/11780/1675 11011/11781/1676 11032/11802/1697 11033/11803/1698
f 11009/11779/1674 11010/11780/1675 11033/11803/1698 11034/11804/1699
f 11008/11778/1673 11009/11779/1674 11034/11804/1699 11035/11805/1700
f 11007/11777/1672 11008/11778/1673 11035/11805/1700 11036/11806/1701
f 11006/11776/1671 11007/11777/1672 11036/11806/1701 11037/11807/1702
f 11005/11775/1670 11006/11776/1671 11037/11807/1702 11038/11808/1703
f 10698/11385/1280 11005/11775/1670 11038/11808/1703
f 10698/11385/1280 11038/11808/1703 11039/11809/1704
f 11038/11808/1703 11037/11807/1702 11040/11810/1705 11039/11809/1704
f 11037/11807/1702 11036/11806/1701 11041/11811/1706 11040/11810/1705
f 11036/11806/1701 11035/11805/1700 11042/11812/1707 11041/11811/1706
f 11035/11805/1700 11034/11804/1699 11043/11813/1708 11042/11812/1707
f 11034/11804/1699 11033/11803/1698 11044/11814/1709 11043/11813/1708
f 11033/11803/1698 11032/11802/1697 11045/11815/1710 11044/11814/1709
f 11032/11802/1697 11031/11801/1696 11046/11816/1711 11045/11815/1710
f 11031/11801/1696 11030/11800/1695 11047/11817/1712 11046/11816/1711
f 11030/11800/1695 11029/11799/1694 11048/11818/1713 11047/11817/1712
f 11029/11799/1694 11028/11798/1693 11049/11819/1714 11048/11818/1713
f 11028/11798/1693 11027/11797/1692 11050/11820/1715 11049/11819/1714
f 11027/11797/1692 11026/11796/1691 11051/11821/1716 11050/11820/1715
f 11026/11796/1691 11025/11795/1690 11052/11822/1717 11051/11821/1716
f 11025/11795/1690 11024/11794/1689 11053/11823/1718 11052/11822/1717
f 11024/11794/1689 11023/11793/1688 11054/11824/1719 11053/11823/1718
f 11023/11793/1688 11022/11792/1687 11055/11825/1720 11054/11824/1719
f 11054/11824/1719 11055/11825/1720 11056/11826/1721 11057/11827/1722
f 11053/11823/1718 11054/11824/1719 11057/11827/1722 11058/11828/1723
f 11052/11822/1717 11053/11823/1718 11058/11828/1723 11059/11829/1724
f 11051/11821/1716 11052/11822/1717 11059/11829/1724 11060/11830/1725
f 11050/11820/1715 11051/11821/1716 11060/11830/1725 11061/11831/1726
f 11049/11819/1714 11050/11820/1715 11061/11831/1726 11062/11832/1727
f 11048/11818/1713 11049/11819/1714 11062/11832/1727 11063/11833/1728
f 11047/11817/1712 11048/11818/1713 11063/11833/1728 11064/11834/1729
f 11046/11816/1711 11047/11817/1712 11064/11834/1729 11065/11835/1730
f 11045/11815/1710 11046/11816/1711 11065/11835/1730 11066/11836/1731
f 11044/11814/1709 11045/11815/1710 11066/11836/1731 11067/11837/1732
f 11043/11813/1708 11044/11814/1709 11067/11837/1732 11068/11838/1733
f 11042/11812/1707 11043/11813/1708 11068/11838/1733 11069/11839/1734
f 11041/11811/1706 11042/11812/1707 11069/11839/1734 11070/11840/1735
f 11040/11810/1705 11041/11811/1706 11070/11840/1735 11071/11841/1736
f 11039/11809/1704 11040/11810/1705 11071/11841/1736 11072/11842/1737
f 10698/11385/1280 11039/11809/1704 11072/11842/1737
f 10698/11385/1280 11072/11842/1737 11073/11843/1738
f 11072/11842/1737 11071/11841/1736 11074/11844/1739 11073/11843/1738
f 11071/11841/1736 11070/11840/1735 11075/11845/1740 11074/11844/1739
f 11070/11840/1735 11069/11839/1734 11076/11846/1741 11075/11845/1740
f 11069/11839/1734 11068/11838/1733 11077/11847/1742 11076/11846/1741
f 11068/11838/1733 11067/11837/1732 11078/11848/1743 11077/11847/1742
f 11067/11837/1732 11066/11836/1731 11079/11849/1744 11078/11848/1743
f 11066/11836/1731 11065/11835/1730 11080/11850/1745 11079/11849/1744
f 11065/11835/1730 11064/11834/1729 11081/11851/1746 11080/11850/1745
f 11064/11834/1729 11063/11833/1728 11082/11852/1747 11081/11851/1746
f 11063/11833/1728 11062/11832/1727 11083/11853/1748 11082/11852/1747
f 11062/11832/1727 11061/11831/1726 11084/11854/1749 11083/11853/1748
f 11061/11831/1726 11060/11830/1725 11085/11855/1750 11084/11854/1749
f 11060/11830/1725 11059/11829/1724 11086/11856/1751 11085/11855/1750
f 11059/11829/1724 11058/11828/1723 11087/11857/1752 11086/11856/1751
f 11058/11828/1723 11057/11827/1722 11088/11858/1753 11087/11857/1752
f 11057/11827/1722 11056/11826/1721 11089/11859/1754 11088/11858/1753
f 11088/11858/1753 11089/11859/1754 11090/11860/1755 11091/11861/1756
f 11087/11857/1752 11088/11858/1753 11091/11861/1756 11092/11862/1757
f 11086/11856/1751 11087/11857/1752 11092/11862/1757 11093/11863/1758
f 11085/11855/1750 11086/11856/1751 11093/11863/1758 11094/11864/1759
f 11084/11854/1749 11085/11855/1750 11094/11864/1759 11095/11865/1760
f 11083/11853/1748 11084/11854/1749 11095/11865/1760 11096/11866/1761
f 11082/11852/1747 11083/11853/1748 11096/11866/1761 11097/11867/1762
f 11081/11851/1746 11082/11852/1747 11097/11867/1762 11098/11868/1763
f 11080/11850/1745 11081/11851/1746 11098/11868/1763 11099/11869/1764
f 11079/11849/1744 11080/11850/1745 11099/11869/1764 11100/11870/1765
f 11078/11848/1743 11079/11849/1744 11100/11870/1765 11101/11871/1766
f 11077/11847/1742 11078/11848/1743 11101/11871/1766 11102/11872/1767
f 11076/11846/1741 11077/11847/1742 11102/11872/1767 11103/11873/1768
f 11075/11845/1740 11076/11846/1741 11103/11873/1768 11104/11874/1769
f 11074/11844/1739 11075/11845/1740 11104/11874/1769 11105/11875/1770
f 11073/11843/1738 11074/11844/1739 11105/11875/1770 11106/11876/1771
f 10698/11385/1280 11073/11843/1738 11106/11876/1771
f 10698/11385/1280 11106/11876/1771 11107/11877/1772
f 11106/11876/1771 11105/11875/1770 11108/11878/1773 11107/11877/1772
f 11105/11875/1770 11104/11874/1769 11109/11879/1774 11108/11878/1773
f 11104/11874/1769 11103/11873/1768 11110/11880/1775 11109/11879/1774
f 11103/11873/1768 11102/11872/1767 11111/11881/1776 11110/11880/1775
f 11102/11872/1767 11101/11871/1766 11112/11882/1777 11111/11881/1776
f 11101/11871/1766 11100/11870/1765 11113/11883/1778 11112/11882/1777
f 11100/11870/1765 11099/11869/1764 11114/11884/1779 11113/11883/1778
f 11099/11869/1764 11098/11868/1763 11115/11885/1780 11114/11884/1779
f 11098/11868/1763 11097/11867/1762 11116/11886/1781 11115/11885/1780
f 11097/11867/1762 11096/11866/1761 11117/11887/1782 11116/11886/1781
f 11096/11866/1761 11095/11865/1760 11118/11888/1783 11117/11887/1782
f 11095/11865/1760 11094/11864/1759 11119/11889/1784 11118/11888/1783
f 11094/11864/1759 11093/11863/1758 11120/11890/1785 11119/11889/1784
f 11093/11863/1758 11092/11862/1757 11121/11891/1786 11120/11890/1785
f 11092/11862/1757 11091/11861/1756 11122/11892/1787 11121/11891/1786
f 11091/11861/1756 11090/11860/1755 11123/11893/1788 11122/11892/1787
f 11122/11892/1787 11123/11893/1788 11124/11894/1789 11125/11895/1790
f 11121/11891/1786 11122/11892/1787 11125/11895/1790 11126/11896/1791
f 11120/11890/1785 11121/11891/1786 11126/11896/1791 11127/11897/1792
f 11119/11889/1784 11120/11890/1785 11127/11897/1792 11128/11898/1793
f 11118/11888/1783 11119/11889/1784 11128/11898/1793 11129/11899/1794
f 11117/11887/1782 11118/11888/1783 11129/11899/1794 11130/11900/1795
f 11116/11886/1781 11117/11887/1782 11130/11900/1795 11131/11901/1796
f 11115/11885/1780 11116/11886/1781 11131/11901/1796 11132/11902/1797
f 11114/11884/1779 11115/11885/1780 11132/11902/1797 11133/11903/1798
f 11113/11883/1778 11114/11884/1779 11133/11903/1798 11134/11904/1799
f 11112/11882/1777 11113/11883/1778 11134/11904/1799 11135/11905/1800
f 11111/11881/1776 11112/11882/1777 11135/11905/1800 11136/11906/1801
f 11110/11880/1775 11111/11881/1776 11136/11906/1801 11137/11907/1802
f 11109/11879/1774 11110/11880/1775 11137/11907/1802 11138/11908/1803
f 11108/11878/1773 11109/11879/1774 11138/11908/1803 11139/11909/1804
f 11107/11877/1772 11108/11878/1773 11139/11909/1804 11140/11910/1805
f 10698/11385/1280 11107/11877/1772 11140/11910/1805
f 10698/11385/1280 11140/11910/1805 11141/11911/1806
f 11140/11910/1805 11139/11909/1804 11142/11912/1807 11141/11911/1806
f 11139/11909/1804 11138/11908/1803 11143/11913/1808 11142/11912/1807
f 11138/11908/1803 11137/11907/1802 11144/11914/1809 11143/11913/1808
f 11137/11907/1802 11136/11906/1801 11145/11915/1810 11144/11914/1809
f 11136/11906/1801 11135/11905/1800 11146/11916/1811 11145/11915/1810
f 11135/11905/1800 11134/11904/1799 11147/11917/1812 11146/11916/1811
f 11134/11904/1799 11133/11903/1798 11148/11918/1813 11147/11917/1812
f 11133/11903/1798 11132/11902/1797 11149/11919/1814 11148/11918/1813
f 11132/11902/1797 11131/11901/1796 11150/11920/1815 11149/11919/1814
f 11131/11901/1796 11130/11900/1795 11151/11921/1816 11150/11920/1815
f 11130/11900/1795 11129/11899/1794 11152/11922/1817 11151/11921/1816
f 11129/11899/1794 11128/11898/1793 11153/11923/1818 11152/11922/1817
f 11128/11898/1793 11127/11897/1792 11154/11924/1819 11153/11923/1818
f 11127/11897/1792 11126/11896/1791 11155/11925/1820 11154/11924/1819
f 11126/11896/1791 11125/11895/1790 11156/11926/1821 11155/11925/1820
f 11125/11895/1790 11124/11894/1789 11157/11927/1822 11156/11926/1821
f 11156/11926/1821 11157/11927/1822 11158/11416/1311 11159/11414/1309
f 11155/11925/1820 11156/11926/1821 11159/11414/1309 11160/11412/1307
f 11154/11924/1819 11155/11925/1820 11160/11412/1307 11161/11410/1305
f 11153/11923/1818 11154/11924/1819 11161/11410/1305 11162/11408/1303
f 11152/11922/1817 11153/11923/1818 11162/11408/1303 11163/11406/1301
f 11151/11921/1816 11152/11922/1817 11163/11406/1301 11164/11404/1299
f 11150/11920/1815 11151/11921/1816 11164/11404/1299 11165/11402/1297
f 11149/11919/1814 11150/11920/1815 11165/11402/1297 11166/11400/1295
f 11148/11918/1813 11149/11919/1814 11166/11400/1295 11167/11398/1293
f 11147/11917/1812 11148/11918/1813 11167/11398/1293 11168/11396/1291
f 11146/11916/1811 11147/11917/1812 11168/11396/1291 11169/11394/1289
f 11145/11915/1810 11146/11916/1811 11169/11394/1289 11170/11392/1287
f 11144/11914/1809 11145/11915/1810 11170/11392/1287 11171/11390/1285
f 11143/11913/1808 11144/11914/1809 11171/11390/1285 11172/11388/1283
f 11142/11912/1807 11143/11913/1808 11172/11388/1283 11173/11387/1282
f 11141/11911/1806 11142/11912/1807 11173/11387/1282 11174/11383/1278
f 10698/11385/1280 11141/11911/1806 11174/11383/1278
