# WaveFront *.obj file (generated by Cinema 4D)

mtllib ./Standing_Idle.mtl

v -12.03639507293701 162.892822265625 1.18881821632385
v -14.79831123352051 192.00555419921875 20.19547843933105
v -14.06839656829834 179.01858520507812 42.95206832885742
v -12.73111629486084 163.4124755859375 41.67496871948242
v -11.81419372558594 159.44621276855469 5.45613384246826
v -10.40836620330811 138.21736145019531 29.42486953735352
v -13.14293193817139 175.03829956054688 6.27546548843384
v -13.69554710388184 180.93809509277344 9.68583297729492
v -12.5120906829834 160.89842224121094 41.24545288085938
v -12.53043937683105 161.39187622070312 39.79700469970703
v -21.56873893737793 160.99522399902344 3.42904210090637
v -26.58979606628418 156.96324157714844 9.40825748443604
v -28.76867866516113 150.68499755859375 17.68122673034668
v -26.07852172851562 142.57781982421875 24.24773788452148
v -18.47903060913086 136.33404541015625 31.79849815368652
v -21.31927490234375 190.58126831054688 21.61426162719727
v -25.96518135070801 187.80122375488281 25.70216941833496
v -27.53211784362793 184.40687561035156 31.36319351196289
v -25.60022163391113 181.3077392578125 37.08046340942383
v -19.8978157043457 179.29594421386719 41.51757431030273
v -19.94136238098145 163.90863037109375 39.7758674621582
v -27.30049324035645 167.56915283203125 32.44681549072266
v -18.91833305358887 157.68260192871094 7.00880241394043
v -22.63258934020996 154.68153381347656 11.45039653778076
v -24.24476051330566 149.73373413085938 17.50808334350586
v -22.25738906860352 143.87001037597656 22.37901306152344
v -16.55443000793457 139.023193359375 27.89400672912598
v -19.63661575317383 151.79866027832031 36.69359588623047
v -27.08132171630859 156.78172302246094 28.91475486755371
v -29.50310516357422 162.66398620605469 22.05134201049805
v -27.50202178955078 168.46163940429688 14.16586017608643
v -21.85931396484375 172.90255737304688 8.31144237518311
v -19.99799156188965 158.93891906738281 38.84336090087891
v -27.29426765441895 162.8115234375 30.81571197509766
v -27.36884689331055 165.39823913574219 31.76554679870605
v -29.58669853210449 169.6025390625 24.84850883483887
v -27.65934753417969 174.55503845214844 17.33440017700195
v -21.90412330627441 178.95454406738281 11.62063121795654
v -19.87555503845215 161.44522094726562 39.29795455932617
v -14.12454700469971 158.21600341796875 40.57356262207031
v -13.52412605285645 151.44354248046875 38.38145065307617
v -12.56483268737793 136.89630126953125 34.02156829833984
v -12.48223686218262 135.5069580078125 33.42675399780273
v -23.59864234924316 180.17495727539062 39.4506950378418
v -24.42754554748535 165.34745788574219 36.70674896240234
v -24.19391632080078 162.60238647460938 36.59154510498047
v -24.11822700500488 160.375 36.21435165405273
v -24.0971622467041 153.63412475585938 33.38538360595703
v -22.96537590026855 138.76466369628906 28.51932716369629
v -20.01229095458984 140.57760620117188 25.53179550170898
v -18.67972946166992 160.12437438964844 37.72885894775391
v -21.57906532287598 161.260009765625 35.43946838378906
v -19.0048885345459 161.8909912109375 38.31250381469727
v -22.1786994934082 163.21607971191406 35.37461090087891
v -12.07188701629639 139.22377014160156 31.29252052307129
v -13.75645446777344 159.51434326171875 38.7668571472168
v -13.02013111114502 152.28594970703125 36.61948394775391
v -22.04088592529297 162.32980346679688 35.01583862304688
v -24.35717582702637 161.53187561035156 36.22126007080078
v -13.9287805557251 177.37709045410156 42.88263320922852
v -19.76984977722168 177.68368530273438 41.39181137084961
v -23.4687671661377 178.62080383300781 39.20497131347656
v -25.51706123352051 179.86550903320312 36.61593246459961
v -27.43076133728027 183.0390625 30.75175666809082
v -25.867431640625 186.56025695800781 24.85448455810547
v -21.22277641296387 189.5029296875 20.55167579650879
v -14.69214534759521 190.96162414550781 19.07049179077148
v -18.62106895446777 159.64088439941406 37.36268997192383
v -21.64008712768555 160.93986511230469 34.99337768554688
v -12.58195304870605 161.96284484863281 40.00468063354492
v -19.00153732299805 162.45570373535156 38.54447174072266
v -22.3343448638916 163.56671142578125 35.25503158569336
v -12.3220100402832 139.00102233886719 31.07843589782715
v -14.03831386566162 159.27571105957031 38.48858261108398
v -13.61306381225586 152.28286743164062 36.47213363647461
v -22.31146812438965 162.33383178710938 34.49059677124023
v -11.89776420593262 160.30239868164062 6.16085577011108
v -18.74038696289062 158.58877563476562 7.61134004592896
v -22.55839157104492 155.55136108398438 12.13892936706543
v -24.14389419555664 150.52427673339844 18.27920341491699
v -22.11247634887695 144.64408874511719 23.161865234375
v -19.92284202575684 141.45602416992188 26.19768333435059
v -16.55215835571289 139.96315002441406 28.48859596252441
v -10.49792861938477 139.17137145996094 29.98898506164551
v -2.39157962799072 162.54878234863281 3.71734523773193
v 3.04700756072998 159.32594299316406 9.84196281433105
v 5.99572610855103 153.32115173339844 18.14799690246582
v 4.46708393096924 145.15507507324219 24.73880577087402
v -2.21619343757629 137.70619201660156 32.0599479675293
v -8.17955780029297 191.68992614746094 21.82550239562988
v -3.26648592948914 189.71640014648438 26.06708526611328
v -1.33459234237671 186.61726379394531 31.78435897827148
v -2.90152788162231 183.22291564941406 37.44537734985352
v -8.32503414154053 180.27238464355469 41.7036247253418
v -5.64897537231445 165.11454772949219 40.00563812255859
v 1.22311198711395 169.97579956054688 32.90537643432617
v -4.56823921203613 158.89337158203125 7.239501953125
v -0.54743558168411 156.54495239257812 11.80544948577881
v 1.67659640312195 151.92082214355469 17.9248046875
v 0.54510605335236 145.7939453125 22.74559783935547
v -4.43844699859619 140.04545593261719 28.08878898620605
v -3.82231378555298 153.13298034667969 36.94783401489258
v 2.92691016197205 159.31362915039062 29.39718246459961
v 4.54693698883057 165.53692626953125 22.59874725341797
v 1.85567247867584 170.93865966796875 14.63782978057861
v -4.26144027709961 174.38735961914062 8.5943546295166
v -4.73092555999756 160.22706604003906 39.08880233764648
v 2.065997838974 165.28877258300781 31.28772354125977
v 1.67586231231689 167.84886169433594 32.23248291015625
v 3.37773513793945 172.38388061523438 25.37846183776855
v 0.88884246349335 176.96376037597656 17.79335594177246
v -5.33668613433838 180.35240173339844 11.88697719573975
v -5.28591537475586 162.67620849609375 39.53250503540039
v -10.45247077941895 158.52583312988281 40.63259506225586
v -9.83966159820557 151.75442504882812 38.4406852722168
v -8.20890712738037 137.26383972167969 34.09159851074219
v -8.03857517242432 135.88188171386719 33.49819183349609
v -4.75968980789185 181.76446533203125 39.75355911254883
v -1.3715637922287 167.29278564453125 37.07740783691406
v -1.138258934021 164.54768371582031 36.96220016479492
v -0.82768630981445 162.34011840820312 36.58878326416016
v 0.37102881073952 155.69859313964844 33.77874755859375
v 1.90194642543793 140.86282348632812 28.91910743713379
v -1.21621835231781 142.16349792480469 25.83397102355957
v -6.19288492202759 161.17793273925781 37.92960357666016
v -3.45317482948303 162.78935241699219 35.73086929321289
v -6.18704605102539 162.97248840332031 38.51856994628906
v -3.18791961669922 164.81840515136719 35.67991638183594
v -8.99740600585938 139.48316955566406 31.34194755554199
v -10.97499179840088 159.7490234375 38.81157302856445
v -10.42114925384521 152.50523376464844 36.6612663269043
v -3.16380095481873 163.92253112792969 35.31931686401367
v -0.7862491607666 163.52064514160156 36.60020065307617
v -8.17703819274902 178.66181945800781 41.57818222045898
v -4.61948108673096 180.21119689941406 39.50800323486328
v -2.72705602645874 181.78839111328125 36.98231506347656
v -1.18582057952881 185.25344848632812 31.17368316650391
v -3.12787079811096 188.4788818359375 25.22005844116211
v -8.06009292602539 190.613525390625 20.76328468322754
v -6.15800952911377 160.69244384765625 37.56305313110352
v -3.32518100738525 162.48516845703125 35.28781509399414
v -6.29234790802002 163.52803039550781 38.74879455566406
v -3.08947348594666 165.19047546386719 35.56441879272461
v -8.70680141448975 139.30606079101562 31.13655662536621
v -10.64840507507324 159.56172180175781 38.5430793762207
v -9.8316822052002 152.6019287109375 36.53292465209961
v -2.88109564781189 163.97325134277344 34.80297088623047
v -4.7439398765564 159.75199890136719 7.92071676254272
v -0.78823131322861 157.38819885253906 12.48891830444336
v 1.42016994953156 152.68121337890625 18.69018173217773
v 0.24766176939011 146.53070068359375 23.52133750915527
v -1.47275757789612 143.01274108886719 26.49429702758789
v -4.61711740493774 140.97015380859375 28.68046951293945
v -14.39620685577393 184.84828186035156 32.746826171875
v -2.34869241714478 139.13558959960938 32.54156112670898
v 1.78217530250549 142.25106811523438 29.3933048248291
v 4.35288190841675 146.47442626953125 25.18317031860352
v 5.90954399108887 154.296630859375 18.50140571594238
v 2.95252466201782 160.52980041503906 10.28295516967773
v -2.53868627548218 163.66616821289062 4.1301064491272
v -12.13712978363037 164.00738525390625 1.60529386997223
v -21.62413215637207 162.12031555175781 3.84326887130737
v -26.70374298095703 158.06748962402344 9.81855964660645
v -28.87496948242188 151.84506225585938 18.09207725524902
v -26.20118713378906 143.89646911621094 24.69196701049805
v -23.09504127502441 140.15208435058594 28.99336433410645
v -18.6032829284668 137.76412963867188 32.28024291992188
v -8.73616123199463 139.653076171875 31.27740097045898
v -9.03456497192383 139.82304382324219 31.48078346252441
v -8.34713649749756 138.00146484375 33.8281135559082
v -2.67510724067688 139.84776306152344 32.1741828918457
v 1.33358097076416 142.7618408203125 28.91654396057129
v 3.81029462814331 146.90995788574219 25.04788208007812
v 5.31897020339966 154.42445373535156 18.57697296142578
v 2.46564888954163 160.42765808105469 10.6282377243042
v -2.85827159881592 163.33209228515625 5.09655523300171
v -12.12563323974609 163.67030334472656 2.65928840637207
v -21.27777862548828 161.6536865234375 5.41399240493774
v -26.02573776245117 158.00578308105469 10.3602123260498
v -28.11721420288086 152.05831909179688 18.1805362701416
v -25.73518371582031 144.41708374023438 24.5728931427002
v -22.73398590087891 140.81771850585938 28.74108505249023
v -18.38922119140625 138.52189636230469 31.92155647277832
v -12.54378032684326 137.64738464355469 33.76064682006836
v -12.09663581848145 139.56468200683594 31.43155479431152
v -12.3557071685791 139.34768676757812 31.21921157836914
v -3.19370079040527 181.65118408203125 36.61087799072266
v -5.01094722747803 180.12593078613281 39.05080032348633
v -8.41484928131104 178.63700866699219 41.04059600830078
v -13.92158222198486 177.404541015625 42.29077529907227
v -19.51421165466309 177.70051574707031 40.86215591430664
v -23.05415725708008 178.60356140136719 38.76072692871094
v -25.02240943908691 179.80941772460938 36.25994873046875
v -26.85315322875977 182.80928039550781 30.63781547546387
v -25.35640335083008 186.19435119628906 24.98262405395508
v -20.90887260437012 189.02824401855469 20.85247611999512
v -14.65299129486084 190.42866516113281 19.4321117401123
v -8.29948425292969 190.09214782714844 21.05519104003906
v -3.57420992851257 188.03219604492188 25.33280563354492
v -1.71284365653992 184.93046569824219 31.04198265075684
v -3.19125437736511 173.7093505859375 38.06410217285156
v -0.98529553413391 175.81349182128906 34.75812911987305
v 0.50155651569366 179.47271728515625 28.57835578918457
v -1.63362300395966 183.24324035644531 21.9699878692627
v -7.01489591598511 185.98536682128906 16.64775466918945
v -14.24073219299316 186.43028259277344 14.77321529388428
v -21.34603691101074 184.77619934082031 16.41736030578613
v -26.35902786254883 181.15705871582031 21.57249069213867
v -28.04224586486816 177.06436157226562 28.11947059631348
v -26.16145324707031 173.68928527832031 34.3533821105957
v -23.7408504486084 171.97550964355469 37.73373794555664
v -19.64942932128906 170.92921447753906 40.07317352294922
v -13.24799251556396 170.53312683105469 41.73703002929688
v -6.95355558395386 172.00041198730469 40.27727890014648
v -12.9843864440918 145.81527709960938 33.84566879272461
v -12.55838394165039 145.92532348632812 34.02551651000977
v -13.03395366668701 144.54547119140625 36.07104873657227
v -19.01291847229004 145.1602783203125 34.30757141113281
v -23.41557312011719 147.22590637207031 31.06323051452637
v -26.39524459838867 150.45387268066406 26.69856452941895
v -28.73428916931152 156.51226806640625 19.85193061828613
v -26.72551345825195 162.81404113769531 12.07912635803223
v -21.54973030090332 167.12043762207031 6.52002334594727
v -12.61546802520752 169.19660949707031 4.12468194961548
v -3.54104113578796 168.7020263671875 6.50275945663452
v 2.19902968406677 165.26345825195312 12.4491138458252
v 5.00882148742676 159.13179016113281 20.32384490966797
v 3.38160562515259 152.96626281738281 27.17727279663086
v 0.8523034453392 149.230224609375 31.34764289855957
v -3.24871063232422 146.4903564453125 34.56100463867188
v -9.09340000152588 144.87794494628906 36.1343994140625
v -9.727858543396 146.16413879394531 34.07102203369141
v -9.28392219543457 146.12750244140625 33.9051628112793
v -19.68669319152832 162.76631164550781 37.38521194458008
v -16.53608894348145 161.12910461425781 37.45438003540039
v -13.43809986114502 160.58595275878906 36.47081756591797
v -22.77320098876953 168.89753723144531 29.50939178466797
v -24.6255931854248 167.60078430175781 31.85054779052734
v -23.82916831970215 165.98368835449219 34.8039665222168
v -21.75030899047852 164.36720275878906 36.78961944580078
v -17.5543212890625 165.45611572265625 38.08060836791992
v -13.35988235473633 164.14883422851562 36.94472885131836
v -21.73759651184082 171.77088928222656 30.77268409729004
v -23.90749549865723 170.60441589355469 32.78609848022461
v -22.2083911895752 168.25509643554688 36.71641540527344
v -16.98237037658691 161.27931213378906 35.43719100952148
v -19.35775947570801 162.83340454101562 35.43677520751953
v -14.75844955444336 160.65989685058594 34.8074836730957
v -23.10059356689453 166.59359741210938 31.82675361633301
v -21.71437835693359 167.32496643066406 30.0079460144043
v -22.37626266479492 165.54287719726562 33.69886016845703
v -20.95734214782715 164.24482727050781 35.07184982299805
v -5.41353178024292 163.97059631347656 37.61467361450195
v -8.24594402313232 161.82856750488281 37.5876579284668
v -11.17421722412109 160.71641540527344 36.701904296875
v -3.14790654182434 170.55339050292969 29.82489776611328
v -1.18014788627625 169.57896423339844 32.22747039794922
v -1.78829181194305 167.84336853027344 35.15830612182617
v -3.62929916381836 165.89614868164062 37.0809440612793
v -7.98744010925293 166.2633056640625 38.23440933227539
v -11.86520385742188 164.27493286132812 36.96875762939453
v -4.6899847984314 173.20925903320312 31.04674911499023
v -2.42073464393616 172.41732788085938 33.13153076171875
v -3.82686161994934 169.8060302734375 37.01192474365234
v -7.76697874069214 162.05685424804688 35.58534240722656
v -5.68669652938843 163.98689270019531 35.65655899047852
v -9.83446788787842 161.07536315917969 34.88664245605469
v -2.51333856582642 168.33062744140625 32.1577262878418
v -3.94371056556702 168.82435607910156 30.29363632202148
v -3.11080455780029 167.16838073730469 34.00857925415039
v -4.33532428741455 165.64729309082031 35.33907318115234
v -20.11481475830078 161.40286254882812 35.07954406738281
v -19.73919486999512 164.33772277832031 36.43793106079102
v -18.56876373291016 163.32156372070312 36.56388854980469
v -17.51331520080566 161.78425598144531 36.25639724731445
v -17.07571601867676 160.50582885742188 35.57803344726562
v -17.47231864929199 159.697998046875 34.53176879882812
v -18.64301872253418 159.52262878417969 33.41694259643555
v -20.04632759094238 160.02589416503906 32.82084274291992
v -21.13790893554688 160.8836669921875 32.88686370849609
v -21.76102066040039 161.91166687011719 33.4536018371582
v -21.872314453125 163.01872253417969 34.31487274169922
v -21.48501014709473 164.01432800292969 35.24169540405273
v -20.72562217712402 164.55036926269531 35.99144744873047
v -19.29436302185059 166.67657470703125 36.63533020019531
v -17.23844146728516 165.23562622070312 36.85043334960938
v -15.36698150634766 162.89610290527344 36.32488250732422
v -14.5701732635498 160.89434814453125 35.22158432006836
v -15.13197612762451 159.60380554199219 33.59407806396484
v -17.08509063720703 159.35353088378906 31.85968589782715
v -19.47287940979004 160.28634643554688 30.97140693664551
v -21.2972412109375 161.66883850097656 31.15572357177734
v -22.35613059997559 163.13020324707031 32.11482620239258
v -22.62707138061523 164.65388488769531 33.45066070556641
v -22.10439872741699 166.07684326171875 34.83605575561523
v -20.93253517150879 166.89741516113281 35.94510650634766
v -18.40264320373535 169.53611755371094 33.77106857299805
v -16.08719253540039 168.42393493652344 34.02079772949219
v -14.09194469451904 166.66218566894531 33.6665153503418
v -13.22340679168701 165.00453186035156 32.74241256713867
v -13.76029300689697 163.92927551269531 31.3286247253418
v -15.66067314147949 163.70997619628906 29.8687801361084
v -18.05713844299316 164.44166564941406 29.12093925476074
v -20.08862686157227 165.61961364746094 29.30380249023438
v -21.39338684082031 166.87907409667969 30.14773941040039
v -21.86838531494141 168.10707092285156 31.25637245178223
v -21.47775268554688 169.1846923828125 32.34912872314453
v -20.27788352966309 169.76397705078125 33.19905853271484
v -4.68969392776489 162.704345703125 35.3275260925293
v -5.59479236602783 165.53114318847656 36.66532516479492
v -6.58188343048096 164.33294677734375 36.75659561157227
v -7.35454034805298 162.64138793945312 36.41971588134766
v -7.5499267578125 161.30955505371094 35.73117446899414
v -6.99041795730591 160.5823974609375 34.70028305053711
v -5.77190542221069 160.60861206054688 33.62386322021484
v -4.45442962646484 161.34144592285156 33.07150650024414
v -3.52462816238403 162.36976623535156 33.17002487182617
v -3.10093665122986 163.48609924316406 33.75359344482422
v -3.20420742034912 164.59382629394531 34.614990234375
v -3.78219604492188 165.50798034667969 35.52629852294922
v -4.6441855430603 165.9072265625 36.24998092651367
v -6.43119764328003 167.76188659667969 36.84212493896484
v -8.22249507904053 165.996337890625 36.99537658691406
v -9.65787124633789 163.3778076171875 36.41666412353516
v -10.07247829437256 161.27384948730469 35.29389190673828
v -9.25077533721924 160.10003662109375 33.68862533569336
v -7.22898578643799 160.18513488769531 32.01813888549805
v -5.004075050354 161.50712585449219 31.20401573181152
v -3.44390106201172 163.17518615722656 31.4427433013916
v -2.67593121528625 164.79069519042969 32.43121337890625
v -2.70683097839355 166.33464050292969 33.77091217041016
v -3.50442790985107 167.64619445800781 35.13507843017578
v -4.83198165893555 168.25587463378906 36.20394897460938
v -7.69744300842285 170.43936157226562 33.94317245483398
v -9.8006477355957 168.95436096191406 34.12186431884766
v -11.46024990081787 166.88423156738281 33.70882415771484
v -12.0088939666748 165.10700988769531 32.76193618774414
v -11.25462627410889 164.14068603515625 31.36890602111816
v -9.29875183105469 164.24674987792969 29.9710578918457
v -7.03608465194702 165.37156677246094 29.29812049865723
v -5.23750925064087 166.87266540527344 29.54255676269531
v -4.18976974487305 168.33061218261719 30.42431259155273
v -3.9628164768219 169.61782836914062 31.54423141479492
v -4.56312370300293 170.61184692382812 32.62105560302734
v -5.86958074569702 170.97966003417969 33.43069458007812
v -15.46285533905029 164.01646423339844 35.2032585144043
v -16.16557312011719 162.62211608886719 35.49195861816406
v -17.51859092712402 161.734375 34.85634231567383
v -19.02074813842773 161.48458862304688 33.92816925048828
v -20.17890930175781 161.84152221679688 33.05485916137695
v -20.73629188537598 162.81907653808594 32.48854827880859
v -21.03209114074707 164.57347106933594 32.32761001586914
v -21.09216499328613 166.24169921875 32.23506546020508
v -20.34195899963379 167.46714782714844 32.0385856628418
v -14.06457901000977 163.71980285644531 35.99568176269531
v -15.19481563568115 161.86463928222656 36.51999282836914
v -17.15332984924316 160.51840209960938 35.76099395751953
v -19.50200843811035 160.11604309082031 34.63958740234375
v -21.38430213928223 160.62969970703125 33.57379531860352
v -22.15032577514648 162.0906982421875 32.74522399902344
v -22.4285831451416 164.70686340332031 32.47902679443359
v -22.45759391784668 167.09390258789062 32.24259185791016
v -21.3443775177002 169.01359558105469 31.75615119934082
v -13.21282386779785 163.23782348632812 35.63661575317383
v -14.53026390075684 161.03096008300781 36.14885711669922
v -16.81316375732422 159.56283569335938 35.32787704467773
v -19.68508148193359 159.22749328613281 34.48163986206055
v -22.06616401672363 159.86727905273438 33.62819290161133
v -23.06702423095703 161.56773376464844 32.88368606567383
v -23.31838226318359 164.6666259765625 32.55558395385742
v -23.22855377197266 167.35850524902344 32.10675430297852
v -21.79380226135254 169.61758422851562 31.31261444091797
v -13.39108753204346 162.59938049316406 33.83709716796875
v -14.58132171630859 160.30082702636719 34.33506774902344
v -16.8325138092041 158.98564147949219 33.65250015258789
v -19.69262504577637 158.79734802246094 33.20317840576172
v -22.07876586914062 159.56031799316406 32.7111701965332
v -23.12998962402344 161.3345947265625 32.19045257568359
v -23.40973854064941 164.31513977050781 31.84409713745117
v -23.26631355285645 166.86727905273438 31.25154113769531
v -21.80558586120605 169.07154846191406 30.43814659118652
v -14.63393878936768 162.19035339355469 31.33819961547852
v -15.55626106262207 160.13809204101562 31.62710762023926
v -17.42884635925293 159.04678344726562 31.32514762878418
v -19.76279258728027 158.93731689453125 31.13930130004883
v -21.72969627380371 159.71759033203125 30.96596908569336
v -22.6751880645752 161.39933776855469 30.7633228302002
v -22.96397590637207 163.80323791503906 30.51061248779297
v -22.76579856872559 165.83078002929688 29.8600959777832
v -21.50890922546387 167.53173828125 29.13923263549805
v -9.71527576446533 164.50140380859375 35.29566192626953
v -8.79849338531494 163.24369812011719 35.61039352416992
v -7.29629898071289 162.59686279296875 35.02068328857422
v -5.74467658996582 162.604736328125 34.1416015625
v -4.63539743423462 163.15299987792969 33.30474472045898
v -4.23185396194458 164.21162414550781 32.75388336181641
v -4.22913408279419 165.9912109375 32.59774398803711
v -4.44643306732178 167.64616394042969 32.50267028808594
v -5.3846583366394 168.72915649414062 32.27904510498047
v -11.06867027282715 163.97257995605469 36.04384613037109
v -9.66066551208496 162.32247924804688 36.63824844360352
v -7.48139667510986 161.33445739746094 35.91648483276367
v -5.06392669677734 161.33424377441406 34.87170028686523
v -3.26122665405273 162.1588134765625 33.86515045166016
v -2.72471189498901 163.72970581054688 33.05752182006836
v -2.88027572631836 166.35623168945312 32.79329681396484
v -3.24400019645691 168.71502685546875 32.55147933959961
v -4.64695596694946 170.42242431640625 32.02458572387695
v -11.81575298309326 163.35569763183594 35.65907669067383
v -10.16332340240479 161.36988830566406 36.31402206420898
v -7.64268636703491 160.33659362792969 35.47530746459961
v -4.72964811325073 160.48933410644531 34.72206878662109
v -2.46337413787842 161.52125549316406 33.94333648681641
v -1.73825716972351 163.36734008789062 33.22658157348633
v -1.99921059608459 166.46540832519531 32.89831924438477
v -2.52432179450989 169.10540771484375 32.43960571289062
v -4.29113340377808 171.0943603515625 31.59399604797363
v -11.47571659088135 162.760986328125 33.86788940429688
v -9.93377494812012 160.69296264648438 34.40978240966797
v -7.47345924377441 159.77529907226562 33.80296325683594
v -4.60935878753662 160.06999206542969 33.44566345214844
v -2.37026691436768 161.22320556640625 33.02801513671875
v -1.61503386497498 163.14988708496094 32.53633880615234
v -1.82760453224182 166.13609313964844 32.19105911254883
v -2.37752962112427 168.62974548339844 31.58736038208008
v -4.16014289855957 170.56036376953125 30.72182464599609
v -10.10279273986816 162.57266235351562 31.41104316711426
v -8.85942363739014 160.70314025878906 31.73476982116699
v -6.82181978225708 159.94174194335938 31.49567222595215
v -4.49778890609741 160.22528076171875 31.38471031188965
v -2.68486666679382 161.32447814941406 31.27214431762695
v -2.02846956253052 163.14138793945312 31.09524917602539
v -2.13852715492249 165.56036376953125 30.84541320800781
v -2.65267467498779 167.52780151367188 30.18344497680664
v -4.15307855606079 168.99610900878906 29.41825485229492
v -14.75798034667969 163.803466796875 33.97223663330078
v -16.25015449523926 160.80403137207031 34.61819458007812
v -19.49031448364258 160.19871520996094 32.64120864868164
v -20.99935340881348 162.58760070800781 31.36824798583984
v -20.80298614501953 166.29820251464844 31.04954147338867
v -13.19540405273438 165.14483642578125 33.45344543457031
v -12.98677444458008 162.61520385742188 35.58342361450195
v -14.31360244750977 160.40093994140625 36.31105422973633
v -16.6158447265625 158.85379028320312 35.30767822265625
v -20.50129318237305 158.85635375976562 33.70528411865234
v -22.57286262512207 160.26884460449219 32.37795257568359
v -22.81390380859375 163.77496337890625 31.45160293579102
v -22.84799003601074 166.57957458496094 31.17380905151367
v -21.54003715515137 168.8350830078125 30.60227394104004
v -12.2787971496582 165.25079345703125 32.84365081787109
v -11.98602199554443 162.0489501953125 35.16155624389648
v -13.53279781341553 159.42141723632812 35.8749885559082
v -16.21617698669434 157.73109436035156 34.79880523681641
v -20.98928451538086 157.71293640136719 33.30316925048828
v -23.56402969360352 160.08670043945312 31.92705154418945
v -23.8593578338623 163.72769165039062 31.54154968261719
v -23.75381660461426 166.89047241210938 31.01420974731445
v -22.06808090209961 169.54473876953125 30.08115005493164
v -12.68395328521729 164.66714477539062 31.24105834960938
v -12.19546890258789 161.29881286621094 33.0472412109375
v -13.59391212463379 158.59817504882812 33.63232040405273
v -16.23891067504883 157.05293273925781 32.83035659790039
v -21.00111961364746 157.27992248535156 32.01339721679688
v -23.63801002502441 159.81277465820312 31.11255264282227
v -23.96669387817383 163.31471252441406 30.70560073852539
v -23.79817962646484 166.31327819824219 30.00938606262207
v -22.0819263458252 168.90316772460938 29.0537109375
v -14.12101936340332 163.68951416015625 29.05673027038574
v -13.65573596954346 160.81825256347656 30.11121559143066
v -14.73940086364746 158.406982421875 30.45065689086914
v -16.93955993652344 157.12477111816406 30.09588432312012
v -19.96649551391602 158.30882263183594 27.4272632598877
v -22.00265502929688 160.49589538574219 27.12187194824219
v -22.30749320983887 163.03340148925781 26.85511779785156
v -23.21011352539062 165.09548950195312 28.37454223632812
v -21.73335266113281 167.093994140625 27.5275764465332
v -10.33485698699951 164.17666625976562 34.0433464050293
v -8.38271427154541 161.46783447265625 34.74467849731445
v -5.02551126480103 161.41915893554688 32.87375259399414
v -3.8981146812439 164.03050231933594 31.6431770324707
v -4.7030029296875 167.6566162109375 31.30837249755859
v -12.08268356323242 165.23872375488281 33.47133255004883
v -11.93249797821045 162.70416259765625 35.60037231445312
v -10.27741241455078 160.74150085449219 36.37594223022461
v -7.71769857406616 159.60456848144531 35.45073318481445
v -3.76712679862976 160.085205078125 34.08192825317383
v -1.96656858921051 162.07794189453125 32.84983444213867
v -2.31169986724854 165.50482177734375 31.78120613098145
v -2.73905229568481 168.2762451171875 31.49709129333496
v -4.38742780685425 170.28230285644531 30.87802696228027
v -12.98414993286133 165.19126892089844 32.83230972290039
v -12.81027126312256 161.97940063476562 35.1483039855957
v -10.86877822875977 159.64619445800781 35.91781616210938
v -7.90720462799072 158.43214416503906 34.9323844909668
v -3.15322971343994 159.21783447265625 33.58991241455078
v -0.96990722417831 161.99305725097656 32.29028701782227
v -1.27650833129883 165.63308715820312 31.90460395812988
v -1.89347732067108 168.73492431640625 31.36564826965332
v -3.96936178207397 171.07179260253906 30.37211418151855
v -12.43600845336914 164.68806457519531 31.24504470825195
v -12.41075038909912 161.2806396484375 33.04378128051758
v -10.59907531738281 158.85086059570312 33.68046569824219
v -7.70837545394897 157.77268981933594 32.96749877929688
v -3.02786445617676 158.79638671875 32.30234146118164
v -0.82512766122818 161.73759460449219 31.47930335998535
v -1.07488465309143 165.24618530273438 31.07362174987793
v -1.72100698947906 168.176025390625 30.36430931091309
v -3.81545829772949 170.44438171386719 29.34737205505371
v -10.78650856018066 163.97085571289062 29.11033630371094
v -10.79766273498535 161.05940246582031 30.15716361999512
v -9.33678722381592 158.86282348632812 30.53751182556152
v -6.94274473190308 157.96824645996094 30.2565975189209
v -4.07331228256226 159.64979553222656 27.68276977539062
v -2.42358756065369 162.14785766601562 27.4366340637207
v -2.5397617816925 164.70127868652344 27.17291259765625
v -2.04428458213806 166.88133239746094 28.71481513977051
v -3.80715489387512 168.60649108886719 27.81576728820801
v -2.985271692276 83.65713500976562 19.47294807434082
v -10.44634246826172 92.95690155029297 19.94518852233887
v -11.13983154296875 92.23590087890625 23.2585563659668
v -2.23770141601562 84.54071044921875 21.73452758789062
v -7.47470092773438 94.28872680664062 21.61355972290039
v -8.39770984649658 93.51795959472656 24.3763427734375
v 0.51316970586777 85.35829162597656 22.00422859191895
v -0.13343919813633 84.43227386474609 20.05750274658203
v -9.85237693786621 91.89990997314453 19.8806324005127
v -10.29142951965332 91.13894653320312 21.8878288269043
v -3.44665956497192 85.11076354980469 21.06016540527344
v -3.54712390899658 85.10010528564453 19.27655982971191
v -6.89773464202881 93.21355438232422 21.58827209472656
v -7.25830507278442 92.66311645507812 23.32741928100586
v -0.59756076335907 86.19294738769531 21.79242706298828
v -0.83948123455048 85.89361572265625 19.93069839477539
v -3.83612847328186 84.84695434570312 22.40994834899902
v -1.18745374679565 85.69713592529297 23.08125686645508
v -26.9577693939209 91.01297760009766 8.77845764160156
v -17.43608283996582 91.67707824707031 19.95869064331055
v -14.5040864944458 92.24371337890625 21.33519744873047
v -8.29680252075195 77.14614868164062 18.54720878601074
v -12.47050857543945 75.41091156005859 16.63603591918945
v -21.29648971557617 75.09999084472656 5.47926807403564
v -24.35091209411621 92.29111480712891 6.84194564819336
v -16.1006031036377 92.57669067382812 18.08840179443359
v -10.93911933898926 76.21559143066406 15.11692714691162
v -17.942138671875 76.69029998779297 3.665278673172
v -24.32758331298828 87.97686767578125 10.39511013031006
v -13.50638866424561 78.52791595458984 17.06012153625488
v -20.68305587768555 77.79380798339844 8.39824390411377
v -14.86465835571289 89.47698211669922 19.82715797424316
v -12.25734043121338 79.11632537841797 18.23022651672363
v -22.62233734130859 88.87068939208984 9.34965133666992
v -18.43181037902832 79.38431549072266 5.70205402374268
v -23.34079360961914 84.48139953613281 9.88278484344482
v -21.90384292602539 85.20852661132812 8.67723083496094
v -22.55815505981445 82.41546630859375 9.51256084442139
v -20.98932647705078 83.35835266113281 8.22327995300293
v -19.87011337280273 83.14488983154297 10.62824440002441
v -20.43193435668945 85.09279632568359 10.89115047454834
v -23.47783660888672 82.11019897460938 9.25124073028564
v -24.22770690917969 84.03377532958984 9.60827159881592
v -22.39547348022461 84.12039947509766 11.65637874603271
v -21.65785598754883 82.20317840576172 11.26093101501465
v -23.82078552246094 82.2821044921875 8.4313497543335
v -24.56710052490234 84.19850158691406 8.81642627716064
v -11.99892997741699 79.82516479492188 16.3012809753418
v -16.32598114013672 88.59979248046875 19.39719200134277
v -14.74796295166016 89.65156555175781 17.92367935180664
v -7.20954704284668 77.72926330566406 17.00202369689941
v -13.44160175323486 92.93679809570312 19.62220191955566
v -13.1533727645874 89.72300720214844 20.88164520263672
v -11.80930042266846 90.32247924804688 19.62241363525391
v -9.07401943206787 79.82951354980469 18.92114067077637
v -7.85176229476929 80.08383178710938 17.80371856689453
v -16.05612182617188 91.94377136230469 20.60655403137207
v -10.81850624084473 76.04335784912109 17.56247138977051
v -36.1639518737793 140.623046875 2.7937126159668
v -30.89110946655273 140.63185119628906 4.59621906280518
v -33.43616485595703 133.50736999511719 6.33478832244873
v -25.04984283447266 153.13175964355469 -6.00328350067139
v -27.50176429748535 150.54646301269531 0.89101845026016
v -34.54942321777344 147.13381958007812 -2.44864106178284
v -31.93843269348145 149.98841857910156 -8.46049308776855
v -33.36191177368164 116.07314300537109 -0.45388463139534
v -36.04282760620117 118.04216766357422 -0.45010805130005
v -37.55194473266602 123.46900939941406 2.77969145774841
v -34.67607879638672 121.20790863037109 3.42518305778503
v -29.11373138427734 114.59684753417969 -6.89079761505127
v -32.40068817138672 117.18857574462891 -4.02385330200195
v -23.99465370178223 120.701904296875 -12.79314804077148
v -26.31060409545898 121.72702789306641 -10.97342586517334
v -18.4550895690918 125.44385528564453 -17.94946098327637
v -22.63297653198242 127.05368041992188 -16.0792236328125
v -19.8817195892334 137.57379150390625 -18.12839698791504
v -23.57946395874023 136.75364685058594 -16.38880348205566
v -26.88935852050781 148.68301391601562 -14.74401664733887
v -23.99420547485352 143.94004821777344 -15.92947959899902
v -19.93936538696289 147.72976684570312 -12.00672054290771
v -22.05685615539551 151.6221923828125 -9.46270751953125
v -26.74197196960449 119.51881408691406 -9.37429809570312
v -22.82326698303223 124.92250061035156 -14.45592212677002
v -24.33945846557617 120.44918823242188 -17.84095764160156
v -27.90998840332031 115.35986328125 -13.21307945251465
v -29.37569046020508 130.60008239746094 -24.82669067382812
v -25.95998764038086 125.61949920654297 -21.76866340637207
v -23.1594181060791 133.80029296875 -17.83382225036621
v -26.56501388549805 139.07505798339844 -19.25299453735352
v -32.24355697631836 143.59565734863281 -20.03034591674805
v -34.73195266723633 134.13601684570312 -26.30529403686523
v -38.07977294921875 143.73847961425781 -15.84907245635986
v -41.13850021362305 134.50254821777344 -23.85387802124023
v -37.98292922973633 118.43358612060547 0.10713853687048
v -33.31233978271484 117.68270874023438 -3.62762236595154
v -33.60154342651367 113.94998168945312 -8.70394706726074
v -37.85139846801758 114.31655120849609 -6.77858114242554
v -42.33596420288086 117.92259979248047 -7.44781446456909
v -40.89371871948242 123.08698272705078 0.34481543302536
v -35.92470932006836 108.32330322265625 -14.27498435974121
v -31.82955551147461 107.50710296630859 -19.1344051361084
v -35.34320068359375 99.49100494384766 -19.50608253479004
v -36.98796081542969 103.43704986572266 -15.52029037475586
v -30.08836555480957 107.96784973144531 -24.7281608581543
v -36.0145263671875 96.71265411376953 -25.33135032653809
v -47.13628768920898 116.50369262695312 -17.32731437683105
v -44.22748947143555 113.2825927734375 -13.14700508117676
v -44.65131378173828 110.17459106445312 -14.91783142089844
v -48.87730407714844 112.65982818603516 -18.74162292480469
v -35.11290740966797 115.4898681640625 -33.07468032836914
v -32.03444671630859 111.43365478515625 -29.05179595947266
v -39.8746452331543 119.00624847412109 -34.65617752075195
v -44.42177581787109 121.42166900634766 -32.65559387207031
v -49.57690048217773 107.77773284912109 -35.79510116577148
v -46.94044494628906 104.62759399414062 -36.54698944091797
v -48.23481750488281 121.91270446777344 -28.61509704589844
v -49.51066207885742 120.11439514160156 -22.4034423828125
v -51.99108123779297 113.84203338623047 -25.30416297912598
v -51.82743072509766 112.07342529296875 -31.44994163513184
v -39.64041137695312 109.87116241455078 -12.33782386779785
v -40.22928619384766 106.58724975585938 -13.85051727294922
v -41.85681915283203 141.51512145996094 -9.88082408905029
v -42.72909545898438 134.85588073730469 -4.75189971923828
v -46.71688079833984 127.00041198730469 -14.41147899627686
v -45.70330810546875 131.94441223144531 -19.88083076477051
v -59.5142707824707 84.08870697021484 -26.33348274230957
v -56.85326385498047 83.16007995605469 -22.75608062744141
v -54.16342544555664 82.86653137207031 -25.29889297485352
v -57.18069076538086 84.41114044189453 -28.73257255554199
v -54.83765029907227 86.79411315917969 -13.46845245361328
v -53.22832107543945 84.79983520507812 -16.20174598693848
v -55.59460830688477 85.50997161865234 -16.84503746032715
v -56.38262176513672 87.81087493896484 -14.68373489379883
v -63.12276840209961 89.20329284667969 -30.25770950317383
v -63.26860046386719 87.75716400146484 -27.29593849182129
v -65.44229888916016 92.79096984863281 -27.09240341186523
v -64.96686553955078 90.50546264648438 -24.87225914001465
v -58.62569808959961 90.86111450195312 -11.43350601196289
v -59.54946517944336 89.95925140380859 -13.54403877258301
v -62.19410705566406 92.24729156494141 -13.9190559387207
v -62.39901733398438 93.96755218505859 -12.67937278747559
v -64.82601928710938 82.3626708984375 -10.14318943023682
v -66.83943939208984 80.68350219726562 -12.90551280975342
v -66.90697479248047 83.90278625488281 -4.86339664459229
v -62.99858474731445 80.45433044433594 -25.13765716552734
v -67.67487335205078 84.97320556640625 -25.3373966217041
v -69.87594604492188 82.57617950439453 -22.94485664367676
v -66.18091583251953 77.70997619628906 -22.83780670166016
v -71.08876800537109 86.08607482910156 -21.52289962768555
v -68.79783630371094 88.29594421386719 -23.40970039367676
v -68.56598663330078 91.67063140869141 -20.7045841217041
v -69.52118682861328 92.51329040527344 -16.20992279052734
v -63.59872436523438 91.89406585693359 -13.4661865234375
v -60.98260879516602 90.47404479980469 -11.90852928161621
v -63.3725471496582 89.98780059814453 -9.37934494018555
v -62.90323638916016 90.41160583496094 -9.10718631744385
v -62.56968688964844 76.91889190673828 -19.30036926269531
v -58.95675277709961 80.08640289306641 -20.99842643737793
v -61.86384201049805 79.9742431640625 -15.97005939483643
v -62.12216186523438 83.30136871337891 -13.32794094085693
v -58.43718338012695 84.72368621826172 -16.27380561828613
v -57.65892028808594 82.12059783935547 -18.41777801513672
v -58.53458404541016 84.94312286376953 -10.03017520904541
v -57.28461074829102 87.10884094238281 -12.45395183563232
v -70.33460998535156 77.04897308349609 0.7362374663353
v -69.63515472412109 78.15802764892578 3.22806787490845
v -67.24597930908203 76.77683258056641 4.59893321990967
v -65.70426177978516 73.99443054199219 1.2412576675415
v -64.09999084472656 80.92432403564453 2.6664617061615
v -62.71530151367188 77.7197265625 -0.68955427408218
v -65.48539733886719 78.3619384765625 -3.06316089630127
v -67.55709075927734 75.28091430664062 -1.1014769077301
v -68.23204803466797 81.17519378662109 -2.00909161567688
v -67.18202972412109 83.13908386230469 1.06463181972504
v -65.20092010498047 75.96322631835938 -7.09059619903564
v -62.9571533203125 74.78830718994141 -4.85548114776611
v -63.95581817626953 75.06581878662109 -4.42508363723755
v -66.24421691894531 76.40692138671875 -6.79290151596069
v -67.65943145751953 77.24177551269531 -0.87495684623718
v -67.86288452148438 77.79387664794922 -3.22424745559692
v -66.59850311279297 78.94405364990234 -4.94074964523315
v -64.85551452636719 78.39168548583984 -2.68281197547913
v -68.99291229248047 72.18886566162109 -8.04739379882812
v -65.77384185791016 73.15692138671875 -9.60257339477539
v -68.35263061523438 75.643798828125 -5.54967164993286
v -64.59207916259766 93.36479187011719 -18.02298164367676
v -65.45551300048828 95.92742919921875 -17.68169212341309
v -63.49446487426758 81.63262939453125 -4.80603647232056
v -65.47608184814453 92.52748870849609 -10.69004821777344
v -66.83232879638672 92.90332794189453 -16.37350273132324
v -40.78166580200195 99.45217895507812 -14.25187015533447
v -38.39666748046875 100.47621154785156 -13.76956844329834
v -36.46429443359375 96.7161865234375 -18.03667068481445
v -38.83314895629883 95.93694305419922 -17.89874458312988
v -52.59274291992188 110.12574768066406 -17.82408905029297
v -50.76840209960938 111.57414245605469 -18.13047409057617
v -46.71610260009766 108.89148712158203 -13.84413909912109
v -48.66258239746094 107.71053314208984 -13.61441612243652
v -55.48342895507812 110.78764343261719 -24.8358154296875
v -54.27804946899414 113.32465362548828 -25.37931060791016
v -42.26774215698242 104.95844268798828 -11.48320865631104
v -44.20002746582031 103.6171875 -11.79856872558594
v -51.64764404296875 106.19708251953125 -36.49327850341797
v -54.13154602050781 111.02589416503906 -31.70307159423828
v -55.15290069580078 108.16848754882812 -30.51468467712402
v -52.54454803466797 104.17294311523438 -35.22908020019531
v -49.0798454284668 103.01239776611328 -37.60805892944336
v -50.45072555541992 101.38477325439453 -36.06725311279297
v -45.30186080932617 96.75398254394531 -34.05126190185547
v -43.57618713378906 98.15290069580078 -35.28490829467773
v -42.2249870300293 100.38482666015625 -34.88471221923828
v -36.85807800292969 94.16059875488281 -25.11126136779785
v -44.88527679443359 122.19144439697266 -10.25873947143555
v -56.76194763183594 93.15488433837891 -11.84595108032227
v -60.6474723815918 96.37374114990234 -12.79902648925781
v -63.74567031860352 98.55809020996094 -17.71006202697754
v -61.12047958374023 92.13267517089844 -31.57311248779297
v -63.69754028320312 95.92611694335938 -27.95898056030273
v -54.54325866699219 87.51042175292969 -30.14091873168945
v -51.32837295532227 86.13072967529297 -26.37434577941895
v -52.8765983581543 89.13134002685547 -13.75738620758057
v -50.66788482666016 87.07813262939453 -17.45138740539551
v -67.48633575439453 72.73269653320312 -1.72099566459656
v -67.42415618896484 73.42857360839844 -1.98264908790588
v -72.69692230224609 68.00261688232422 -13.60531044006348
v -71.85974884033203 65.25311279296875 -12.28100109100342
v -69.30548095703125 65.90514373779297 -13.51051807403564
v -70.84555816650391 67.51488494873047 -13.94840145111084
v -73.89468383789062 78.95520782470703 -1.1765638589859
v -71.77292633056641 78.52890777587891 -2.54201889038086
v -71.98677062988281 73.844970703125 -8.1161060333252
v -71.30872344970703 76.6085205078125 -5.08573293685913
v -76.88404846191406 71.66359710693359 -6.47244882583618
v -76.29502105712891 75.65999603271484 -3.02216815948486
v -68.12738800048828 68.94798278808594 -4.8992657661438
v -72.07508850097656 69.82609558105469 -14.60478210449219
v -74.50778961181641 68.06069183349609 -14.35452175140381
v -66.30453491210938 87.71835327148438 -4.35895442962646
v -71.88375091552734 79.71212005615234 -7.34751892089844
v -71.61241912841797 82.47471618652344 -5.63179492950439
v -72.14622497558594 76.16622924804688 -10.70180797576904
v -76.8724365234375 77.69821929931641 -13.9923095703125
v -75.89504241943359 82.07123565673828 -10.3770580291748
v -72.36773681640625 70.9805908203125 -15.77908992767334
v -73.25034332275391 70.33577728271484 -17.03151321411133
v -68.31575775146484 75.80569458007812 -5.37458467483521
v -61.54793930053711 86.48182678222656 -2.86983013153076
v -59.79883575439453 83.15499877929688 -3.67254161834717
v -65.82289123535156 77.29689788818359 -14.21436786651611
v -72.23593902587891 73.64945220947266 -13.15014362335205
v -73.55828857421875 83.54879760742188 -6.13907909393311
v -63.47716903686523 71.38475036621094 -8.23498630523682
v -72.04172515869141 71.84136962890625 -11.31608486175537
v -71.08872222900391 70.14043426513672 -11.82559299468994
v -69.24765014648438 69.30886077880859 -12.13154888153076
v -68.09974670410156 67.92337799072266 -10.92753601074219
v -70.32881927490234 67.12123107910156 -9.13739776611328
v -75.73014831542969 69.57903289794922 -10.51612186431885
v -74.93226623535156 74.25559997558594 -16.06401252746582
v -38.18795013427734 97.51385498046875 -30.52959251403809
v -55.85666656494141 83.88118743896484 -20.19242668151855
v -52.59128952026367 82.78260040283203 -20.69092559814453
v -49.48456954956055 85.71408081054688 -22.07499694824219
v -39.35304641723633 95.19823455810547 -30.77287483215332
v -41.50918960571289 94.07778930664062 -29.61847305297852
v -39.04587936401367 93.32249450683594 -24.57062149047852
v -64.84632110595703 98.34151458740234 -23.42671203613281
v -66.41082763671875 95.46971130371094 -22.45959854125977
v -65.38294982910156 92.95085906982422 -22.00914764404297
v -41.60630798339844 129.00007629394531 -1.1464124917984
v -69.93498229980469 66.87467193603516 -8.56285190582275
v -66.03058624267578 68.93634796142578 -11.7586612701416
v -67.93557739257812 70.40138244628906 -11.91386413574219
v -70.84519958496094 70.23094177246094 -11.0118579864502
v -67.32117462158203 74.72997283935547 -17.7025203704834
v -67.71237182617188 90.36616516113281 -7.98038053512573
v -72.52610015869141 89.41110229492188 -13.79351425170898
v -74.21761322021484 83.07379913330078 -18.71967506408691
v -73.104248046875 79.76601409912109 -20.32846832275391
v -70.39263153076172 75.07418060302734 -20.53067588806152
v -68.46469116210938 69.03487396240234 -5.47975587844849
v -66.82196044921875 72.52277374267578 -9.64165019989014
v -64.67230987548828 71.28533172607422 -9.08577632904053
v -69.14500427246094 72.036865234375 -8.30211734771729
v -12.22349739074707 159.20082092285156 39.02536010742188
v -4.29529237747192 160.78627014160156 33.7652702331543
v -8.61180019378662 150.90164184570312 35.50501251220703
v -11.69446182250977 150.38949584960938 35.85397720336914
v -0.16406166553497 168.18501281738281 27.95991516113281
v -0.31281837821007 162.79603576660156 25.30615234375
v -12.85854434967041 169.2437744140625 38.50981521606445
v -1.3587908744812 174.19346618652344 31.42368507385254
v -5.41768312454224 170.8096923828125 36.95491409301758
v 0.82165157794952 155.83203125 16.93047714233398
v -1.47767210006714 150.32418823242188 21.01138114929199
v -4.84214162826538 155.26821899414062 23.9129524230957
v -2.30826282501221 159.89131164550781 19.83270835876465
v -5.16417026519775 145.02333068847656 21.7563362121582
v -8.34392166137695 140.54658508300781 29.03093528747559
v -12.24842643737793 141.57545471191406 22.19225883483887
v -11.26415252685547 139.7379150390625 28.53050231933594
v -14.51101970672607 150.40390014648438 35.41017150878906
v -24.12308120727539 160.78703308105469 24.92336082458496
v -20.13227844238281 159.45004272460938 33.51066589355469
v -25.25708389282227 166.06781005859375 27.5565071105957
v -25.19689750671387 172.18215942382812 31.04044914245605
v -20.80717849731445 169.51123046875 36.70751190185547
v -33.73979949951172 110.52077484130859 1.01734364032745
v -19.26168632507324 85.44927978515625 -12.43830871582031
v -21.47917556762695 81.05742645263672 -0.75269454717636
v -44.43323135375977 49.94377136230469 -1.82548725605011
v -44.14144134521484 54.4971923828125 -13.59940147399902
v -32.39250183105469 63.77458190917969 -15.32756328582764
v -32.87155151367188 63.64855194091797 -2.09589147567749
v -14.72923374176025 78.95573425292969 12.69864940643311
v -11.16642379760742 71.71461486816406 25.86328506469727
v -11.08675289154053 66.54167938232422 43.14624786376953
v -25.23420715332031 69.98037719726562 -15.43483638763428
v -26.73926544189453 70.26187896728516 -1.87134718894958
v -12.98823642730713 73.5540771484375 17.87448310852051
v -43.19808197021484 47.23646926879883 3.25608277320862
v -30.87013053894043 62.34584045410156 3.15449023246765
v -24.99158096313477 69.51125335693359 3.91623020172119
v -19.75674057006836 79.91759490966797 3.65772986412048
v -15.14038372039795 88.93275451660156 -16.75194549560547
v -6.64231443405151 93.77334594726562 -22.67596626281738
v 5.00022077560425 88.41339111328125 -24.40629577636719
v 10.03555011749268 45.94500732421875 11.56459140777588
v 5.83155393600464 88.37109375 23.08883476257324
v -1.32659709453583 84.42611694335938 20.61530876159668
v 7.33595132827759 71.84218597412109 50.39542770385742
v 18.99836921691895 71.69266510009766 45.36335372924805
v 18.26782608032227 77.92808532714844 32.84436416625977
v 7.18839120864868 79.82414245605469 35.34061431884766
v 16.5818920135498 81.07498168945312 26.06616401672363
v 4.56655979156494 82.16822052001953 27.95433616638184
v 1.9268491268158 69.77825927734375 52.10559844970703
v 1.35488975048065 78.76895904541016 34.76297378540039
v -1.40654301643372 80.80772399902344 26.70937728881836
v -4.13842010498047 85.19274139404297 18.97117614746094
v 11.59908580780029 90.85265350341797 19.18754959106445
v 22.42276573181152 63.35377883911133 13.38748455047607
v 18.42048263549805 95.26527404785156 14.95364379882812
v 23.39527702331543 73.85356903076172 9.79737281799316
v 18.92327117919922 58.56312561035156 4.49664926528931
v 22.6638240814209 72.7410888671875 -0.12567265331745
v 24.45673561096191 89.87247467041016 1.68948483467102
v 10.08059692382812 40.98454666137695 25.6484260559082
v 15.09011363983154 47.46517562866211 13.86065769195557
v 19.88893890380859 53.40689086914062 21.99752426147461
v -24.26734733581543 91.21080017089844 0.48085024952888
v -23.49154281616211 89.49423217773438 7.60111093521118
v -18.31098747253418 87.42030334472656 15.32779312133789
v -16.41239929199219 99.29904937744141 -14.96402359008789
v 3.8093421459198 95.784423828125 23.16080093383789
v -5.60280513763428 92.50975799560547 22.24618339538574
v -11.23801422119141 90.05339813232422 20.08662033081055
v 10.32361125946045 100.67299652099609 18.72343254089355
v 18.64060592651367 109.5721435546875 5.00159311294556
v -32.92746353149414 106.27408599853516 8.3651876449585
v -9.1278715133667 131.25187683105469 -18.03937530517578
v 0.19300575554371 107.89032745361328 32.13297271728516
v 19.06451225280762 130.40130615234375 5.96431684494019
v -35.29204177856445 119.44203186035156 6.98595142364502
v -29.08815383911133 114.68096160888672 18.97432327270508
v -22.48515701293945 113.5723876953125 25.51208686828613
v -4.57237577438354 116.78184509277344 34.28348159790039
v -14.79044818878174 114.09205627441406 30.29197120666504
v -27.69426918029785 144.34153747558594 8.90938568115234
v -21.84699058532715 141.25428771972656 15.77743911743164
v -16.0321102142334 139.84983825683594 21.87369155883789
v -0.57217192649841 142.43190002441406 27.98289489746094
v -9.03341197967529 140.29777526855469 25.17869567871094
v -3.23376035690308 128.05772399902344 33.35083389282227
v -13.23000144958496 126.55429840087891 31.03116798400879
v -20.93662643432617 126.53238677978516 27.05155754089355
v -27.29464721679688 127.57171630859375 20.74993705749512
v -33.1826057434082 130.89802551269531 10.47257995605469
v 11.33016300201416 100.75905609130859 20.39952659606934
v -6.99620771408081 92.97825622558594 24.1854076385498
v -12.56403255462646 90.11302185058594 22.10866737365723
v -19.34368515014648 88.14710235595703 15.7569580078125
v -23.96994018554688 88.85006713867188 7.46487712860107
v -25.47842407226562 90.29563140869141 0.17560635507107
v -23.23790168762207 93.87776947021484 -10.10317611694336
v -18.0099983215332 98.25503540039062 -16.14509773254395
v -0.4146254658699 108.14662933349609 -20.33526229858398
v 15.96953582763672 109.50460815429688 -1.27367925643921
v 19.68582916259766 108.64436340332031 5.56109094619751
v 12.43611621856689 92.20967864990234 20.52269744873047
v -0.8488050699234 85.56081390380859 22.60870552062988
v -9.93438148498535 80.58025360107422 20.98159408569336
v -17.16017150878906 78.85388946533203 14.60119438171387
v -21.67850112915039 79.53004455566406 5.64079093933105
v -23.16686820983887 81.82743835449219 -1.07556247711182
v -21.40193748474121 85.05808258056641 -11.46762943267822
v -16.6658763885498 89.13155364990234 -17.36806678771973
v -6.62882614135742 95.6793212890625 -23.67068099975586
v 1.98214292526245 99.02130126953125 -21.97444152832031
v 18.34439468383789 100.71985626220703 -2.54693126678467
v 21.67540740966797 100.29441833496094 4.5916805267334
v 18.51696014404297 97.06565093994141 14.36665534973145
v -1.137375831604 94.51359558105469 24.38030624389648
v -2.48760652542114 94.95033264160156 25.89574813842773
v 2.29319715499878 86.57753753662109 25.26383590698242
v 3.10161662101746 86.75361633300781 21.93215179443359
v 10.709397315979 82.31214141845703 27.74363327026367
v 6.3339319229126 90.41245269775391 27.61524772644043
v 4.33282327651978 96.64305114746094 27.01602554321289
v 5.01814031600952 86.74070739746094 24.09808540344238
v 4.18878364562988 87.09326171875 26.77329254150391
v -4.04734134674072 115.12690734863281 -19.6107120513916
v 14.254075050354 114.967041015625 -1.0087217092514
v 18.94771766662598 113.78570556640625 5.53796195983887
v -10.75402164459229 138.52134704589844 -18.48344612121582
v 20.30168151855469 136.1341552734375 4.64489459991455
v -10.4653491973877 147.38198852539062 -17.55123519897461
v 19.52389335632324 144.79798889160156 6.11068916320801
v -11.70048713684082 155.07096862792969 -11.64002513885498
v 15.00151348114014 153.04496765136719 8.43754577636719
v -16.60190010070801 158.37493896484375 -3.62098407745361
v 10.71486949920654 156.92474365234375 14.71523094177246
v -23.73205947875977 153.73507690429688 3.519700050354
v -21.2569637298584 148.96257019042969 15.8869161605835
v -20.49777984619141 154.72773742675781 10.27832221984863
v 18.46619606018066 122.51785278320312 14.2109432220459
v 18.95866775512695 142.22088623046875 13.1461009979248
v 16.9853401184082 147.31044006347656 14.60602569580078
v 5.76529788970947 151.89202880859375 23.66023826599121
v 3.14757513999939 137.91995239257812 30.56465530395508
v 1.72724962234497 118.47060394287109 33.78276824951172
v 8.31143474578857 111.57133483886719 27.37752532958984
v 16.02557563781738 116.52111053466797 19.55816078186035
v 4.3283371925354 111.10356140136719 31.53655624389648
v 8.88644981384277 112.94707489013672 28.52233123779297
v 14.00108528137207 113.83642578125 22.30287933349609
v 20.12594985961914 117.69621276855469 18.00756454467773
v 6.56098604202271 120.34537506103516 37.20300674438477
v 25.51782608032227 126.13545227050781 17.72313117980957
v 28.15290260314941 131.02230834960938 21.0469799041748
v 30.12238121032715 135.42134094238281 26.79092597961426
v 26.05881500244141 136.85891723632812 33.38217163085938
v 21.59204483032227 134.96824645996094 38.23144912719727
v 6.10025930404663 114.71543121337891 33.40569305419922
v 18.53046226501465 102.90339660644531 27.72885704040527
v 24.53411674499512 103.10388946533203 25.24364280700684
v 20.1479606628418 110.90312957763672 45.35428619384766
v 37.9468994140625 112.95912933349609 34.21092224121094
v 37.39878845214844 114.130859375 39.12353515625
v 33.30706024169922 115.00418853759766 44.03336334228516
v 23.38064384460449 72.96429443359375 47.46048355102539
v 15.5025691986084 108.41604614257812 42.68061065673828
v 12.91079235076904 105.25156402587891 37.34169387817383
v 14.166916847229 103.93535614013672 33.30844497680664
v 32.7512321472168 74.30399322509766 48.32553482055664
v 36.87776184082031 77.67868041992188 54.18695831298828
v 20.54490280151367 81.14655303955078 62.54128265380859
v 24.95744895935059 73.42930603027344 50.71935653686523
v 20.1969051361084 75.29281616210938 55.69322204589844
v 21.84001922607422 79.10908508300781 61.87787628173828
v 32.59424209594727 73.94852447509766 51.15055847167969
v 35.24486541748047 77.03403472900391 55.38049697875977
v 20.00490379333496 66.07621765136719 61.99215698242188
v 25.30808448791504 73.25576019287109 55.45898818969727
v 26.81955337524414 65.10277557373047 60.28231048583984
v 23.61703872680664 70.72313690185547 68.25686645507812
v 29.29587364196777 70.00850677490234 52.44861221313477
v 18.39621353149414 73.52877044677734 66.36012268066406
v 20.86233901977539 75.02070617675781 56.78374862670898
v 17.22438049316406 71.50553894042969 61.3874397277832
v 17.90576362609863 61.98577499389648 70.41655731201172
v 16.63986396789551 63.67276763916016 72.12303924560547
v 13.68860721588135 63.73624038696289 71.80515289306641
v 13.12246131896973 61.39546203613281 68.055419921875
v 16.59716033935547 61.43168640136719 67.74518585205078
v 23.11174583435059 67.28792572021484 65.79978942871094
v 27.52367401123047 55.24867630004883 79.70766448974609
v 26.40277099609375 54.06948471069336 78.07572174072266
v 31.32977485656738 50.07099533081055 64.76842498779297
v 33.65072250366211 50.10406875610352 65.26473236083984
v 26.39355278015137 83.100830078125 63.25748443603516
v 26.61623191833496 80.57011413574219 62.07061004638672
v 23.41477394104004 67.27770233154297 61.30984497070312
v 28.72754287719727 52.36159515380859 76.39763641357422
v -18.62957572937012 143.84309387207031 18.66752052307129
v -20.38461494445801 154.37413024902344 20.38945198059082
v -21.87721824645996 158.13468933105469 17.54673194885254
v -14.7860803604126 140.07716369628906 28.5211238861084
v 0.19799859821796 156.65159606933594 11.45928287506104
v -16.86648559570312 157.36320495605469 5.09827470779419
v -2.28389239311218 163.14508056640625 12.76680278778076
v -21.14188194274902 162.45425415039062 10.31830310821533
v 15.59254264831543 79.87073516845703 24.56274795532227
v 17.18693923950195 76.60296630859375 31.48377418518066
v -23.76093482971191 69.61196136474609 -16.04370880126953
v -31.33892631530762 62.21035766601562 -16.05361366271973
v -42.37241363525391 48.63323974609375 -3.40960216522217
v -42.10420227050781 53.19756317138672 -15.18490695953369
v -10.93970680236816 64.86737060546875 41.59075927734375
v -40.40240097045898 45.83852005004883 1.19547355175018
v 18.40604209899902 69.62481689453125 43.62656784057617
v 2.32273817062378 67.56021881103516 50.26238250732422
v 7.73184013366699 69.6241455078125 48.55221176147461
v 11.84391498565674 69.32801055908203 48.22440338134766
v 11.44802570343018 71.54604339599609 50.06761932373047
v 13.09930419921875 79.50738525390625 34.69333267211914
v 14.4095344543457 72.07054138183594 48.00296783447266
v 14.63331508636475 69.62128448486328 45.83554840087891
v 2.19074511528015 84.99517822265625 21.38651466369629
v 5.34639930725098 86.62522125244141 20.62184715270996
v 5.48547315597534 87.28446960449219 21.07678413391113
v 6.12342357635498 87.36820983886719 20.23195838928223
v 10.58106136322021 90.53458404541016 17.03314018249512
v 16.34475517272949 94.43650817871094 12.01332187652588
v 20.34701728820801 73.31529235839844 9.05915069580078
v 20.49537086486816 63.77778625488281 13.83851146697998
v 18.3461799621582 54.51597213745117 22.19165992736816
v 1.05824601650238 45.33852005004883 19.2950553894043
v -11.28014278411865 60.70025634765625 -27.1036491394043
v -0.12547767162323 56.21706390380859 -26.17833137512207
v 5.10768461227417 71.56357574462891 -26.25246810913086
v -16.6817626953125 50.23594284057617 -27.15395545959473
v -7.76422500610352 42.59680938720703 -25.40169525146484
v -15.9480094909668 31.4268741607666 -20.54469299316406
v -20.74952507019043 38.3653564453125 -24.54496765136719
v -12.42379283905029 88.82156372070312 -13.36223030090332
v -3.78664827346802 92.61550903320312 -17.48437881469727
v -11.56049537658691 60.4332160949707 -25.02317047119141
v -16.78803634643555 50.62728881835938 -25.28247833251953
v -21.14337539672852 39.41633605957031 -22.58353805541992
v -16.79022598266602 32.22517395019531 -19.06936645507812
v -17.03915596008301 85.51510620117188 -11.17356777191162
v -26.43197059631348 59.1850471496582 7.14758062362671
v 10.91811275482178 74.4281005859375 35.51476669311523
v -16.03856468200684 66.64797210693359 7.57694101333618
v 9.17849445343018 77.46186828613281 25.16659545898438
v -10.20249462127686 81.64167022705078 3.58877515792847
v 4.02230167388916 84.61696624755859 18.02606582641602
v 5.01639461517334 54.60001373291016 2.04400181770325
v 17.49593162536621 92.94725036621094 35.6089973449707
v 23.927490234375 103.3233642578125 52.81760787963867
v 18.38899230957031 102.30039215087891 49.75553894042969
v 32.36602401733398 102.84355926513672 53.59709930419922
v 38.15669631958008 99.65152740478516 50.28868103027344
v 41.10169982910156 95.76047515869141 45.07533264160156
v 40.75698471069336 93.53072357177734 41.62458419799805
v 23.63626480102539 89.7796630859375 32.86639404296875
v 31.18530082702637 105.11748504638672 51.92927169799805
v 37.5936279296875 102.16558837890625 49.29451751708984
v 40.59474945068359 98.39686584472656 44.29559707641602
v 40.2475700378418 96.04425811767578 40.80462646484375
v 35.67061996459961 93.37611389160156 36.01792907714844
v 23.91339492797852 92.67063903808594 31.79702568054199
v 18.35629272460938 94.28697204589844 33.29350662231445
v 14.79096126556396 97.29451751708984 37.63207244873047
v 18.94626235961914 103.59888458251953 45.20804214477539
v 23.49439811706543 105.48770141601562 50.54704666137695
v 14.73626613616943 118.49609375 41.76440048217773
v 25.96308898925781 126.18716430664062 41.43238067626953
v 31.00821304321289 127.51340484619141 36.89894485473633
v 33.39907455444336 126.08218383789062 30.3967113494873
v 31.03797721862793 122.56214141845703 25.25210571289062
v 21.84810447692871 113.48458099365234 20.26845550537109
v 15.57290649414062 109.98655700683594 24.32798004150391
v 11.20741653442383 109.83854675292969 30.10771751403809
v 9.76342105865479 110.76535034179688 34.42264556884766
v 11.48688507080078 114.54461669921875 39.4682502746582
v 20.07890129089355 84.2894287109375 61.02349853515625
v 25.9725227355957 85.943603515625 62.02960205078125
v 37.16992950439453 80.20253753662109 52.62306213378906
v 32.80778884887695 76.99700927734375 46.52915954589844
v 23.19833946228027 75.94216918945312 45.3206901550293
v 27.73405838012695 57.98449325561523 78.25747680664062
v 34.72588348388672 51.54936218261719 64.77275085449219
v 31.34639930725098 51.36785125732422 63.89531326293945
v 27.57995223999023 61.92649841308594 75.41424560546875
v 35.88351440429688 54.7967643737793 63.07390213012695
v 32.58243942260742 54.50898742675781 62.30656433105469
v 35.69588470458984 57.54476928710938 60.72898101806641
v 32.43102645874023 56.85786056518555 60.38149261474609
v 25.32442474365234 62.32792663574219 67.85025024414062
v 25.36999320983887 65.27707672119141 69.69886779785156
v 26.0516357421875 60.17593765258789 73.73532867431641
v 26.25703811645508 56.36108016967773 76.71234893798828
v 14.14170742034912 67.51396179199219 69.68113708496094
v 13.84175872802734 65.38389587402344 65.70458221435547
v 17.83762359619141 64.11460876464844 65.46506500244141
v 20.32468032836914 65.80228424072266 68.00496673583984
v 18.34650039672852 67.97633361816406 70.46616363525391
v 31.03598213195801 66.34122467041016 53.95751953125
v 24.32576942443848 69.97133636474609 58.41293716430664
v 18.85040283203125 73.22805786132812 59.87474822998047
v 32.35962295532227 62.70887756347656 56.65254592895508
v 27.50925254821777 67.28396606445312 70.35245513916016
v 8.26588916778564 136.82809448242188 34.162353515625
v 12.54392433166504 143.65298461914062 31.60001564025879
v 18.20833396911621 145.84599304199219 27.47451782226562
v 24.05369567871094 143.58485412597656 21.39333152770996
v 20.00892066955566 123.1781005859375 17.19423675537109
v 15.22893524169922 117.91179656982422 21.59339141845703
v 8.86715030670166 114.05703735351562 28.37517547607422
v 5.91412258148193 113.88158416748047 33.14274215698242
v 4.33801889419556 120.65239715576172 35.8177604675293
v 19.10764694213867 100.2850341796875 51.13308334350586
v 24.68140029907227 101.27454376220703 53.51684951782227
v 32.62790679931641 100.45565032958984 53.87580108642578
v 40.26701354980469 94.26517486572266 45.9025993347168
v 39.97578811645508 92.39459991455078 43.05310821533203
v 23.65460777282715 88.41820526123047 34.84811782836914
v 7.58678436279297 146.85566711425781 26.14702796936035
v 13.02508354187012 150.48452758789062 19.81052780151367
v 1.00385618209839 102.35256195068359 29.15953254699707
v -8.1592435836792 99.11966705322266 27.81190299987793
v -13.85270977020264 97.38277435302734 24.56122779846191
v -20.80853462219238 96.29723358154297 19.24988174438477
v -26.78156661987305 97.081787109375 12.22041988372803
v -30.52807426452637 99.54322814941406 4.32345819473267
v -29.83790969848633 104.20133209228516 -4.88794136047363
v -5.94232177734375 121.19020080566406 -19.11787033081055
v 13.45907878875732 121.07341766357422 -0.23817518353462
v -3.08570623397827 157.25613403320312 7.64551496505737
v -12.0770435333252 157.53269958496094 4.19912099838257
v 3.19516777992249 40.8172607421875 25.61090278625488
v 5.02298593521118 39.45688247680664 24.93836402893066
v 15.22520732879639 58.40120697021484 0.23127745091915
v 20.5753345489502 74.54207611083984 -5.23686075210571
v 22.75186920166016 91.37664031982422 -4.60952138900757
v 14.82542514801025 110.47612762451172 -1.32568621635437
v 13.15952587127686 131.67774963378906 -1.46275985240936
v 13.58840656280518 137.88951110839844 -2.77050089836121
v 12.628098487854 146.3841552734375 -0.88958674669266
v 9.75629711151123 153.46241760253906 2.876620054245
v -14.29198360443115 29.69453430175781 -15.1639232635498
v -13.08736896514893 28.91756629943848 -16.06272506713867
v -2.54800510406494 40.03036499023438 -19.7161808013916
v 7.05367612838745 55.80081558227539 -20.68173408508301
v 12.46922302246094 73.63185882568359 -20.82902526855469
v 11.98175716400146 90.69219207763672 -19.34129905700684
v 8.13806533813477 100.07509613037109 -16.27227783203125
v 5.53265810012817 109.11369323730469 -14.91359996795654
v 3.92056202888489 110.28350830078125 -14.1685094833374
v 2.31162548065186 115.76726531982422 -14.36167812347412
v 0.59313029050827 121.91057586669922 -13.72270393371582
v -0.89251095056534 132.73088073730469 -13.98713111877441
v -1.19463849067688 139.10578918457031 -14.32101058959961
v -1.77511048316956 147.68626403808594 -12.35140132904053
v -3.93142414093018 154.4732666015625 -7.49473190307617
v 5.71934080123901 157.61494445800781 6.41151142120361
v -7.44986724853516 158.45852661132812 -2.18336319923401
v -6.27388286590576 163.79292297363281 9.10751724243164
v -16.19107818603516 163.51496887207031 7.88700914382935
v -21.64359283447266 94.81861877441406 -9.4642915725708
v 9.05865669250488 108.61022186279297 25.63140296936035
v -14.31054782867432 122.41893005371094 -19.77670478820801
v -7.61789035797119 126.28556060791016 -18.44788551330566
v -0.40824303030968 127.34244537353516 -13.57673072814941
v 13.05947208404541 126.40342712402344 -0.46233838796616
v 18.69285774230957 125.03431701660156 6.54701709747314
v 18.68997955322266 120.26278686523438 13.29756164550781
v 16.22478294372559 114.96163177490234 18.53314971923828
v 9.03409385681152 106.74221038818359 24.05578422546387
v 15.70956420898438 113.46355438232422 17.05720520019531
v 18.82857704162598 117.28907775878906 11.69310760498047
v -11.97315311431885 119.14371490478516 -20.18599319458008
v 18.95645332336426 119.61508941650391 6.30024766921997
v -33.35874557495117 117.38022613525391 11.55079936981201
v -31.22891998291016 129.57206726074219 13.65637016296387
v -25.60272216796875 142.94790649414062 12.39902782440186
v -20.05105590820312 146.41673278808594 16.87922477722168
v -19.35664939880371 149.43214416503906 24.41659545898438
v -9.2188777923584 115.29759216308594 32.95049667358398
v -7.41238260269165 127.01139831542969 32.79538726806641
v -4.91912698745728 141.21298217773438 27.5790901184082
v -3.5555408000946 147.79153442382812 21.11154174804688
v -5.76133108139038 150.39471435546875 26.26361083984375
v 31.35091018676758 53.42406463623047 78.11627197265625
v 31.9467945098877 56.86539459228516 76.7628173828125
v 29.57494926452637 57.04266738891602 68.46881866455078
v 29.8554801940918 53.08090591430664 71.31587219238281
v 30.33374977111816 50.60589981079102 72.96836090087891
v 33.313232421875 51.25225067138672 74.47080993652344
v 35.1990966796875 58.64813613891602 71.20137786865234
v 35.83085632324219 63.75968551635742 67.02647399902344
v -38.83497619628906 56.64993286132812 -2.18465065956116
v -37.48664093017578 54.99166107177734 3.04049706459045
v -10.02349281311035 70.02877807617188 35.82878875732422
v 2.50849866867065 74.68772888183594 43.62464904785156
v 8.12387180328369 75.71555328369141 43.02728652954102
v -37.98078155517578 58.76078796386719 -14.5562047958374
v -36.75337219238281 57.45832824707031 -15.60546112060547
v 9.35129165649414 75.88740539550781 42.91170120239258
v 14.3768835067749 75.59417724609375 41.82685852050781
v 19.21279525756836 74.43644714355469 39.67973709106445
v 18.12345314025879 72.36213684082031 38.56556701660156
v -8.95698547363281 112.78577423095703 -20.45320129394531
v -20.32868576049805 103.42148590087891 -14.548020362854
v -25.20243644714355 98.24626159667969 -8.86481857299805
v -26.78841781616211 92.68241882324219 1.68029510974884
v -23.80222511291504 90.45394897460938 8.71125602722168
v -18.6347484588623 89.42092132568359 16.55652236938477
v -11.40600776672363 91.45638275146484 21.42374229431152
v 1.95495450496674 98.50273132324219 26.81935882568359
v 9.75179672241211 104.15391540527344 21.99295425415039
v 16.34654998779297 109.75796508789062 15.0330171585083
v 19.17107009887695 112.51469421386719 10.34729290008545
v 34.66473770141602 109.14848327636719 29.64776992797852
v -8.71938610076904 105.39907836914062 30.9946117401123
v -14.39141654968262 104.15326690673828 27.98915481567383
v -22.0077953338623 103.32820129394531 22.76645278930664
v -28.70526504516602 104.35679626464844 15.99237728118896
v -6.0500602722168 93.41490936279297 24.28539657592773
v 27.02213478088379 58.51711273193359 71.22686767578125
v 27.44801712036133 54.77778244018555 74.29013061523438
v -25.23249816894531 109.35706329345703 -11.44293117523193
v -27.64988327026367 112.72642517089844 -8.66176223754883
v 28.43620300292969 60.2943229675293 64.98134613037109
v 23.66600799560547 131.18829345703125 14.98317241668701
v 20.79722785949707 134.33468627929688 12.11794376373291
v 6.26551246643066 158.68217468261719 13.57148551940918
v 4.11026430130005 154.7418212890625 20.86804962158203
v -0.34488007426262 146.44503784179688 25.27256393432617
v -3.59514212608337 144.54750061035156 24.85395812988281
v -7.17877292633057 142.69805908203125 24.52335166931152
v -14.91927337646484 141.1669921875 22.42454528808594
v -20.91341590881348 142.80880737304688 17.55316734313965
v -22.73446083068848 145.28163146972656 14.05260467529297
v -24.48446273803711 147.23722839355469 11.2374210357666
v -21.78615188598633 155.78196716308594 5.88061380386353
v -15.23673915863037 159.62716674804688 -0.13532446324825
v -7.96072292327881 159.11256408691406 0.38630566000938
v 2.59616780281067 158.60220336914062 7.3732008934021
v -18.86968803405762 149.82304382324219 29.23933219909668
v -4.30524969100952 151.16461181640625 29.46066665649414
v -17.41262245178223 169.21530151367188 10.99475574493408
v -2.74565196037292 169.12100219726562 14.06814193725586
v -7.11861181259155 169.59298706054688 11.54043769836426
v -22.87875938415527 168.12034606933594 13.60277938842773
v -18.37329864501953 179.36920166015625 19.83544921875
v -3.85632753372192 178.65792846679688 23.60432434082031
v -8.16681385040283 179.64393615722656 20.49008560180664
v -23.68626976013184 177.68281555175781 23.14383125305176
v -3.08788585662842 174.76533508300781 18.75035858154297
v -7.59201383590698 175.22625732421875 16.22055053710938
v -18.01453018188477 174.83770751953125 15.67279624938965
v -23.636474609375 173.7296142578125 18.2783203125
v -14.75297832489014 169.24185180664062 38.26501846313477
v -15.96893882751465 160.080078125 36.05901336669922
v -11.88015556335449 154.06932067871094 35.96066284179688
v -8.40732669830322 160.75471496582031 36.10895538330078
v -10.76086807250977 169.68833923339844 38.08688735961914
v -14.45816612243652 154.93161010742188 35.14765548706055
v -9.26120471954346 155.44061279296875 35.16061401367188
v -14.0323371887207 159.61708068847656 37.88724136352539
v -13.7641429901123 155.73426818847656 37.36611938476562
v -12.00487041473389 155.32196044921875 37.68244552612305
v -10.15836334228516 156.05903625488281 37.54298400878906
v -10.4100980758667 159.92347717285156 37.94397735595703
v -10.97597026824951 164.83274841308594 38.86858367919922
v -12.56740474700928 164.15127563476562 39.87288284301758
v -14.05149841308594 164.50701904296875 38.96545028686523
v -15.74058723449707 164.88655090332031 37.09091186523438
v -9.10977745056152 165.55268859863281 37.18056869506836
v -8.5462760925293 150.54701232910156 33.80461502075195
v -11.58444309234619 149.99397277832031 34.06891250610352
v -14.53060245513916 150.17875671386719 33.26899719238281
v 7.7138466835022 42.25244522094727 26.21200180053711
v 21.42597961425781 86.04117584228516 12.2841272354126
v 18.93413925170898 85.34247589111328 10.01486206054688
v -5.37218379974365 84.93036651611328 -24.3552188873291
v -3.79371190071106 85.12516021728516 -20.1397876739502
v 21.46994400024414 99.056640625 4.90351486206055
v 18.08232688903809 99.42699432373047 -2.07595300674438
v 7.65095281600952 98.76321411132812 -16.04655647277832
v 1.48020470142364 97.80484008789062 -21.66524887084961
v -19.55678367614746 78.91679382324219 -13.8621711730957
v -17.73165893554688 78.80204772949219 -13.33640670776367
v -11.10838508605957 75.34134674072266 4.56713581085205
v 5.9980993270874 80.74138641357422 18.64299201965332
v 9.75949859619141 83.16265106201172 20.51321220397949
v 9.51496982574463 83.41143798828125 21.41726303100586
v 9.18980312347412 83.24165344238281 21.96109771728516
v 5.30263328552246 83.03879547119141 22.58017921447754
v 0.25734266638756 82.38225555419922 22.48896217346191
v -3.56880712509155 83.16072082519531 21.55310249328613
v -13.80266761779785 76.95252990722656 14.35956192016602
v -21.54031753540039 75.92764282226562 3.99360513687134
v -22.58409881591797 76.7041015625 -1.02204191684723
v -41.06214904785156 47.71066665649414 5.93155860900879
v -38.259765625 46.65168762207031 4.72630071640015
v -44.25826644897461 50.97114181518555 -2.84206795692444
v -42.19488906860352 49.64110946655273 -4.38026142120361
v -0.99886828660965 70.39132690429688 50.26807022094727
v -0.6903657913208 68.41075897216797 48.64748382568359
v -3.83956146240234 106.71539306640625 31.96645545959473
v -3.33219146728516 100.52127838134766 29.15195465087891
v -1.91763055324554 96.10378265380859 26.39720726013184
v -1.43551862239838 117.17085266113281 34.18917083740234
v 17.71670913696289 49.69550704956055 18.37140274047852
v 21.18056488037109 60.59031677246094 9.38326358795166
v 23.21965217590332 87.39191436767578 7.41312074661255
v 21.0543212890625 97.22885894775391 9.82509708404541
v 20.80929374694824 98.65848541259766 10.07652854919434
v 19.43876075744629 107.02373504638672 9.87338542938232
v 18.34801292419434 107.55350494384766 9.28522396087646
v 19.7064208984375 113.28942108154297 7.87328004837036
v 19.35933685302734 118.53764343261719 9.05887699127197
v 19.17202186584473 122.7725830078125 10.09170436859131
v 19.14632034301758 126.40928649902344 10.57606601715088
v 20.80707359313965 135.16629028320312 8.4785852432251
v 19.43896484375 143.47993469238281 9.74380493164062
v 16.82012367248535 150.37025451660156 11.54000377655029
v 12.44131278991699 152.25318908691406 17.50251197814941
v 6.50359106063843 149.2449951171875 25.25115966796875
v 1.55405342578888 140.35708618164062 29.42914772033691
v -0.72284990549088 129.04216003417969 33.08152389526367
v 15.84342956542969 105.20304107666016 12.99952411651611
v 16.81731605529785 104.79212951660156 14.06883335113525
v -12.27492046356201 46.47152709960938 -27.27672004699707
v -5.97315645217896 58.24566268920898 -27.62703514099121
v -0.3425529897213 86.33096313476562 -25.36390686035156
v -2.52311062812805 96.30413055419922 -22.40995979309082
v -2.1026394367218 97.63633728027344 -23.55177307128906
v -4.11811065673828 106.51567077636719 -22.28816223144531
v -5.76792097091675 107.14624786376953 -19.89935684204102
v -21.75845718383789 118.21944427490234 -14.77194499969482
v -18.08332824707031 114.78464508056641 -17.40729331970215
v -13.20199394226074 109.68805694580078 -19.64810562133789
v -8.63456344604492 104.28472137451172 -20.40175819396973
v -8.86538791656494 104.15028381347656 -22.40313911437988
v -2.39371514320374 109.14054870605469 -18.94674873352051
v -14.39265918731689 39.98931884765625 -25.3575496673584
v -13.10814952850342 34.87911987304688 -22.24889373779297
v -9.57288360595703 32.47112655639648 -16.96870040893555
v 6.59427690505981 41.56095886230469 20.28047370910645
v 12.12442684173584 43.04986953735352 21.41304397583008
v 15.53728294372559 46.57663345336914 20.9049072265625
v 15.58428382873535 47.2503662109375 26.05173683166504
v 13.33929538726807 48.07510375976562 26.52670097351074
v -13.02833461761475 179.93489074707031 19.1462574005127
v -12.53897762298584 175.2855224609375 15.13459587097168
v -12.00769710540771 169.65711975097656 10.45541095733643
v -10.89596748352051 163.94554138183594 7.6722412109375
v -7.60766363143921 157.4478759765625 5.15224695205688
v -2.09354996681213 158.69403076171875 2.94844532012939
v 0.07561101764441 158.08924865722656 0.95725107192993
v 3.1834979057312 153.86781311035156 -2.54604148864746
v 5.66501760482788 147.24620056152344 -6.73965167999268
v 6.60278940200806 138.79376220703125 -8.88074493408203
v 6.67188215255737 132.8304443359375 -7.98266410827637
v 6.67776107788086 127.27756500244141 -7.2276759147644
v 7.35556316375732 121.96460723876953 -6.98794841766357
v 8.61684608459473 115.68926239013672 -7.8104133605957
v 9.82930088043213 110.732666015625 -7.92108488082886
v 11.1529426574707 109.62998199462891 -8.22849273681641
v 13.76972770690918 100.63664245605469 -9.52539920806885
v 13.38915157318115 99.31015777587891 -9.16719150543213
v 17.87199974060059 91.19804382324219 -12.15263557434082
v 17.34290885925293 76.81632995605469 -12.32347869873047
v 11.25747585296631 59.30573272705078 -6.79781150817871
v 3.7269561290741 44.67735290527344 5.03099060058594
v 0.01106561068445 39.30048370361328 13.44999599456787
v -1.28362822532654 37.20317077636719 18.60737037658691
v -2.78985667228699 38.11079406738281 17.84746170043945
v -0.98733478784561 71.55269622802734 -27.23301315307617
v -6.52185583114624 72.51876068115234 -26.2686882019043
v -6.08977460861206 72.12546539306641 -23.68101692199707
v 23.36209678649902 72.69810485839844 5.34906816482544
v 27.2518138885498 73.00540161132812 50.2076301574707
v 27.97638130187988 73.23094177246094 47.1834831237793
v 27.92303085327148 76.16067504882812 45.09817886352539
v 29.16383171081543 88.480712890625 35.49938583374023
v 29.73887825012207 89.67977142333984 33.60989379882812
v 30.07656097412109 92.47501373291016 33.23759460449219
v 29.63385009765625 105.84660339355469 26.78845977783203
v 26.85506248474121 118.24718475341797 22.04149055480957
v 17.87186241149902 91.64300537109375 37.59679794311523
v 19.57096290588379 76.83701324462891 48.71198272705078
v 19.66463088989258 73.89108276367188 51.1192626953125
v 22.18755149841309 73.82668304443359 52.9433708190918
v 16.46116828918457 100.97032165527344 40.90218353271484
v 14.36056804656982 99.90633392333984 45.33954620361328
v 15.27324390411377 97.81664276123047 46.73876953125
v 17.39909362792969 81.79939270019531 57.46024322509766
v 18.14313125610352 78.75460052490234 59.36154556274414
v 20.3610782623291 76.95809936523438 58.73412704467773
v 17.83592796325684 75.51405334472656 54.09940338134766
v 17.25355911254883 78.50124359130859 52.57575607299805
v 15.76430606842041 94.81066131591797 41.44509124755859
v 14.67457103729248 96.36524963378906 39.79146194458008
v 36.3028450012207 60.74097061157227 63.96488189697266
v 37.43447494506836 97.64310455322266 50.83264541625977
v 35.15657424926758 83.48142242431641 57.15002059936523
v 35.03976058959961 80.67115783691406 58.31371688842773
v 33.31350708007812 79.03486633300781 58.10517883300781
v 31.63083457946777 85.59552764892578 60.53217315673828
v 31.15982818603516 83.02883911132812 61.79539108276367
v 30.59487152099609 80.75940704345703 60.65165710449219
v 32.24627685546875 66.76202392578125 69.36939239501953
v 31.92058944702148 61.1511116027832 74.23527526855469
v 34.97992324829102 89.52156829833984 38.00649642944336
v 35.81557846069336 90.85719299316406 36.54425811767578
v 24.56195640563965 138.37571716308594 17.9198169708252
v 1.90076112747192 129.33500671386719 32.77836990356445
v 6.44217205047607 129.22685241699219 34.86394500732422
v 9.7600212097168 125.43537139892578 38.10198593139648
v 13.94761276245117 130.577880859375 39.14608764648438
v 19.77698135375977 122.57061767578125 43.02066040039062
v 26.55851364135742 113.34837341308594 46.35612106323242
v 35.76174545288086 56.49916458129883 67.01260375976562
v 34.30659103393555 52.89045715332031 68.27987670898438
v 33.57081985473633 51.67416763305664 68.59082794189453
v 31.54828453063965 50.80178070068359 67.94244384765625
v 30.30907249450684 51.78499984741211 66.703125
v 31.10575866699219 55.75301361083984 65.33217620849609
v 26.68340873718262 71.39013671875 53.41403961181641
v 27.06349563598633 67.52747344970703 55.63063430786133
v 28.94623374938965 63.79353332519531 58.55519485473633
v 30.35931587219238 58.63997268676758 62.76692962646484
v 34.62638854980469 71.310302734375 53.83274459838867
v 36.24065017700195 74.01633453369141 58.74855422973633
v 34.52467346191406 75.82205200195312 60.34943008422852
v 31.47066497802734 77.77030944824219 62.6851692199707
v 26.03083610534668 78.67123413085938 65.17718505859375
v 23.00428581237793 77.25240325927734 63.06437683105469
v 21.29603958129883 76.5133056640625 61.24682998657227
v 33.81867218017578 83.25751495361328 42.20879745483398
v 38.72533798217773 86.41232299804688 48.13810348510742
v 38.87094879150391 87.34760284423828 49.56285858154297
v 36.2707633972168 90.30865478515625 53.98979949951172
v 32.42985534667969 92.75316619873047 57.17082214355469
v 25.4531135559082 93.51519775390625 57.86532974243164
v 19.67681121826172 92.32783508300781 56.14720916748047
v 16.72102737426758 89.91970062255859 52.12729644775391
v 16.44867324829102 86.85551452636719 47.0108528137207
v 19.06519317626953 84.65531921386719 43.19658279418945
v 23.36804580688477 82.22110748291016 39.84183883666992
v 28.24424934387207 82.4671630859375 40.51654052734375
v 19.98956489562988 75.08662414550781 64.89212799072266
v 22.87508010864258 74.63406372070312 66.31256103515625
v 26.63595199584961 75.2657470703125 67.67885589599609
v 32.93019866943359 74.66374969482422 65.39710998535156
v 36.11712646484375 72.48246002197266 62.11128997802734
v 37.18944931030273 70.37989044189453 59.55966949462891
v 35.56363296508789 67.197998046875 54.87971115112305
v 26.25006103515625 71.43868255615234 69.16982269287109
v 32.86673736572266 70.92250823974609 67.35888671875
v 36.34661483764648 68.67284393310547 64.17906188964844
v 37.20989608764648 66.62059783935547 61.20468521118164
v 36.16636657714844 63.10960006713867 57.33570098876953
v 31.1607551574707 56.66597366333008 76.81487274169922
v 30.46026039123535 54.05227279663086 78.208984375
v 28.13550186157227 52.82615661621094 76.27090454101562
v 27.35833168029785 54.89700698852539 74.47250366210938
v 32.97695922851562 51.37104797363281 73.41925048828125
v 30.43419075012207 50.92319488525391 72.05905914306641
v 29.8875675201416 52.98918914794922 70.98934173583984
v 34.83112335205078 53.01511001586914 68.91551971435547
v 33.5905876159668 50.23653411865234 70.25994110107422
v 31.18796539306641 49.88013458251953 69.18870544433594
v 30.56499099731445 52.23512649536133 67.44994354248047
v 34.28119659423828 54.6378288269043 73.19967651367188
v 34.06620407104492 54.43322372436523 72.6390380859375
v -37.50066757202148 133.31980895996094 3.95197033882141
v -60.24960708618164 104.49555206298828 -24.02804183959961
v -58.33490753173828 104.25119018554688 -17.61503410339355
v -54.87556838989258 101.91476440429688 -13.02757453918457
v -50.6854362487793 98.26575469970703 -11.64894008636475
v -46.97529602050781 94.2113037109375 -13.85945415496826
v -44.79166030883789 91.53612518310547 -17.5355281829834
v -44.15243530273438 89.68145751953125 -23.23147583007812
v -46.20637130737305 90.33384704589844 -27.97683906555176
v -49.63735198974609 92.40796661376953 -32.13369369506836
v -55.57554626464844 96.94293975830078 -33.88492965698242
v -56.62245559692383 98.33702850341797 -33.46585083007812
v -59.34285736083984 102.12334442138672 -29.24079132080078
v 14.26614761352539 68.52254486083984 69.32657623291016
v 13.94472408294678 66.36778259277344 65.14251708984375
v 18.03656005859375 64.67413330078125 65.03195190429688
v 20.68608283996582 66.72113037109375 67.63320159912109
v 18.76753807067871 69.02946472167969 70.21204376220703
v 27.33553695678711 55.46604919433594 74.04199981689453
v 26.28109741210938 56.97028732299805 76.34512329101562
v 27.78122329711914 58.63649368286133 77.89328765869141
v 31.39691352844238 57.4601936340332 76.45377349853516
v 27.63426208496094 62.71693801879883 74.91344451904297
v 32.0560302734375 62.01637268066406 73.80267333984375
v 35.41234970092773 59.49372100830078 70.84503936767578
v 35.98587417602539 57.28057861328125 66.78839111328125
v 36.02296447753906 55.34964752197266 62.92096710205078
v 32.72640609741211 55.0205192565918 62.17025756835938
v 31.11699295043945 56.31819915771484 65.09017944335938
v 29.49359512329102 57.63185119628906 68.06591033935547
v 26.80997848510742 59.15885162353516 70.85376739501953
v 26.03136444091797 61.01390838623047 73.31493377685547
v 27.48513984680176 66.64503479003906 70.93056488037109
v 32.14500427246094 66.0452880859375 69.90097808837891
v 35.6545295715332 63.04936218261719 67.48950958251953
v 36.11050796508789 60.06876373291016 64.29887390136719
v 35.60005569458008 57.06506729125977 60.94682693481445
v 32.3284912109375 56.41291427612305 60.57939529418945
v 30.3856201171875 58.16450500488281 63.05768203735352
v 28.55651092529297 59.8211784362793 65.41384124755859
v 25.56438064575195 61.80722427368164 68.25324249267578
v 25.44587898254395 64.58132171630859 70.18292999267578
v 26.78276062011719 70.57254028320312 69.21932220458984
v 32.80725479125977 70.24319458007812 67.67848205566406
v 36.30218887329102 67.96823120117188 64.53008270263672
v 37.08267211914062 65.85541534423828 61.44840240478516
v 36.12827682495117 62.46117782592773 57.63249588012695
v 32.40151977539062 62.04289245605469 56.98668670654297
v 29.23661613464355 63.17092895507812 59.03322219848633
v 27.15637969970703 64.46695709228516 60.90082550048828
v 23.56315231323242 66.5386962890625 66.01712036132812
v 24.04547309875488 69.865966796875 68.46339416503906
v 32.01030731201172 57.53337860107422 76.45191955566406
v 34.46139144897461 55.14398574829102 73.00547027587891
v 34.27543640136719 54.96213912963867 72.53012084960938
v 35.00068283081055 53.47964859008789 68.71753692626953
v 34.60147476196289 53.45035934448242 68.17156982421875
v 34.93551254272461 52.0491943359375 64.58000183105469
v 31.60623931884766 51.92542266845703 63.73377990722656
v 30.49770545959473 52.5421028137207 66.60997772216797
v 30.66524314880371 52.74710464477539 67.23423767089844
v 29.85431861877441 53.55970001220703 70.72921752929688
v 29.82784271240234 53.6367301940918 70.99671173095703
v 27.40662002563477 55.36948776245117 73.89929962158203
v -66.88056182861328 84.10373687744141 0.6195422410965
v -67.90276336669922 82.01544952392578 -2.39676213264465
v -65.11529541015625 78.96484375 -3.88927054405212
v -62.12807846069336 78.39537811279297 -1.24512696266174
v -63.56691741943359 81.74216461181641 2.25081133842468
v -67.11804962158203 77.27427673339844 -1.09676516056061
v -67.41375732421875 77.87708282470703 -3.48695850372314
v -67.81295776367188 75.74288940429688 -5.53310203552246
v -67.68125152587891 75.43655395507812 -5.67254114151001
v -68.37438201904297 72.14987182617188 -8.17486476898193
v -68.72405242919922 71.99579620361328 -8.44391822814941
v -70.30335235595703 70.18858337402344 -11.09415340423584
v -70.79782104492188 70.01243591308594 -11.85485076904297
v -72.38658905029297 68.06066131591797 -13.70909690856934
v -71.61374664306641 65.48285675048828 -12.49893569946289
v -70.17683410644531 67.32291412353516 -9.44103717803955
v -69.38311767578125 67.12039184570312 -9.03297519683838
v -67.94594573974609 69.24301910400391 -5.99544763565063
v -67.51152801513672 69.12483978271484 -5.30364084243774
v -66.82569122314453 72.81754302978516 -2.09568428993225
v -66.95025634765625 73.51421356201172 -2.27213406562805
v -74.18455505371094 79.33871459960938 -1.48014998435974
v -72.05067443847656 78.97093963623047 -2.78399348258972
v -71.47437286376953 77.02717590332031 -5.2701563835144
v -72.14384460449219 74.18259429931641 -8.34718608856201
v -72.24330139160156 72.12961578369141 -11.45548439025879
v -72.32810974121094 70.04206848144531 -14.66664600372314
v -74.77505493164062 68.29573059082031 -14.43646907806396
v -76.11363983154297 69.89002990722656 -10.6625280380249
v -77.27816772460938 72.01058197021484 -6.70034503936768
v -76.65521240234375 76.04932403564453 -3.28930187225342
v -73.80396270751953 82.97095489501953 -5.79457187652588
v -71.78656768798828 81.83633422851562 -5.37796497344971
v -71.82463073730469 79.18837738037109 -7.17134714126587
v -72.10699462890625 75.79221343994141 -10.43892860412598
v -72.15179443359375 73.34348297119141 -12.95469284057617
v -72.19898986816406 70.72663879394531 -15.64307022094727
v -73.18679046630859 70.01400756835938 -16.80983734130859
v -74.93463897705078 73.77811431884766 -15.66021347045898
v -76.94853973388672 77.19778442382812 -13.51186847686768
v -76.09160614013672 81.42366790771484 -9.94543933868408
v -66.87162780761719 88.04771423339844 -5.9710807800293
v -67.19252014160156 84.22763061523438 -6.04028034210205
v -67.35593414306641 80.12720489501953 -12.35756778717041
v -66.92811584472656 76.78096771240234 -14.27001571655273
v -67.7974853515625 74.27229309082031 -17.30229949951172
v -70.73228454589844 74.58349609375 -20.05823516845703
v -73.36561584472656 79.15291595458984 -19.77317810058594
v -74.60620880126953 82.55438995361328 -18.18607139587402
v -72.95818328857422 88.84872436523438 -13.36007881164551
v -68.41090393066406 89.97447967529297 -7.73654985427856
v 13.51954555511475 151.23294067382812 26.08829689025879
v 21.662109375 141.99162292480469 32.20840072631836
v 13.62097549438477 138.91249084472656 37.08491897583008
v 6.47584962844849 146.96458435058594 31.96956443786621
v 26.87051582336426 136.53884887695312 17.97838401794434
v 26.32979774475098 139.6015625 23.18484497070312
v 18.63381958007812 148.638916015625 18.93161582946777
v 21.21757316589355 141.9197998046875 12.92878913879395
v 33.71292114257812 123.36006164550781 24.68316268920898
v 34.20038604736328 125.30236053466797 30.6551399230957
v 31.92207336425781 130.21821594238281 28.18071556091309
v 32.14359283447266 127.71043395996094 23.0150203704834
v 20.42741203308105 129.67974853515625 41.21388244628906
v 28.15631294250488 132.3724365234375 36.83995819091797
v 31.20963096618652 126.94245147705078 39.06227874755859
v 23.44559860229492 124.33769226074219 43.29475021362305
v 14.02343082427979 123.17417907714844 41.93516159057617
v 15.95410823822021 119.51624298095703 43.15421676635742
v 7.92251920700073 132.31076049804688 37.86359024047852
v 2.11687445640564 137.97660827636719 32.76433181762695
v 35.92437362670898 124.18029022216797 24.10034942626953
v 15.76870059967041 120.48812103271484 44.37206649780273
v 0.99260932207108 139.43016052246094 34.35641479492188
v 14.26938056945801 153.6009521484375 27.27597618103027
v 20.16304779052734 150.38282775878906 18.83072280883789
v 23.55420875549316 143.39041137695312 12.05702972412109
v 32.34460067749023 128.63520812988281 40.54375457763672
v 6.73845911026001 133.53153991699219 39.82943725585938
v 23.86838150024414 125.64312744140625 45.14466094970703
v 13.36757564544678 141.48519897460938 39.11604690551758
v 6.3174901008606 148.65545654296875 33.32417297363281
v 36.08748245239258 126.68383026123047 31.23040199279785
v 28.01778221130371 142.08010864257812 23.15895652770996
v 28.8653736114502 137.665283203125 17.22919654846191
v 22.60432434082031 145.01246643066406 33.51128387451172
v 13.45068836212158 124.51728820800781 43.28807830810547
v 20.98654556274414 131.03726196289062 43.59210205078125
v 29.7821044921875 134.12106323242188 38.62222671508789
v 34.11301422119141 131.65185546875 28.66330718994141
v 34.18154144287109 128.77593994140625 22.29893684387207
v 29.69280433654785 132.46873474121094 20.71499633789062
v 29.25301742553711 135.2850341796875 25.8132152557373
v 25.00352478027344 137.59811401367188 34.66453170776367
v 17.11379051208496 134.73727416992188 39.25592803955078
v 11.16364288330078 127.99680328369141 40.11488723754883
v 10.27606678009033 129.32461547851562 41.75653839111328
v 17.34426116943359 136.65817260742188 41.55777359008789
v 26.39600944519043 139.93600463867188 36.28695297241211
v 31.26797866821289 137.20332336425781 26.07705116271973
v 31.6930103302002 133.58757019042969 19.96992111206055
v 9.78236675262451 145.39718627929688 36.23255920410156
v 18.31904220581055 149.67588806152344 30.34042930603027
v 24.04936218261719 146.55961608886719 20.99474906921387
v 26.17985725402832 140.83497619628906 14.64768505096436
v 24.01425552368164 139.5362548828125 15.45826625823975
v 22.37022590637207 144.47891235351562 20.99378395080566
v 17.5462532043457 146.92842102050781 29.15940093994141
v 9.90414428710938 143.30361938476562 34.45873641967773
v 4.97888278961182 135.45703125 35.33141326904297
v 3.81692123413086 136.79139709472656 37.11891555786133
v 29.26786422729492 139.29220581054688 31.23102569580078
v 32.37670516967773 133.56306457519531 33.73163223266602
v 34.89768600463867 128.18356323242188 36.33609771728516
v 33.36243057250977 126.61939239501953 35.2702522277832
v 30.41565704345703 131.96188354492188 32.58560943603516
v 27.51947975158691 137.12388610839844 30.29489898681641
v 24.40753746032715 141.49494934082031 27.75005340576172
v 20.28483390808105 146.56124877929688 25.21840286254883
v 16.26543235778809 150.98152160644531 22.69319534301758
v 17.41169738769531 153.0047607421875 23.23431587219238
v 21.53167915344238 148.99681091308594 25.79767799377441
v 25.74793815612793 144.32435607910156 28.35880661010742
v 25.43542861938477 133.33978271484375 41.60243988037109
v 28.47259712219238 127.71608734130859 43.59465408325195
v 27.71113014221191 126.21140289306641 41.91089630126953
v 24.35754013061523 131.78028869628906 39.49452590942383
v 21.11318206787109 136.9246826171875 37.43285369873047
v 17.68608283996582 141.20999145507812 35.12313079833984
v 13.77004146575928 145.86833190917969 32.2630500793457
v 10.01173400878906 149.86351013183594 29.43145370483398
v 10.25277233123779 151.92933654785156 30.69662475585938
v 14.07493114471436 148.30239868164062 33.76663208007812
v 18.01318168640137 144.01510620117188 36.82032012939453
v 21.9091796875 139.06143188476562 39.4248161315918
v 17.13887214660645 128.13912963867188 43.75521469116211
v 19.8440990447998 123.36727905273438 45.16926574707031
v 19.72541236877441 122.22862243652344 43.6353874206543
v 17.14568138122559 126.78883361816406 41.88965606689453
v 14.05897045135498 131.7288818359375 40.00053024291992
v 10.69200229644775 135.97348022460938 37.78937911987305
v 7.36177396774292 139.7421875 35.210205078125
v 4.1197829246521 142.8878173828125 32.59399795532227
v 3.57530617713928 144.4046630859375 34.15542221069336
v 6.7198977470398 141.45614624023438 36.99085998535156
v 9.9732723236084 137.87022399902344 39.78786849975586
v 13.73041820526123 133.35324096679688 41.9722785949707
v -31.56308937072754 155.19265747070312 -0.13832132518291
v -37.1038932800293 147.80960083007812 -10.33380031585693
v -41.68885803222656 142.54144287109375 -3.32338500022888
v -37.07729721069336 148.94721984863281 5.60713386535645
v -22.5782470703125 144.77586364746094 -16.59124946594238
v -27.97777557373047 147.2506103515625 -15.3662691116333
v -24.28916549682617 154.41667175292969 -5.66924524307251
v -17.86173248291016 148.95516967773438 -9.75782203674316
v -28.42111396789551 133.22694396972656 -26.4874267578125
v -34.5162239074707 134.81492614746094 -26.53849601745605
v -32.36557388305664 139.18759155273438 -23.11307716369629
v -27.04206657409668 137.16943359375 -23.89392471313477
v -45.23250579833984 134.97869873046875 -12.20400333404541
v -41.11975479125977 139.7625732421875 -19.00970458984375
v -42.9902458190918 135.09808349609375 -23.3096923828125
v -46.96761322021484 130.40046691894531 -16.44735145568848
v -45.45104598999023 127.07818603515625 -7.57932710647583
v -46.43268585205078 123.92434692382812 -10.35128021240234
v -41.96406936645508 134.71539306640625 0.59309005737305
v -37.21628189086914 139.13670349121094 7.64428329467773
v -27.91484069824219 134.59800720214844 -28.42826080322266
v -47.71271896362305 124.73609161376953 -9.94549560546875
v -38.89469146728516 140.16065979003906 9.07465267181396
v -32.91679763793945 157.58462524414062 -0.30017095804214
v -24.32120895385742 156.48258972167969 -6.72791051864624
v -17.1128978729248 151.00579833984375 -11.65958404541016
v -44.59401321411133 136.91014099121094 -24.01167488098145
v -43.99887847900391 135.47396850585938 2.02174186706543
v -48.90628051757812 131.63938903808594 -16.55576133728027
v -43.88948822021484 144.82980346679688 -2.46946144104004
v -38.54330825805664 150.45182800292969 6.16026592254639
v -35.20100021362305 136.57075500488281 -28.03806495666504
v -28.13641548156738 150.06080627441406 -16.40102767944336
v -21.92516136169434 146.4019775390625 -18.24617385864258
v -38.61897277832031 150.87211608886719 -10.52456378936768
v -46.88800048828125 128.14573669433594 -6.70875835418701
v -47.70295333862305 136.26490783691406 -12.4364595413208
v -43.03160858154297 141.72731018066406 -20.17673873901367
v -32.96406555175781 141.07408142089844 -24.89390754699707
v -26.41819381713867 138.74481201171875 -25.60572814941406
v -25.05311393737793 141.33575439453125 -20.34096527099609
v -30.32860946655273 143.60401916503906 -19.27286148071289
v -39.28119659423828 144.20198059082031 -14.66329479217529
v -43.59798431396484 139.20140075683594 -7.74428176879883
v -43.94162368774414 131.1744384765625 -3.61806035041809
v -45.66287994384766 132.130859375 -2.44825339317322
v -46.02808380126953 140.95806884765625 -7.52038717269897
v -41.072021484375 146.69114685058594 -15.45947742462158
v -30.74063110351562 145.93170166015625 -20.76337242126465
v -24.40365219116211 142.95553588867188 -22.00296020507812
v -41.250732421875 147.94160461425781 1.98308956623077
v -35.73912048339844 154.56057739257812 -5.20791959762573
v -26.25088310241699 153.57923889160156 -11.44489765167236
v -19.54441261291504 148.99348449707031 -14.84924507141113
v -20.2454662322998 147.15493774414062 -13.07108974456787
v -26.09283638000488 151.15798950195312 -10.32181549072266
v -34.36580657958984 151.79539489746094 -5.11608600616455
v -39.33855056762695 146.06719970703125 1.37110733985901
v -39.62874221801758 137.21812438964844 4.23427534103394
v -41.49359893798828 138.10418701171875 5.67059707641602
v -36.00852966308594 147.11311340332031 -18.35902976989746
v -38.13657760620117 142.153564453125 -22.78790473937988
v -40.38722229003906 137.38233947753906 -26.56247901916504
v -39.2035026550293 135.56890869140625 -25.44446563720703
v -36.86670684814453 140.20635986328125 -21.26519966125488
v -34.91094589233398 144.6544189453125 -17.18220138549805
v -32.64556884765625 148.30220031738281 -13.07999706268311
v -30.43241691589355 152.3760986328125 -7.82852172851562
v -28.18227005004883 155.84963989257812 -2.8343026638031
v -28.87071418762207 158.04876708984375 -3.45903301239014
v -31.18806457519531 154.99600219726562 -8.45091819763184
v -33.45843505859375 151.3238525390625 -13.69767951965332
v -45.91399002075195 139.71049499511719 -16.17548942565918
v -47.54150390625 134.87045288085938 -20.50494766235352
v -45.75203704833984 133.34503173828125 -20.11783981323242
v -43.69493103027344 138.08427429199219 -15.49120903015137
v -41.96348190307617 142.41494750976562 -11.07668972015381
v -39.92409515380859 145.88702392578125 -6.69161367416382
v -37.35707092285156 149.63896179199219 -1.73697638511658
v -34.77433013916016 152.78567504882812 2.90325856208801
v -36.18027114868164 154.75628662109375 3.16085505485535
v -39.02666854858398 151.96505737304688 -1.45383334159851
v -41.81248092651367 148.56423950195312 -6.34146976470947
v -44.10408401489258 144.5391845703125 -11.34628295898438
v -47.63399124145508 132.51443481445312 -9.40996837615967
v -48.74033355712891 128.45762634277344 -13.20556831359863
v -47.13098907470703 127.43229675292969 -13.35425472259521
v -45.68030548095703 131.33758544921875 -9.72902584075928
v -44.10831832885742 135.49703979492188 -5.51853084564209
v -42.16498184204102 138.93754577636719 -1.20250773429871
v -39.82217025756836 141.95179748535156 2.96532845497131
v -37.40041351318359 144.38716125488281 6.89647006988525
v -39.05752563476562 145.61537170410156 7.78009700775146
v -41.71068572998047 143.33201599121094 3.98948097229004
v -44.28269958496094 140.46099853515625 -0.06122156977654
v -46.18399810791016 136.85359191894531 -4.82168006896973
v -42.03257751464844 35.5505256652832 -22.84224128723145
v -35.43359375 42.58548736572266 -27.12744331359863
v -31.60874557495117 43.54854202270508 -28.77304267883301
v -22.01138496398926 40.49980163574219 -22.37140655517578
v -19.28214263916016 36.71369934082031 -14.91900157928467
v -28.44624710083008 32.13284683227539 -4.44164323806763
v -37.02723693847656 28.1698169708252 -7.0509352684021
v -43.86000442504883 39.40320205688477 -19.63945770263672
v -37.8749885559082 44.92972183227539 -24.44212532043457
v -32.28301620483398 44.37713623046875 -27.47818565368652
v -20.32938003540039 38.72968292236328 -14.05760478973389
v -29.66283988952637 37.0819206237793 -2.86423563957214
v -26.15788078308105 14.22909736633301 -43.99425888061523
v -20.14175796508789 14.80890655517578 -45.13644409179688
v -11.16481971740723 12.46518993377686 -34.744873046875
v -18.82950973510742 10.11687183380127 -28.28375625610352
v -13.29706192016602 19.95186233520508 -28.83563041687012
v -39.78862762451172 25.42050170898438 -21.22539329528809
v -40.51313400268555 30.74083518981934 -28.74530601501465
v -31.54982948303223 39.92836380004883 -36.8098030090332
v -24.46487236022949 38.80302810668945 -30.97835350036621
v -32.54600143432617 19.87263488769531 -11.30794048309326
v -42.82118988037109 31.80435371398926 -31.89273643493652
v -35.80769348144531 23.80349922180176 -9.73028182983398
v -43.99308013916016 27.51729965209961 -20.68276786804199
v -37.85490417480469 31.61692237854004 -5.22201728820801
v -27.17861747741699 7.39697933197021 -25.94692039489746
v -17.3424186706543 3.00028347969055 -28.48061180114746
v -10.32540798187256 2.40039753913879 -36.44214630126953
v -27.26213836669922 3.00027894973755 -45.34199523925781
v -19.26748657226562 2.43911290168762 -47.92662811279297
v -10.97473430633545 -8.89364051818848 -37.20976257324219
v -12.2690544128418 -8.4456672668457 -43.82268905639648
v -18.87151718139648 -8.38858604431152 -48.53844451904297
v -44.63492965698242 1.48309576511383 -34.58100891113281
v -37.11313629150391 2.85976505279541 -22.32540893554688
v -34.89228057861328 0.27697470784187 -20.6949577331543
v -33.82220840454102 -8.43858909606934 -19.68456077575684
v -45.06657409667969 -7.8636212348938 -38.61345672607422
v -44.92366409301758 -2.22414469718933 -37.16973495483398
v -27.84827423095703 -8.33334636688232 -46.86481475830078
v -17.31893730163574 -8.87246894836426 -29.20995903015137
v -40.42493057250977 -0.67150467634201 -18.88091850280762
v -41.98559951782227 -7.81310415267944 -18.35388946533203
v -51.22050094604492 -7.57296848297119 -31.13719367980957
v -52.32564544677734 -0.11763247847557 -27.10776138305664
v -51.01871490478516 0.39270335435867 -21.83551025390625
v -46.16011810302734 -0.31374698877335 -18.47039222717285
v -52.41718292236328 -6.80127716064453 -26.59428787231445
v -51.32150650024414 -5.63416767120361 -21.23036003112793
v -47.14956283569336 -6.54461193084717 -18.27645683288574
v -42.20975494384766 1.70204496383667 -20.18179321289062
v -46.17935943603516 3.82339096069336 -24.80671310424805
v -49.20576858520508 1.93521916866302 -30.11520576477051
v -49.31138229370117 -1.42144536972046 -32.17987060546875
v -33.64609146118164 10.66643619537354 -32.70101165771484
v -35.4870719909668 8.93683815002441 -31.22286415100098
v -41.712158203125 5.41025352478027 -27.48771286010742
v -29.03765487670898 36.58197402954102 -33.69484329223633
v -28.78854942321777 42.47721481323242 -32.39980316162109
v -26.32413482666016 8.44101142883301 -26.72210502624512
v -22.62509346008301 24.3106575012207 -12.0853853225708
v -35.18455123901367 24.76260566711426 -12.77487945556641
v -32.45531845092773 22.04833793640137 -14.6737813949585
v -23.21746444702148 24.93008422851562 -13.99817180633545
v -16.15192604064941 36.75205612182617 -18.4468822479248
v -17.65223693847656 40.51668167114258 -25.55105018615723
v -18.40206527709961 28.04970550537109 -13.19224166870117
v -17.57575035095215 31.86380958557129 -12.28317642211914
v -25.24103736877441 27.54047012329102 -8.84212875366211
v -16.48577499389648 35.74628067016602 -19.85129928588867
v -18.0583381652832 32.25822830200195 -14.3730411529541
v -18.9237003326416 28.68169212341309 -14.79656314849854
v -43.14331436157227 30.42322158813477 -26.0685977935791
v -40.79767608642578 30.17435264587402 -26.39690589904785
v -39.91152954101562 26.59360885620117 -20.74245071411133
v -18.50244522094727 37.60503005981445 -27.4203052520752
v -27.2248420715332 41.09888458251953 -31.99782371520996
v -18.84163856506348 39.36529159545898 -26.1765022277832
v -22.8703556060791 41.17596817016602 -21.75143241882324
v -16.46123123168945 33.95594024658203 -20.63816261291504
v -28.75698280334473 13.25939178466797 -21.94926452636719
v -35.68460083007812 15.86262226104736 -28.48330879211426
v -15.08236217498779 23.23302268981934 -35.32710647583008
v -13.64450645446777 14.14860248565674 -41.23634338378906
v -12.51638793945312 2.36538052558899 -43.52623748779297
v -46.55475997924805 32.46904373168945 -17.8133430480957
v -45.86861038208008 39.95176696777344 -13.14345264434814
v -21.93366432189941 35.56575012207031 -8.13047885894775
v -23.28068923950195 38.516357421875 -6.78841924667358
v -41.62879943847656 42.33055114746094 -16.97807121276855
v -37.14166259765625 44.23812866210938 -23.23174095153809
v -32.56868362426758 43.45764541625977 -24.27272987365723
v -25.17013740539551 40.81885147094727 -19.6601390838623
v -23.44070053100586 38.932861328125 -13.3370304107666
v -24.61033821105957 39.41325759887695 -7.54765844345093
v -30.32976913452148 37.25321960449219 -4.33527374267578
v -36.10839462280273 36.76935195922852 -6.0272798538208
v -40.85217666625977 40.5789794921875 -12.21193027496338
v -22.85621070861816 47.56914520263672 -27.53581047058105
v -27.81522941589355 50.31047058105469 -25.35536956787109
v -38.18129730224609 51.65579223632812 -19.11775016784668
v -38.71227264404297 49.65377807617188 -9.81385040283203
v -39.26770401000977 50.48179626464844 -14.93319702148438
v 7.70750379562378 88.35855865478516 -8.39654541015625
v 3.26935029029846 87.36345672607422 -2.50516891479492
v -2.44688367843628 83.51312255859375 1.93813359737396
v -19.27294158935547 39.85275650024414 -12.40937900543213
v -24.06635284423828 41.19738388061523 -4.36582660675049
v -9.04604911804199 86.79661560058594 -19.5484676361084
v -3.9944281578064 73.83766174316406 2.52007341384888
v 3.38450980186462 76.00673675537109 -2.1983277797699
v 7.25753307342529 75.90945434570312 -8.54907703399658
v -9.51706695556641 74.01856994628906 3.149094581604
v -33.53686904907227 51.22906875610352 -22.547607421875
v -14.53452014923096 86.44919586181641 -16.66266441345215
v -17.91802978515625 85.32032775878906 -7.30333518981934
v -15.23616600036621 84.28872680664062 -3.25886297225952
v -7.13850879669189 83.564697265625 2.81029629707336
v -1.19493472576141 85.47927856445312 -22.03701019287109
v -2.76893877983093 74.45858001708984 -23.84043884277344
v -10.28012561798096 76.16934204101562 -21.49681282043457
v -40.12836074829102 44.41970443725586 -20.75668334960938
v -38.86317825317383 34.50069046020508 -34.16621017456055
v -34.88277053833008 32.76481246948242 -32.16260147094727
v -30.53020477294922 41.06233215332031 -2.63389754295349
v -34.02791976928711 43.50782012939453 -3.25989985466003
v -18.61202049255371 75.75248718261719 -3.0608594417572
v -20.33112907409668 77.3587646484375 -8.04023838043213
v -15.32859802246094 77.31245422363281 -18.32955169677734
v 5.09549570083618 96.97997283935547 -9.59659481048584
v 0.84669083356857 95.59275817871094 -3.27133011817932
v -4.37765264511108 94.18967437744141 0.73771274089813
v -14.97398853302002 94.46429443359375 -7.40446472167969
v -10.67319774627686 93.36883544921875 -2.72399306297302
v -10.2805290222168 96.20314788818359 -15.55850124359131
v -2.0568835735321 95.60569763183594 -19.11193656921387
v -14.43934917449951 95.15554046630859 -11.1086597442627
v -38.36022567749023 21.59649276733398 -24.3290901184082
v -30.7914981842041 18.41865921020508 -17.59087562561035
v -22.01852416992188 20.67091941833496 -17.35855102539062
v -27.96434593200684 30.1643180847168 -36.61960220336914
v -33.56687164306641 28.04558181762695 -34.44230270385742
v -14.61116790771484 26.64070892333984 -24.59784698486328
v -16.46364974975586 30.21129989624023 -31.47392654418945
v -22.0349006652832 31.76209259033203 -36.14403915405273
v -38.78421783447266 3.21553897857666 -38.02568435668945
v -37.35748672485352 -0.589868247509 -41.33982849121094
v -37.11502456665039 -8.11841011047363 -43.85612869262695
v -25.3380241394043 -8.92640399932861 -24.041015625
v -27.70383453369141 1.12919461727142 -24.20915794372559
v -32.73063278198242 4.67599630355835 -24.19677352905273
v -38.25555801391602 6.69188737869263 -29.48968315124512
v -28.90699577331543 42.23280334472656 -22.1678352355957
v -27.94003868103027 43.31142807006836 -26.08237648010254
v -27.10010528564453 42.23249053955078 -27.28311920166016
v -24.0835132598877 41.9518928527832 -29.55223274230957
v -24.27921676635742 40.81027984619141 -29.93929290771484
v 3.70587706565857 97.48030853271484 -16.48626136779785
v 5.58882427215576 88.299072265625 -17.15558433532715
v 4.08262157440186 74.61988830566406 -17.60088729858398
v -19.61940765380859 42.55490112304688 -20.21585464477539
v -14.78007221221924 48.62010955810547 -2.98478698730469
v -20.83050155639648 59.46652603149414 -25.25138282775879
v -5.15087604522705 65.52494812011719 1.86555433273315
v -23.51197052001953 68.40768432617188 -5.32196426391602
v -24.70073509216309 70.00731658935547 -10.45575714111328
v -19.46886444091797 69.33658599853516 -20.07428932189941
v -7.59502458572388 65.013916015625 -25.56203269958496
v -0.85342019796371 62.88442611694336 -18.28933715820312
v 3.66677713394165 64.08457183837891 -9.24669170379639
v -0.95753991603851 63.71829986572266 -2.64394640922546
v -23.98956680297852 70.50552368164062 -15.60885334014893
v -19.48685073852539 78.11114501953125 -13.58998870849609
v -17.98566436767578 85.99101257324219 -11.83839130401611
v -40.55965423583984 43.1114501953125 -22.30898094177246
v -38.8602294921875 39.56968307495117 -25.46094512939453
v -42.24290466308594 34.73503875732422 -5.09899425506592
v -42.05050277709961 26.88125801086426 -8.1207857131958
v -39.08949279785156 23.37491989135742 -12.17473125457764
v -36.14756774902344 25.35139083862305 -14.31162261962891
v -40.77879333496094 35.50356292724609 -5.60358476638794
v -44.68508911132812 40.26112365722656 -12.94170475006104
v -36.88837814331055 -6.72013902664185 -43.3317756652832
v -27.88881874084473 -6.5709981918335 -46.41258239746094
v -18.93142509460449 -6.69731521606445 -48.29831695556641
v -12.15622711181641 -6.76179218292236 -43.84343338012695
v -10.77163314819336 -7.13425397872925 -36.97690200805664
v -17.45787620544434 -7.02884435653687 -28.88837623596191
v -25.45336532592773 -7.28296232223511 -24.056884765625
v -33.82266616821289 -7.02356147766113 -19.88157272338867
v -41.54498672485352 -5.90918207168579 -18.12611770629883
v -47.47214126586914 -4.25707006454468 -17.95933151245117
v -51.94838714599609 -3.44425511360168 -20.91114616394043
v -53.11654663085938 -4.30367517471313 -26.40353012084961
v -50.65785217285156 -6.50288534164429 -31.41547012329102
v -44.76473617553711 -6.84205007553101 -38.31773376464844
v -13.87162494659424 64.55240631103516 1.4830915927887
v -14.38987445831299 67.72745513916016 -23.33461761474609
v -30.93203735351562 61.93943786621094 -17.47062301635742
v -32.01091384887695 61.38285446166992 -12.70725631713867
v -31.4190559387207 60.11367416381836 -7.53089809417725
v -23.06334114074707 54.78779602050781 -0.79498171806335
v -23.05678558349609 51.01678848266602 1.32877898216248
v -10.04957294464111 47.41966247558594 -9.69319534301758
v -8.35153388977051 52.44628524780273 -19.23010444641113
v -14.66401290893555 56.33515548706055 -27.1091251373291
v -26.20112037658691 61.05163192749023 -21.84098815917969
v -27.09357452392578 45.78177261352539 -0.50758194923401
v -29.97611236572266 49.32645034790039 -2.06845021247864
v -35.30824661254883 54.66154861450195 -8.73478126525879
v -35.92875671386719 55.71807479858398 -13.89825439453125
v -34.87533569335938 56.57736587524414 -18.40044212341309
v -30.2132511138916 55.99190139770508 -22.57986640930176
v -24.64851760864258 54.71208572387695 -25.77302169799805
v -19.09474754333496 51.66870880126953 -27.62169456481934
v -15.61030006408691 46.20778656005859 -19.74976348876953
v -14.67009925842285 43.23946762084961 -10.93994808197021
v -21.03683471679688 45.01198196411133 -2.27000260353088
v -46.71054840087891 36.82159042358398 -14.8222541809082
v -43.25873565673828 32.41669845581055 -5.15343809127808
v -37.51339340209961 29.79083061218262 -6.2115273475647
v -29.21118354797363 34.47351837158203 -3.30989456176758
v -22.75019836425781 36.70967102050781 -7.20300388336182
v -20.00566291809082 36.99354934692383 -14.63102626800537
v -22.62421035766602 40.42031478881836 -22.09485244750977
v -27.65700340270996 42.74747467041016 -26.59574127197266
v -32.04724884033203 44.16086578369141 -27.97697257995605
v -37.15575790405273 44.28750228881836 -25.63749504089355
v -40.18656921386719 41.57929611206055 -23.75661277770996
v -43.46574783325195 37.74864959716797 -21.06934928894043
v -7.52524709701538 93.77919006347656 -0.99329370260239
v -11.75818347930908 83.78179168701172 0.96575057506561
v -14.69313430786133 74.27954864501953 1.27650105953217
v -20.19315528869629 66.14273834228516 -0.95910984277725
v -27.59764289855957 57.48757171630859 -3.12397384643555
v -33.31617736816406 52.32737350463867 -4.385826587677
v -36.74796295166016 47.44021224975586 -5.44006776809692
v -38.95619201660156 39.05329513549805 -8.51384258270264
v -42.80825805664062 38.43680191040039 -8.93990707397461
v -44.11942291259766 38.0021858215332 -8.75674533843994
v -45.92786407470703 34.47105026245117 -9.16748523712158
v -45.03740310668945 28.79034233093262 -12.24282264709473
v -41.80307006835938 24.56166839599609 -16.47683143615723
v -37.99703979492188 25.63612174987793 -17.7131404876709
v -36.12197113037109 23.73442077636719 -17.94958686828613
v -35.44596862792969 19.55087852478027 -20.34096527099609
v -33.07825469970703 14.13994312286377 -24.66206932067871
v -30.82696723937988 9.18797302246094 -29.17201805114746
v -31.96955490112305 8.56737613677979 -28.09375
v -35.47311019897461 5.88996171951294 -26.66007995605469
v -39.33210372924805 4.13725709915161 -24.77801895141602
v -44.1287727355957 3.20613932609558 -22.40005874633789
v -49.01294708251953 0.13633175194263 -19.56545257568359
v -50.17595672607422 -3.76269721984863 -19.13019180297852
v -49.52005386352539 -6.06088352203369 -19.56625556945801
v -37.6185302734375 24.36315727233887 -13.24317455291748
v -39.90005493164062 25.0988941192627 -17.0949878692627
v -41.95230484008789 27.05545425415039 -20.71261024475098
v -41.97049713134766 30.29878616333008 -26.23275184631348
v -41.85351181030273 30.59323310852051 -31.65752601623535
v -36.89014434814453 32.50992202758789 -33.68219375610352
v -29.20183563232422 37.28676986694336 -35.77117919921875
v -28.00669479370117 41.78805160522461 -32.19881057739258
v -24.18136405944824 41.38108825683594 -29.74576187133789
v -18.2469367980957 39.94098663330078 -25.86377716064453
v -16.31884956359863 36.24916076660156 -19.14909362792969
v -17.81704521179199 32.06101989746094 -13.32810878753662
v -18.66288375854492 28.36569786071777 -13.99440288543701
v -22.92127990722656 24.62037086486816 -13.04177856445312
v -32.50065994262695 20.96048545837402 -12.99086093902588
v -52.15644454956055 -5.99212455749512 -23.72957992553711
v -53.07398986816406 -3.56361699104309 -23.1630859375
v -52.27069091796875 0.23728123307228 -24.07917404174805
v -47.89849853515625 3.21147060394287 -27.78910446166992
v -43.38243103027344 4.13849401473999 -31.31186866760254
v -39.63592910766602 5.52699708938599 -33.57992172241211
v -36.19442749023438 8.05358505249023 -35.1778678894043
v -34.1155891418457 12.25401592254639 -36.87915802001953
v -34.13331985473633 6.16658878326416 -40.60023498535156
v -31.23932266235352 13.38164806365967 -41.15940856933594
v -32.07901000976562 21.83554458618164 -37.24792098999023
v -17.48385429382324 23.14455795288086 -20.02620697021484
v -13.9965353012085 11.09101867675781 -30.57379913330078
v -13.10260200500488 2.71227955818176 -32.20029830932617
v -13.58224201202393 -7.09044456481934 -32.60547256469727
v -13.59313774108887 -8.89793300628662 -32.83295822143555
v -15.80305480957031 17.06073188781738 -24.68777656555176
v -20.69955062866211 15.12613105773926 -22.47678756713867
v -26.86469459533691 23.83794593811035 -39.35568237304688
v -20.7813663482666 24.93538093566895 -39.84619522094727
v -35.74454498291016 19.0280818939209 -33.29181671142578
v -38.21559143066406 25.33857536315918 -30.18620109558105
v -44.3062629699707 1.14195621013641 -19.24400901794434
v -46.70503234863281 2.22100591659546 -20.89664649963379
v -48.82400131225586 2.765625 -23.18048858642578
v -50.24009323120117 2.26617169380188 -25.8342399597168
v -50.92426300048828 1.33455622196198 -28.50550270080566
v 17.90936279296875 50.09796142578125 50.43575286865234
v 24.16592025756836 52.85657119750977 41.99869537353516
v 25.70811080932617 52.30291366577148 36.29824066162109
v 16.95002746582031 49.53354263305664 28.66144752502441
v 7.96566486358643 48.20502853393555 28.14808082580566
v -1.21522104740143 50.41913986206055 38.47789764404297
v 0.16442076861858 48.36997604370117 47.12129592895508
v 16.58506774902344 55.14130020141602 51.00351333618164
v 23.13979911804199 56.84665679931641 41.99942779541016
v 24.49915313720703 53.96756362915039 35.50564575195312
v 7.52338361740112 50.68705749511719 28.59985542297363
v -0.90491938591003 55.5941047668457 39.41255187988281
v 27.91341781616211 20.33881759643555 41.38444137573242
v 28.51858139038086 19.86130142211914 35.24509048461914
v 16.56133842468262 18.50224876403809 27.98098754882812
v 10.56701755523682 18.79924392700195 36.40478897094727
v 15.24600219726562 26.24411201477051 27.4385929107666
v 12.36875247955322 41.19930648803711 51.05402755737305
v 21.38457679748535 43.15526962280273 50.53525924682617
v 31.63918876647949 45.67870712280273 39.6603889465332
v 25.29613876342773 45.03575134277344 32.96552658081055
v 0.55833774805069 38.20890045166016 45.29537200927734
v 24.8664665222168 43.49304580688477 52.56673431396484
v 0.86201524734497 43.16763305664062 47.26972579956055
v 12.99512100219727 44.39611434936523 54.48280715942383
v -0.13593117892742 52.31869125366211 46.89263916015625
v 9.48772430419922 14.40561199188232 45.82329559326172
v 10.26060771942139 10.21044635772705 35.61033630371094
v 16.84948921203613 9.81791687011719 27.27865409851074
v 28.61844635009766 10.2104434967041 42.37030029296875
v 29.74213409423828 9.81791591644287 34.0340576171875
v 17.80063438415527 -1.47724664211273 27.56315803527832
v 24.53500366210938 -0.98338836431503 27.66878318786621
v 30.35053062438965 -0.99411714076996 33.32684707641602
v 20.90077018737793 8.46736431121826 61.31864547729492
v 7.62734127044678 9.55561923980713 55.7952880859375
v 5.72785425186157 6.95913934707642 53.92300415039062
v 4.62103891372681 -1.60955989360809 53.16833114624023
v 25.24507713317871 -1.0366290807724 60.87483596801758
v 23.59542274475098 4.78941249847412 61.203125
v 30.30173492431641 -1.11531233787537 42.45751953125
v 11.05840110778809 -1.65179419517517 35.22853851318359
v 4.65095996856689 5.91645240783691 59.22536849975586
v 4.53312015533447 -1.18995440006256 60.97429656982422
v 18.34613990783691 -0.22545456886292 68.52684783935547
v 14.22545623779297 7.13647794723511 69.89128112792969
v 8.81725215911865 7.43666458129883 69.23834228515625
v 4.90291833877563 6.45362043380737 64.86333465576172
v 13.96225833892822 0.44767886400223 70.25717163085938
v 8.46625995635986 1.40861260890961 69.80445861816406
v 5.05196523666382 0.25901392102242 66.06539916992188
v 6.11389636993408 8.37838554382324 60.79458236694336
v 11.13757801055908 10.74405384063721 64.04851531982422
v 16.85669326782227 9.09220027923584 66.39570617675781
v 18.98437309265137 5.83246803283691 66.30970001220703
v 16.65843963623047 20.95922660827637 50.27310180664062
v 16.1477222442627 15.85296726226807 53.0887451171875
v 13.38082599639893 12.23056316375732 59.52316665649414
v 27.29714202880859 43.262939453125 38.07197952270508
v 28.34384918212891 48.88980865478516 36.13917541503906
v 9.5083703994751 19.55656814575195 43.77310180664062
v 2.2122266292572 39.12522888183594 34.5645866394043
v 3.98422455787659 42.65901947021484 46.51414489746094
v 4.48311996459961 38.79084396362305 44.72246170043945
v 4.25576162338257 39.08719635009766 35.02919769287109
v 12.33659934997559 45.85094451904297 25.10833930969238
v 20.43340873718262 46.80910491943359 25.75349807739258
v 4.33905744552612 40.84230804443359 29.50812721252441
v 4.89964866638184 44.3302001953125 27.61684989929199
v 0.66455471515656 43.93951034545898 36.05485916137695
v 13.26983070373535 44.50960922241211 25.7605037689209
v 7.01158237457275 43.99541854858398 28.0453987121582
v 6.09801530838013 40.91614151000977 29.89018821716309
v 19.00080871582031 44.62959671020508 53.05071640014648
v 19.02763748168945 43.64702224731445 50.8814811706543
v 12.3829345703125 42.45336532592773 50.82674789428711
v 21.10420417785645 43.74882125854492 27.45036888122559
v 27.32584190368652 47.40874481201172 35.00928497314453
v 20.65947341918945 45.87442016601562 27.23903656005859
v 15.95875263214111 50.77897644042969 28.8377685546875
v 13.30656242370605 42.62053680419922 26.26559448242188
v 7.53030490875244 27.2201042175293 43.89264297485352
v 15.07410430908203 28.84840393066406 50.04911804199219
v 22.61550521850586 27.09213638305664 28.47006988525391
v 23.77136611938477 19.03100395202637 29.41510963439941
v 24.21057319641113 9.81791496276855 28.17333221435547
v 12.44693470001221 50.56642150878906 55.45351028442383
v 10.96140575408936 58.78521347045898 52.53563690185547
v 2.57466173171997 50.33905792236328 31.22539710998535
v 2.02650737762451 53.85028076171875 32.09321975708008
v 15.89975833892822 58.16912841796875 47.30768203735352
v 21.85397911071777 56.55769729614258 40.49967575073242
v 21.20920562744141 54.42568588256836 36.13163375854492
v 13.90823173522949 51.91099548339844 31.15972709655762
v 7.11980819702148 51.9129638671875 31.68871879577637
v 3.3296012878418 54.73133087158203 32.88053512573242
v 0.66361445188522 55.36975479125977 39.70528030395508
v 3.04206824302673 55.90246200561523 44.75900650024414
v 11.03171443939209 58.15267944335938 47.51059722900391
v 22.10185432434082 54.80794143676758 24.97490882873535
v 22.37032127380371 59.18103790283203 29.06185913085938
v 20.44443702697754 65.02297210693359 39.54873275756836
v 11.70070362091064 66.54150390625 42.98660659790039
v 16.72737312316895 65.65653228759766 41.95163345336914
v 10.88461399078369 88.55054473876953 -4.22571039199829
v 3.98360896110535 87.40388488769531 -1.57922756671906
v -2.24756956100464 85.87574005126953 3.45880842208862
v 5.06364250183105 52.16730499267578 27.79265403747559
v 0.63123244047165 57.3865852355957 32.1942024230957
v 16.93274116516113 88.74086761474609 14.13066101074219
v -2.55554723739624 77.28366851806641 5.94351291656494
v 3.80389618873596 77.08418273925781 -0.52705752849579
v 9.92622756958008 77.27981567382812 -2.76718282699585
v -3.66292142868042 77.57169342041016 10.75715637207031
v 21.8848819732666 62.37453460693359 34.62314987182617
v 13.03037071228027 88.63128662109375 18.70307922363281
v 3.83793377876282 87.88719940185547 19.41825866699219
v 0.78963720798492 86.83151245117188 16.0367431640625
v -3.66222190856934 86.27947235107422 7.58212900161743
v 20.83770942687988 87.01674652099609 7.10124588012695
v 21.19187545776367 76.45105743408203 6.66567611694336
v 19.12900161743164 79.10472106933594 12.73779106140137
v 20.38579177856445 58.30910873413086 43.92716979980469
v 27.68819427490234 43.91010665893555 48.09810256958008
v 24.87333297729492 42.08217239379883 44.69124984741211
v 0.13068373501301 59.44640731811523 39.28479385375977
v 2.34263610839844 62.24874496459961 41.87303924560547
v 1.81354308128357 80.83345031738281 19.43727493286133
v 6.68682956695557 82.50885772705078 20.92946243286133
v 16.29867744445801 81.03733062744141 16.9177131652832
v 10.86032009124756 97.27433013916016 -2.22734308242798
v 3.74194002151489 95.74075317382812 0.43116453289986
v -1.35316622257233 94.32941436767578 4.55555486679077
v 3.34317493438721 95.73167419433594 17.14368629455566
v 0.58936667442322 93.88961791992188 11.49853038787842
v 12.40232944488525 97.76399230957031 14.83915424346924
v 18.18373107910156 96.9737548828125 8.00439453125
v 7.00636911392212 96.63126373291016 17.63108444213867
v 13.65153026580811 36.23798370361328 50.86414337158203
v 5.65048217773438 34.0093994140625 44.24564361572266
v 5.62577342987061 33.705078125 35.19034194946289
v 27.44905281066895 36.18378448486328 38.94087982177734
v 25.06333923339844 36.68360137939453 44.82955551147461
v 14.00775241851807 34.13801193237305 26.67742538452148
v 21.84731292724609 35.1094970703125 27.7064380645752
v 27.16805076599121 36.16849517822266 32.78798294067383
v 23.44436073303223 10.16703796386719 55.01109313964844
v 26.50344657897949 6.40054988861084 52.94545745849609
v 28.98975563049316 -1.09589648246765 52.11407852172852
v 7.40048980712891 -1.9016056060791 44.03669738769531
v 7.91580390930176 8.11173248291016 46.52831649780273
v 8.76829433441162 11.51082992553711 51.42628860473633
v 14.87201404571533 13.53903198242188 55.937744140625
v 17.78241729736328 53.2014274597168 33.56524658203125
v 21.83388328552246 52.42251586914062 32.116455078125
v 23.05306243896484 50.53771209716797 32.43893814086914
v 25.16011619567871 48.25961303710938 31.66830062866211
v 25.09419059753418 47.15693664550781 32.18901443481445
v 17.19220161437988 98.16725921630859 0.7603862285614
v 18.6828784942627 89.15464019775391 0.24895444512367
v 16.4630126953125 76.44972991943359 1.05096042156219
v 12.84861087799072 52.03932952880859 25.33035087585449
v -3.15121078491211 68.08486938476562 30.1378231048584
v 0.53909778594971 68.65878295898438 28.44858932495117
v 9.87711620330811 75.07838439941406 33.51029205322266
v 15.06325817108154 74.48543548583984 32.341064453125
v 21.40596008300781 69.55147552490234 25.296142578125
v 22.0192813873291 61.05838012695312 15.86575794219971
v 13.00577449798584 58.50025939941406 13.10807991027832
v 1.36440110206604 57.87379837036133 17.58194732666016
v -1.72025334835052 72.37539672851562 16.9152946472168
v 20.88393974304199 72.16279602050781 14.64051342010498
v 19.1535758972168 73.03398895263672 30.09005546569824
v 11.97056579589844 82.72267150878906 20.23369026184082
v 7.63957118988037 88.18381500244141 21.00664138793945
v 20.25698280334473 56.35853576660156 46.83696746826172
v 21.61586761474609 51.7584114074707 46.36392974853516
v 1.27967536449432 56.33817291259766 50.22275543212891
v 1.03848588466644 48.19558334350586 52.34163284301758
v 3.20003294944763 42.72898101806641 50.62687683105469
v 5.69831228256226 42.84072494506836 47.32933807373047
v 1.90962564945221 56.23758316040039 48.69655609130859
v 10.80028533935547 58.79792404174805 51.31613922119141
v 28.42350959777832 0.30063143372536 52.01133728027344
v 29.8514461517334 0.64123451709747 42.61184692382812
v 30.11290550231934 0.69323444366455 33.46111679077148
v 24.52336692810059 0.70234662294388 27.5865592956543
v 17.587646484375 0.28293985128403 27.46255302429199
v 10.81841659545898 0.18563076853752 35.48185729980469
v 7.42497301101685 -0.26038625836372 44.17904663085938
v 4.80493021011353 -0.19278529286385 53.1610221862793
v 4.18584251403809 0.68910557031631 60.50576019287109
v 4.69713878631592 2.5457170009613 66.35274505615234
v 8.15049648284912 3.60858941078186 70.39690399169922
v 13.77206039428711 2.9615592956543 70.89573669433594
v 18.51480865478516 0.83195805549622 67.90032958984375
v 24.8984546661377 -0.00612896727398 60.63859558105469
v 16.65891456604004 78.79331207275391 22.53576469421387
v 11.94335460662842 79.58953857421875 24.22854423522949
v 6.67371511459351 78.98371887207031 24.35919952392578
v -1.57389557361603 69.45613098144531 8.07786083221436
v 1.79319775104523 68.68109893798828 5.55828189849854
v 7.76051759719849 67.78774261474609 1.77642023563385
v 14.02412891387939 66.52018737792969 5.28774309158325
v 21.36399078369141 68.03753662109375 9.48392295837402
v 19.25701904296875 75.42581939697266 18.65801620483398
v -2.81096887588501 62.39106369018555 23.14050674438477
v 22.58857154846191 65.77703857421875 20.5063591003418
v -1.55956971645355 63.59854125976562 35.12264633178711
v 1.68194496631622 66.85742950439453 37.13437652587891
v 10.87367248535156 70.62005615234375 38.57078170776367
v 16.02589416503906 69.93926239013672 37.50120544433594
v 19.97281646728516 68.89456939697266 35.15138244628906
v 22.11025238037109 65.75569152832031 30.17426681518555
v 22.98333358764648 62.20439910888672 24.94377899169922
v 22.32683181762695 57.5952262878418 20.61310958862305
v 12.00098705291748 54.54859924316406 20.71236991882324
v 2.99825716018677 54.65609359741211 22.92222213745117
v -1.22779035568237 60.83299255371094 28.74003219604492
v 11.37254905700684 55.60437774658203 54.27872848510742
v 0.51981645822525 54.55105972290039 51.84707260131836
v 0.05086303129792 50.24180603027344 47.10603332519531
v -1.34219181537628 53.04723739624023 39.15345001220703
v 1.90887558460236 51.92457962036133 32.03525924682617
v 7.43671655654907 48.80097579956055 28.80493545532227
v 16.3026180267334 49.84212112426758 28.96507263183594
v 22.40549468994141 51.51952743530273 32.42074584960938
v 25.09632301330566 53.35936737060547 36.09296035766602
v 23.62517929077148 55.4251594543457 42.91673278808594
v 20.91848182678223 54.55023193359375 47.01342010498047
v 17.22927284240723 53.11138153076172 51.13260650634766
v -0.38189938664436 94.10951995849609 8.02704238891602
v -2.57681393623352 86.60377502441406 12.09295558929443
v -2.38987708091736 78.39824676513672 15.71172904968262
v 1.54538536071777 76.47480773925781 22.46513175964355
v 4.25325345993042 71.9871826171875 31.57224464416504
v 5.67393636703491 69.55185699462891 38.63247299194336
v 6.50918626785278 65.60626983642578 42.98538970947266
v 6.72002506256104 57.70371246337891 46.60763931274414
v 6.27664947509766 58.25682067871094 49.87020111083984
v 6.04223489761353 58.30076599121094 51.24304962158203
v 5.20669221878052 55.52204895019531 53.97958755493164
v 5.79352474212646 49.08278274536133 54.82353591918945
v 7.82317972183228 42.8360595703125 53.05484008789062
v 9.08060836791992 42.26966857910156 49.14756011962891
v 8.42593574523926 39.99507522583008 47.88824462890625
v 8.97304630279541 35.19817352294922 48.49492645263672
v 10.69657421112061 28.11147880554199 47.89117813110352
v 12.528977394104 20.39332008361816 47.89077758789062
v 12.44497299194336 15.51328086853027 50.17755126953125
v 11.63290119171143 12.71146106719971 53.66027069091797
v 10.36428928375244 10.89150905609131 57.59806442260742
v 8.51789283752441 9.99684715270996 62.36602020263672
v 6.32655811309814 7.0388445854187 67.54122924804688
v 6.17592763900757 3.17221117019653 68.87199401855469
v 6.60777044296265 0.8666564822197 68.23957061767578
v 4.44917106628418 42.78485488891602 48.97810745239258
v 8.45189476013184 42.55286407470703 51.10120010375977
v 12.68902778625488 43.42473983764648 52.65477752685547
v 19.01422309875488 44.1383056640625 51.96609878540039
v 24.11177825927734 42.25588607788086 51.96805953979492
v 26.32866477966309 41.81076431274414 46.74357604980469
v 29.49105834960938 43.12040710449219 38.10781860351562
v 27.83484268188477 48.14927673339844 35.5742301940918
v 25.12715339660645 47.70827484130859 31.92865753173828
v 20.54644203186035 46.34176254272461 26.49626541137695
v 12.80321502685547 45.18027114868164 25.43442153930664
v 5.95561647415161 44.16281127929688 27.83112525939941
v 5.21853590011597 40.87922668457031 29.69915771484375
v 3.23399424552917 39.1062126159668 34.79689407348633
v 2.52072858810425 38.49987411499023 45.00891494750977
v 11.06069278717041 1.15808975696564 70.33125305175781
v 10.52734851837158 3.59912586212158 71.23532104492188
v 11.20282077789307 7.39543437957764 70.20424652099609
v 14.35045146942139 10.25913429260254 65.38241577148438
v 17.43050193786621 11.04745769500732 60.57827377319336
v 19.16179466247559 12.42268562316895 56.62185668945312
v 20.17164611816406 14.99858283996582 53.06405639648438
v 21.27315139770508 21.13939476013184 50.21001434326172
v 25.15360832214355 13.20498752593994 50.03519058227539
v 25.48652839660645 20.6209716796875 46.86466979980469
v 25.15326881408691 29.72123336791992 45.23837661743164
v 8.68079471588135 33.6164436340332 30.2448902130127
v 12.58047389984131 18.37593269348145 31.29996299743652
v 13.16784286499023 10.03635025024414 30.77166366577148
v 13.78634262084961 0.23141446709633 31.00631904602051
v 13.96016025543213 -1.57351660728455 30.91785430908203
v 10.5127420425415 25.99103546142578 30.50054359436035
v 8.11234283447266 26.47472763061523 35.65912246704102
v 27.46021461486816 29.25124931335449 39.75217056274414
v 27.86507225036621 28.37795257568359 33.62638092041016
v 20.71758651733398 29.78151893615723 49.396484375
v 20.46545028686523 37.21549987792969 49.89210510253906
v 5.38879346847534 7.86531496047974 62.88178634643555
v 7.28749418258667 9.07997894287109 65.02035522460938
v 9.79576396942139 9.77019023895264 66.81890106201172
v 12.62042045593262 9.40384387969971 67.90713500976562
v 15.38692092895508 8.58023738861084 68.28101348876953
v -47.1075439453125 114.04947662353516 -34.78120803833008
v -43.64697265625 111.15999603271484 -36.03013229370117
v -38.91315460205078 107.32463836669922 -34.33673095703125
v -35.27993392944336 104.10546112060547 -30.11088943481445
v -33.20886611938477 102.09110260009766 -25.30049514770508
v -33.69092559814453 103.15602874755859 -19.49708557128906
v -36.44543838500977 105.63491821289062 -15.08584690093994
v -39.90503692626953 108.15024566650391 -13.28031635284424
v -44.35940551757812 111.63851165771484 -14.3624792098999
v -47.98514938354492 114.42581176757812 -18.4290828704834
v -50.77582550048828 116.705078125 -24.36466789245605
v -50.08877563476562 116.55588531494141 -30.54807662963867
v 29.05823516845703 109.34942626953125 49.20463562011719
v 35.64672470092773 108.78250885009766 46.70999908447266
v 39.12394714355469 106.57144927978516 41.82162857055664
v 39.13381958007812 104.77907562255859 37.55072021484375
v 35.05311584472656 101.50791931152344 32.89459609985352
v 29.68209075927734 99.36811828613281 30.1372013092041
v 24.08676147460938 98.04022979736328 28.66646003723145
v 18.34979248046875 98.65962982177734 30.70633888244629
v 14.50712299346924 100.46858978271484 35.59661483764648
v 14.76650524139404 103.07982635498047 39.2025032043457
v 17.38204002380371 105.95396423339844 44.03797149658203
v 21.97502899169922 108.16956329345703 48.01871871948242
# 2406 vertices

vn 0.0240041911602 -0.29030838608742 0.95663201808929
vn 0.55659192800522 -0.18887214362621 0.80903202295303
vn 0.53657162189484 -0.77799916267395 0.32681530714035
vn 0.08063513040543 -0.8818479180336 0.46458822488785
vn 0.88462692499161 -0.04604190587997 0.4640209376812
vn 0.79751724004745 -0.60322040319443 0.00955810397863
vn 0.99278616905212 0.10752575844526 0.05304669588804
vn 0.84352159500122 -0.37163776159286 -0.38775849342346
vn 0.93101453781128 0.21239393949509 -0.29681748151779
vn 0.76062774658203 -0.1898717880249 -0.62080127000809
vn 0.77746576070786 0.28302398324013 -0.56164443492889
vn 0.4868942797184 0.3314942419529 -0.80811220407486
vn 0.42010036110878 -0.06360238790512 -0.90524613857269
vn 0.64582765102386 -0.126529738307 -0.75292545557022
vn 0.16475754976273 -0.09734153002501 -0.98151898384094
vn -0.21643455326557 0.93270921707153 -0.28846073150635
vn 0.06623284518719 0.9565589427948 -0.28391599655151
vn -0.11496286094189 -0.11990461498499 -0.98610663414001
vn -0.05316831916571 0.75710898637772 -0.65112137794495
vn 0.01200444996357 0.0476461276412 -0.99879217147827
vn 0.39598912000656 0.0652037486434 -0.91593718528748
vn 0.34182703495026 0.74827420711517 -0.56854194402695
vn 0.68488484621048 0.04054578393698 -0.72752237319946
vn 0.61235725879669 0.69488191604614 -0.37703797221184
vn -0.37538704276085 0.92594534158707 0.04134865105152
vn -0.08061128109694 0.99417746067047 -0.07150459289551
vn -0.03610920906067 0.25819995999336 0.965416431427
vn 0.37098076939583 0.33308950066566 0.86684763431549
vn -0.55914008617401 0.78189027309418 0.27569901943207
vn 0.63076221942902 0.42748707532883 0.64760619401932
vn -0.6065394282341 0.55491930246353 0.56936311721802
vn 0.72414582967758 0.51105797290802 0.46306869387627
vn -0.5614550113678 0.3860610127449 0.73193246126175
vn 0.73601704835892 0.62515246868134 0.25973695516586
vn -0.32279205322266 0.2595442533493 0.91018795967102
vn -0.49137386679649 0.33695533871651 0.80312693119049
vn 0.62227237224579 0.78231459856033 0.02758410200477
vn 0.37224414944649 0.90978586673737 -0.1836409419775
vn 0.34166860580444 -0.30348446965218 -0.88947159051895
vn 0.46799403429031 0.31556418538094 -0.82547008991241
vn 0.76918077468872 0.2602690756321 -0.58362740278244
vn 0.57435357570648 -0.10197397321463 -0.81223106384277
vn 0.99081766605377 -0.01779540814459 -0.13402929902077
vn 0.91716742515564 0.14319702982903 -0.37188497185707
vn 0.92872273921967 0.17921404540539 -0.32458651065826
vn 0.9979692697525 0.06280486285686 0.01061821728945
vn 0.90391618013382 -0.26838287711143 0.33302569389343
vn 0.898157954216 -0.11977998167276 0.42304250597954
vn 0.57272756099701 -0.47300162911415 0.66951680183411
vn 0.56509429216385 -0.30489584803581 0.76662045717239
vn 0.03673866391182 -0.58921927213669 0.80713754892349
vn 0.02433677762747 -0.41883209347725 0.9077376127243
vn 0.91972303390503 0.1018690764904 -0.37912008166313
vn 0 0 0
vn 0.90689736604691 0.0281012095511 -0.42041352391243
vn 0.88027304410934 0.42281872034073 0.21527637541294
vn 0.98015928268433 -0.16046141088009 -0.11636121571064
vn 0.88927191495895 -0.36553871631622 0.27491241693497
vn 0.78030830621719 0.20703579485416 0.59013146162033
vn 0.56171447038651 -0.58808732032776 0.58191931247711
vn 0.46934768557549 0.00126757530961 0.88301259279251
vn -0.00598199293017 -0.1183213442564 0.99295723438263
vn 0.04897602275014 -0.71361863613129 0.69882017374039
vn 0.00806588865817 0.09162458777428 -0.99576097726822
vn -0.06640155613422 0.87749058008194 -0.47497496008873
vn 0.32009840011597 0.86222672462463 -0.3925584256649
vn 0.41290551424026 0.09785807877779 -0.90550136566162
vn 0.54422777891159 0.49101114273071 -0.68023830652237
vn 0.71260392665863 0.07511729747057 -0.69753354787827
vn -0.31812244653702 -0.25249832868576 -0.91380673646927
vn -0.49811235070229 0.23401971161366 -0.834936439991
vn 0.41731685400009 -0.06216095015407 -0.90663260221481
vn 0.88969528675079 -0.02434091456234 -0.45590558648109
vn 0.80177319049835 0.5859512090683 -0.11756195873022
vn 0.32779142260551 0.12403849512339 -0.93657207489014
vn -0.65562748908997 -0.71876412630081 -0.23136706650257
vn -0.24182334542274 -0.97000169754028 0.02486414462328
vn -0.0500709079206 0.42086157202721 0.90574198961258
vn -0.34198212623596 0.45673185586929 0.82124561071396
vn -0.90189355611801 0.31711441278458 0.29330259561539
vn 0.6406632065773 -0.70146757364273 0.31224003434181
vn -0.5244717001915 -0.79876261949539 0.29480114579201
vn -0.63600885868073 -0.70335525274277 0.31746506690979
vn -0.87262642383575 -0.22686688601971 0.43249815702438
vn -0.86925327777863 -0.25193113088608 0.42535823583603
vn -0.54756724834442 -0.02916702255607 -0.83625316619873
vn -0.50059103965759 0.25774821639061 -0.8264228105545
vn -0.85887962579727 -0.25123009085655 0.44632875919342
vn -0.92714357376099 -0.17648346722126 -0.33054247498512
vn 0.05464646592736 -0.48093977570534 -0.87504899501801
vn -0.05255205929279 0.74874466657639 -0.66077208518982
vn 0.33741322159767 0.75423091650009 -0.56328320503235
vn 0.27763590216637 -0.45470699667931 -0.84626227617264
vn 0.58235418796539 0.7354907989502 -0.34629023075104
vn 0.47136676311493 -0.44459375739098 -0.76167559623718
vn 0.74700689315796 0.66099345684052 -0.07119266688824
vn 0.64929461479187 -0.4670282304287 -0.60025078058243
vn 0.73858803510666 -0.57512474060059 -0.35173755884171
vn 0.81651908159256 0.51246213912964 0.26585566997528
vn 0.65063446760178 -0.75585961341858 -0.07315059006214
vn 0.72571933269501 0.28317099809647 0.62701320648193
vn 0.39347058534622 -0.91601866483688 0.07804345339537
vn 0.44109973311424 0.04378624260426 0.89638924598694
vn 0.08171194046736 -0.99013310670853 0.11383951455355
vn -0.00820330996066 -0.09250707924366 0.99567818641663
vn -0.77982032299042 -0.40801167488098 0.47477015852928
vn -0.45259833335876 -0.59292042255402 0.66603308916092
vn 0.01444695796818 -0.34971070289612 0.93674635887146
vn -0.49518674612045 -0.27708470821381 0.8234161734581
vn -0.80768138170242 -0.23117184638977 0.54241162538528
vn -0.17353624105453 -0.57226365804672 0.801498234272
vn 0.24127550423145 -0.53726518154144 0.80816602706909
vn -0.31744879484177 -0.45613372325897 0.83136528730392
vn -0.3191314637661 -0.33817595243454 0.88532030582428
vn -0.28640899062157 -0.38231655955315 0.87852364778519
vn -0.35390067100525 -0.37843975424767 0.85529971122742
vn -0.87919759750366 -0.26824173331261 0.39377418160439
vn -0.59201681613922 0.52198988199234 -0.61403799057007
vn -0.03971041366458 0.62840580940247 -0.7768714427948
vn -0.91542476415634 0.30797272920609 -0.25913375616074
vn -0.99562382698059 0.04163333028555 0.08366610109806
vn -0.9277338385582 -0.16849048435688 0.33304786682129
vn -0.77619141340256 -0.32966348528862 0.53744667768478
vn -0.05018797144294 0.42239210009575 0.90502274036407
vn 0.02918357215822 -0.50972086191177 0.85984474420547
vn -0.46025890111923 -0.47582092881203 0.74950391054153
vn -0.37616512179375 0.00038197575486 -0.92655259370804
vn -0.44697707891464 0.67926228046417 -0.58207756280899
vn -0.66208559274673 -0.07224559783936 -0.74593782424927
vn -0.71020531654358 0.58111369609833 -0.397385597229
vn -0.93525511026382 -0.32216596603394 -0.14665253460407
vn -0.85848951339722 -0.17133341729641 -0.48336377739906
vn -0.884432554245 0.44367617368698 -0.14467380940914
vn -0.94507855176926 0.26880565285683 0.18593041598797
vn -0.82372045516968 -0.51022601127625 0.24729315936565
vn -0.82239603996277 0.07180783897638 0.56436556577682
vn -0.47353368997574 -0.67546236515045 0.56525790691376
vn -0.4908689558506 -0.07975633442402 0.86757504940033
vn 0.22694900631905 0.97291415929794 0.0439571775496
vn -0.44421023130417 0.26913839578629 0.85454189777374
vn 0.4358471930027 0.85469055175781 0.28203043341637
vn -0.70318073034286 0.32472804188728 0.63252556324005
vn 0.50420665740967 0.6426192522049 0.57690227031708
vn -0.80208098888397 0.39565595984459 0.44735044240952
vn 0.47332149744034 0.47285711765289 0.74321800470352
vn -0.83272993564606 0.50027239322662 0.23725186288357
vn -0.74508184194565 0.66694957017899 0.00559556717053
vn 0.40209713578224 0.4123423397541 0.81749105453491
vn 0.24553546309471 0.30749753117561 0.91932457685471
vn -0.51332348585129 0.83506911993027 -0.19788482785225
vn -0.78363448381424 0.13077680766582 -0.60730105638504
vn -0.48895514011383 0.23563587665558 -0.83988010883331
vn -0.25743624567986 -0.35403493046761 -0.89910274744034
vn -0.52293437719345 -0.19455695152283 -0.82987189292908
vn -0.99355536699295 -0.11005380004644 -0.02712602540851
vn -0.93366640806198 0.02177033759654 -0.35748144984245
vn -0.91584432125092 -0.01146120857447 -0.40136992931366
vn -0.96907496452332 -0.18329665064812 -0.16521559655666
vn -0.8786838054657 -0.27906063199043 0.38734975457191
vn -0.85625940561295 -0.41715413331985 0.30463439226151
vn -0.52731370925903 -0.40971034765244 0.74436402320862
vn -0.5064697265625 -0.56409853696823 0.65213596820831
vn -0.44731387495995 0.79747712612152 -0.40489569306374
vn -0.39736559987068 0.0332651026547 -0.91705721616745
vn -0.59679520130157 0.39473763108253 -0.69858264923096
vn -0.6948459148407 -0.04086447507143 -0.71799671649933
vn 0.47862392663956 0.31578224897385 -0.81926846504211
vn 0.38492676615715 -0.19318026304245 -0.90250360965729
vn -0.91121578216553 -0.05261451378465 -0.40855526924133
vn -0.88530856370926 -0.12259837985039 -0.44855147600174
vn -0.31387466192245 0.06989825516939 -0.94688802957535
vn 0.39997458457947 -0.91585075855255 0.03518181294203
vn 0.77380955219269 -0.59815794229507 -0.20838870108128
vn 0.23425331711769 0.50535064935684 0.83050948381424
vn 0.82620233297348 0.46292179822922 0.32108131051064
vn 0.73438161611557 -0.58772927522659 0.33949664235115
vn 0.88398760557175 -0.07919842749834 0.460753262043
vn 0.95367628335953 -0.01779068633914 -0.30030834674835
vn -0.39059609174728 -0.86957734823227 0.3021092414856
vn -0.53375536203384 -0.30923727154732 0.78706896305084
vn -0.6934934258461 -0.71987277269363 -0.02915792539716
vn -0.8822004199028 -0.21550995111465 0.41866210103035
vn -0.77047383785248 -0.49154597520828 -0.40589731931686
vn -0.99752658605576 -0.07013131678104 0.00473501114175
vn -0.67723858356476 -0.33777505159378 -0.65364813804626
vn -0.93956434726715 0.05493986234069 -0.33793565630913
vn -0.54880976676941 -0.28409081697464 -0.78619349002838
vn -0.79753416776657 0.15281884372234 -0.58359712362289
vn -0.36234253644943 -0.15950408577919 -0.91829538345337
vn -0.51447969675064 0.24817712605 -0.82080376148224
vn 0.57085716724396 0.06322667002678 -0.81861126422882
vn 0.47695001959801 0.33919581770897 -0.81084203720093
vn 0.8853315114975 -0.10557721555233 0.45281526446342
vn 0.87405282258987 -0.10591347515583 0.474145591259
vn -0.44083613157272 0.68856364488602 -0.5757982134819
vn -0.17039048671722 -0.49250879883766 -0.85346484184265
vn -0.68597710132599 0.62847191095352 -0.36668586730957
vn -0.36567765474319 -0.51521813869476 -0.77513241767883
vn -0.84451919794083 0.5267071723938 -0.0967822521925
vn -0.54239320755005 -0.56757509708405 -0.61940950155258
vn -0.62020301818848 -0.68977135419846 -0.37358224391937
vn -0.89888948202133 0.36772534251213 0.23827716708183
vn -0.51215463876724 -0.85396844148636 -0.09184475243092
vn -0.78253775835037 0.15591183304787 0.60276538133621
vn -0.23675420880318 -0.96919322013855 0.06791116297245
vn -0.470584243536 -0.03314286470413 0.88173228502274
vn 0.52403247356415 -0.51052170991898 0.68173122406006
vn 0.82159340381622 -0.27289950847626 0.5005099773407
vn 0.50806784629822 -0.19243675470352 0.83954459428787
vn 0.81726503372192 -0.09406591206789 0.56853276491165
vn 0.36267310380936 -0.3987483382225 0.84229916334152
vn 0.34285193681717 -0.2823212146759 0.89596170186996
vn 0.89868813753128 -0.11823365837336 0.42235115170479
vn 0.38481232523918 -0.31611254811287 0.8671749830246
vn 0.31821811199188 -0.33130133152008 0.88824355602264
vn 0.52340710163116 0.60237091779709 -0.6026559472084
vn 0.86534023284912 0.43959313631058 -0.24071590602398
vn 0.97139626741409 0.20759928226471 0.11528950184584
vn 0.93173950910568 -0.01159909553826 0.36294209957123
vn 0.80289101600647 -0.19642782211304 0.56283396482468
vn 0.50930052995682 -0.394013017416 0.76509255170822
vn 0.08094031363726 -0.86492592096329 -0.49532988667488
vn 0 0 0
vn -0.35553741455078 -0.15712890028954 -0.92135977745056
vn -0.54093086719513 -0.29376244544983 -0.7880973815918
vn -0.67117494344711 -0.34638667106628 -0.65539336204529
vn -0.7638053894043 -0.49827915430069 -0.41026738286018
vn -0.6895472407341 -0.72280168533325 -0.0456339456141
vn -0.38375544548035 -0.88372457027435 0.26788529753685
vn 0.06718481332064 -0.9053447842598 0.41932934522629
vn 0.51887536048889 -0.80670863389969 0.28282427787781
vn 0.79036337137222 -0.61230194568634 -0.02029876410961
vn 0.83145427703857 -0.38287642598152 -0.40260320901871
vn 0.75071465969086 -0.1982793211937 -0.63016873598099
vn 0.64248132705688 -0.13571915030479 -0.75418710708618
vn 0.04883820563555 0.09789955615997 -0.99399727582932
vn 0.19157658517361 0.7172754406929 -0.6699361205101
vn 0.51145893335342 0.62177413702011 -0.59313309192657
vn -0.25572490692139 0.10164315253496 -0.96139144897461
vn -0.03310880437493 0.72795259952545 -0.68482756614685
vn 0.94515758752823 -0.32376447319984 0.04305290430784
vn 0.89453238248825 0.2866171002388 0.3430198431015
vn 0.7347486615181 0.11395850032568 0.66869860887527
vn 0.77368485927582 -0.41118362545967 0.48201659321785
vn 0.67977631092072 -0.0263884216547 -0.73294472694397
vn 0.84261608123779 0.50376546382904 -0.1903118789196
vn 0.70427024364471 0.57076728343964 -0.42217060923576
vn 0.36018031835556 0.9327684044838 -0.0146003626287
vn 0.55535727739334 0.82593494653702 0.09700375795364
vn 0.20666788518429 0.97695767879486 -0.05331142991781
vn 0.49449273943901 0.725510597229 0.47865575551987
vn 0.4664677977562 0.60352951288223 0.64665287733078
vn 0.50001156330109 0.82790368795395 0.2540944814682
vn 0.55118006467819 0.81157046556473 0.19378843903542
vn -0.29971426725388 0.67117321491241 -0.67801022529602
vn -0.03901189938188 0.08321866393089 -0.99576741456985
vn -0.58919167518616 0.52890771627426 -0.61082714796066
vn -0.0900596305728 0.71817499399185 -0.69001013040543
vn 0.24725162982941 0.12347131222486 -0.96105229854584
vn -0.76441949605942 -0.0125304274261 0.6445974111557
vn -0.94039040803909 0.13179849088192 0.31352058053017
vn -0.87845367193222 -0.47763007879257 0.01373538933694
vn -0.70885974168777 -0.53627157211304 0.45818191766739
vn -0.90858709812164 0.35600900650024 -0.21846564114094
vn -0.64200508594513 -0.13791325688362 -0.75419455766678
vn -0.77609062194824 0.44586291909218 -0.44597038626671
vn -0.68867355585098 0.7209706902504 0.0770057067275
vn -0.51661938428879 0.85597997903824 -0.02006711997092
vn -0.37865626811981 0.92440688610077 -0.04573094844818
vn -0.58137160539627 0.51512205600739 0.62980669736862
vn -0.62405776977539 0.63113564252853 0.46067288517952
vn -0.63948220014572 0.7317601442337 0.23577460646629
vn -0.68524050712585 0.70724874734879 0.17391023039818
vn 0.12862305343151 0.64108753204346 -0.75661277770996
vn 0.47356671094894 0.55653274059296 -0.68264609575272
vn 0.25272092223167 0.28538942337036 -0.92449182271957
vn 0.07175274193287 0.37982016801834 -0.92227339744568
vn 0.31977021694183 0.90408158302307 -0.2835196852684
vn 0.07464423775673 0.88200145959854 -0.46529740095139
vn 0.68480414152145 0.70266056060791 -0.19316178560257
vn 0.49465095996857 0.86908537149429 -0.00328577822074
vn 0.74417322874069 0.39170762896538 -0.54108339548111
vn 0.83453971147537 0.49379989504814 -0.2443463653326
vn 0.51248604059219 0.22733303904533 -0.82805669307709
vn 0.69625926017761 0.22435475885868 -0.68182700872421
vn 0.33398273587227 0.1478091776371 -0.93091779947281
vn 0.11847708374262 -0.35115438699722 -0.92879164218903
vn -0.20720864832401 -0.21091648936272 -0.95528990030289
vn -0.45974442362785 0.03608902916312 -0.8873176574707
vn -0.66348737478256 0.45648264884949 -0.59279668331146
vn -0.5499204993248 0.83519101142883 0.00658566504717
vn -0.14398986101151 0.86619925498962 0.47850376367569
vn 0.2920700609684 0.70108503103256 0.6505189538002
vn 0.68139016628265 0.4744827747345 0.55729120969772
vn 0.93385863304138 0.24554526805878 0.26002994179726
vn 0.99227088689804 0.03755500167608 -0.11827123165131
vn 0.86159384250641 -0.16776908934116 -0.47907146811485
vn 0.5357705950737 -0.33502188324928 -0.77505499124527
vn -0.06286118924618 -0.67743557691574 -0.73289126157761
vn -0.43058589100838 -0.5018658041954 -0.75015091896057
vn -0.71752101182938 -0.23448815941811 -0.65588021278381
vn -0.95605391263962 0.14262951910496 -0.25615972280502
vn -0.81018227338791 0.4482373893261 0.37774041295052
vn -0.37877959012985 0.48957297205925 0.78539437055588
vn 0.07684864103794 0.39205500483513 0.91672629117966
vn 0.51357823610306 0.23963399231434 0.82390105724335
vn 0.8460533618927 0.06097095832229 0.52960002422333
vn 0.98031026124954 -0.15188130736351 0.12618932127953
vn 0.86029559373856 -0.42440783977509 -0.28243499994278
vn 0.44806975126266 -0.6635502576828 -0.59911155700684
vn -0.51662999391556 0.14050510525703 -0.84460151195526
vn -0.53806859254837 0.47117865085602 -0.69890826940536
vn -0.26731917262077 0.24151213467121 -0.93285167217255
vn -0.32413849234581 0.09228165447712 -0.94149792194366
vn -0.20997948944569 0.61251890659332 -0.76205593347549
vn -0.10489001870155 0.36491623520851 -0.92511308193207
vn -0.45748120546341 0.83850240707397 -0.29601472616196
vn -0.20644325017929 0.85828584432602 -0.46981561183929
vn -0.78631311655045 0.57853597402573 -0.21681259572506
vn -0.63288259506226 0.77395159006119 -0.02141384035349
vn -0.78161877393723 0.26297235488892 -0.56561267375946
vn -0.89723551273346 0.34768146276474 -0.27218762040138
vn -0.70187950134277 0.1063914000988 -0.70430529117584
vn 0.26999542117119 -0.17065289616585 -0.94761818647385
vn -0.02827489748597 -0.36353614926338 -0.93115091323853
vn 0.47528693079948 0.11498119682074 -0.87228524684906
vn 0.59622496366501 0.5627692937851 -0.57254379987717
vn 0.40175288915634 0.91548657417297 0.02188564278185
vn -0.01848955638707 0.87678837776184 0.48052075505257
vn -0.42599537968636 0.64050006866455 0.63897389173508
vn -0.76867961883545 0.35213527083397 0.53397798538208
vn -0.96961218118668 0.08494181185961 0.22942784428596
vn -0.98025327920914 -0.12887452542782 -0.14998261630535
vn -0.80557996034622 -0.30843517184258 -0.50587409734726
vn -0.44706532359123 -0.41794744133949 -0.79085552692413
vn 0.53229033946991 -0.42062377929688 -0.73467183113098
vn 0.19880972802639 -0.6553567647934 -0.72868525981903
vn 0.76722526550293 -0.10921413451433 -0.63201075792313
vn 0.92633450031281 0.30145418643951 -0.2258979678154
vn 0.71117401123047 0.57660096883774 0.40219751000404
vn 0.26615443825722 0.54398900270462 0.79576230049133
vn -0.17065612971783 0.37117147445679 0.9127476811409
vn -0.57249367237091 0.14799761772156 0.80644130706787
vn -0.8607782125473 -0.08304086327553 0.50216025114059
vn -0.94453752040863 -0.31428852677345 0.0952442586422
vn -0.76758652925491 -0.56175911426544 -0.30860608816147
vn -0.31123286485672 -0.72761499881744 -0.61131876707077
vn 0.18188591301441 -0.09942524135113 -0.97828018665314
vn 0.49694895744324 -0.39610761404037 -0.77210128307343
vn 0.43087270855904 -0.43135765194893 -0.79264068603516
vn 0.00794045999646 -0.23649534583092 -0.97160017490387
vn 0.38773012161255 -0.03108123876154 -0.92124885320663
vn 0.52081048488617 -0.42485743761063 -0.74044078588486
vn 0.39769342541695 -0.23805551230907 -0.88609796762466
vn 0.40167966485024 -0.53566640615463 -0.74277502298355
vn 0.25066152215004 -0.38924050331116 -0.88637495040894
vn 0.2031988799572 -0.52615332603455 -0.8257560133934
vn 0.01748423278332 -0.26576274633408 -0.96388000249863
vn -0.01986586116254 -0.29345536231995 -0.95576632022858
vn -0.06615906953812 -0.1087783202529 -0.99186199903488
vn -0.09903551638126 -0.09498373419046 -0.99054026603699
vn 0.01121580135077 -0.19157607853413 -0.98141366243362
vn -0.0645594149828 -0.12645778059959 -0.98986893892288
vn 0.0535745434463 -0.27598777413368 -0.95966690778732
vn -0.05008398368955 -0.1744621694088 -0.98338937759399
vn -0.75250017642975 0.27841526269913 -0.59684872627258
vn -0.50507843494415 0.53421568870544 -0.67787110805511
vn -0.02601778320968 0.72044795751572 -0.69302082061768
vn 0.30471575260162 0.605992436409 -0.73479348421097
vn 0.58765983581543 0.27840229868889 -0.75970262289047
vn 0.66083508729935 0.016123438254 -0.75035798549652
vn 0.65948748588562 -0.07912211120129 -0.74753993749619
vn 0.71190321445465 -0.36065915226936 -0.60259348154068
vn 0.68700414896011 -0.56839793920517 -0.45271307229996
vn -0.7134707570076 0.70065116882324 0.006888193544
vn -0.87700748443604 0.47058862447739 0.09697568416595
vn -0.26902222633362 0.9564197063446 -0.11352743208408
vn 0.15324296057224 0.98050892353058 -0.12295875698328
vn 0.6437406539917 0.76406681537628 -0.04242629185319
vn 0.95019310712814 0.30711033940315 0.05306744202971
vn 0.99346363544464 0.04165639355779 0.10627683997154
vn 0.93587839603424 -0.21804758906364 0.2767433822155
vn 0.82362604141235 -0.40027210116386 0.40177407860756
vn -0.70327711105347 0.67077749967575 0.23549699783325
vn -0.83428698778152 0.45701706409454 0.30838391184807
vn -0.30323979258537 0.94724500179291 0.10379069298506
vn 0.13111144304276 0.98839688301086 0.07668971270323
vn 0.60237157344818 0.77748799324036 0.18072307109833
vn 0.90139192342758 0.33594897389412 0.27318662405014
vn 0.94949704408646 0.07429108768702 0.30485427379608
vn 0.88300931453705 -0.16065464913845 0.44100418686867
vn 0.77432572841644 -0.32832455635071 0.54094612598419
vn -0.32921466231346 -0.50130593776703 -0.80019378662109
vn -0.40189146995544 -0.47585356235504 -0.78233408927917
vn -0.14401908218861 -0.14323429763317 -0.97915387153625
vn 0.0604065656662 -0.25265374779701 -0.96566927433014
vn -0.42045667767525 -0.50523030757904 -0.7536301612854
vn -0.35735693573952 -0.09911248832941 -0.92869400978088
vn -0.28235736489296 -0.59338068962097 -0.75377303361893
vn -0.32370841503143 -0.29892247915268 -0.89769607782364
vn -0.08573065698147 -0.55052983760834 -0.83040189743042
vn -0.15349492430687 -0.42334067821503 -0.89287286996841
vn 0.09923598915339 -0.28340601921082 -0.95385181903839
vn 0.05805572867393 -0.26234015822411 -0.96322745084763
vn 0.1451118439436 -0.07438441365957 -0.98661524057388
vn 0.11506912112236 -0.09348780661821 -0.98894846439362
vn 0.11639186739922 -0.11119081825018 -0.98695975542068
vn 0.05236454308033 -0.18810398876667 -0.98075217008591
vn 0.10996283590794 -0.16095863282681 -0.98081624507904
vn 0.02407319098711 -0.27847602963448 -0.96014136075974
vn 0.42459970712662 0.6085279583931 -0.67037963867188
vn 0.72139817476273 0.38557800650597 -0.57525151968002
vn -0.08543986827135 0.71476644277573 -0.69412475824356
vn -0.37831103801727 0.54836362600327 -0.74577343463898
vn -0.601438164711 0.17807194590569 -0.77882117033005
vn -0.62990510463715 -0.09278307855129 -0.77111011743546
vn -0.61271578073502 -0.18646308779716 -0.76799154281616
vn -0.62182891368866 -0.47319033741951 -0.62403506040573
vn -0.5672789812088 -0.6742262840271 -0.47287794947624
vn 0.58446496725082 0.81072217226028 0.03361928835511
vn 0.78290182352066 0.6087811589241 0.12825852632523
vn 0.10699164122343 0.98880159854889 -0.1040391176939
vn -0.31132137775421 0.9413115978241 -0.13042770326138
vn -0.76094824075699 0.64554738998413 -0.06501057744026
vn -0.98941445350647 0.14345787465572 0.02188488841057
vn -0.98928266763687 -0.12563541531563 0.07440182566643
vn -0.89447820186615 -0.37248134613037 0.24731852114201
vn -0.75733554363251 -0.53366339206696 0.37635931372643
vn 0.57309687137604 0.77846956253052 0.25601798295975
vn 0.73566746711731 0.58948177099228 0.33362352848053
vn 0.13681145012379 0.98437356948853 0.11086556315422
vn -0.29720792174339 0.9522579908371 0.06980060786009
vn -0.72955548763275 0.66510862112045 0.1593089401722
vn -0.95318400859833 0.17947155237198 0.24337235093117
vn -0.95776504278183 -0.08663187921047 0.27419167757034
vn -0.85724020004272 -0.30748647451401 0.41302695870399
vn -0.72525095939636 -0.45485016703606 0.5168389081955
vn -0.05043832585216 -0.47124838829041 -0.8805570602417
vn 0.37215438485146 -0.53671127557755 -0.75725966691971
vn -0.11114064604044 -0.63418030738831 -0.76515561342239
vn 0.20119684934616 -0.11565602570772 -0.97269910573959
vn 0.4856259226799 -0.4691931605339 -0.73758065700531
vn 0.3940871655941 -0.04135408625007 -0.9181421995163
vn 0.35508552193642 -0.2143701761961 -0.9099228978157
vn 0.24117569625378 -0.5690438747406 -0.78614455461502
vn 0.13848306238651 -0.25843971967697 -0.95604991912842
vn -0.08468173444271 -0.30727484822273 -0.94784557819366
vn -0.02648578956723 -0.16469216346741 -0.98598927259445
vn -0.00106065685395 -0.2005705088377 -0.97967863082886
vn -0.08889142423868 -0.14408878982067 -0.98556417226791
vn 0.03520433232188 -0.28778341412544 -0.95704829692841
vn -0.88707327842712 -0.35145446658134 -0.29930034279823
vn -0.8789433836937 -0.04151801019907 -0.47511553764343
vn -0.50679135322571 0.53765940666199 -0.67385816574097
vn 0.02257833443582 0.73526448011398 -0.67740422487259
vn 0.47513327002525 0.5616968870163 -0.67730724811554
vn 0.72123509645462 0.16498966515064 -0.67275428771973
vn 0.70949268341064 -0.09149763733149 -0.69874757528305
vn 0.7119048833847 -0.36065742373466 -0.60259228944778
vn 0.68700641393662 -0.56839674711227 -0.45271104574203
vn -0.93938076496124 0.2586826980114 0.22504879534245
vn -0.94213604927063 0.03426824882627 0.33347460627556
vn -0.71278220415115 0.70126914978027 0.01276578009129
vn -0.16737869381905 0.97982442378998 -0.10921738296747
vn 0.45607572793961 0.88871622085571 -0.04667195305228
vn 0.89755529165268 0.43115076422691 0.09221439063549
vn 0.98807591199875 0.05787557736039 0.14267590641975
vn 0.93566554784775 -0.20466750860214 0.28747373819351
vn 0.82362568378448 -0.40026941895485 0.40177741646767
vn -0.87289369106293 0.27415201067924 0.40360543131828
vn -0.87309688329697 0.07922556996346 0.48106667399406
vn -0.70327591896057 0.67077791690826 0.23549924790859
vn -0.1614100933075 0.97991210222244 0.11712875962257
vn 0.44450268149376 0.87088304758072 0.20971451699734
vn 0.8105782866478 0.44433978199959 0.38147738575935
vn 0.92173773050308 0.1049642264843 0.37333938479424
vn 0.87740015983582 -0.13319651782513 0.46089878678322
vn 0.77432644367218 -0.32832556962967 0.54094445705414
vn -0.25262770056725 -0.58942717313766 -0.76730352640152
vn 0.15674658119678 -0.45376771688461 -0.87722599506378
vn 0.24017105996609 -0.60453909635544 -0.75950676202774
vn -0.37642845511436 -0.53756183385849 -0.754538834095
vn -0.14782986044884 -0.14510624110699 -0.97831004858017
vn -0.3492938876152 -0.081502571702 -0.93346190452576
vn -0.09355462342501 -0.58877867460251 -0.80286198854446
vn -0.29709342122078 -0.22081728279591 -0.92896461486816
vn 0.19102521240711 -0.29203274846077 -0.9371372461319
vn -0.08355584740639 -0.26667389273643 -0.96015810966492
vn 0.07635445892811 -0.17043220996857 -0.98240667581558
vn 0.14318357408047 -0.12450829148293 -0.98183298110962
vn 0.06591367721558 -0.19491969048977 -0.97860187292099
vn 0.04406808689237 -0.28703588247299 -0.95690566301346
vn 0.88818955421448 0.10758296400309 -0.44670489430428
vn 0.94250750541687 -0.1970839202404 -0.26988425850868
vn 0.43081286549568 0.61676818132401 -0.65878468751907
vn -0.11749089509249 0.73515391349792 -0.66764104366302
vn -0.54782444238663 0.51299297809601 -0.66085290908813
vn -0.74551838636398 0.06433083117008 -0.66337311267853
vn -0.67449015378952 -0.21198216080666 -0.70719629526138
vn -0.62182879447937 -0.47319051623344 -0.62403506040573
vn -0.56727838516235 -0.67422789335251 -0.47287625074387
vn 0.87510621547699 0.41177862882614 0.25421941280365
vn 0.91195261478424 0.19070526957512 0.3632820546627
vn 0.58446371555328 0.81072300672531 0.0336215570569
vn 0.00428170058876 0.99430817365646 -0.10645645111799
vn -0.59677684307098 0.79988300800323 -0.06359761208296
vn -0.9595752954483 0.27445691823959 0.06235817819834
vn -0.98785245418549 -0.10884115844965 0.11090968549252
vn -0.89685189723968 -0.35928472876549 0.25801399350166
vn -0.75733494758606 -0.53366202116013 0.37636244297028
vn 0.80130249261856 0.41541069746017 0.43052089214325
vn 0.8316832780838 0.22306463122368 0.50847327709198
vn 0.57309454679489 0.77847075462341 0.25601947307587
vn -0.00883892551064 0.99278491735458 0.11958259344101
vn -0.59056842327118 0.78355014324188 0.19307543337345
vn -0.88531410694122 0.30125027894974 0.35421350598335
vn -0.93773597478867 -0.05192692950368 0.34344550967216
vn -0.85694736242294 -0.27953037619591 0.43301749229431
vn -0.72525119781494 -0.45485067367554 0.51683807373047
vn 0.92803752422333 -0.34153753519058 0.1486561447382
vn -0.21913456916809 -0.92580384016037 -0.30800518393517
vn -0.3243203163147 -0.64529645442963 -0.69167101383209
vn 0.93091362714767 0.23325987160206 -0.28105095028877
vn 0.32036241889 0.8702819943428 -0.37413522601128
vn -0.42012640833855 -0.08231669664383 -0.90372443199158
vn 0.18741962313652 0.94918698072433 -0.25282019376755
vn -0.81172788143158 0.22610884904861 -0.5384908914566
vn -0.93334120512009 0.35821613669395 0.02356718666852
vn 0.29123637080193 0.90044355392456 -0.32308325171471
vn 0.79443299770355 0.57699698209763 0.18960686028004
vn 0.86220347881317 0.40234771370888 0.30776852369308
vn 0.59424304962158 0.80368465185165 0.03108386136591
vn 0.72163867950439 0.65067285299301 -0.23635257780552
vn -0.78205138444901 -0.50468122959137 -0.36563995480537
vn -0.74136978387833 -0.55038917064667 -0.38398244976997
vn -0.70009922981262 -0.68595063686371 -0.19832496345043
vn -0.75954186916351 -0.54701870679855 0.35194709897041
vn 0.96980559825897 0.01489824987948 -0.24342355132103
vn 0.60609370470047 -0.64759570360184 0.46181201934814
vn 0.29388207197189 -0.93031471967697 -0.21942614018917
vn 0.5429173707962 -0.43792700767517 -0.71656167507172
vn -0.04299667477608 -0.89090359210968 -0.45215266942978
vn 0.42289823293686 -0.42300671339035 -0.80138784646988
vn -0.64256536960602 0.73322612047195 -0.22246159613132
vn -0.05170565471053 0.82421219348907 -0.56391543149948
vn -0.44070756435394 0.51826041936874 -0.73292773962021
vn 0.16015148162842 0.90632790327072 -0.39105153083801
vn -0.35280802845955 0.92335170507431 0.15148662030697
vn 0.15738382935524 0.65982753038406 0.73475033044815
vn 0.75131386518478 0.65583401918411 -0.0735469609499
vn 0.01853778772056 0.88404780626297 -0.46702870726585
vn 0.38798254728317 0.59192472696304 -0.70646631717682
vn 0.4344330728054 -0.01590759679675 -0.90056365728378
vn 0.71924275159836 -0.29755142331123 -0.62781602144241
vn 0.68703025579453 0.69116479158401 -0.22423350811005
vn -0.35779395699501 0.92309772968292 -0.14097559452057
vn 0.04359076172113 0.97588050365448 0.21390907466412
vn -0.72970831394196 0.60455644130707 -0.31943276524544
vn -0.17809201776981 -0.65267205238342 -0.73641186952591
vn 0.80768656730652 -0.57271111011505 -0.14015865325928
vn 0.8946573138237 0.07311978191137 -0.44072869420052
vn 0.16881610453129 0.60330832004547 -0.77943587303162
vn 0.36951318383217 -0.59443235397339 -0.71421992778778
vn -0.65787762403488 0.63675159215927 -0.40217462182045
vn -0.20788115262985 -0.62686800956726 -0.75088077783585
vn -0.16876089572906 0.89831638336182 -0.40564459562302
vn -0.52814310789108 0.69188362360001 -0.49230259656906
vn 0.80828994512558 -0.23376299440861 -0.54039072990417
vn 0.3910593688488 -0.44227570295334 -0.80713373422623
vn 0.29855465888977 0.94880259037018 -0.10314399749041
vn -0.05769217386842 -0.58422493934631 -0.80953860282898
vn 0.67423218488693 0.07744209468365 -0.73444783687592
vn -0.66006875038147 -0.22392240166664 -0.71705508232117
vn -0.18953810632229 0.07041420787573 -0.97934526205063
vn 0.00126464630011 -0.44956615567207 -0.89324623346329
vn -0.25390094518662 0.10488184541464 -0.96152693033218
vn -0.69731557369232 -0.0804696008563 -0.7122328877449
vn 0.66147762537003 -0.45429894328117 -0.59670746326447
vn 0.77096664905548 -0.19512549042702 -0.6062479019165
vn 0.60942471027374 -0.09055522084236 -0.78765559196472
vn 0.63959187269211 -0.39735600352287 -0.65805041790009
vn 0.60901921987534 -0.71621000766754 -0.34079164266586
vn 0.62366545200348 -0.70414483547211 -0.33944299817085
vn 0.43380522727966 -0.87996345758438 0.1935907304287
vn 0.43176090717316 -0.87617766857147 0.21423187851906
vn 0.59067058563232 0.77198523283005 -0.23483403027058
vn 0.47314789891243 0.30796512961388 -0.82540208101273
vn 0.89156156778336 0.18758822977543 -0.41222420334816
vn 0.90886670351028 0.37268182635307 0.18726846575737
vn 0.75700098276138 0.20490127801895 0.62045538425446
vn 0.80735546350479 0.23284919559956 0.54217940568924
vn 0.77775657176971 -0.48829638957977 0.39580461382866
vn 0.64849185943604 0.13186657428741 0.74971300363541
vn 0.26362213492393 -0.02749351412058 0.96423411369324
vn 0.34446275234222 0.05372260510921 0.93726152181625
vn 0.19318099319935 -0.12377728521824 0.97332441806793
vn -0.20022682845592 -0.06748951226473 0.97742223739624
vn -0.45138320326805 -0.38711225986481 0.80398833751678
vn 0.0882335677743 -0.41835847496986 0.90398621559143
vn 0.15134876966476 -0.70517027378082 0.69269651174545
vn -0.06174736097455 -0.73137056827545 0.679179251194
vn -0.98543524742126 0.05497373640537 0.16091978549957
vn -0.94085639715195 0.30802625417709 0.14109969139099
vn -0.72958421707153 0.58754795789719 -0.34999164938927
vn -0.64150828123093 -0.1475992500782 -0.75278264284134
vn -0.82103514671326 -0.00034245190909 0.57087743282318
vn -0.75159621238708 -0.02069664932787 0.65929865837097
vn -0.65050911903381 -0.28917220234871 0.70229423046112
vn -0.60275816917419 -0.22751916944981 0.7647989988327
vn -0.04764657840133 -0.63104426860809 0.77428209781647
vn -0.10641288757324 -0.50920087099075 0.854043841362
vn 0.54210251569748 -0.74073415994644 0.3967841565609
vn 0.48856779932976 -0.61232477426529 0.62157869338989
vn 0.09897781163454 0.91207510232925 -0.39789751172066
vn -0.37467133998871 0.74248099327087 -0.55528682470322
vn 0.24396657943726 0.75072401762009 -0.61391669511795
vn 0.33059406280518 0.82197046279907 -0.4637588262558
vn 0.78431731462479 0.39198967814445 -0.48082283139229
vn 0.68849003314972 0.32992261648178 -0.6458580493927
vn -0.82483339309692 0.39422768354416 -0.40525856614113
vn -0.89113926887512 0.30828067660332 -0.33291721343994
vn -0.65301752090454 0.14368778467178 -0.74358731508255
vn -0.4826907813549 0.35866740345955 -0.79897898435593
vn -0.89222592115402 0.4138400554657 0.18074662983418
vn -0.90563690662384 0.38381904363632 0.1802908629179
vn 0.62334126234055 0.20179183781147 -0.75546389818192
vn 0.31371623277664 -0.33436679840088 -0.88869619369507
vn 0.56531691551208 -0.54853010177612 -0.61606127023697
vn 0.82307851314545 -0.06414783000946 -0.56429314613342
vn -0.77865302562714 0.15012569725513 0.60923033952713
vn -0.57469516992569 -0.03567076474428 0.8175898194313
vn -0.11921358108521 -0.30603733658791 0.9445258975029
vn 0.40444579720497 -0.33456769585609 0.85116869211197
vn 0.23214970529079 -0.41041189432144 0.88185524940491
vn -0.16298785805702 -0.12653958797455 0.97847974300385
vn -0.0801440551877 -0.10734126716852 0.99098670482636
vn 0.93524557352066 -0.30015933513641 -0.18766991794109
vn 0.68192863464355 -0.72304773330688 -0.110342040658
vn 0.56780260801315 -0.64225906133652 0.51488214731216
vn 0.80901998281479 -0.41742768883705 0.41381222009659
vn -0.18991456925869 -0.07216120511293 -0.97914516925812
vn 0.1220435872674 0.37254196405411 -0.91995531320572
vn 0.90038883686066 -0.24364697933197 -0.36046656966209
vn 0.96623194217682 -0.14061897993088 -0.21592155098915
vn 0.85927277803421 -0.47009655833244 0.20164178311825
vn 0.83110105991364 -0.55449259281158 -0.04253295436502
vn -0.26652735471725 0.94916558265686 0.16747462749481
vn -0.20734284818172 0.94127261638641 0.26648625731468
vn 0.09115069359541 0.76863312721252 0.63316255807877
vn 0.09937389940023 0.77257961034775 0.62709301710129
vn -0.16246446967125 0.81144136190414 -0.56139850616455
vn -0.146918207407 0.82468920946121 -0.5461710691452
vn -0.1401515007019 0.66245675086975 -0.73587280511856
vn 0.0282544400543 0.68070185184479 -0.73201549053192
vn 0.63765090703964 0.37811344861984 0.6711420416832
vn 0.62197041511536 0.31832927465439 0.71541541814804
vn 0.93515801429749 0.03684916719794 0.35230895876884
vn 0.87308382987976 -0.07058314979076 0.48243406414986
vn 0.10259703546762 -0.07669743895531 -0.99176180362701
vn 0.50264966487885 -0.35882741212845 -0.78650265932083
vn 0.65425539016724 0.07125779986382 -0.75290906429291
vn 0.28761345148087 0.40343478322029 -0.86863040924072
vn -0.34031623601913 0.73541080951691 -0.58596563339233
vn 0.74216562509537 0.66526335477829 -0.0813325420022
vn -0.09142453968525 0.99016809463501 -0.10587111115456
vn 0.4807610809803 0.06884746998549 0.87414461374283
vn 0.57359099388123 0.11832175403833 0.81055116653442
vn 0.03863694891334 0.64761060476303 0.76099121570587
vn -0.09820080548525 0.59239953756332 0.79963701963425
vn 0.6917530298233 -0.35691958665848 0.62776291370392
vn 0.59616941213608 -0.759372651577 0.26064395904541
vn 0.70781183242798 -0.70197778940201 0.07892795652151
vn 0.79935318231583 -0.27101075649261 0.5362720489502
vn -0.61884963512421 -0.54880923032761 -0.56199073791504
vn -0.78966110944748 -0.34022754430771 -0.51056867837906
vn -0.61839610338211 -0.57442742586136 -0.53630155324936
vn -0.42229866981506 -0.79406893253326 -0.43717089295387
vn -0.62394762039185 0.75688499212265 0.1944595426321
vn -0.52131724357605 0.85198253393173 0.04851983487606
vn -0.53899639844894 0.80121922492981 -0.25986674427986
vn -0.68091893196106 0.58626574277878 -0.43890982866287
vn -0.68356490135193 0.61138087511063 -0.39868846535683
vn -0.59170508384705 0.56432211399078 -0.57569581270218
vn -0.93530386686325 0.21620298922062 -0.28011229634285
vn -0.85665559768677 0.02822858095169 -0.51511603593826
vn 0.7773472070694 -0.10836723446846 -0.6196676492691
vn -0.01497680880129 0.27679049968719 -0.96081352233887
vn -0.00759006151929 0.99230068922043 -0.12361954152584
vn 0.88565671443939 0.44322308897972 0.13843931257725
vn -0.74557030200958 0.66634231805801 0.01062095817178
vn -0.4038553237915 -0.1335823982954 -0.90501749515533
vn 0.1548680216074 0.57284325361252 0.80490154027939
vn 0.31221422553062 0.71461236476898 0.62598043680191
vn 0.8990912437439 -0.10519923269749 0.42493295669556
vn 0.63045090436935 -0.53990036249161 -0.55770885944366
vn -0.84520852565765 -0.40798583626747 -0.34521043300629
vn -0.75612646341324 -0.49787274003029 -0.42473003268242
vn 0.07232094556093 -0.69264715909958 0.7176416516304
vn -0.02825176529586 -0.6825960278511 0.73024952411652
vn -0.00265010399744 -0.96402317285538 0.26580509543419
vn 0.4203425347805 -0.89471483230591 0.15098837018013
vn -0.29456895589828 -0.5176048874855 -0.80331456661224
vn -0.2001725435257 -0.5370962023735 -0.81942582130432
vn 0.27255630493164 -0.78880798816681 0.55090391635895
vn 0.31078153848648 -0.43274241685867 0.84625577926636
vn -0.05582994967699 -0.62546116113663 0.77825522422791
vn -0.13048411905766 -0.71668165922165 0.68508493900299
vn 0.9220734834671 -0.08418846130371 -0.37774699926376
vn 0.82744020223618 -0.45347142219543 -0.33121955394745
vn -0.01438397541642 0.89528459310532 0.44526246190071
vn 0.12473899126053 -0.98535490036011 -0.11625860631466
vn 0.12770272791386 -0.94342887401581 -0.30599662661552
vn -0.50579690933228 0.28956815600395 -0.81260055303574
vn -0.68449676036835 0.57232654094696 -0.45156008005142
vn -0.42147201299667 0.73658740520477 -0.52896147966385
vn -0.26069360971451 0.4912466108799 -0.83109301328659
vn 0.38598191738129 -0.74619823694229 -0.54240769147873
vn 0.13161770999432 -0.58601570129395 -0.79953873157501
vn 0.29996812343597 -0.43118387460709 -0.85094040632248
vn 0.56653535366058 -0.6231330037117 -0.53920590877533
vn 0.82622498273849 -0.56084650754929 -0.05294903740287
vn 0.62136542797089 -0.77994227409363 -0.07479923963547
vn -0.00236985157244 0.05666488781571 -0.99839049577713
vn -0.20309883356094 -0.18295192718506 -0.96191447973251
vn 0.65782558917999 -0.560491502285 0.50310516357422
vn 0.84074062108994 -0.31668350100517 0.43916603922844
vn 0.6568358540535 -0.03792189434171 0.75307941436768
vn 0.45215997099876 -0.24586179852486 0.85738176107407
vn 0.3098569214344 0.31399169564247 0.89743971824646
vn 0.08578922599554 0.11760395020247 0.9893479347229
vn -0.07264939695597 0.62721580266953 0.77544987201691
vn -0.2647051513195 0.43839907646179 0.8589164018631
vn -0.48970279097557 0.13674013316631 0.86110007762909
vn -0.70150589942932 0.70597666501999 0.09739813953638
vn 0.96359688043594 -0.19159142673016 -0.1864772439003
vn 0.81988471746445 -0.45430094003677 0.34842449426651
vn 0.41104742884636 -0.48519033193588 0.77177101373672
vn -0.90964496135712 0.37192934751511 0.18497177958488
vn -0.76739704608917 0.5103308558464 -0.38815480470657
vn -0.41297021508217 0.57820975780487 -0.70365411043167
vn 0.18470880389214 0.58602315187454 -0.78896105289459
vn 0.70230758190155 0.34899517893791 -0.62045657634735
vn 0.91600233316422 0.10987643152475 -0.38583266735077
vn 0.88251793384552 0.08456800878048 -0.46261259913445
vn 0.38641986250877 -0.36497321724892 -0.84703850746155
vn -0.07802472263575 0.012082638219 -0.99687820672989
vn 0.72095412015915 -0.56480944156647 -0.40151628851891
vn 0.75575751066208 -0.33321389555931 0.56373673677444
vn 0.39697903394699 0.06366023421288 0.91561728715897
vn -0.19383391737938 0.5394394993782 0.81941038370132
vn -0.50880318880081 0.71738511323929 0.47589692473412
vn -0.43482032418251 0.36444941163063 -0.82347321510315
vn -0.61967617273331 0.59442776441574 -0.5125008225441
vn -0.58535104990005 0.16890381276608 -0.79299157857895
vn -0.19115307927132 0.17197895050049 -0.96637666225433
vn -0.20071478188038 -0.0224332138896 -0.97939282655716
vn -0.51905733346939 -0.03662447631359 -0.85395443439484
vn -0.08195897936821 0.86128574609756 0.50146746635437
vn -0.22076810896397 0.86898159980774 0.44286841154099
vn 0.15437608957291 -0.11469604074955 0.98133212327957
vn -0.32545658946037 0.05134131386876 0.94416213035584
vn 0.03864073380828 -0.50595933198929 -0.86169141530991
vn -0.51196616888046 -0.85830491781235 0.03468648716807
vn -0.51854133605957 -0.6189631819725 0.58991485834122
vn -0.64884436130524 -0.52885925769806 0.54709130525589
vn 0.41732409596443 0.20003634691238 -0.88646823167801
vn -0.00665616197512 0.93738830089569 -0.3482224047184
vn 0.52691495418549 0.72750741243362 -0.43942409753799
vn 0.33150500059128 0.7874721288681 0.51960760354996
vn -0.64095515012741 0.01584376394749 0.76741480827332
vn 0.12720063328743 0.6085758805275 -0.7832338809967
vn 0.4992464184761 -0.15622743964195 -0.85225933790207
vn 0.38203275203705 -0.60956889390945 -0.69460552930832
vn -0.38793548941612 0.62289959192276 -0.67933946847916
vn 0.90216201543808 -0.41251644492149 -0.12622992694378
vn 0.93040400743484 -0.33086097240448 -0.15773165225983
vn 0.9859493970871 0.02841585874557 0.16460917890072
vn 0.95885646343231 -0.04592522606254 0.28015187382698
vn 0.09460707008839 0.57845371961594 0.8102103471756
vn 0.20915623009205 0.55934017896652 0.80211728811264
vn -0.93197953701019 0.17116007208824 0.31955987215042
vn -0.8985903263092 0.38207602500916 0.21576210856438
vn -0.99573057889938 -0.01777712255716 0.09057948738337
vn -0.99911916255951 -0.00643672002479 0.04146756231785
vn -0.8563831448555 0.29734680056572 -0.42212891578674
vn -0.91276907920837 0.29322043061256 -0.28438419103622
vn -0.76642620563507 -0.35751116275787 -0.53364455699921
vn -0.32877859473228 -0.14833903312683 -0.93268436193466
vn 0.04149513319135 -0.69873356819153 0.71417754888535
vn 0.46913647651672 -0.41277065873146 0.78072482347488
vn -0.84265178442001 0.53698456287384 0.03981981799006
vn -0.49589830636978 -0.32190707325935 -0.80651152133942
vn 0.0952043235302 0.57638305425644 0.81161487102509
vn 0.89487600326538 -0.01766299828887 0.44596517086029
vn 0.60819959640503 -0.60764360427856 -0.51074707508087
vn -0.54331356287003 0.55346089601517 -0.63126176595688
vn -0.95324742794037 0.29993122816086 0.03688725456595
vn -0.55811315774918 0.55778825283051 -0.61431419849396
vn 0.50976783037186 -0.51795470714569 -0.68692028522491
vn 0.40094330906868 -0.62636023759842 -0.66851860284805
vn -0.78322803974152 0.37705516815186 0.49435120820999
vn -0.06315640360117 -0.65251046419144 0.75514328479767
vn -0.93879872560501 0.24523830413818 -0.24189904332161
vn -0.9937025308609 -0.061239592731 0.09383460134268
vn -0.56078946590424 -0.67636781930923 0.47753724455833
vn -0.82146489620209 -0.43662655353546 0.36681416630745
vn -0.06554213166237 -0.78989684581757 0.60972714424133
vn -0.26045656204224 -0.3904527425766 0.88301134109497
vn -0.22501163184643 -0.17198777198792 0.95905685424805
vn -0.46404108405113 0.61259257793427 0.63984072208405
vn -0.56248074769974 0.67922580242157 0.47145277261734
vn 0.06480628997087 0.99503892660141 0.07548244297504
vn -0.4266594350338 0.90400779247284 0.02704890444875
vn 0.57429844141006 0.7928723692894 -0.20380027592182
vn 0.8400029540062 0.23608113825321 0.48852923512459
vn 0.91453635692596 0.20277638733387 0.35000723600388
vn -0.49152627587318 0.12786583602428 0.86142462491989
vn -0.74090093374252 0.30494195222855 0.59839475154877
vn -0.73220747709274 0.2842598259449 0.61892527341843
vn -0.25395736098289 0.9105538725853 -0.32618594169617
vn -0.26020228862762 0.94456559419632 -0.20022614300251
vn -0.65695124864578 0.75348621606827 -0.02595365978777
vn -0.52521067857742 0.63089436292648 0.57107448577881
vn -0.32546454668045 0.81021416187286 0.48746877908707
vn -0.46429002285004 0.88566082715988 0.00629819696769
vn 0.84035760164261 -0.52685528993607 0.12736803293228
vn 0.9974570274353 -0.07094673812389 0.00677818665281
vn 0.93866395950317 -0.30513057112694 0.16064018011093
vn 0.86553806066513 -0.00776104908437 -0.50078278779984
vn 0.05121644586325 0.9972670674324 -0.0532466955483
vn -0.43814355134964 0.89890044927597 -0.00284489034675
vn -0.5994518995285 0.57118493318558 0.56071823835373
vn -0.05438258871436 -0.54037189483643 0.83966702222824
vn 0.0550663843751 -0.8725478053093 0.48541525006294
vn -0.420834004879 -0.79778873920441 0.43177765607834
vn -0.49656584858894 0.86683428287506 0.04495206102729
vn -0.57000178098679 0.82140499353409 -0.01979665830731
vn -0.17705900967121 0.55320638418198 0.81401026248932
vn 0.21205163002014 0.20516391098499 0.95547991991043
vn 0.53744238615036 -0.1454776674509 0.83065754175186
vn 0.73619514703751 -0.40733358263969 0.54045903682709
vn 0.79368937015533 -0.60444605350494 0.06857150048018
vn 0.63944661617279 -0.61116290092468 -0.46646326780319
vn 0.34380015730858 -0.38634961843491 -0.8558828830719
vn -0.05431110784411 0.04231364652514 -0.99762707948685
vn -0.36935597658157 0.42687910795212 -0.82543951272964
vn -0.54506087303162 0.66463923454285 -0.51104140281677
vn -0.58531987667084 0.81075894832611 0.00839834008366
vn -0.44800838828087 0.74499219655991 0.49424204230309
vn -0.72367191314697 -0.43076995015144 -0.53919976949692
vn 0.41982161998749 -0.74990332126617 -0.51126790046692
vn 0.72387766838074 -0.68990337848663 0.00588023522869
vn 0.83393931388855 -0.25277215242386 0.49056243896484
vn 0.65968668460846 0.13698790967464 0.73895049095154
vn 0.10957695543766 0.65611159801483 0.74666619300842
vn 0.5810809135437 -0.56009304523468 -0.59045803546906
vn 0.8192093372345 -0.57006353139877 -0.06263965368271
vn 0.9091494679451 -0.16247208416462 0.38347133994102
vn 0.75409239530563 0.1750486344099 0.63301086425781
vn 0.11890390515327 0.68585282564163 0.71796083450317
vn -0.64854782819748 -0.66536194086075 -0.36970147490501
vn 0.18182004988194 -0.93342751264572 0.30928090214729
vn 0.0017677040305 0.98602271080017 -0.16660159826279
vn -0.03235179185867 -0.70875638723373 0.70471113920212
vn -0.67545020580292 0.38697558641434 0.62770766019821
vn 0.22736851871014 -0.87542420625687 0.42653957009315
vn -0.22993510961533 -0.79065763950348 0.56744194030762
vn -0.45208409428596 0.87740355730057 -0.16057108342648
vn -0.43582332134247 0.90000909566879 0.00644511915743
vn -0.61303794384003 0.11721035093069 -0.78131067752838
vn -0.57849979400635 0.38493904471397 -0.71913826465607
vn -0.01415909733623 0.57629752159119 -0.81711733341217
vn 0.01106949523091 0.19283674657345 -0.98116832971573
vn -0.74370133876801 0.20251773297787 -0.63709890842438
vn -0.98660069704056 -0.02653382904828 -0.16098089516163
vn -0.97245264053345 0.21410530805588 -0.09216744452715
vn 0.00625930633396 -0.02316477149725 -0.99971204996109
vn -0.55870443582535 -0.03584260866046 -0.82859188318253
vn -0.53462874889374 0.14217367768288 -0.83304190635681
vn -0.97065335512161 -0.09836409986019 -0.21944642066956
vn -0.17262487113476 -0.42356023192406 -0.88926786184311
vn -0.92828911542892 0.25620004534721 -0.26951956748962
vn -0.98791843652725 -0.02256416901946 -0.15332253277302
vn -0.36891421675682 -0.75274503231049 -0.54523140192032
vn -0.38019189238548 -0.5649601817131 -0.73230743408203
vn -0.74809676408768 0.57166224718094 -0.33697691559792
vn -0.94318169355392 0.30939602851868 -0.12117127329111
vn -0.18932861089706 -0.37856665253639 -0.90600323677063
vn 0.6885838508606 0.51354396343231 -0.51198124885559
vn -0.04254252836108 0.91899657249451 -0.39196345210075
vn -0.0096998102963 0.7977751493454 -0.60287708044052
vn -0.60542750358582 0.48764723539352 -0.62901312112808
vn 0.55250322818756 0.45635423064232 -0.69748187065125
vn 0.6289489865303 0.19818361103535 -0.75176221132278
vn 0.60316842794418 0.04329810291529 -0.79643779993057
vn 0.72316318750381 0.3169332742691 -0.61366790533066
vn 0.97792017459869 0.14799751341343 -0.14754268527031
vn 0.97586357593536 0.07547626644373 -0.20492315292358
vn 0.53193181753159 0.23510810732841 -0.81349408626556
vn 0.72781842947006 -0.66753339767456 -0.15709722042084
vn 0.29000908136368 -0.9097061753273 0.2972024679184
vn 0.99400818347931 0.00121963338461 -0.10929874330759
vn 0.95022833347321 0.14515487849712 0.2756741642952
vn 0.78967356681824 -0.60093778371811 -0.12365042418242
vn 0.5524280667305 -0.54686194658279 0.62909877300262
vn 0.50429046154022 -0.40867185592651 0.76070922613144
vn 0.91695737838745 -0.38934674859047 -0.08716767281294
vn 0.99927949905396 0.01542215142399 -0.03468066081405
vn 0.99547010660172 -0.06984677165747 0.06450320780277
vn 0.69414216279984 -0.65402430295944 -0.30069735646248
vn 0.83033657073975 -0.36144644021988 -0.42414346337318
vn 0.75215691328049 -0.53409403562546 -0.38600984215736
vn 0.71943438053131 -0.66933256387711 -0.18549433350563
vn 0.69006925821304 -0.63545793294907 -0.34640681743622
vn 0.70556181669235 -0.60202550888062 -0.37382864952087
vn 0.59950679540634 -0.58717602491379 0.54388964176178
vn 0.64080250263214 -0.69751131534576 -0.32070258259773
vn 0.6207475066185 -0.72604352235794 -0.29586055874825
vn 0.70142507553101 -0.55141752958298 -0.45159888267517
vn 0.7302018404007 -0.3824602663517 -0.56615316867828
vn -0.24778477847576 0.35581928491592 0.90110784769058
vn -0.40220907330513 0.24872289597988 0.88111573457718
vn -0.62344413995743 0.03707345947623 0.78098839521408
vn -0.78993254899979 0.07959778606892 -0.60800552368164
vn -0.26783692836761 0.10083904117346 -0.95817273855209
vn -0.5257602930069 0.77612793445587 -0.34814015030861
vn -0.84557956457138 0.39642503857613 -0.35755077004433
vn -0.91678220033646 -0.39936748147011 -0.00400555180386
vn -0.92052531242371 -0.36904165148735 -0.12822416424751
vn -0.25939214229584 -0.8592038154602 -0.44100418686867
vn -0.22012738883495 -0.90354192256927 -0.36763560771942
vn 0.41356915235519 -0.83139371871948 -0.37114006280899
vn 0.06358650326729 -0.90804827213287 -0.41401094198227
vn 0.09164271503687 -0.87384968996048 -0.47748118638992
vn 0.3046407699585 -0.8595644235611 -0.41029611229897
vn -0.1000317260623 -0.96824866533279 -0.22910337150097
vn -0.5339503288269 -0.84550368785858 0.00453533045948
vn 0.07708486914635 -0.96380370855331 -0.2552262544632
vn 0.4343249797821 -0.81456780433655 -0.38450127840042
vn 0.42800071835518 -0.69141441583633 -0.58203220367432
vn -0.63269150257111 -0.03783218562603 -0.77347934246063
vn -0.99386250972748 0.1077744141221 0.02494190260768
vn -0.93482738733292 0.31899258494377 0.1560175716877
vn -0.83105236291885 -0.1495948433876 -0.53569889068604
vn -0.34875020384789 0.15604050457478 -0.92413449287415
vn -0.97356981039047 -0.08321262896061 -0.2126912176609
vn -0.93961453437805 0.21102096140385 0.26943427324295
vn -0.84801948070526 0.24526961147785 0.46979334950447
vn -0.67227441072464 0.54300320148468 0.50318443775177
vn -0.79458665847778 0.4685161113739 0.38616678118706
vn -0.98691207170486 -0.13459104299545 0.08882542699575
vn -0.88450843095779 -0.22875182330608 0.40659239888191
vn -0.85547095537186 0.50768411159515 0.10210901498795
vn -0.84532380104065 -0.0003271541791 -0.5342543721199
vn -0.50543409585953 0.76668190956116 0.39589813351631
vn -0.66450017690659 0.69303697347641 0.27953401207924
vn -0.41957274079323 0.86441171169281 0.27703976631165
vn -0.11538838595152 0.93176704645157 -0.34423190355301
vn -0.3987689614296 0.73509430885315 -0.54828774929047
vn -0.54528164863586 0.81726855039597 0.18638645112514
vn -0.76445490121841 0.64346522092819 0.03951350972056
vn -0.6755359172821 0.35170423984528 -0.64803957939148
vn 0.57457566261292 0.59307336807251 0.56402736902237
vn 0.69396716356277 0.69319975376129 0.19463732838631
vn 0.84622585773468 0.51395356655121 0.14054690301418
vn 0.12926387786865 0.66543453931808 0.73517870903015
vn 0.63458663225174 0.76835185289383 -0.08327852934599
vn 0.79306298494339 0.56258893013 -0.23354829847813
vn 0.35733863711357 0.853196144104 -0.3799546957016
vn 0.52246797084808 0.64401572942734 -0.5588122010231
vn 0.40642586350441 0.41943752765656 0.81172043085098
vn -0.13055571913719 0.83308166265488 0.53752225637436
vn 0.10569948703051 0.30191710591316 0.94745647907257
vn 0.1779543608427 0.64867120981216 0.73997151851654
vn -0.46416425704956 0.04612269252539 0.88454747200012
vn -0.55155444145203 0.11240058392286 0.82653123140335
vn -0.28205147385597 0.20256392657757 0.93777120113373
vn -0.17754091322422 0.16870138049126 0.9695457816124
vn -0.80200058221817 0.03231634572148 0.59644830226898
vn -0.72570085525513 0.04522038623691 0.68652272224426
vn -0.70134252309799 -0.07458174973726 0.7089119553566
vn -0.79680782556534 -0.10808628052473 0.59448689222336
vn 0.00832673814148 0.82140231132507 -0.57028847932816
vn 0.09537696838379 0.76910728216171 -0.63196289539337
vn -0.09912406653166 0.59820961952209 -0.79518532752991
vn -0.02911557070911 0.83630788326263 -0.5474865436554
vn -0.06936397403479 0.79973894357681 -0.59632736444473
vn -0.06628160178661 0.34165197610855 -0.9374862909317
vn 0.0001114257102 0.53582906723022 -0.84432649612427
vn -0.63293957710266 0.22907462716103 -0.73953515291214
vn -0.64772206544876 0.68988716602325 -0.3232829272747
vn -0.95944547653198 0.27875047922134 -0.04198403656483
vn -0.79059833288193 -0.03015087172389 -0.61159235239029
vn -0.68571853637695 0.38034126162529 -0.62058883905411
vn -0.94113832712173 -0.1036406904459 -0.32174107432365
vn -0.93305277824402 -0.11510671675205 -0.34082701802254
vn -0.98815983533859 -0.04681455343962 0.14611162245274
vn -0.86879819631577 0.01802329346538 0.49483817815781
vn -0.88269472122192 -0.10176336765289 0.45879659056664
vn -0.99096995592117 -0.0990666821599 0.0903559923172
vn 0.9009028673172 0.43370938301086 -0.01643889397383
vn 0.79778206348419 0.58940750360489 0.12705352902412
vn 0.70507895946503 0.4173726439476 0.57329189777374
vn 0.86291342973709 0.24516846239567 0.4418967962265
vn 0.78261870145798 0.47697126865387 -0.40000793337822
vn 0.77511703968048 0.56350857019424 -0.28574752807617
vn 0.5913290977478 0.47675624489784 -0.6504100561142
vn 0.57154309749603 0.54774343967438 -0.61099547147751
vn 0.6997435092926 0.08395235240459 0.7094441652298
vn 0.55198687314987 0.23115219175816 0.80117356777191
vn 0.33887115120888 0.08987322449684 0.93653041124344
vn 0.51314878463745 0.03595938533545 0.85754609107971
vn 0.14721044898033 -0.06686723232269 0.98684233427048
vn -0.00057894206839 -0.03123444505036 0.99951195716858
vn -0.40265217423439 -0.12121643871069 0.90729141235352
vn -0.36255583167076 -0.19258488714695 0.91184663772583
vn -0.73368799686432 -0.20232506096363 0.64866518974304
vn -0.65432745218277 -0.19948868453503 0.7294242978096
vn -0.54696673154831 -0.52312260866165 0.65358257293701
vn -0.6635901927948 -0.49082705378532 0.56456780433655
vn -0.40028068423271 0.42580819129944 -0.81145715713501
vn -0.48339813947678 0.48158565163612 -0.7310277223587
vn -0.16682609915733 0.64422315359116 -0.74642187356949
vn -0.04212138429284 0.47512272000313 -0.87891083955765
vn 0.37874287366867 0.48814564943314 -0.7863000035286
vn 0.23482882976532 0.63518184423447 -0.73579853773117
vn -0.71979832649231 0.36177608370781 -0.59245961904526
vn -0.73638236522675 0.31471064686775 -0.59891420602798
vn -0.87042230367661 0.26336279511452 -0.41593891382217
vn -0.84357738494873 0.21801678836346 -0.49076050519943
vn -0.95790070295334 0.09202119708061 -0.27195289731026
vn -0.9463397860527 0.14677767455578 -0.28791907429695
vn -0.90544891357422 -0.05966255441308 0.42024111747742
vn -0.79316288232803 -0.14424254000187 0.59168136119843
vn -0.75882595777512 -0.43490847945213 0.48480686545372
vn -0.93006670475006 -0.32204300165176 0.17681628465652
vn 0.79697573184967 0.32068181037903 -0.51185232400894
vn 0.61001145839691 0.33692476153374 -0.71719437837601
vn 0.9013329744339 -0.24191710352898 -0.35926994681358
vn 0.5673503279686 -0.23751017451286 -0.78848099708557
vn 0.61422204971313 0.11713532358408 -0.78039127588272
vn 0.80094456672668 0.08190533518791 -0.5931099653244
vn 0.71823644638062 -0.23803718388081 -0.65381556749344
vn 0.43017718195915 -0.22742331027985 -0.87362819910049
vn 0.3070196211338 -0.22738383710384 -0.92414039373398
vn 0.29421943426132 0.081458106637 -0.95226013660431
vn 0.44834354519844 0.1072438955307 -0.88740450143814
vn 0.51226872205734 -0.20339465141296 -0.834392786026
vn 0.25734430551529 -0.19826817512512 -0.94576090574265
vn 0.23553943634033 -0.38569918274879 -0.89205229282379
vn 0.40683728456497 -0.3790594637394 -0.83114212751389
vn 0.42060104012489 -0.43792229890823 -0.79455572366714
vn 0.35566622018814 -0.51041436195374 -0.78292959928513
vn 0.53439962863922 -0.28737834095955 -0.79487782716751
vn 0.68156379461288 -0.22054821252823 -0.69773155450821
vn 0.79062962532043 -0.42200016975403 -0.44364476203918
vn 0.70998555421829 -0.29323425889015 -0.640261054039
vn 0.79307055473328 -0.2203488945961 -0.56787806749344
vn -0.33804532885551 -0.47762724757195 -0.8109238743782
vn -0.07234670966864 -0.64792084693909 -0.75826412439346
vn -0.58184897899628 -0.38302400708199 -0.7174568772316
vn -0.13461700081825 -0.5393078327179 -0.83127933740616
vn -0.015191571787 -0.58665543794632 -0.80969417095184
vn 0.57515549659729 -0.6194731593132 -0.53427439928055
vn 0.57199347019196 -0.45281398296356 -0.68394654989243
vn 0.53692024946213 -0.30919423699379 -0.7849303483963
vn 0.53943067789078 -0.61683392524719 -0.57317584753036
vn 0.52359700202942 -0.68306642770767 -0.50918221473694
vn 0.69383299350739 -0.43902656435966 -0.5708339214325
vn 0.68587875366211 -0.57926630973816 -0.44047799706459
vn 0.92107838392258 -0.15547414124012 -0.35699078440666
vn 0.87456995248795 -0.34337198734283 -0.34237849712372
vn 0.9991489648819 -0.0412472859025 0.00006390091585
vn 0.95271039009094 -0.29264828562737 -0.08185342699289
vn 0.8990318775177 -0.23021554946899 0.37248152494431
vn 0.88154774904251 -0.42790675163269 0.19942291080952
vn 0.74976873397827 -0.5049301981926 0.42765921354294
vn 0.73912090063095 -0.36927804350853 0.56332403421402
vn 0.50569212436676 -0.46567553281784 0.7262379527092
vn 0.51157093048096 -0.55459749698639 0.65629011392593
vn -0.53849285840988 -0.58580785989761 0.60568517446518
vn -0.65730929374695 -0.54438233375549 0.52114522457123
vn -0.75073397159576 -0.50875014066696 0.4213927090168
vn -0.82297170162201 -0.56626427173614 0.04541325941682
vn -0.63501387834549 -0.61067062616348 -0.4731160402298
vn -0.37194702029228 -0.64463180303574 -0.6679111123085
vn -0.54333662986755 -0.46271657943726 -0.70048451423645
vn -0.77529883384705 -0.42320281267166 -0.46884021162987
vn -0.27826258540154 -0.6021516919136 0.74832028150558
vn 0.12360197305679 -0.5755415558815 0.80837768316269
vn 0.15874890983105 -0.0173694845289 -0.98716616630554
vn -0.82988697290421 0.09463312476873 -0.54984736442566
vn -0.71903449296951 -0.14940741658211 0.67872446775436
vn -0.63888394832611 -0.20144271850586 0.74246072769165
vn -0.74844294786453 0.03880071640015 0.66206312179565
vn -0.76750105619431 -0.10628017038107 0.63217628002167
vn -0.91479057073593 -0.07719109207392 0.39648401737213
vn -0.92274039983749 0.01229002699256 0.3852259516716
vn -0.9993879199028 -0.03167329356074 -0.01485353056341
vn -0.99624407291412 0.0524267219007 0.06891443580389
vn -0.63226360082626 -0.06844417005777 0.77172416448593
vn -0.51556599140167 -0.08570928871632 0.85255241394043
vn -0.54073995351791 0.00207780627534 0.84118729829788
vn -0.65323704481125 0.09682781249285 0.75093650817871
vn -0.91179430484772 0.04211604967713 0.40848192572594
vn -0.70759981870651 -0.01208972930908 0.70651006698608
vn -0.71298497915268 0.16187427937984 0.68223828077316
vn -0.8935860991478 0.16773602366447 0.41637548804283
vn -0.22189648449421 -0.07201254367828 0.97240740060806
vn -0.15744678676128 -0.11048080772161 0.98132789134979
vn -0.58126330375671 -0.42044845223427 0.69667506217957
vn -0.49496003985405 -0.41106882691383 0.76553052663803
vn -0.88068556785584 -0.34435996413231 0.32528305053711
vn -0.6585608124733 -0.39398542046547 0.64114987850189
vn -0.06227518245578 -0.41592353582382 0.90726482868195
vn -0.46422135829926 -0.68979620933533 0.55558949708939
vn -0.35120430588722 -0.73951137065887 0.57426333427429
vn -0.7488015294075 -0.6436305642128 0.158227622509
vn -0.54269635677338 -0.68671464920044 0.48363593220711
vn -0.92866933345795 -0.30136105418205 0.21622855961323
vn -0.81647372245789 -0.57663249969482 -0.02942205220461
vn -0.8550551533699 -0.47179847955704 -0.21514402329922
vn -0.96241074800491 -0.25729390978813 -0.08697994798422
vn 0.04578555002809 -0.73416602611542 0.67742449045181
vn 0.73106080293655 -0.18822833895683 -0.65583539009094
vn 0.79243916273117 -0.35286352038383 -0.49752148985863
vn 0.65352439880371 -0.71812760829926 -0.23916201293468
vn 0.20137904584408 -0.97570705413818 -0.08626846969128
vn 0.07230920344591 -0.38339620828629 -0.92074906826019
vn -0.2317288517952 -0.55280846357346 -0.8004401922226
vn -0.01759801246226 -0.66636049747467 -0.74542206525803
vn 0.14606600999832 -0.78936183452606 -0.59629905223846
vn -0.11696092784405 -0.64030134677887 -0.75916677713394
vn 0.21635788679123 -0.47739416360855 -0.85163605213165
vn 0.39743509888649 -0.60006040334702 -0.69424265623093
vn -0.39060741662979 -0.83281016349792 -0.39224120974541
vn 0.08261430263519 -0.68952852487564 -0.71953123807907
vn -0.46732917428017 -0.78220945596695 -0.41200968623161
vn 0.13318444788456 0.09456510096788 -0.98656952381134
vn 0.40812918543816 0.12036886066198 -0.90495401620865
vn -0.01638804376125 0.70754438638687 -0.70647877454758
vn -0.35895338654518 0.41236156225204 -0.83732330799103
vn -0.99950629472733 -0.00630250666291 -0.03078269958496
vn -0.96854835748672 0.09228605777025 -0.23107878863811
vn -0.947849214077 0.05314203724265 0.3142574429512
vn -0.9988968372345 0.03365439549088 0.03275085240602
vn 0.01719320937991 -0.20360341668129 -0.97890245914459
vn 0.02236482687294 0.32909879088402 -0.94403058290482
vn 0.07811730355024 0.07010183483362 -0.99447643756866
vn -0.10726648569107 0.05982308834791 -0.99242889881134
vn -0.33850854635239 0.34577462077141 -0.87512964010239
vn -0.70897823572159 0.38477629423141 -0.59101361036301
vn -0.87904489040375 0.26862606406212 -0.39385288953781
vn -0.72529989480972 0.37442636489868 -0.57770669460297
vn -0.28725987672806 0.93768495321274 -0.1955214291811
vn 0.91224718093872 0.05399795994163 -0.40606555342674
vn -0.22568820416927 0.71125572919846 0.66571766138077
vn -0.86137127876282 0.29441636800766 -0.4139546751976
vn -0.39018362760544 0.41342598199844 0.82270020246506
vn -0.97027802467346 0.241942897439 -0.00490581383929
vn -0.64888662099838 0.09293345361948 0.75518846511841
vn -0.79813772439957 -0.25164684653282 0.54740291833878
vn -0.76082479953766 -0.62592512369156 0.17135718464851
vn 0.46510177850723 0.56336551904678 0.682861328125
vn -0.11688033491373 0.429243683815 0.89559412002563
vn 0.07873567938805 0.30796998739243 0.94813251495361
vn 0.59126710891724 0.30595761537552 0.74618583917618
vn -0.8468827009201 -0.08907756954432 0.52426606416702
vn -0.58471548557281 0.16132166981697 0.7950364947319
vn -0.59684425592422 0.20649638772011 0.77532970905304
vn -0.79495787620544 0.01217269524932 0.60654246807098
vn -0.94207900762558 -0.29755538702011 0.15475124120712
vn -0.89251244068146 -0.44402280449867 0.07915408164263
vn -0.7468204498291 -0.49083197116852 -0.44871270656586
vn -0.58789718151093 -0.63390743732452 -0.50253182649612
vn 0.83670562505722 0.49686405062675 -0.23032531142235
vn 0.73032647371292 0.60038661956787 0.32582059502602
vn 0.65477699041367 0.65448695421219 0.378039509058
vn 0.52941036224365 0.7377524971962 -0.4188626408577
vn 0.49885061383247 0.15676975250244 -0.85239148139954
vn 0.66197961568832 0.15367288887501 -0.73359912633896
vn 0.93096083402634 0.32726520299912 0.16189342737198
vn 0.58929842710495 0.44194346666336 0.67632341384888
vn 0.53738880157471 0.50319415330887 0.6767635345459
vn 0.83652484416962 0.47043812274933 0.28091669082642
vn -0.00052301259711 0.50873154401779 0.86092507839203
vn -0.06989039480686 0.47348794341087 0.87802302837372
vn 0.47552067041397 -0.32681623101234 -0.81674432754517
vn 0.74965453147888 0.0730732306838 -0.65778303146362
vn 0.72351741790771 0.08531487733126 -0.68501389026642
vn 0.44736570119858 -0.22310043871403 -0.86607736349106
vn -0.52351403236389 0.30134302377701 0.79694759845734
vn -0.73133945465088 0.13209174573421 0.66909962892532
vn -0.95429944992065 -0.1431352943182 0.26234462857246
vn -0.94200330972672 0.0000727659426 0.33560353517532
vn -0.94402092695236 -0.272839397192 -0.18542695045471
vn -0.86568665504456 -0.39091211557388 -0.31268864870071
vn -0.62051838636398 -0.48902508616447 -0.61303454637527
vn -0.06746768206358 -0.56739854812622 -0.82067477703094
vn 0.04075096920133 -0.42693489789963 -0.90336376428604
vn -0.47632527351379 -0.48440307378769 -0.73380368947983
vn 0.88536536693573 0.25038701295853 -0.39170694351196
vn 0.89503705501556 0.36561474204063 -0.25541037321091
vn -0.3242854475975 -0.45627552270889 -0.82864451408386
vn 0.14974641799927 -0.28127017617226 -0.94787299633026
vn 0.29532334208488 -0.31722119450569 -0.90119630098343
vn -0.14472290873528 -0.54996800422668 -0.82255113124847
vn -0.5667011141777 0.75408542156219 0.33197125792503
vn -0.13352052867413 0.88161867856979 0.4526818394661
vn -0.01263888739049 0.93148589134216 0.36355793476105
vn -0.61845391988754 0.69219768047333 0.37199056148529
vn 0.50037914514542 0.80789244174957 -0.31133663654327
vn 0.31537321209908 0.93681997060776 -0.15135456621647
vn 0.56432032585144 0.81194645166397 0.14928302168846
vn 0.75184106826782 0.63863581418991 -0.1639492213726
vn -0.94807481765747 0.248758867383 -0.19817446172237
vn -0.86784023046494 0.45129325985909 -0.20781688392162
vn -0.75693392753601 -0.01332450658083 -0.65335559844971
vn -0.71673202514648 0.19200977683067 -0.67039352655411
vn 0.43209788203239 0.13485346734524 -0.8916871547699
vn 0.51570230722427 0.11503040790558 -0.84901070594788
vn 0.68251830339432 0.50010693073273 -0.53297448158264
vn 0.76092481613159 0.39188921451569 -0.51712322235107
vn 0.17925243079662 0.95075076818466 -0.25286671519279
vn 0.67337906360626 0.65533781051636 0.3421885073185
vn 0.18103440105915 0.90254104137421 0.3906996846199
vn -0.68798398971558 0.18926227092743 0.70061248540878
vn -0.9848638176918 -0.16530719399452 0.05212233588099
vn -0.95145505666733 -0.2929599583149 0.0943815484643
vn -0.66716855764389 0.16045455634594 0.72742038965225
vn -0.56457453966141 -0.50872027873993 -0.64996862411499
vn -0.54213386774063 -0.6357649564743 -0.54944854974747
vn -0.79201465845108 -0.51897615194321 -0.32152229547501
vn -0.85579210519791 -0.37700310349464 -0.35424375534058
vn 0.37345427274704 -0.58993917703629 -0.71589362621307
vn 0.59179759025574 -0.74370670318604 -0.31092783808708
vn 0.8841170668602 -0.30059495568275 -0.35774251818657
vn 0.59415012598038 -0.52402776479721 -0.61022973060608
vn 0.09638348966837 0.56062948703766 0.82243835926056
vn 0.13014808297157 0.51480931043625 0.8473681807518
vn 0.60547524690628 0.65742582082748 0.44854322075844
vn 0.62103760242462 0.73158437013626 0.28124085068703
vn 0.52046722173691 0.54118967056274 0.66047531366348
vn 0.66142851114273 0.51199477910995 0.54806351661682
vn 0.86874639987946 0.47853580117226 0.12760622799397
vn 0.81043642759323 -0.13113011419773 0.57096207141876
vn 0.4918292760849 0.87054216861725 0.01613168232143
vn 0.65303182601929 0.09610962122679 -0.75120723247528
vn -0.2157187461853 0.18727472424507 -0.95832854509354
vn -0.45460480451584 0.80905705690384 -0.37250646948814
vn 0.79105508327484 0.26551195979118 0.55112189054489
vn 0.74182516336441 -0.33835604786873 -0.57897365093231
vn -0.26228022575378 0.88896530866623 0.37543269991875
vn -0.33990961313248 0.64428585767746 0.68509656190872
vn -0.904212474823 0.38208159804344 -0.19082267582417
vn -0.34124487638474 -0.19018864631653 -0.92053252458572
vn 0.62276434898376 0.75045841932297 -0.22130689024925
vn -0.08287770301104 0.17502374947071 -0.98106974363327
vn -0.21370014548302 0.32281106710434 -0.92202234268188
vn 0.59690243005753 0.77517151832581 -0.20692154765129
vn 0.19710478186607 0.11639204621315 -0.97344887256622
vn 0.82177346944809 0.46160450577736 -0.3340802192688
vn 0.99662804603577 0.01168882567436 -0.08121579140425
vn 0.2461998462677 -0.42782339453697 -0.86968541145325
vn 0.82516133785248 0.43985828757286 0.3544482588768
vn 0.49774804711342 0.86610972881317 0.04583548009396
vn 0.9200354218483 0.31178838014603 0.23732410371304
vn -0.09840922802687 0.00991449225694 -0.99509662389755
vn -0.04860842600465 -0.13016586005688 -0.9902999997139
vn -0.0216059088707 0.85368490219116 0.52034175395966
vn 0.63277471065521 -0.23239895701408 -0.73863852024078
vn 0.48213073611259 -0.49582061171532 -0.72229623794556
vn 0.46796211600304 -0.6753431558609 -0.57002025842667
vn 0.4860632121563 -0.6334992647171 -0.60201424360275
vn 0.9661477804184 0.20080615580082 0.16197369992733
vn 0.9597584605217 0.27546811103821 -0.05459938570857
vn 0.93029469251633 -0.07008883357048 -0.36005455255508
vn 0.91683399677277 -0.38244295120239 -0.11468534916639
vn 0.93297910690308 0.32741683721542 -0.14949269592762
vn 0.87435400485992 0.04656039923429 -0.48304972052574
vn 0.67892998456955 0.60855394601822 -0.41075092554092
vn 0.81785047054291 0.163314640522 -0.55176895856857
vn 0.94634681940079 0.30421429872513 -0.10900241881609
vn 0.55802631378174 0.54182583093643 -0.62851524353027
vn -0.3713164627552 -0.88724803924561 0.27370619773865
vn -0.52965658903122 -0.82047259807587 -0.21514768898487
vn -0.17244194447994 -0.91724932193756 0.3590507209301
vn -0.28865939378738 -0.89594829082489 0.33756828308105
vn -0.05591743811965 -0.96900099515915 -0.24064548313618
vn -0.02834858745337 -0.99695378541946 -0.07266089320183
vn -0.04807564616203 -0.99637001752853 -0.07025367766619
vn -0.86616307497025 -0.32270205020905 0.3816083073616
vn -0.38235446810722 -0.92401564121246 0.00040505835204
vn 0.21332214772701 -0.43308109045029 0.87574791908264
vn 0.10001483559608 -0.93935924768448 0.32802626490593
vn -0.06156690791249 -0.93139535188675 0.35876503586769
vn -0.14329849183559 -0.4518720805645 0.88049829006195
vn -0.48136782646179 -0.40637171268463 0.77662545442581
vn -0.20255787670612 -0.93395000696182 0.2944615483284
vn 0.75614422559738 -0.14602899551392 0.63790392875671
vn 0.54306650161743 -0.81890660524368 0.18566320836544
vn 0.08913234621286 -0.67310452461243 -0.73415648937225
vn 0.06030977889895 -0.54185396432877 -0.8383059501648
vn -0.68847852945328 0.38495221734047 0.61466175317764
vn -0.5512957572937 0.70247787237167 0.45010870695114
vn -0.01902988180518 0.77151483297348 0.63592654466629
vn 0.02220951765776 0.85407143831253 0.51968139410019
vn 0.23590332269669 0.62267625331879 0.74607223272324
vn -0.21199329197407 0.3498438000679 0.91250652074814
vn 0.61976540088654 -0.63329577445984 0.46349468827248
vn 0.85330355167389 -0.21183031797409 0.47644618153572
vn -0.17836502194405 0.92766350507736 -0.32806441187859
vn -0.31282857060432 0.94092738628387 -0.12959131598473
vn 0.73026782274246 0.20848210155964 -0.65057200193405
vn 0.67805761098862 -0.00098829052877 -0.73500806093216
vn -0.20175741612911 0.944451212883 0.25943347811699
vn 0.88903117179871 0.23082496225834 -0.3954029083252
vn -0.50626641511917 0.74370181560516 0.43657985329628
vn -0.055489808321 0.97560632228851 -0.21239811182022
vn 0.13072715699673 0.95332461595535 -0.2721811234951
vn 0.54275286197662 -0.16566129028797 -0.82339280843735
vn 0.14350080490112 -0.25163191556931 -0.9571253657341
vn -0.19324225187302 0.94356548786163 -0.26896357536316
vn -0.12536506354809 -0.22226808965206 -0.96689212322235
vn -0.09502878040075 0.96798264980316 -0.23233413696289
vn -0.29732885956764 -0.23097914457321 -0.92641472816467
vn -0.53430765867233 0.84366697072983 -0.05235839635134
vn -0.18670730292797 0.96396893262863 -0.18948403000832
vn -0.53317695856094 -0.20837835967541 -0.819939494133
vn -0.86413788795471 0.04386134073138 -0.50134009122849
vn -0.05712536349893 -0.87578690052032 -0.47930559515953
vn 0.12390298396349 -0.83359742164612 -0.53829681873322
vn 0.02435472980142 -0.82037460803986 -0.57130765914917
vn -0.06684728711843 -0.75405514240265 -0.65340054035187
vn -0.4448077082634 -0.81306022405624 -0.37560504674912
vn -0.74365001916885 -0.32206869125366 0.58588093519211
vn 0.10830684751272 0.90202629566193 -0.41787347197533
vn -0.49315243959427 0.8635618686676 0.1051738858223
vn 0.23292753100395 -0.09951954334974 -0.96738857030869
vn 0.54493910074234 0.28061017394066 -0.79012620449066
vn 0.08074743300676 -0.61862570047379 -0.78152549266815
vn 0.09984663873911 -0.67078340053558 -0.7349014878273
vn 0.20753456652164 -0.17534859478474 -0.96238362789154
vn 0.15317219495773 -0.39318031072617 -0.90661329030991
vn 0.51209551095963 -0.00295583112165 -0.85892343521118
vn -0.3276369869709 -0.253886282444 0.91005253791809
vn 0.03779593482614 -0.19390411674976 0.98029220104218
vn -0.01082792971283 -0.07498801499605 0.997125685215
vn -0.39033061265945 0.01338210515678 0.92057746648788
vn -0.79782271385193 0.4991614818573 0.33810740709305
vn -0.86043781042099 0.20487408339977 0.46655488014221
vn -0.7585900425911 0.11299223452806 0.64169615507126
vn -0.77329468727112 0.38368481397629 0.50477832555771
vn -0.7893294095993 -0.28123301267624 0.54577201604843
vn -0.64923405647278 -0.2972899377346 0.70008128881454
vn -0.03395275771618 0.16843262314796 0.98512828350067
vn -0.31902331113815 0.40381744503975 0.85741221904755
vn -0.40693181753159 0.20429798960686 0.89031958580017
vn -0.06168998405337 0.02770856395364 0.99771064519882
vn -0.69502657651901 0.58529657125473 0.41757154464722
vn -0.68778574466705 0.68885999917984 0.22895969450474
vn -0.01898111961782 0.99125146865845 0.1306144297123
vn -0.09055659174919 0.96894913911819 -0.23008063435555
vn -0.62199527025223 0.76718264818192 0.15669268369675
vn -0.62148696184158 0.69035333395004 0.3703595995903
vn 0.64898252487183 -0.18363445997238 0.73830896615982
vn 0.6305884718895 0.3262240588665 0.70422732830048
vn -0.0534164942801 0.37933352589607 0.9237168431282
vn 0.31743749976158 0.80158013105392 0.50665837526321
vn -0.29309520125389 0.57237368822098 0.76582217216492
vn -0.3129269182682 0.88185435533524 0.35271742939949
vn 0.49415546655655 0.86590278148651 -0.07760672271252
vn 0.93999087810516 0.05066335946321 -0.33741742372513
vn 0.86335647106171 -0.09920796751976 0.49474596977234
vn 0.65897500514984 -0.32260617613792 0.67946827411652
vn 0.83611422777176 -0.53318059444427 -0.12896272540092
vn 0.85353553295136 -0.46924170851707 -0.22647149860859
vn 0.97970432043076 0.00619264738634 -0.2003525197506
vn 0.91188734769821 0.27696663141251 -0.30290439724922
vn 0.79310292005539 0.55247235298157 -0.25644138455391
vn 0.79132813215256 0.28129699826241 -0.54283684492111
vn -0.66681045293808 0.2890088558197 0.6869044303894
vn -0.63782358169556 0.70964938402176 0.29929700493813
vn -0.09593590348959 0.92910844087601 0.35714668035507
vn -0.66274696588516 0.64308393001556 0.38367918133736
vn -0.45839908719063 0.73008006811142 0.50680691003799
vn -0.789779484272 0.29319390654564 0.53878170251846
vn -0.58437120914459 0.25798192620277 0.76938647031784
vn 0.64135766029358 -0.52689266204834 -0.55771350860596
vn 0.60102260112762 -0.6915665268898 -0.40063399076462
vn 0.93944197893143 0.2775054872036 -0.20109549164772
vn 0.76160860061646 0.53992807865143 0.35837137699127
vn 0.71934539079666 0.54930627346039 0.42521145939827
vn 0.96351289749146 0.24517434835434 0.10738880932331
vn 0.93575370311737 0.34926804900169 0.04875357449055
vn 0.63025832176208 -0.27535596489906 -0.72591561079025
vn 0.67536419630051 -0.51772350072861 -0.52521008253098
vn 0.31329500675201 -0.49488508701324 -0.81051522493362
vn 0.21265552937984 -0.35148292779922 -0.91172218322754
vn -0.27519315481186 -0.40973868966103 -0.86970275640488
vn -0.32882532477379 -0.26639276742935 -0.90604025125504
vn 0.93333375453949 0.03238417953253 -0.35754644870758
vn 0.94318675994873 -0.26441967487335 -0.20119884610176
vn -0.93153977394104 0.17353405058384 -0.31956151127815
vn -0.74862116575241 -0.07006919384003 -0.65928494930267
vn -0.75794821977615 -0.21234609186649 -0.61678498983383
vn -0.9721058011055 0.0317054502666 -0.23238980770111
vn -0.87228214740753 0.47207620739937 0.12754563987255
vn -0.91732776165009 0.30072510242462 0.26091060042381
vn -0.61098378896713 0.49019622802734 0.62161600589752
vn -0.55596733093262 0.6766340136528 0.48276996612549
vn -0.20395953953266 -0.60273063182831 -0.77143782377243
vn -0.72791790962219 -0.44435113668442 -0.52219498157501
vn -0.96911174058914 -0.22665943205357 -0.09719981998205
vn -0.91054570674896 -0.00365986255929 0.41339218616486
vn -0.62943720817566 0.1797302365303 0.75598007440567
vn 0.22515074908733 0.63056015968323 0.74276572465897
vn 0.10202550888062 0.43304294347763 0.89558064937592
vn 0.6463942527771 0.43054774403572 0.62992298603058
vn 0.97731506824493 0.12957507371902 0.16752772033215
vn 0.78661978244782 -0.38309520483017 -0.48421820998192
vn 0.9420457482338 -0.2339850217104 -0.24041803181171
vn 0.42470237612724 -0.53434908390045 -0.73082077503204
vn 0.4335825741291 -0.10426256805658 -0.8950617313385
vn 0.5984553694725 -0.32419151067734 -0.73263299465179
vn 0.94839268922806 -0.04950053617358 -0.3132109940052
vn 0.02341779321432 -0.43484222888947 -0.90020203590393
vn -0.8343465924263 -0.13808380067348 -0.5336651802063
vn -0.98183989524841 0.18966256082058 -0.00430069072172
vn -0.60492473840714 0.49740558862686 0.62181496620178
vn -0.17178781330585 0.58539199829102 0.79234158992767
vn 0.77765703201294 0.40750533342361 0.47873696684837
vn 0.96452164649963 0.2229428589344 0.14140191674232
vn -0.27609226107597 -0.37894380092621 -0.88327491283417
vn -0.51710146665573 -0.24146270751953 -0.82115888595581
vn 0.28278610110283 0.92287200689316 0.26141759753227
vn -0.51406705379486 0.85051912069321 0.1111411601305
vn -0.71850734949112 0.56901735067368 0.39995807409286
vn 0.48638173937798 0.40284159779549 0.77533960342407
vn 0.99289304018021 -0.04055047035217 -0.11188901215792
vn 0.98745769262314 -0.02046812139452 -0.1565515100956
vn 0.31087306141853 -0.4918324649334 -0.81330114603043
vn 0.271075040102 -0.48347464203835 -0.83232843875885
vn 0.88286691904068 0.3525430560112 0.31025719642639
vn 0.86744540929794 0.33826526999474 0.36484935879707
vn 0.92800718545914 0.25396019220352 0.27259305119514
vn 0.89726567268372 0.29161700606346 0.33147212862968
vn -0.9754866361618 0.12280835956335 -0.18260331451893
vn -0.44540902972221 -0.35366636514664 -0.82251501083374
vn -0.46336430311203 -0.40072730183601 -0.79038673639297
vn -0.94991028308868 0.05268509685993 -0.30804970860481
vn 0.45959493517876 0.21846090257168 0.86084115505218
vn -0.7536553144455 0.50686693191528 0.41843721270561
vn -0.77175110578537 0.43297678232193 0.46575891971588
vn 0.43947955965996 0.265056848526 0.85825550556183
vn 0.64295649528503 0.08411687612534 -0.76126945018768
vn 0.89285373687744 0.44417324662209 -0.07431207597256
vn 0.23241494596004 -0.16203886270523 -0.9590237736702
vn 0.74223065376282 0.57559359073639 0.34319889545441
vn -0.89896327257156 -0.18202447891235 -0.39841198921204
vn -0.5063448548317 -0.5336509346962 -0.67737108469009
vn -0.4881617128849 -0.40584519505501 -0.77264982461929
vn -0.87675046920776 -0.11769862473011 -0.46632131934166
vn 0.38193863630295 0.5839449763298 0.71633166074753
vn -0.75062549114227 0.4288569688797 0.50263601541519
vn -0.73077231645584 0.41952905058861 0.5384858250618
vn 0.33808425068855 0.48366323113441 0.80732208490372
vn 0.91941004991531 0.38971278071404 0.0530012473464
vn 0.8953218460083 0.42939460277557 0.11840229481459
vn 0.77009505033493 0.55328869819641 0.31752976775169
vn 0.77089464664459 0.5140552520752 0.37612310051918
vn 0.81058669090271 -0.08868686854839 -0.5788642168045
vn 0.91991758346558 -0.12878331542015 -0.37035980820656
vn 0.92815375328064 0.26233345270157 0.26402986049652
vn 0.86123466491699 0.38632345199585 0.33019524812698
vn 0.82075017690659 0.13925760984421 0.55405461788177
vn 0.68248075246811 -0.52391874790192 -0.50963628292084
vn -0.18698059022427 0.78403055667877 0.5918904542923
vn -0.75302070379257 0.57556962966919 -0.31887206435204
vn -0.31277969479561 -0.14021195471287 -0.93941974639893
vn 0.62733525037766 0.61174088716507 0.48189568519592
vn 0.80305105447769 -0.10172148793936 0.58716416358948
vn 0.68888926506042 0.55254888534546 0.46917089819908
vn 0.15366716682911 -0.45053970813751 -0.87943190336227
vn 0.26387211680412 -0.61885547637939 -0.73985767364502
vn 0.61988532543182 -0.36679071187973 -0.69369077682495
vn 0.95386779308319 -0.08664524555206 -0.287452429533
vn 0.10884431004524 -0.46484485268593 -0.87867641448975
vn -0.80286908149719 -0.13709437847137 -0.58017784357071
vn -0.96418917179108 0.08175814151764 -0.25229915976524
vn -0.91849547624588 0.34310856461525 0.19657662510872
vn -0.58672618865967 0.54454624652863 0.59935110807419
vn 0.77845329046249 0.41757893562317 0.46865579485893
vn 0.96508711576462 0.21400129795074 0.15103137493134
vn 0.85707521438599 0.30778533220291 -0.41314679384232
vn -0.63557153940201 -0.60368585586548 -0.48126089572906
vn 0.25401118397713 0.33295938372612 -0.90808397531509
vn 0.18993605673313 0.50015646219254 -0.84484773874283
vn 0.44127109646797 0.3346007168293 -0.83265966176987
vn 0.77256774902344 0.05499506741762 0.6325461268425
vn 0.62233138084412 0.03965316712856 0.78174889087677
vn -0.69530183076859 0.00681043881923 0.71868550777435
vn -0.60127937793732 -0.08991892635822 0.79396331310272
vn -0.01850777678192 -0.99779868125916 -0.06368187069893
vn -0.25635811686516 -0.51248294115067 0.81953758001328
vn -0.29201418161392 -0.18095029890537 0.93914043903351
vn 0.26444008946419 -0.06909488886595 0.96192371845245
vn -0.99225491285324 0.11632758378983 0.04356519877911
vn 0.12910315394402 -0.22272133827209 -0.96629583835602
vn -0.67641580104828 0.71880257129669 -0.16057574748993
vn 0.83227670192718 0.43592149019241 0.34247350692749
vn 0.79127168655396 0.41045579314232 0.45322728157043
vn 0.96002149581909 0.02301602251828 0.278978317976
vn 0.97007614374161 -0.212999984622 0.11654701828957
vn 0.98626989126205 0.14485567808151 0.079300314188
vn 0.40364581346512 0.90971618890762 0.09739828109741
vn -0.59954750537872 0.79081439971924 0.12310699373484
vn -0.85434532165527 0.50348496437073 0.12882944941521
vn -0.89044320583344 0.42487961053848 0.16305927932262
vn -0.96168202161789 0.26967257261276 -0.04944232478738
vn -0.99416351318359 0.07136154919863 -0.080909922719
vn -0.98571491241455 0.12696169316769 -0.11066593229771
vn -0.68246811628342 0.23869042098522 0.69084322452545
vn -0.44228142499924 0.39296269416809 0.80620563030243
vn 0.01943084597588 0.70302134752274 -0.7109032869339
vn -0.93615293502808 0.29241704940796 -0.19521762430668
vn -0.04818340390921 -0.54565268754959 0.83662515878677
vn 0.29041433334351 -0.4981238245964 0.81702643632889
vn -0.83362925052643 -0.27510541677475 0.47893545031548
vn -0.37209925055504 -0.50448536872864 0.77912563085556
vn 0.81491267681122 -0.18239434063435 0.55013597011566
vn -0.02780654467642 -0.67219787836075 0.73984926939011
vn 0.32233089208603 -0.64831811189651 0.68977278470993
vn 0.3061743080616 -0.62082386016846 0.72168892621994
vn -0.02556840516627 -0.65617907047272 0.75417190790176
vn -0.7676682472229 -0.52690500020981 0.36476948857307
vn -0.33799386024475 -0.68864727020264 0.6415022611618
vn -0.32579988241196 -0.6557292342186 0.68108260631561
vn -0.77978843450546 -0.46438613533974 0.41985186934471
vn 0.82341092824936 -0.40132576227188 0.40116339921951
vn 0.82207852602005 -0.34124159812927 0.45578610897064
vn 0.46075621247292 0.01919145137072 -0.88731914758682
vn 0.55446988344193 0.14840711653233 -0.81886404752731
vn 0.48201513290405 0.31839323043823 -0.8162642121315
vn -0.01569874584675 0.46026861667633 -0.88764095306396
vn -0.02908609621227 0.63167458772659 -0.77468770742416
vn 0.47788518667221 0.51166754961014 -0.71401828527451
vn -0.4952686727047 0.25484597682953 -0.83051943778992
vn -0.5854030251503 0.11133113503456 -0.80306208133698
vn -0.51276439428329 0.42918425798416 -0.74355471134186
vn -0.51549977064133 0.06853242963552 -0.85414469242096
vn -0.40613606572151 -0.06131781637669 -0.91175305843353
vn 0.59441739320755 0.18510989844799 -0.78256148099899
vn 0.01200753450394 -0.18954610824585 -0.98179841041565
vn 0.77430003881454 -0.25189957022667 0.58052229881287
vn 0.95622307062149 -0.23821400105953 -0.16997496783733
vn -0.81174159049988 0.04649035260081 0.58216339349747
vn -0.57338863611221 -0.09278160333633 0.81401288509369
vn 0.15926833450794 -0.48676186800003 0.85889261960983
vn 0.23776485025883 0.90447264909744 0.35411465167999
vn 0.26408419013023 0.96224850416183 0.06585914641619
vn 0.34903553128242 0.57713657617569 0.73830050230026
vn -0.21507708728313 0.61205786466599 0.7610040307045
vn 0.31019893288612 0.60555773973465 0.73285502195358
vn 0.28102028369904 0.7280837893486 0.62523722648621
vn -0.23026539385319 0.73713982105255 0.63529741764069
vn -0.28542837500572 0.56459027528763 0.7744472026825
vn -0.35047775506973 0.29506695270538 0.88887614011765
vn -0.49964743852615 -0.33081966638565 -0.80056899785995
vn -0.43450379371643 -0.35533821582794 -0.82761168479919
vn -0.46939894556999 0.09212476760149 -0.87816727161407
vn -0.53096437454224 -0.08897060155869 -0.84271055459976
vn -0.19008965790272 -0.46224021911621 -0.8661407828331
vn 0.48308351635933 -0.15626184642315 -0.86151760816574
vn -0.91834181547165 0.37081888318062 0.13835351169109
vn -0.62519943714142 0.77090007066727 0.12181453406811
vn -0.8981813788414 0.42498588562012 0.11250475049019
vn 0.46154272556305 0.87750917673111 0.13021469116211
vn 0.98254376649857 0.1772446334362 0.05649940669537
vn 0.99556946754456 -0.08592043071985 0.03819957375526
vn 0.16586729884148 0.57725667953491 0.79953914880753
vn 0.24354466795921 0.55033749341965 0.79863303899765
vn 0.55133426189423 -0.71658146381378 -0.42724895477295
vn 0.02712845802307 -0.27522248029709 -0.96099776029587
vn -0.53835773468018 -0.32677820324898 -0.77677977085114
vn -0.88154733181 -0.18238823115826 -0.43544107675552
vn -0.9993023276329 0.01955150999129 -0.03182180970907
vn -0.7072890996933 0.33917245268822 0.62024533748627
vn 0.0449984818697 -0.22595916688442 -0.97309696674347
vn -0.50317335128784 -0.3117490708828 -0.80599570274353
vn -0.87795585393906 -0.1285255998373 -0.46116673946381
vn -0.99352502822876 0.08441020548344 -0.07604540884495
vn -0.72131764888763 0.38795390725136 0.57375317811966
vn -0.95752584934235 0.28782761096954 -0.01730763353407
vn -0.6435723900795 0.76462376117706 -0.03413192182779
vn 0.5404087305069 0.84013444185257 0.0461791716516
vn 0.97437596321106 0.18410722911358 0.12921315431595
vn 0.98266345262527 0.09772042930126 0.15755395591259
vn -0.96633905172348 0.19958853721619 -0.16233710944653
vn -0.94206422567368 0.33454790711403 -0.02434687130153
vn 0.31434920430183 -0.5548700094223 -0.77026212215424
vn -0.5342954993248 -0.455939412117 -0.71179187297821
vn -0.90827178955078 -0.12468579411507 -0.39936929941177
vn -0.99130094051361 0.08970879763365 -0.0963050276041
vn -0.77401769161224 0.39720958471298 0.49307319521904
vn 0.41055056452751 0.52070879936218 0.74853909015656
vn 0.87906342744827 0.35281026363373 0.32058152556419
vn 0.80368548631668 0.49041178822517 0.3370249569416
vn 0.87756192684174 0.42184662818909 0.227882578969
vn 0.96858960390091 -0.05123861506581 -0.24332857131958
vn 0.21710000932217 -0.61021345853806 -0.76191020011902
vn -0.78328663110733 -0.52544569969177 -0.33221811056137
vn -0.97674739360809 -0.16171617805958 0.14075700938702
vn -0.97436702251434 -0.12242439389229 0.18873590230942
vn -0.96548944711685 -0.21144717931747 0.15205381810665
vn -0.822718501091 0.17807115614414 0.53983783721924
vn 0.3575955927372 0.68943971395493 0.62991923093796
vn 0.87904357910156 0.45988947153091 0.12563416361809
vn 0.93752145767212 0.31822901964188 -0.14065554738045
vn 0.88252592086792 -0.07137882709503 -0.46481502056122
vn -0.09844097495079 0.49018758535385 0.86604011058807
vn -0.04405730217695 0.4684000313282 0.88241726160049
vn 0.22471426427364 0.61578851938248 0.75518733263016
vn 0.19932791590691 0.65423202514648 0.72955387830734
vn 0.4767487347126 0.80869829654694 0.34455442428589
vn 0.77743601799011 0.61868578195572 -0.1132301017642
vn 0.81581938266754 0.57327842712402 -0.0760964602232
vn 0.54205667972565 0.73736608028412 0.40307047963142
vn 0.92082464694977 0.35974082350731 -0.15056067705154
vn 0.90145719051361 0.43164020776749 -0.03258119523525
vn 0.31412672996521 0.91397660970688 -0.25684842467308
vn 0.33680528402328 0.8972669839859 0.2854366004467
vn -0.34430614113808 0.87031519412994 0.35214304924011
vn -0.16577085852623 0.94704478979111 0.27500212192535
vn 0.28753787279129 0.50545877218246 0.81353139877319
vn 0.02802939713001 0.38169440627098 0.923863530159
vn 0.15897661447525 0.97221022844315 0.17185370624065
vn -0.48513808846474 0.8034194111824 0.34519308805466
vn -0.16309976577759 0.26335096359253 0.95081269741058
vn 0.4983951151371 0.54634845256805 0.67313128709793
vn 0.22274434566498 0.74326860904694 0.63082230091095
vn 0.30497041344643 0.67992782592773 0.66685163974762
vn -0.26544734835625 0.32366096973419 0.9081746339798
vn -0.35365900397301 0.32388550043106 0.8775098323822
vn 0.60011607408524 0.5812411904335 0.54956287145615
vn 0.04666571691632 0.99474251270294 0.09115698933601
vn 0.20895266532898 0.9713436961174 -0.11327059566975
vn 0.81085795164108 0.54180699586868 0.22125677764416
vn 0.46734917163849 0.72877144813538 0.50047689676285
vn 0.51109343767166 0.69450610876083 0.50640380382538
vn 0.72124230861664 0.66313898563385 0.20014020800591
vn 0.68115383386612 0.70443820953369 0.19948969781399
vn -0.18958236277103 0.28764846920967 0.93878477811813
vn 0.41348022222519 0.6017296910286 0.68334138393402
vn 0.26268726587296 0.55283659696579 0.79080152511597
vn 0.00875042006373 0.4181262254715 0.90834671258926
vn 0.56286507844925 0.63314342498779 0.53133064508438
vn 0.77218544483185 0.59786957502365 0.2151316255331
vn 0.88406991958618 0.43601197004318 -0.16826690733433
vn 0.86435455083847 0.50132185220718 -0.03959322348237
vn -0.20645144581795 -0.63211208581924 -0.74686825275421
vn 0.07268256694078 -0.47693863511086 -0.87592619657516
vn 0.15202103555202 -0.53070217370987 -0.83381336927414
vn -0.14267587661743 -0.68956929445267 -0.71002662181854
vn -0.81440615653992 -0.57359844446182 0.08790561556816
vn -0.76182067394257 -0.63714468479156 0.11694401502609
vn -0.64848846197128 0.04906149953604 0.7596418261528
vn -0.6366690993309 0.06407462060452 0.76847052574158
vn -0.93559384346008 0.29563716053963 -0.19303594529629
vn -0.90969389677048 -0.41489711403847 0.01781500689685
vn -0.62382173538208 0.05989065021276 0.77926868200302
vn -0.72797560691834 0.52736991643906 0.43810111284256
vn -0.30527174472809 -0.46727389097214 -0.82973754405975
vn -0.52666419744492 0.20300984382629 -0.82547670602798
vn -0.31766384840012 0.29379743337631 -0.90153914690018
vn -0.02320556342602 -0.32731583714485 -0.94462990760803
vn 0.19158019125462 -0.18584930896759 -0.96372044086456
vn -0.15298102796078 0.35154840350151 -0.9235857129097
vn 0.34716168045998 0.49472737312317 -0.79669535160065
vn 0.71195989847183 0.21666651964188 -0.66795861721039
vn 0.38595935702324 -0.35781103372574 -0.85029792785645
vn 0.29135891795158 -0.31086105108261 -0.90469628572464
vn 0.75196826457977 0.26617082953453 -0.60307276248932
vn 0.77597016096115 0.25002038478851 -0.57910287380219
vn -0.89673221111298 0.19022746384144 -0.39960590004921
vn -0.74858832359314 0.15870213508606 -0.64376175403595
vn -0.61463594436646 -0.54419839382172 -0.57102602720261
vn -0.82492059469223 -0.51201659440994 -0.23946821689606
vn -0.71399652957916 -0.67556178569794 -0.18391589820385
vn -0.49895936250687 -0.70952045917511 -0.4976145029068
vn -0.43523699045181 -0.76495760679245 -0.47477212548256
vn -0.65749698877335 -0.73612833023071 -0.16066339612007
vn 0.21046923100948 -0.23226475715637 -0.94960820674896
vn 0.72020316123962 0.25956612825394 -0.64337605237961
vn -0.26836574077606 -0.54223793745041 -0.79621469974518
vn 0.00280292890966 -0.39150559902191 -0.92017138004303
vn -0.56792658567429 -0.62269097566605 -0.53825205564499
vn -0.77921175956726 -0.5885266661644 -0.21555824577808
vn -0.86936557292938 -0.4920494556427 0.04572723805904
vn -0.63051265478134 0.06573600322008 0.77339023351669
vn 0.98964756727219 0.04605889320374 -0.13592740893364
vn 0.51816672086716 0.3606284558773 0.77553218603134
vn 0.21691615879536 -0.01301600039005 0.97610348463058
vn 0.84443110227585 -0.50953638553619 -0.16525335609913
vn 0.69694578647614 -0.6937643289566 -0.18154223263264
vn 0.39666426181793 0.06731247156858 0.91549247503281
vn 0.56834065914154 0.1493254005909 0.80912965536118
vn 0.46339118480682 -0.8802974820137 -0.10171040892601
vn 0.21409557759762 -0.97317790985107 0.08418878912926
vn 0.71326196193695 0.16403844952583 0.68143135309219
vn 0.83226358890533 0.14354442059994 0.53547388315201
vn -0.01052161771804 -0.93696194887161 0.34927323460579
vn -0.12559926509857 -0.80175822973251 0.58430171012878
vn 0.9137636423111 0.11332315951586 0.39012023806572
vn 0.64502048492432 0.42199057340622 0.63708132505417
vn -0.19189739227295 -0.20797665417194 0.9591252207756
vn 0.03354563564062 0.51103621721268 0.85890436172485
vn 0.087327234447 0.42845422029495 0.89933359622955
vn -0.79754889011383 0.5986145734787 -0.07467503100634
vn -0.91206806898117 0.38195466995239 0.14913846552372
vn -0.89676153659821 0.39094358682632 0.20732060074806
vn -0.7743992805481 0.63139992952347 -0.04049432650208
vn 0.02961785905063 0.75818121433258 -0.65137088298798
vn 0.06387364119291 0.79533731937408 -0.60279250144958
vn -0.403285831213 0.8747016787529 -0.26880747079849
vn -0.45732364058495 0.81753700971603 -0.34998321533203
vn 0.19084279239178 0.97832107543945 -0.08041782677174
vn -0.00480627734214 0.6389594078064 -0.7692254781723
vn 0.11765860021114 0.58219355344772 -0.80449199676514
vn -0.34919130802155 0.93044871091843 -0.1110430881381
vn -0.84871923923492 0.50312411785126 -0.16291606426239
vn -0.33790814876556 0.85719335079193 0.38863569498062
vn -0.40807667374611 0.73426872491837 0.54251533746719
vn -0.94808095693588 0.31273347139359 0.05779634416103
vn -0.96521455049515 0.14992824196815 0.21420134603977
vn -0.39535108208656 0.6357935667038 0.66292083263397
vn -0.23950323462486 0.96754258871078 0.08062005788088
vn -0.71325951814651 0.60356712341309 -0.35632520914078
vn -0.92594408988953 0.18633629381657 0.32849118113518
vn -0.71451038122177 0.68624061346054 -0.13619360327721
vn -0.68221348524094 0.73001712560654 -0.04073975980282
vn -0.89461582899094 0.16722130775452 0.41436636447906
vn 0.04456957802176 0.99841618537903 0.03433347120881
vn -0.15958838164806 0.96758842468262 0.19571468234062
vn -0.59324955940247 0.67052865028381 -0.44547307491302
vn -0.26482239365578 0.70611786842346 -0.65670889616013
vn -0.25131633877754 0.80318814516068 -0.54011923074722
vn -0.55720567703247 0.76145029067993 -0.33123308420181
vn -0.55327153205872 0.78437906503677 -0.28042837977409
vn -0.25315892696381 0.8334499001503 -0.49119421839714
vn -0.95465701818466 0.1678269803524 0.24589471518993
vn -0.72652047872543 0.63581627607346 -0.26058748364449
vn -0.82908272743225 0.54448658227921 -0.12710680067539
vn -0.93493682146072 0.34436386823654 0.08548016101122
vn -0.57830482721329 0.71294671297073 -0.39657363295555
vn -0.26222836971283 0.75138503313065 -0.60552197694778
vn -0.00227515934967 0.69784688949585 -0.71624338626862
vn 0.13040317595005 0.6482760310173 -0.75015538930893
vn 0.86693400144577 -0.4193362891674 -0.26941129565239
vn 0.90593433380127 -0.38370531797409 -0.17903408408165
vn 0.79021412134171 -0.61054128408432 0.05292357131839
vn 0.75685971975327 -0.65316516160965 -0.02321114391088
vn -0.75565642118454 -0.16225661337376 0.63455182313919
vn -0.06644731760025 -0.80965733528137 0.5831293463707
vn -0.04138924181461 -0.75895780324936 0.64982312917709
vn -0.76559579372406 -0.14546220004559 0.62666094303131
vn -0.77618992328644 -0.14713031053543 0.61309194564819
vn 0.01845829561353 -0.62374770641327 0.78140783309937
vn 0.18027457594872 0.07193455845118 0.98098236322403
vn -0.46702459454536 0.30330029129982 0.83060038089752
vn 0.88193428516388 0.26894626021385 0.38711750507355
vn 0.81406682729721 0.12508888542652 0.56714016199112
vn 0.86241745948792 -0.46937507390976 0.18953417241573
vn 0.96502524614334 -0.25752061605453 -0.04908494651318
vn 0.75788223743439 0.6177351474762 -0.20980417728424
vn 0.89856040477753 0.36636012792587 0.24159796535969
vn 0.97253090143204 -0.06713098287582 -0.22288349270821
vn 0.64541900157928 0.42850464582443 -0.63231164216995
vn 0.57695090770721 0.48167359828949 -0.65963488817215
vn 0.92137461900711 -0.16789318621159 -0.35054355859756
vn 0.86952084302902 -0.19406567513943 -0.45417201519012
vn 0.55393999814987 0.4702353477478 -0.68704390525818
vn 0.61224371194839 -0.63674241304398 0.46873944997787
vn 0.6377210021019 0.01581436023116 0.77010500431061
vn 0.39325073361397 -0.00643935753033 0.91940873861313
vn 0.28106606006622 -0.67946100234985 0.67774224281311
vn 0.52983856201172 -0.81335246562958 0.24026842415333
vn 0.54936438798904 -0.77363181114197 0.31574141979218
vn 0.23592062294483 -0.81456047296524 0.52993643283844
vn 0.21639727056026 -0.86102813482285 0.46022039651871
vn 0.96147626638412 -0.1084199026227 -0.25260353088379
vn 0.61788213253021 0.47032970190048 -0.63008850812912
vn 0.8338041305542 -0.53523963689804 0.13523688912392
vn 0.94480794668198 -0.31498697400093 -0.09011745452881
vn 0.58453565835953 -0.70358753204346 0.4040824174881
vn 0.26207274198532 -0.74402314424515 0.61461156606674
vn -0.77066993713379 -0.14269578456879 0.62105214595795
vn -0.00443793693557 -0.69051384925842 0.72330558300018
vn -0.97472542524338 -0.02686530724168 -0.22178483009338
vn -0.80284291505814 0.42164149880409 -0.42149940133095
vn 0.12399413436651 0.29439929127693 -0.94760459661484
vn 0.19261221587658 -0.27646872401237 -0.94152301549912
vn -0.82228922843933 0.22707179188728 -0.52180349826813
vn -0.92130452394485 0.09870076179504 -0.376106351614
vn 0.22276076674461 -0.48944973945618 -0.84309935569763
vn 0.15791466832161 -0.73217391967773 -0.6625589132309
vn -0.55114245414734 0.30439659953117 -0.77690714597702
vn -0.6971418261528 0.28528836369514 -0.65772622823715
vn -0.01903749629855 -0.89538729190826 -0.44488096237183
vn -0.28405946493149 -0.93312329053879 -0.22043409943581
vn -0.67001503705978 0.52134495973587 -0.52846884727478
vn -0.40476062893867 0.30493825674057 -0.86207979917526
vn -0.52682101726532 -0.84639590978622 -0.07793372124434
vn -0.94092220067978 -0.31369411945343 0.127520352602
vn -0.92732357978821 0.37407305836678 0.01184728182852
vn -0.89219748973846 0.44368481636047 0.0844237729907
vn 0.93394804000854 -0.22562666237354 -0.27718874812126
vn 0.52193081378937 -0.80577856302261 -0.27983769774437
vn 0.76405304670334 -0.60842156410217 0.21458354592323
vn 0.93895351886749 -0.22043779492378 0.2641467154026
vn 0.01330575253814 0.14325059950352 -0.98959702253342
vn -0.42815983295441 0.28458258509636 -0.8577247262001
vn -0.4603206217289 -0.08071752637625 -0.88407558202744
vn -0.06596019119024 -0.52226126194 -0.85023081302643
vn -0.71894949674606 0.1997514218092 -0.66574096679688
vn -0.73676598072052 0.0360245257616 -0.67518752813339
vn -0.18368086218834 -0.3497456908226 0.91866171360016
vn 0.35991904139519 -0.27609053254128 0.89119708538055
vn 0.37912735342979 -0.17914047837257 0.90783870220184
vn -0.15790222585201 -0.13970130681992 0.97752249240875
vn 0.50898605585098 -0.49062094092369 0.70726525783539
vn 0.70836037397385 -0.24248188734055 0.66289377212524
vn 0.71802163124084 -0.39986255764961 0.56969720125198
vn 0.53439158201218 -0.55309444665909 0.63914954662323
vn -0.03742333129048 -0.8186331987381 0.57309621572495
vn 0.05063431710005 -0.88521027565002 0.46242704987526
vn -0.45194783806801 -0.83758473396301 0.30691197514534
vn -0.2677860558033 -0.96269273757935 0.03890246152878
vn -0.26136192679405 -0.93479520082474 -0.24051555991173
vn -0.61788111925125 -0.78365224599838 0.06412518769503
vn -0.75257778167725 -0.13770598173141 -0.64394402503967
vn -0.79459089040756 -0.56028044223785 -0.23390425741673
vn -0.47498297691345 -0.80084109306335 -0.36475303769112
vn -0.70077842473984 -0.24185287952423 -0.67113095521927
vn 0.98179161548614 -0.14283663034439 0.12523156404495
vn 0.91762220859528 -0.00422674836591 -0.39743122458458
vn 0.86793714761734 0.46386840939522 -0.17751386761665
vn 0.96895235776901 0.11155860126019 0.22064891457558
vn -0.98179423809052 -0.08531773835421 -0.16970905661583
vn -0.81182318925858 -0.40086737275124 0.42455664277077
vn -0.78852766752243 -0.30807149410248 0.5322744846344
vn -0.98566752672195 -0.07887071371078 -0.14912742376328
vn -0.72519624233246 0.33610954880714 -0.6009333729744
vn -0.36984968185425 0.58122527599335 -0.72483676671982
vn -0.36781769990921 0.53791636228561 -0.75852239131927
vn -0.7595654129982 0.2753741145134 -0.5892618894577
vn 0.63080555200577 0.6466943025589 -0.42880153656006
vn 0.89555352926254 0.43689915537834 -0.0842792391777
vn 0.8971506357193 0.4320082962513 -0.09213850647211
vn 0.66750603914261 0.58118939399719 -0.46546176075935
vn -0.79849141836166 -0.11110442131758 0.59166485071182
vn -0.98853999376297 -0.01636134460568 -0.15006965398788
vn 0.83194416761398 0.44415894150734 0.33255332708359
vn 0.86984914541244 0.1547158062458 0.46842876076698
vn 0.8816505074501 -0.25357821583748 0.39798295497894
vn 0 0 0
vn 0.40120255947113 0.89313304424286 0.20334680378437
vn 0.62512624263763 0.6520779132843 0.42896592617035
vn 0.21468684077263 0.65677064657211 -0.72288447618484
vn 0.13977511227131 0.71234780550003 -0.6877669095993
vn 0.21021327376366 0.91747939586639 0.337700933218
vn 0.11386235803366 0.91735827922821 0.3814303278923
vn 0.55523461103439 -0.15482597053051 0.81715565919876
vn -0.12389294058084 0.72921973466873 0.67297029495239
vn -0.55381441116333 0.23730261623859 0.79810839891434
vn 0.15371322631836 -0.5067321062088 0.84828931093216
vn -0.10093741863966 0.91781866550446 0.3839536011219
vn 0.11508656293154 0.87391608953476 0.47225606441498
vn -0.30545970797539 -0.74634665250778 0.59132140874863
vn -0.46469721198082 -0.7378317117691 0.48955163359642
vn -0.75981068611145 0.10422757267952 0.64173537492752
vn -0.88960462808609 0.37151262164116 0.26567259430885
vn -0.94795846939087 -0.30441680550575 -0.09330222755671
vn -0.73221290111542 -0.62824136018753 0.26301512122154
vn -0.91590684652328 0.33280831575394 0.22439573705196
vn -0.90530234575272 0.13793109357357 -0.40174943208694
vn -0.25438386201859 0.28532209992409 -0.9240562915802
vn -0.29860866069794 0.41054114699364 -0.86156189441681
vn 0.05131259933114 0.55899089574814 -0.82758456468582
vn 0.05536806210876 0.38720935583115 -0.92032784223557
vn -0.82358872890472 -0.00694539723918 0.56714487075806
vn -0.98321914672852 0.06948304921389 -0.16867826879025
vn -0.18286550045013 -0.09855072200298 0.97818607091904
vn 0.27715143561363 -0.19326995313168 0.94118738174438
vn -0.58971625566483 0.03244492784142 -0.80695855617523
vn -0.76756316423416 0.0807239189744 -0.63586980104446
vn 0.56338828802109 -0.77967894077301 0.27330276370049
vn 0.39892759919167 -0.89122658967972 -0.21580496430397
vn -0.05951444804668 -0.61195009946823 -0.788654088974
vn -0.36204501986504 -0.23776891827583 -0.90132641792297
vn 0.48314428329468 -0.29792851209641 0.8232923746109
vn 0.42394402623177 -0.27404022216797 0.86323422193527
vn 0.65696328878403 -0.34811130166054 0.66874343156815
vn 0.56353384256363 -0.54308724403381 0.62248378992081
vn -0.46583804488182 -0.05886227637529 -0.8829100728035
vn 0.3936655819416 -0.90460067987442 0.16347801685333
vn 0.41411903500557 -0.8699067234993 0.26789525151253
vn 0.23959857225418 -0.95724433660507 -0.16209788620472
vn 0.22870446741581 -0.9581698179245 -0.17206130921841
vn -0.16514514386654 -0.36699080467224 -0.91544789075851
vn -0.10789313167334 -0.73828136920929 -0.66580760478973
vn -0.09216570109129 -0.72877657413483 -0.67852056026459
vn -0.29289293289185 -0.35282826423645 -0.88866531848907
vn -0.12965525686741 -0.02111078426242 -0.99133431911468
vn -0.33826264739037 -0.08159995079041 -0.93750733137131
vn 0.75408667325974 -0.27062213420868 0.59842878580093
vn 0.82298243045807 -0.14258404076099 0.54988139867783
vn 0.63089835643768 -0.25667729973793 0.73217749595642
vn 0.61189460754395 -0.32072141766548 0.72299575805664
vn 0.57133293151855 -0.66721391677856 0.47791665792465
vn 0.52056914567947 -0.64119017124176 0.56381106376648
vn 0.5641981959343 -0.8256288766861 -0.00418407795951
vn 0.40136781334877 -0.86801952123642 -0.29231175780296
vn 0.03652945533395 -0.8946099281311 -0.44535207748413
vn 0.1937670558691 -0.81093263626099 -0.55212557315826
vn 0.81974047422409 0.01688458397985 -0.57248622179031
vn 0.96702200174332 0.05255068838596 -0.24921271204948
vn 0.8458399772644 -0.50935935974121 -0.1584534496069
vn 0.67531543970108 -0.55171579122543 -0.48944735527039
vn 0.5728794336319 0.00641948031262 -0.81961452960968
vn 0.42962637543678 -0.50616842508316 -0.74780666828156
vn -0.02732986025512 -0.63386881351471 -0.77295756340027
vn 0 204986272984959723503616 0
vn 0.19373930990696 0.00813413131982 -0.98101925849915
vn 0.09645953029394 -0.35657432675362 -0.92927414178848
vn 0.72644430398941 -0.58019083738327 0.3683168888092
vn 0 79911109275137296183600299187896320 0
vn 0.97873550653458 0.00117741746362 0.20512275397778
vn 0.89663380384445 -0.32767644524574 0.29778522253036
vn 0.02530554309487 0.70446974039078 -0.70928275585175
vn -0.19451524317265 0.70316076278687 -0.68390697240829
vn 0.56965464353561 0.56406849622726 0.59776276350021
vn 0.71530252695084 0.62010979652405 0.32218950986862
vn -0.3326561152935 0.70927435159683 -0.62150609493256
vn -0.41330322623253 0.73955649137497 -0.53125941753387
vn 0.21190449595451 0.60482722520828 0.76764607429504
vn 0.37300312519073 0.56620192527771 0.73504018783569
vn -0.50904768705368 0.75628274679184 -0.41098275780678
vn -0.10884319245815 0.81800323724747 0.56482195854187
vn 0.31768843531609 0.66773825883865 -0.67320096492767
vn 0.74674743413925 0.66367948055267 -0.04356208443642
vn 0.54741197824478 0.62437188625336 -0.5572252869606
vn 0.70591372251511 0.65034234523773 -0.28060781955719
vn -0.63952988386154 0.76466679573059 -0.07928584516048
vn -0.72562408447266 0.4702932536602 0.50228869915009
vn 0 0 0
vn 0.19957201182842 -0.81059718132019 -0.55054801702499
vn 0.23192524909973 -0.79409486055374 -0.56180423498154
vn 0.06348657608032 -0.88299578428268 -0.46506747603416
vn 0.68484711647034 -0.23370231688023 0.69019395112991
vn 0.23595447838306 -0.39318147301674 0.88866966962814
vn 0.56735408306122 -0.18999107182026 0.8012570142746
vn 0.63298767805099 -0.21908357739449 0.74251532554626
vn 0.30556687712669 -0.37548622488976 0.8750079870224
vn -0.2513647377491 -0.48232337832451 0.83915430307388
vn -0.30962559580803 -0.52261245250702 0.79436022043228
vn -0.63751590251923 -0.24849972128868 0.72926080226898
vn -0.55151039361954 -0.16345089673996 0.8179976940155
vn 0.63589769601822 -0.14466404914856 -0.75809395313263
vn 0.27284514904022 0.86953258514404 0.41166558861732
vn 0.15610513091087 0.9864165186882 -0.05112294480205
vn -0.5318209528923 0.8007555603981 -0.2756028175354
vn -0.43008682131767 0.78729140758514 0.44181174039841
vn -0.85685646533966 0.51482009887695 -0.02751960419118
vn -0.78917944431305 0.47187384963036 0.39310413599014
vn -0.33741626143456 0.42252796888351 -0.84120178222656
vn 0.11550597846508 0.86739957332611 -0.48402097821236
vn -0.99392223358154 -0.0751893594861 -0.08040574193001
vn -0.92020386457443 0.367596834898 -0.13452652096748
vn -0.95083695650101 0.29881086945534 0.08137114346027
vn -0.97158527374268 0.18655923008919 0.14566239714622
vn 0.5844691991806 0.79561752080917 0.15933772921562
vn 0.3425364792347 0.9390105009079 -0.03046512790024
vn 0.68495941162109 0.57966965436935 -0.44137713313103
vn 0.89027041196823 0.42435717582703 -0.16534651815891
vn 0.62102794647217 0.69214540719986 0.36777585744858
vn 0.44153091311455 0.84877640008926 0.2909107208252
vn 0.91420888900757 0.07996146380901 0.39727583527565
vn 0.86651384830475 0.11385714262724 0.48599407076836
vn -0.82078796625137 -0.4207918047905 0.38631761074066
vn -0.34632143378258 -0.06957862526178 0.93553203344345
vn -0.42214101552963 -0.46117699146271 0.78045672178268
vn -0.53787583112717 -0.26203584671021 0.80126571655273
vn -0.61566704511642 -0.19303174316883 0.76399791240692
vn -0.80469381809235 -0.40683048963547 0.43238508701324
vn -0.80294507741928 -0.1281079351902 0.58212333917618
vn -0.97955471277237 -0.10493004322052 -0.17164580523968
vn 0.8108321428299 -0.2132036536932 0.54506474733353
vn 0.72064822912216 -0.60293245315552 0.34225511550903
vn 0.29440939426422 -0.92569196224213 0.23752395808697
vn 0.32078418135643 -0.82165271043777 0.47115230560303
vn 0.73675692081451 -0.61067980527878 0.29027482867241
vn -0.15736274421215 -0.98347282409668 0.08954407274723
vn -0.0045825173147 -0.79877650737762 0.60161036252975
vn -0.5533401966095 -0.8324658870697 0.02854915708303
vn -0.8262403011322 -0.28757441043854 0.48438403010368
vn -0.28374770283699 -0.59865480661392 0.74906575679779
vn -0.37225317955017 -0.92455279827118 0.0814221277833
vn -0.56437963247299 -0.62100827693939 -0.54389744997025
vn -0.56541675329208 -0.16911442577839 -0.80728203058243
vn -0.96916091442108 -0.08047226816416 -0.23291926085949
vn -0.69193941354752 -0.70689386129379 -0.14669977128506
vn 0.16769656538963 -0.10184419900179 -0.98056387901306
vn 0.37614130973816 -0.27361956238747 -0.88524001836777
vn 0.16868391633034 -0.16284564137459 -0.97212499380112
vn 0.01902732439339 -0.33962145447731 -0.940369784832
vn 0.55887645483017 -0.45140188932419 -0.69562441110611
vn 0.18091875314713 -0.77880203723907 -0.6006126999855
vn 0.27747750282288 -0.9128143787384 -0.2996264398098
vn 0.64922076463699 -0.62078142166138 -0.43948024511337
vn 0.7579288482666 -0.65206426382065 -0.01886853761971
vn 0.27924326062202 -0.05970253795385 0.95836263895035
vn -0.10669984668493 0.4268786907196 0.89799207448959
vn 0.8834964632988 -0.30642595887184 -0.35431203246117
vn 0.91399401426315 -0.40456879138947 -0.0306432582438
vn -0.42603501677513 0.7603679895401 0.49023950099945
vn -0.46069070696831 0.88717740774155 -0.02608475275338
vn 0.72613370418549 -0.13996374607086 -0.67315667867661
vn 0.03010143712163 0.43798291683197 -0.89847922325134
vn -0.35561922192574 0.74096709489822 -0.56965148448944
vn 0.9045917391777 -0.37647652626038 -0.19994813203812
vn 0.90955114364624 -0.29978781938553 -0.28782644867897
vn 0.71577501296997 -0.28317603468895 -0.63833963871002
vn 0.77107346057892 -0.30376598238945 -0.55961763858795
vn -0.36924433708191 -0.09293016046286 -0.92467433214188
vn -0.6881600022316 -0.12566368281841 -0.71459394693375
vn -0.72053223848343 0.12814638018608 -0.68147766590118
vn -0.35720446705818 0.08783550560474 -0.92988705635071
vn -0.97375643253326 -0.12874944508076 -0.18767507374287
vn -0.97404897212982 0.18469202518463 -0.13083350658417
vn 0.46348503232002 -0.30043557286263 0.83361858129501
vn 0.77119535207748 -0.43579006195068 0.46405237913132
vn 0.8443221449852 -0.39572179317474 0.36128142476082
vn 0.90287107229233 -0.30296659469604 0.30501663684845
vn 0.1331138163805 0.00336328567937 -0.99109506607056
vn 0.11312092095613 -0.15433518588543 -0.98152148723602
vn 0.52406078577042 -0.25515735149384 -0.81256079673767
vn 0.53641539812088 -0.16532614827156 -0.82760244607925
vn -0.80601042509079 -0.10598886013031 0.58233445882797
vn -0.82114243507385 0.15360176563263 0.549664914608
vn -0.23728458583355 -0.07607813179493 0.96845656633377
vn -0.13594852387905 -0.19488994777203 0.97135782241821
vn 0.41498386859894 -0.26336848735809 0.87087625265121
vn 0.66584128141403 -0.28492107987404 0.6895472407341
vn 0.57129180431366 -0.33301723003387 0.7501500248909
vn 0.34280282258987 -0.27324187755585 0.89879089593887
vn 0.47688484191895 0.08672417700291 -0.87467700242996
vn -0.65054017305374 -0.25448557734489 -0.7155659198761
vn -0.93258255720139 -0.29110684990883 -0.21341672539711
vn -0.10876072198153 -0.2383368909359 -0.96507340669632
vn 0.88214296102524 -0.33034032583237 -0.33570674061775
vn 0.65946513414383 -0.29738253355026 -0.69041246175766
vn -0.06817459315062 -0.2719005048275 0.95990747213364
vn 0.45811927318573 -0.32274928689003 0.82822686433792
vn 0.82080203294754 -0.36145582795143 0.4423049390316
vn 0.50910913944244 -0.3073502779007 -0.80395501852036
vn -0.76227825880051 -0.24928151071072 0.59731942415237
vn 0.40003746747971 0.86975532770157 -0.28895634412766
vn -0.5015572309494 0.84187287092209 -0.19922450184822
vn 0.13377404212952 0.54490661621094 0.82775682210922
vn -0.47067156434059 0.55607712268829 -0.68501573801041
vn -0.37378987669945 0.62192714214325 -0.68810451030731
vn 0.1010107845068 0.20966765284538 -0.97254109382629
vn 0.00537034589797 0.13692624866962 -0.99056673049927
vn 0.42208653688431 -0.13942691683769 -0.89576959609985
vn 0.3617145717144 -0.1756933182478 -0.91558420658112
vn 0.7273496389389 -0.49257528781891 -0.47784104943275
vn 0.51056158542633 -0.28600504994392 -0.81088095903397
vn 0.57411003112793 -0.30507385730743 -0.75982069969177
vn 0.77983272075653 -0.47510227560997 -0.40760111808777
vn 0.79508429765701 -0.60003823041916 -0.0882890895009
vn 0.83106279373169 -0.55290299654007 -0.0602745898068
vn 0.68749397993088 -0.60918498039246 0.395279109478
vn 0.72045874595642 -0.55480831861496 0.41608521342278
vn 0.47498524188995 -0.40531453490257 0.78109484910965
vn 0.45183148980141 -0.49177661538124 0.74431443214416
vn 0.31534346938133 -0.27367207407951 0.9086594581604
vn 0.27293661236763 -0.36748489737511 0.88907843828201
vn -0.2062102407217 0.19465531408787 0.95895075798035
vn -0.25485268235207 0.10093425214291 0.96169763803482
vn -0.62002199888229 0.6282913684845 0.46991783380508
vn -0.67553478479385 0.56437760591507 0.47447940707207
vn -0.70106589794159 0.70138335227966 -0.1287162899971
vn -0.61889374256134 0.77872908115387 -0.10272024571896
vn 0 5637968232448 0
vn 0.78348541259766 -0.53479027748108 0.31646466255188
vn 0.48120751976967 0.2397164106369 -0.84319359064102
vn 0.48165836930275 0.63561904430389 -0.60331904888153
vn 0.09709449112415 0.99259412288666 -0.07300341129303
vn -0.25280851125717 0.90244793891907 0.34882029891014
vn 0.30257016420364 0.8804082274437 0.36514762043953
vn 0.25162574648857 -0.3337733745575 -0.90844911336899
vn 0.09831123054028 -0.61199939250946 -0.7847238779068
vn 0.55538314580917 -0.57849550247192 -0.59740483760834
vn 0.74602311849594 -0.66031682491302 -0.08620338141918
vn 0.70671713352203 0.53480136394501 -0.46318289637566
vn 0.71563959121704 -0.58420914411545 0.38283085823059
vn 0.81889241933823 -0.55742132663727 -0.13673605024815
vn 0.73938542604446 -0.41978377103806 -0.52639424800873
vn 0.51824456453323 -0.18688429892063 -0.83456391096115
vn -0.22804166376591 0.18843287229538 -0.95524340867996
vn 0.23153154551983 -0.0206783413887 -0.97260755300522
vn -0.63893234729767 0.39781165122986 -0.65841567516327
vn -0.86490380764008 0.48620790243149 -0.12467269599438
vn -0.76872515678406 0.38878092169762 0.50784951448441
vn -0.27298563718796 0.00083000404993 0.96201777458191
vn 0.28920617699623 -0.36994564533234 0.88289296627045
vn 0.47271129488945 -0.47776427865028 0.74046289920807
vn 0.26502698659897 0.94987767934799 0.16581074893475
vn 0 0 0
vn 0 8668410964769260802408448 0
vn 0 0 0
vn 0 0 0
vn -0.35116440057755 -0.552863240242 -0.75566238164902
vn 0.22602191567421 -0.64224654436111 -0.73241621255875
vn 0.24133066833019 -0.22509677708149 -0.94397616386414
vn -0.3594896197319 -0.24593599140644 -0.90015703439713
vn 0.95251655578613 -0.04920879006386 0.30048424005508
vn 0.95777195692062 0.1404991298914 0.25086453557014
vn 0.96292108297348 0.06158581376076 -0.26265951991081
vn 0.93104302883148 -0.31913617253304 -0.17694881558418
vn 0.78376752138138 0.02031189389527 0.62072211503983
vn 0.78561562299728 0.11924991756678 0.60711419582367
vn -0.96034628152847 -0.15854889154434 -0.22934088110924
vn -0.96532493829727 -0.09827511012554 -0.24184659123421
vn -0.94638377428055 -0.08000063151121 0.31298166513443
vn -0.94264644384384 -0.10729752480984 0.31607726216316
vn -0.73443281650543 -0.33127334713936 -0.59233975410461
vn -0.76156258583069 -0.19930410385132 -0.61668491363525
vn -0.88150435686111 -0.34860622882843 -0.31847101449966
vn -0.84041154384613 -0.42538955807686 -0.33578586578369
vn -0.87252551317215 -0.37731292843819 0.31037747859955
vn -0.80406594276428 -0.53306597471237 0.2632842361927
vn -0.13453537225723 -0.69211047887802 0.70914268493652
vn -0.4857597053051 -0.57588851451874 0.6575636267662
vn -0.57447820901871 -0.29994568228722 0.76158207654953
vn -0.2080325037241 -0.32323849201202 0.9231681227684
vn 0.1418084949255 -0.62383157014847 0.7685860991478
vn 0.20155499875546 -0.30402052402496 0.93109995126724
vn 0.69613510370255 -0.1744731515646 0.6963871717453
vn 0.64158433675766 -0.26967346668243 0.71808487176895
vn 0.27444824576378 0.10414402186871 -0.95594573020935
vn 0.29379007220268 -0.40701243281364 -0.86488628387451
vn -0.24615773558617 -0.34379395842552 -0.90620744228363
vn -0.23477385938168 -0.07857318967581 -0.96886914968491
vn -0.47999331355095 -0.04563069343567 0.87608456611633
vn -0.46222934126854 0.04507027938962 0.88561433553696
vn 0.21374082565308 0.1344962567091 0.96758753061295
vn 0.25254249572754 0.03623574227095 0.96690702438354
vn 0.93252265453339 0.27829042077065 0.23012147843838
vn 0.92951226234436 0.29132455587387 0.22613461315632
vn 0.7396268248558 0.24067844450474 0.62851101160049
vn 0.70622670650482 0.21913626790047 0.67321854829788
vn 0.18141037225723 0.1013827174902 -0.97816759347916
vn 0.17607262730598 0.06892441958189 -0.98196125030518
vn 0.60499554872513 0.17728787660599 -0.77624064683914
vn 0.59983986616135 0.14977115392685 -0.785977602005
vn -0.45031383633614 -0.09446354210377 0.88785922527313
vn 0.31040272116661 -0.02546969987452 0.95026391744614
vn -0.4387286901474 0.08266259729862 -0.89480948448181
vn -0.19987785816193 0.29493710398674 -0.93437731266022
vn -0.5311690568924 -0.30743512511253 -0.78952080011368
vn -0.19311626255512 0.57156205177307 -0.79751044511795
vn 0.12409448623657 0.75674438476562 -0.64182430505753
vn 0.90052092075348 0.23892338573933 -0.36328732967377
vn 0.91130924224854 0.26836663484573 -0.31224149465561
vn -0.00850211083889 0.92521929740906 -0.37933731079102
vn 0.02440271526575 0.88220274448395 -0.47023689746857
vn -0.60128837823868 0.66947019100189 0.43619009852409
vn -0.33068537712097 0.93740075826645 -0.10921052843332
vn -0.85505908727646 0.02911080047488 -0.51771283149719
vn -0.98560094833374 -0.16759987175465 -0.02237999998033
vn -0.10884390771389 0.92196393013 -0.37166601419449
vn 0.00584172923118 0.98482412099838 -0.17345699667931
vn -0.8236044049263 -0.27273404598236 0.49728459119797
vn -0.72713035345078 -0.196492806077 0.65777814388275
vn 0.08921255916357 0.02254254184663 0.99575752019882
vn -0.03397417068481 0.67155909538269 0.74017161130905
vn -0.49249571561813 0.54731041193008 0.67668259143829
vn -0.41847652196884 -0.14380425214767 0.89677077531815
vn -0.00878203846514 0.62855398654938 0.77771639823914
vn 0.5140266418457 0.22296223044395 0.82829010486603
vn 0.97157377004623 0.16033674776554 -0.17417386174202
vn 0.97860479354858 0.10644020885229 0.17607665061951
vn 0.98942184448242 -0.00970175210387 0.14474253356457
vn 0.99171233177185 -0.01139536965638 -0.12797233462334
vn -0.41049236059189 -0.02879351750016 0.91140925884247
vn 0.34191823005676 0.04500690847635 0.93865132331848
vn -0.92926698923111 -0.11196089535952 0.35203352570534
vn -0.97410047054291 -0.19812719523907 -0.10896726697683
vn 0.89832919836044 0.01895855367184 0.43891382217407
vn 0.76267212629318 0.05932046100497 0.64405924081802
vn -0.35222566127777 -0.77415138483047 -0.52595317363739
vn 0.16259071230888 -0.87966465950012 -0.44693893194199
vn 0.79571980237961 -0.59866601228714 -0.09180957078934
vn 0.95289987325668 -0.23217388987541 0.19513373076916
vn -0.92236334085464 -0.27676290273666 -0.26953336596489
vn -0.89193660020828 -0.30109432339668 -0.33732959628105
vn -0.7699579000473 -0.33461603522301 -0.54332023859024
vn -0.70347374677658 -0.54263442754745 -0.45899075269699
vn 0.95111238956451 -0.06079483032227 0.30280262231827
vn 0.14288698136806 -0.95660930871964 -0.25393310189247
vn -0.30955481529236 -0.87678956985474 -0.36798864603043
vn -0.1896366328001 -0.91919565200806 -0.34513384103775
vn 0.163175791502 -0.96195513010025 -0.21912570297718
vn 0.6969575881958 -0.7170313000679 -0.01077395305037
vn 0.68476301431656 -0.7270702123642 0.0496851503849
vn 0.93670207262039 -0.3442690372467 0.0637820661068
vn 0.92744696140289 -0.34050366282463 0.15459442138672
vn 0.99999010562897 0.0044424966909 -0.00042168417713
vn 0.97996032238007 -0.06980690360069 0.18656004965305
vn -0.8216410279274 -0.26296257972717 -0.50572389364243
vn -0.65280240774155 -0.17030328512192 -0.73813676834106
vn -0.67871928215027 -0.30008262395859 -0.67029148340225
vn -0.80203372240067 -0.33158093690872 -0.49678567051888
vn -0.5280949473381 -0.68958085775375 -0.49557441473007
vn -0.62359666824341 -0.65237909555435 -0.43073061108589
vn -0.03983677923679 -0.84572184085846 -0.53213500976562
vn 0.26672679185867 -0.87506073713303 -0.40388807654381
vn 0.45447883009911 -0.88859122991562 -0.06208499148488
vn 0.54712104797363 -0.80493569374084 -0.22964549064636
vn 0.07020603120327 -0.53407818078995 -0.84251511096954
vn 0.12546536326408 0.02568610012531 -0.9917653799057
vn 0.4655487537384 0.00530651584268 -0.88500624895096
vn 0.42106074094772 -0.56007248163223 -0.71346110105515
vn 0.74157571792603 0.01130015868694 -0.67077398300171
vn 0.70611131191254 -0.49782127141953 -0.50356811285019
vn 0.78665667772293 -0.61620658636093 -0.03822081163526
vn 0 0 0
vn 0.92296278476715 -0.3298228085041 -0.19838483631611
vn 0.94886839389801 0.03106733411551 -0.31413960456848
vn -0.43344953656197 -0.61262798309326 -0.6609148979187
vn 0 0 0
vn -0.32400149106979 -0.03967180848122 -0.94522446393967
vn -0.39341387152672 -0.36885750293732 -0.84212213754654
vn -0.68816298246384 0.5584545135498 -0.46320655941963
vn 0.70032113790512 0.7095565199852 0.07797302305698
vn 0.68192535638809 0.71769517660141 -0.14103709161282
vn -0.43203330039978 0.59531551599503 -0.67745590209961
vn -0.79738581180573 0.60045397281647 -0.06025687977672
vn 0.59962439537048 0.72804373502731 0.33226934075356
vn 0.66865575313568 0.70623672008514 0.23265689611435
vn -0.79355865716934 0.56528961658478 -0.22519373893738
vn -0.54220831394196 0.81001764535904 0.22334171831608
vn 0.49962347745895 0.73965865373611 0.45086732506752
vn 0.60478395223618 0.67646068334579 -0.4202823638916
vn -0.07263528555632 0.63764119148254 -0.76690149307251
vn 0.46283167600632 0.62136274576187 -0.63221448659897
vn 0.35297760367393 0.5232999920845 -0.77560549974442
vn 0.16796578466892 0.63309895992279 -0.75562763214111
vn 0 0 0
vn -0.36799064278603 0.44990646839142 0.81373655796051
vn 0.18986821174622 0.74725639820099 0.63683438301086
vn 0.52393043041229 -0.79463118314743 -0.30668932199478
vn 0.64517229795456 -0.54518967866898 -0.53527641296387
vn 0.46622270345688 -0.87568283081055 -0.12576176226139
vn -0.79344803094864 -0.16155126690865 -0.58680617809296
vn -0.82030892372131 -0.07665838301182 -0.5667599439621
vn -0.85391891002655 -0.00940580572933 -0.52032124996185
vn -0.98677033185959 -0.06449276208878 -0.14874468743801
vn -0.97394955158234 -0.06968840956688 -0.21579095721245
vn -0.93424737453461 -0.02569342218339 0.35569885373116
vn -0.90764451026916 -0.06726666539907 0.41431468725204
vn -0.71755564212799 0.23763512074947 0.65470868349075
vn -0.77326947450638 0.32372376322746 0.54521292448044
vn 0.68019711971283 -0.09417076408863 -0.72695505619049
vn 0.60123497247696 0.74200034141541 0.29656705260277
vn 0.41289067268372 0.80633294582367 -0.42349562048912
vn -0.06685662269592 0.85178011655808 -0.51961600780487
vn -0.07214440405369 0.98161143064499 0.17673218250275
vn -0.12055007368326 0.78227180242538 0.6111615896225
vn 0.28829738497734 0.67482608556747 0.6793338060379
vn 0.96488112211227 0.12586000561714 0.23057244718075
vn 0.77026230096817 0.54236793518066 -0.33545953035355
vn 0.11253881454468 0.55245679616928 0.82590955495834
vn 0.33527725934982 0.52074587345123 0.78511953353882
vn 0.12152089178562 0.17190864682198 0.97758889198303
vn 0.0119541278109 0.48425087332726 0.87484759092331
vn 0.57574665546417 0.15307059884071 -0.80317199230194
vn 0.36140415072441 0.72209787368774 -0.58988279104233
vn 0.11318743228912 0.60409510135651 -0.7888331413269
vn 0.24639917910099 0.06803710013628 -0.96677726507187
vn 0.02340251579881 0.74081742763519 -0.67129868268967
vn -0.12112766504288 0.58415311574936 -0.80255419015884
vn -0.47029212117195 0.05442429706454 -0.88083106279373
vn -0.41376248002052 -0.03992771729827 -0.90950894355774
vn -0.45378193259239 0.00221795449033 0.89110994338989
vn -0.7966735959053 0.22671686112881 0.56027740240097
vn -0.8626771569252 0.01191371679306 0.5056146979332
vn -0.86126333475113 0.39647844433784 0.31785252690315
vn -0.72996538877487 0.29406252503395 0.61699092388153
vn -0.52329713106155 0.33124601840973 0.78513449430466
vn -0.49207723140717 0.02806652709842 0.87009906768799
vn 0.19301743805408 0.106340251863 0.97541570663452
vn -0.64557355642319 -0.20041084289551 -0.73693299293518
vn -0.80775713920593 -0.58951365947723 -0.00141863431782
vn -0.62830722332001 -0.77462017536163 -0.07206642627716
vn -0.59894627332687 -0.6226053237915 -0.50361281633377
vn -0.64116114377975 -0.62072521448135 -0.45123451948166
vn -0.51469779014587 -0.73367929458618 0.44362273812294
vn -0.81140005588532 -0.46140736341476 0.35879397392273
vn -0.74683529138565 -0.14755563437939 0.64843219518662
vn -0.28700542449951 0.1369893848896 0.94808328151703
vn -0.15152727067471 -0.52830082178116 0.83542674779892
vn -0.36763742566109 -0.59354609251022 0.71592289209366
vn 0.42786350846291 0.08910798281431 0.89944016933441
vn 0.83679813146591 -0.31088504195213 0.45068755745888
vn 0.42259243130684 -0.60406982898712 0.67565912008286
vn 0.0812054798007 -0.47578540444374 0.87580472230911
vn 0.81333243846893 -0.5395599603653 -0.21763615310192
vn 0.61924189329147 -0.72351032495499 -0.30507758259773
vn 0.82713145017624 -0.55435901880264 -0.09241000562906
vn 0.75496876239777 -0.65429931879044 0.04375489428639
vn -0.09158866107464 -0.99528586864471 0.03190013766289
vn 0.22693651914597 -0.96476048231125 0.13318063318729
vn 0.34637334942818 -0.84167182445526 -0.41426333785057
vn 0.02571572363377 -0.90274757146835 -0.42940130829811
vn -0.353849619627 -0.79800963401794 -0.48782283067703
vn -0.97769594192505 0.20763857662678 -0.03157287091017
vn -0.67175281047821 0.72223144769669 0.16471163928509
vn -0.02605649270117 -0.61699146032333 -0.78653836250305
vn -0.36282601952553 -0.6070568561554 -0.7069930434227
vn -0.10685969144106 0.95706897974014 0.26944378018379
vn 0.43810811638832 0.8943058848381 0.09098523110151
vn 0.36273562908173 -0.52586853504181 -0.76934069395065
vn 0.94908314943314 0.13381738960743 -0.28519147634506
vn 0.83174324035645 0.55457425117493 -0.02550340071321
vn 0.76281309127808 -0.23214673995972 -0.60350984334946
vn 0.49372088909149 -0.16730393469334 -0.85337513685226
vn 0.21848645806313 -0.43628367781639 -0.87288039922714
vn 0.57469755411148 -0.37572905421257 -0.72701472043991
vn 0.53110295534134 0.23660016059875 0.81360310316086
vn 0.52133518457413 -0.04023518785834 0.85240286588669
vn 0.83755904436111 -0.02920338883996 0.54556578397751
vn 0.85486775636673 0.22129002213478 0.46928879618645
vn -0.03296442702413 0.30305045843124 0.95240420103073
vn -0.05916652828455 -0.03829873353243 0.99751311540604
vn -0.78298479318619 -0.4231062233448 -0.45597803592682
vn -0.98506772518158 -0.09779383987188 -0.14169690012932
vn -0.11054307967424 -0.21547210216522 -0.97023302316666
vn -0.38051292300224 -0.46922546625137 -0.79689228534698
vn 0.99347519874573 0.08840210735798 -0.07205663621426
vn 0.99004638195038 -0.13599951565266 0.03622639551759
vn 0.84941327571869 -0.18803210556507 -0.4930933713913
vn 0.88187277317047 -0.2641833126545 -0.39052227139473
vn -0.62478512525558 0.25776329636574 0.73702216148376
vn -0.75927573442459 -0.04813161864877 0.64898657798767
vn -0.97888970375061 0.03502866625786 0.20136518776417
vn -0.98718386888504 -0.14472158253193 -0.06725910305977
vn -0.78481251001358 -0.36302196979523 -0.50227922201157
vn -0.56467700004578 -0.25878500938416 -0.78369003534317
vn -0.79275411367416 -0.22497421503067 -0.56650471687317
vn -0.92312771081924 -0.21002206206322 -0.32206532359123
vn 0.70640778541565 -0.30980730056763 -0.63640189170837
vn -0.03296770527959 -0.20519249141216 0.97816628217697
vn 0.51954370737076 -0.18688586354256 0.83375531435013
vn 0.91685700416565 -0.24764741957188 0.31311962008476
vn 0.8427060842514 -0.27116423845291 -0.4650984108448
vn 0.60638558864594 -0.26624745130539 -0.74927222728729
vn -0.69618964195251 -0.32362785935402 -0.64076912403107
vn -0.94674706459045 -0.26293766498566 -0.1858331412077
vn -0.21183124184608 -0.36808514595032 -0.90534019470215
vn 0 205003566807528826208256 0
vn 0.87598395347595 -0.35084035992622 -0.3310033082962
vn -0.78400421142578 -0.21661481261253 0.58173483610153
vn 0.54435133934021 0.79970788955688 0.25327643752098
vn 0.5684180855751 0.54499423503876 -0.61634576320648
vn -0.56354975700378 0.76548314094543 -0.31055942177773
vn 0.92964994907379 -0.11769873648882 -0.3491390645504
vn 0.87870800495148 0.47594314813614 -0.03674774616957
vn 0.83992683887482 0.5237272977829 0.14224104583263
vn 0.97581899166107 -0.14819759130478 -0.16067007184029
vn 0.65009039640427 -0.58771598339081 -0.48163503408432
vn 0.72727531194687 -0.60962647199631 -0.31531897187233
vn 0.45782673358917 -0.69799894094467 -0.55062884092331
vn 0.62299609184265 -0.64862298965454 -0.43722298741341
vn 0.16074456274509 -0.817662358284 -0.55280131101608
vn 0.00428408244625 -0.76663815975189 -0.64206510782242
vn -0.30120810866356 -0.80601507425308 -0.50952261686325
vn -0.37056702375412 -0.72020673751831 -0.58650004863739
vn -0.71166515350342 -0.62696063518524 -0.31694346666336
vn -0.75888675451279 -0.53349483013153 -0.37346243858337
vn -0.93194252252579 -0.35139527916908 -0.08946821093559
vn -0.96743559837341 -0.21790906786919 -0.12877810001373
vn -0.99960911273956 -0.01919469609857 -0.02032338455319
vn -0.98785704374313 -0.15301986038685 0.02689697779715
vn -0.76762384176254 0.54936498403549 0.33007830381393
vn -0.81760311126709 0.41281113028526 0.40138772130013
vn -0.06768584996462 0.871173620224 0.48628696799278
vn -0.13926923274994 0.80146330595016 0.58160179853439
vn 0.45575547218323 0.77545142173767 0.43699213862419
vn 0.5142537355423 0.8155597448349 0.26534014940262
vn -0.55361890792847 -0.58547693490982 -0.59221869707108
vn 0.83134335279465 -0.24689073860645 -0.49790871143341
vn 0.76194190979004 0.19444225728512 -0.6177676320076
vn 0.43996185064316 0.81924670934677 -0.36778861284256
vn 0.04395585134625 0.99878752231598 -0.02216928452253
vn -0.0221510399133 0.83520615100861 -0.54949057102203
vn 0.65835762023926 -0.74888473749161 -0.07574252784252
vn 0.41569769382477 -0.88885974884033 0.19267559051514
vn -0.23497147858143 -0.81720161437988 -0.52627921104431
vn 0.28718540072441 -0.89744472503662 -0.33483976125717
vn -0.57953399419785 -0.7290980219841 -0.36408317089081
vn -0.09953955560923 -0.81580084562302 -0.56970250606537
vn 0.36583027243614 -0.70438766479492 -0.60828125476837
vn 0.77570432424545 -0.38768720626831 -0.49797722697258
vn 0.96424859762192 -0.15593971312046 -0.21426013112068
vn 0.95249110460281 0.18379557132721 0.24285747110844
vn 0.6751109957695 0.47237837314606 0.56664264202118
vn 0.21613481640816 0.61431968212128 0.75887882709503
vn -0.3692954480648 0.57404804229736 0.7308144569397
vn -0.89735865592957 0.19832739233971 0.39422544836998
vn -0.96477061510086 -0.25539880990982 -0.06315997242928
vn -0.86588740348816 -0.47848150134087 -0.14592626690865
vn 0.19083765149117 0.82901555299759 -0.52565580606461
vn 0 0 0
vn 0 0 0
vn 0 0 0
# 2428 normals

vt 0.69959199428558 0.98329001665115 0
vt 0.70250701904297 0.95567601919174 0
vt 0.68747699260712 0.95255500078201 0
vt 0.68209999799728 0.98329001665115 0
vt 0.70153599977493 0.93187201023102 0
vt 0.68624097108841 0.93018501996994 0
vt 0.69902098178864 0.90444898605347 0
vt 0.68391197919846 0.90226799249649 0
vt 0.69421100616455 0.88020902872086 0
vt 0.6786100268364 0.87716698646545 0
vt 0.69336700439453 0.86577099561691 0
vt 0.69349998235703 0.85305202007294 0
vt 0.67874097824097 0.85036897659302 0
vt 0.67811799049377 0.8629429936409 0
vt 0.68081200122833 0.82511401176453 0
vt 0.67697298526764 0.82572197914124 0
vt 0.67613798379898 0.83632302284241 0
vt 0.67951202392578 0.83701401948929 0
vt 0.78695899248123 0.82640397548676 0
vt 0.76183897256851 0.82618397474289 0
vt 0.76280301809311 0.85198497772217 0
vt 0.78738397359848 0.85315799713135 0
vt 0.76405102014542 0.8706179857254 0
vt 0.78773897886276 0.87247198820114 0
vt 0.66410100460052 0.94833397865295 0
vt 0.66517698764801 0.98329001665115 0
vt 0.67817401885986 0.98329001665115 0
vt 0.68038100004196 0.95310401916504 0
vt 0.66395002603531 0.92650002241135 0
vt 0.68013799190521 0.93022501468658 0
vt 0.66367697715759 0.9019610285759 0
vt 0.6781849861145 0.90173602104187 0
vt 0.66278499364853 0.87970101833344 0
vt 0.67381298542023 0.87575197219849 0
vt 0.66284602880478 0.85101002454758 0
vt 0.66292399168015 0.86461299657822 0
vt 0.67362099885941 0.8616110086441 0
vt 0.67446202039719 0.84942197799683 0
vt 0.7245500087738 0.8568360209465 0
vt 0.70825999975204 0.85573399066925 0
vt 0.7086169719696 0.86859899759293 0
vt 0.72636300325394 0.86756998300552 0
vt 0.73802000284195 0.90895402431488 0
vt 0.72770398855209 0.8848580121994 0
vt 0.70981198549271 0.88325202465057 0
vt 0.71413099765778 0.90662997961044 0
vt 0.74010300636292 0.9353169798851 0
vt 0.71683102846146 0.9335590004921 0
vt 0.74130797386169 0.96048599481583 0
vt 0.71753698587418 0.95879602432251 0
vt 0.74058300256729 0.98329001665115 0
vt 0.71708399057388 0.98329001665115 0
vt 0.7357149720192 0.88509500026703 0
vt 0 1 0
vt 0.74258500337601 0.88547497987747 0
vt 0.78836899995804 0.91417497396469 0
vt 0.76319497823715 0.91156399250031 0
vt 0.76430302858353 0.93715500831604 0
vt 0.78850400447845 0.9389939904213 0
vt 0.7649530172348 0.96116000413895 0
vt 0.78859901428223 0.96183401346207 0
vt 0.78919500112534 0.98329001665115 0
vt 0.76488900184631 0.98329001665115 0
vt 0.73671901226044 0.82596397399902 0
vt 0.72872602939606 0.82582002878189 0
vt 0.73047697544098 0.85086297988892 0
vt 0.73822200298309 0.85081297159195 0
vt 0.73260998725891 0.86743801832199 0
vt 0.74036401510239 0.86876398324966 0
vt 0.7243760228157 0.84419202804565 0
vt 0.70963197946548 0.84259897470474 0
vt 0.67716497182846 0.85000598430634 0
vt 0.76535099744797 0.88654798269272 0
vt 0.78811800479889 0.88762098550797 0
vt 0.72936600446701 0.86818498373032 0
vt 0.64065098762512 0.65497797727585 0
vt 0.64385002851486 0.66368597745895 0
vt 0.64792901277542 0.66262501478195 0
vt 0.64683401584625 0.65004998445511 0
vt 0.56991100311279 0.62977302074432 0
vt 0.61552602052689 0.63872301578522 0
vt 0.6204439997673 0.63174498081207 0
vt 0.56989902257919 0.61829197406769 0
vt 0.63488399982452 0.65113198757172 0
vt 0.64237499237061 0.64394599199295 0
vt 0.68987500667572 0.8277599811554 0
vt 0.68895000219345 0.83635801076889 0
vt 0.64313900470734 0.67177200317383 0
vt 0.64587301015854 0.67285799980164 0
vt 0.64161199331284 0.68187898397446 0
vt 0.64432597160339 0.68267697095871 0
vt 0.63699197769165 0.70070099830627 0
vt 0.64120501279831 0.70273399353027 0
vt 0.64276498556137 0.69270598888397 0
vt 0.63930201530457 0.69129002094269 0
vt 0.63779097795486 0.65275198221207 0
vt 0.64493000507355 0.64709901809692 0
vt 0.79654800891876 0.82649999856949 0
vt 0.78943502902985 0.82642900943756 0
vt 0.78982001543045 0.85341799259186 0
vt 0.79654800891876 0.85480600595474 0
vt 0.79022800922394 0.87278002500534 0
vt 0.79654800891876 0.87490499019623 0
vt 0.79054898023605 0.8875430226326 0
vt 0.79654800891876 0.8892719745636 0
vt 0.79654800891876 0.91585499048233 0
vt 0.79079002141953 0.9145889878273 0
vt 0.79654800891876 0.93979001045227 0
vt 0.79089397192001 0.93940901756287 0
vt 0.79654800891876 0.96193498373032 0
vt 0.79094797372818 0.96208900213242 0
vt 0.79654800891876 0.98329001665115 0
vt 0.79024600982666 0.98329001665115 0
vt 0.63950002193451 0.6552540063858 0
vt 0.64267098903656 0.6638560295105 0
vt 0.5698390007019 0.63475799560547 0
vt 0.61440300941467 0.64225298166275 0
vt 0.63511997461319 0.65275102853775 0
vt 0.6896790266037 0.83720099925995 0
vt 0.69076597690582 0.82708901166916 0
vt 0.64261001348495 0.67173200845718 0
vt 0.64077097177505 0.68171501159668 0
vt 0.63863497972488 0.69133299589157 0
vt 0.63650000095367 0.70095098018646 0
vt 0.63712197542191 0.65349102020264 0
vt 0.65967601537704 0.9466490149498 0
vt 0.65967601537704 0.98329001665115 0
vt 0.65967601537704 0.92636597156525 0
vt 0.65967601537704 0.90241497755051 0
vt 0.65967601537704 0.88025397062302 0
vt 0.65967601537704 0.86504900455475 0
vt 0.66326999664307 0.83133298158646 0
vt 0.65967601537704 0.83151197433472 0
vt 0.65967601537704 0.85122299194336 0
vt 0.76327699422836 0.80049002170563 0
vt 0.78749698400497 0.79962599277496 0
vt 0.76473701000214 0.78204697370529 0
vt 0.78788298368454 0.78021401166916 0
vt 0.76349699497223 0.74123799800873 0
vt 0.76589900255203 0.76622897386551 0
vt 0.78824800252914 0.76493901014328 0
vt 0.78843200206757 0.73822498321533 0
vt 0.76427501440048 0.71577602624893 0
vt 0.78848600387573 0.71356898546219 0
vt 0.7644670009613 0.69223999977112 0
vt 0.78848397731781 0.69131499528885 0
vt 0.78902500867844 0.67090100049973 0
vt 0.76349300146103 0.67090100049973 0
vt 0.68191200494766 0.67090100049973 0
vt 0.66942799091339 0.67090100049973 0
vt 0.66463601589203 0.7039549946785 0
vt 0.68195402622223 0.69829142093658 0
vt 0.66409701108932 0.72530400753021 0
vt 0.68063002824783 0.72272402048111 0
vt 0.66377300024033 0.75109702348709 0
vt 0.67843198776245 0.75229901075363 0
vt 0.66293197870255 0.77649402618408 0
vt 0.67450702190399 0.7808809876442 0
vt 0.67429900169373 0.79715001583099 0
vt 0.66308397054672 0.79445499181747 0
vt 0.66302502155304 0.81032699346542 0
vt 0.67541998624802 0.81107097864151 0
vt 0.71117502450943 0.78664797544479 0
vt 0.71194499731064 0.80068200826645 0
vt 0.72772300243378 0.79702299833298 0
vt 0.72911900281906 0.78557997941971 0
vt 0.71487498283386 0.74698102474213 0
vt 0.71146702766418 0.77115398645401 0
vt 0.72909200191498 0.76856601238251 0
vt 0.73856300115585 0.74424999952316 0
vt 0.71702700853348 0.71986502408981 0
vt 0.74006301164627 0.71798300743103 0
vt 0.71744400262833 0.69486397504807 0
vt 0.74044901132584 0.69316601753235 0
vt 0.73796099424362 0.67090100049973 0
vt 0.71708399057388 0.67090100049973 0
vt 0.73148399591446 0.80101501941681 0
vt 0.73905700445175 0.80135297775269 0
vt 0.73446500301361 0.78518998622894 0
vt 0.74159097671509 0.78388100862503 0
vt 0.71542501449585 0.81525701284409 0
vt 0.72788500785828 0.81114399433136 0
vt 0.73687100410461 0.76806902885437 0
vt 0.74355000257492 0.76752001047134 0
vt 0.73165702819824 0.78467398881912 0
vt 0.49218600988388 0.66116100549698 0
vt 0.49604800343513 0.66221898794174 0
vt 0.49930199980736 0.65391802787781 0
vt 0.49337300658226 0.64905500411987 0
vt 0.5195329785347 0.63128101825714 0
vt 0.52435201406479 0.6382520198822 0
vt 0.49775499105453 0.64310801029205 0
vt 0.50504702329636 0.65027797222137 0
vt 0.49404600262642 0.67080301046371 0
vt 0.49657899141312 0.66982001066208 0
vt 0.49548900127411 0.67975699901581 0
vt 0.49794000387192 0.67901998758316 0
vt 0.50214898586273 0.65181201696396 0
vt 0.495236992836 0.64618802070618 0
vt 0.687873005867 0.69812643527985 0
vt 0.70265901088715 0.69729799032211 0
vt 0.70127302408218 0.67090100049973 0
vt 0.68546199798584 0.67090100049973 0
vt 0.68639600276947 0.72270399332047 0
vt 0.70171099901199 0.72128397226334 0
vt 0.68323999643326 0.75191301107407 0
vt 0.69905799627304 0.74944698810577 0
vt 0.6795129776001 0.77925300598145 0
vt 0.69549000263214 0.77520298957825 0
vt 0.67894500494003 0.79509902000427 0
vt 0.69506001472473 0.79087299108505 0
vt 0.68004900217056 0.80961400270462 0
vt 0.6959969997406 0.80514800548553 0
vt 0.68171602487564 0.82485699653625 0
vt 0.69857001304626 0.82005697488785 0
vt 0.49846601486206 0.69779998064041 0
vt 0.50224298238754 0.69593101739883 0
vt 0.50009202957153 0.68747597932816 0
vt 0.49697801470757 0.68877798318863 0
vt 0.78990298509598 0.79940700531006 0
vt 0.79654800891876 0.79812902212143 0
vt 0.79033100605011 0.77991497516632 0
vt 0.79654800891876 0.77779799699783 0
vt 0.79064100980759 0.76498800516129 0
vt 0.79654800891876 0.76315802335739 0
vt 0.79654800891876 0.73628598451614 0
vt 0.79083400964737 0.73773598670959 0
vt 0.79654800891876 0.71248000860214 0
vt 0.79088097810745 0.71307098865509 0
vt 0.79654800891876 0.69091999530792 0
vt 0.79086697101593 0.69098299741745 0
vt 0.79654800891876 0.67090100049973 0
vt 0.79012799263 0.67090100049973 0
vt 0.49716299772263 0.66240501403809 0
vt 0.50040298700333 0.65421402454376 0
vt 0.52542799711227 0.64176899194717 0
vt 0.50479102134705 0.65187799930573 0
vt 0.49707001447678 0.66978299617767 0
vt 0.49869900941849 0.67886900901794 0
vt 0.50278598070145 0.65255802869797 0
vt 0.50268697738647 0.69615000486374 0
vt 0.5006930232048 0.68750900030136 0
vt 0.65967601537704 0.67090100049973 0
vt 0.65967601537704 0.70533800125122 0
vt 0.65967601537704 0.72501301765442 0
vt 0.65967601537704 0.75029402971268 0
vt 0.65967601537704 0.77582997083664 0
vt 0.65967601537704 0.79421800374985 0
vt 0.65967601537704 0.81055498123169 0
vt 0.57908302545547 0.92067098617554 0
vt 0.5914009809494 0.9860720038414 0
vt 0.62057399749756 0.97356897592545 0
vt 0.56007498502731 0.98228597640991 0
vt 0.53483897447586 0.96334397792816 0
vt 0.52245497703552 0.93432199954987 0
vt 0.52186501026154 0.91897302865982 0
vt 0.54533302783966 0.87764102220535 0
vt 0.52851402759552 0.89996701478958 0
vt 0.63966602087021 0.94821602106094 0
vt 0.64345198869705 0.91689002513886 0
vt 0.63106799125671 0.88786798715591 0
vt 0.60583198070526 0.86892598867416 0
vt 0.5910649895668 0.86469602584839 0
vt 0.57102298736572 0.86662501096725 0
vt 0.68029797077179 0.83715999126434 0
vt 0.69496500492096 0.83987897634506 0
vt 0.67834401130676 0.81016802787781 0
vt 0.6772980093956 0.79597800970078 0
vt 0.67777502536774 0.77970099449158 0
vt 0.68142300844193 0.75175797939301 0
vt 0.68458598852158 0.72225898504257 0
vt 0.68515300750732 0.69761544466019 0
vt 0.68461400270462 0.67090100049973 0
vt 0.68116301298141 0.98329001665115 0
vt 0.68340599536896 0.95385098457336 0
vt 0.68369799852371 0.93080097436905 0
vt 0.68162602186203 0.90245801210403 0
vt 0.67693501710892 0.87679702043533 0
vt 0.67651700973511 0.86245101690292 0
vt 0.50235897302628 0.69638401269913 0
vt 0.50279402732849 0.69661301374435 0
vt 0.49854600429535 0.69828397035599 0
vt 0.63686800003052 0.7012050151825 0
vt 0.64112097024918 0.70327198505402 0
vt 0.6363850235939 0.70146602392197 0
vt 0 0 0
vt 0.85793697834015 0.67441999912262 0
vt 0.8496869802475 0.6784639954567 0
vt 0.85632002353668 0.68611699342728 0
vt 0.85828399658203 0.67922002077103 0
vt 0.85176599025726 0.6696310043335 0
vt 0.85570001602173 0.67127197980881 0
vt 0.84426498413086 0.67290097475052 0
vt 0.8475170135498 0.67024898529053 0
vt 0.84234398603439 0.68273997306824 0
vt 0.84243202209473 0.67717599868774 0
vt 0.84802502393723 0.69151598215103 0
vt 0.84437602758408 0.68827301263809 0
vt 0.85229700803757 0.69082802534103 0
vt 0.85485202074051 0.70246601104736 0
vt 0.8635950088501 0.69307202100754 0
vt 0.86641901731491 0.67901998758316 0
vt 0.86409801244736 0.67089802026749 0
vt 0.86040198802948 0.66649198532104 0
vt 0.85389697551727 0.66328901052475 0
vt 0.84592700004578 0.66385197639465 0
vt 0.83934998512268 0.66855299472809 0
vt 0.83546698093414 0.67654699087143 0
vt 0.8349050283432 0.68684601783752 0
vt 0.83863800764084 0.69729197025299 0
vt 0.84607499837875 0.70346599817276 0
vt 0.85816299915314 0.73680299520493 0
vt 0.88302898406982 0.71968901157379 0
vt 0.89337801933289 0.6890270113945 0
vt 0.8885840177536 0.6643739938736 0
vt 0.87731200456619 0.64746898412704 0
vt 0.85798901319504 0.6362469792366 0
vt 0.83364701271057 0.63872599601746 0
vt 0.81476402282715 0.65632301568985 0
vt 0.80713999271393 0.68039500713348 0
vt 0.80931997299194 0.70348697900772 0
vt 0.81891602277756 0.72249698638916 0
vt 0.834596991539 0.73480302095413 0
vt 0.94600802659988 0.69139301776886 0
vt 0.94424402713776 0.67795997858047 0
vt 0.93742400407791 0.68586701154709 0
vt 0.94159597158432 0.6907160282135 0
vt 0.93574297428131 0.67377799749374 0
vt 0.93538302183151 0.67873698472977 0
vt 0.94210201501846 0.66887801885605 0
vt 0.9380509853363 0.67054897546768 0
vt 0.94980597496033 0.672248005867 0
vt 0.94646698236465 0.66952800750732 0
vt 0.951808989048 0.68232500553131 0
vt 0.95169901847839 0.67662101984024 0
vt 0.94974702596664 0.68802499771118 0
vt 0.92991602420807 0.69311398267746 0
vt 0.93902999162674 0.70279198884964 0
vt 0.9269700050354 0.6785010099411 0
vt 0.92938899993896 0.67010402679443 0
vt 0.93321800231934 0.66557997465134 0
vt 0.93992698192596 0.66236299276352 0
vt 0.94809997081757 0.6629890203476 0
vt 0.95483601093292 0.66779798269272 0
vt 0.95883399248123 0.67594599723816 0
vt 0.95946902036667 0.68646997213364 0
vt 0.95571601390839 0.69723600149155 0
vt 0.94811302423477 0.70370197296143 0
vt 0.90986400842667 0.72111397981644 0
vt 0.93596297502518 0.73851102590561 0
vt 0.89891302585602 0.68893098831177 0
vt 0.90402001142502 0.66302800178528 0
vt 0.91588997840881 0.64568901062012 0
vt 0.93587201833725 0.6346629858017 0
vt 0.96068400144577 0.63749897480011 0
vt 0.97988498210907 0.65526801347733 0
vt 0.98780399560928 0.6795619726181 0
vt 0.9858490228653 0.70309597253799 0
vt 0.97629600763321 0.72277200222015 0
vt 0.96034198999405 0.73583900928497 0
vt 0.95858299732208 0.15164196491241 0
vt 0.94774502515793 0.15092599391937 0
vt 0.94774502515793 0.16553902626038 0
vt 0.9575189948082 0.16553902626038 0
vt 0.95982998609543 0.13420796394348 0
vt 0.94774502515793 0.1315940618515 0
vt 0.96252799034119 0.11025500297546 0
vt 0.94774502515793 0.10904097557068 0
vt 0.96578001976013 0.08856606483459 0
vt 0.94774502515793 0.0874490737915 0
vt 0.96444201469421 0.07056498527527 0
vt 0.94774502515793 0.06820607185364 0
vt 0.96169000864029 0.04569208621979 0
vt 0.94774502515793 0.04788398742676 0
vt 0.96107298135757 0.02730906009674 0
vt 0.94774502515793 0.03168904781342 0
vt 0.95584201812744 0.01307308673859 0
vt 0.94774502515793 0.01307308673859 0
vt 0.9639949798584 0.16553902626038 0
vt 0.96417498588562 0.15092301368713 0
vt 0.96699398756027 0.13351106643677 0
vt 0.9692559838295 0.10930502414703 0
vt 0.97306698560715 0.08829402923584 0
vt 0.97365802526474 0.0715080499649 0
vt 0.97003102302551 0.04501104354858 0
vt 0.96699798107147 0.02658104896545 0
vt 0.95996099710464 0.01307308673859 0
vt 0.97430402040482 0.14807200431824 0
vt 0.97553598880768 0.16553902626038 0
vt 0.97771602869034 0.13028204441071 0
vt 0.97829699516296 0.10763001441956 0
vt 0.97938102483749 0.08743500709534 0
vt 0.97964000701904 0.07086598873138 0
vt 0.97733497619629 0.04585301876068 0
vt 0.97469300031662 0.02760100364685 0
vt 0.96593999862671 0.01307308673859 0
vt 0.99192702770233 0.1427149772644 0
vt 0.99192702770233 0.16553902626038 0
vt 0.99192702770233 0.12418103218079 0
vt 0.99192702770233 0.10347604751587 0
vt 0.99192702770233 0.08445107936859 0
vt 0.99192702770233 0.06691896915436 0
vt 0.99192702770233 0.04567098617554 0
vt 0.99192702770233 0.02830398082733 0
vt 0.99192702770233 0.01307308673859 0
vt 0.88676899671555 0.01105403900146 0
vt 0.88676899671555 0.03269004821777 0
vt 0.89895099401474 0.02948606014252 0
vt 0.89746397733688 0.01105403900146 0
vt 0.88676899671555 0.0517590045929 0
vt 0.89979100227356 0.04871201515198 0
vt 0.88676899671555 0.07342803478241 0
vt 0.9022970199585 0.07243406772614 0
vt 0.88676899671555 0.09379696846008 0
vt 0.90560299158096 0.09269905090332 0
vt 0.88676899671555 0.11199307441711 0
vt 0.9042209982872 0.10920405387878 0
vt 0.88676899671555 0.13153207302094 0
vt 0.90157800912857 0.13257098197937 0
vt 0.88676899671555 0.14749705791473 0
vt 0.90230602025986 0.1506370306015 0
vt 0.88676899671555 0.16520607471466 0
vt 0.90085101127625 0.16520607471466 0
vt 0.90534198284149 0.02988803386688 0
vt 0.90659099817276 0.01105403900146 0
vt 0.90742802619934 0.04955804347992 0
vt 0.90931099653244 0.07365608215332 0
vt 0.91318202018738 0.09304106235504 0
vt 0.91379898786545 0.10796999931335 0
vt 0.91032999753952 0.13241505622864 0
vt 0.90876299142838 0.15079402923584 0
vt 0.90659099817276 0.16520607471466 0
vt 0.91630798578262 0.03342401981354 0
vt 0.92155599594116 0.01105403900146 0
vt 0.91843897104263 0.0539870262146 0
vt 0.91868299245834 0.07587599754333 0
vt 0.91973900794983 0.09393405914307 0
vt 0.92000699043274 0.10830903053284 0
vt 0.91783702373505 0.13084101676941 0
vt 0.91641902923584 0.14897799491882 0
vt 0.91364598274231 0.16520607471466 0
vt 0.93273997306824 0.04453301429749 0
vt 0.93273997306824 0.01105403900146 0
vt 0.93273997306824 0.06272399425507 0
vt 0.93273997306824 0.08111703395844 0
vt 0.93273997306824 0.09692907333374 0
vt 0.93273997306824 0.1111900806427 0
vt 0.93273997306824 0.12913298606873 0
vt 0.93273997306824 0.14555406570435 0
vt 0.93273997306824 0.16520607471466 0
vt 0.0372929982841 0.48225605487823 0
vt 0.04806699976325 0.48037397861481 0
vt 0.04227000102401 0.46904706954956 0
vt 0.03490500152111 0.4909520149231 0
vt 0.04277800023556 0.49872803688049 0
vt 0.03272999823093 0.50045102834702 0
vt 0.02729799970984 0.51980400085449 0
vt 0.03629700094461 0.52193999290466 0
vt 0.02424599975348 0.53311800956726 0
vt 0.03218699991703 0.53949302434921 0
vt 0.02421299926937 0.54388701915741 0
vt 0.02261799946427 0.55239301919937 0
vt 0.02920999936759 0.55394601821899 0
vt 0.02267899923027 0.56009501218796 0
vt 0.03720299899578 0.46525204181671 0
vt 0.0335399992764 0.4813129901886 0
vt 0.03133799880743 0.49007499217987 0
vt 0.02799299918115 0.49960505962372 0
vt 0.02335700020194 0.51984697580338 0
vt 0.01992700062692 0.53289401531219 0
vt 0.02047700062394 0.54390799999237 0
vt 0.02004200033844 0.55244600772858 0
vt 0.01978500001132 0.56106400489807 0
vt 0.02625500038266 0.47868204116821 0
vt 0.02775900065899 0.46109104156494 0
vt 0.02435299940407 0.48958802223206 0
vt 0.02062200009823 0.50022500753403 0
vt 0.01872199960053 0.52024102210999 0
vt 0.01708099991083 0.53313201665878 0
vt 0.01734500005841 0.54327702522278 0
vt 0.01714299991727 0.55144798755646 0
vt 0.01639200001955 0.55990201234818 0
vt 0.01102999970317 0.47491705417633 0
vt 0.01102999970317 0.45875906944275 0
vt 0.01102999970317 0.48927998542786 0
vt 0.01102999970317 0.50375097990036 0
vt 0.01102999970317 0.52236598730087 0
vt 0.01102999970317 0.53475600481033 0
vt 0.01102999970317 0.54273098707199 0
vt 0.01102999970317 0.54958999156952 0
vt 0.01102999970317 0.556401014328 0
vt 0.04390500113368 0.42556798458099 0
vt 0.03424200043082 0.42367601394653 0
vt 0.03849000111222 0.43561601638794 0
vt 0.03954000025988 0.4089560508728 0
vt 0.03224699944258 0.41578304767609 0
vt 0.03045400045812 0.4071249961853 0
vt 0.03447400033474 0.3877340555191 0
vt 0.02594999969006 0.38939201831818 0
vt 0.03213600069284 0.37075901031494 0
vt 0.02367199957371 0.3765549659729 0
vt 0.02450699917972 0.36529207229614 0
vt 0.03141799941659 0.35506498813629 0
vt 0.0239339992404 0.35567402839661 0
vt 0.02535999938846 0.34678602218628 0
vt 0.03084499947727 0.4244669675827 0
vt 0.03388300165534 0.43892300128937 0
vt 0.0289960000664 0.41649806499481 0
vt 0.02610499970615 0.40777206420898 0
vt 0.0222210008651 0.38929998874664 0
vt 0.01934799924493 0.37676906585693 0
vt 0.02057299949229 0.3649890422821 0
vt 0.02104900032282 0.35523700714111 0
vt 0.02217799983919 0.34501504898071 0
vt 0.02424100041389 0.42674398422241 0
vt 0.02536999993026 0.44248104095459 0
vt 0.02264199964702 0.41678595542908 0
vt 0.0193419996649 0.40702104568481 0
vt 0.01782600022852 0.38891696929932 0
vt 0.01651299931109 0.37659800052643 0
vt 0.01721500046551 0.36552298069 0
vt 0.01763899996877 0.35600101947784 0
vt 0.0179379992187 0.34563601016998 0
vt 0.01049899961799 0.43013203144073 0
vt 0.01049899961799 0.44427597522736 0
vt 0.01049899961799 0.41671299934387 0
vt 0.01049899961799 0.4035450220108 0
vt 0.01049899961799 0.38714396953583 0
vt 0.01049899961799 0.37533104419708 0
vt 0.01049899961799 0.36601197719574 0
vt 0.01049899961799 0.35760796070099 0
vt 0.01049899961799 0.34874999523163 0
vt 0.33778300881386 0.82333600521088 0
vt 0.35299700498581 0.82333600521088 0
vt 0.35357901453972 0.81470000743866 0
vt 0.33950099349022 0.8137030005455 0
vt 0.33901000022888 0.77407401800156 0
vt 0.35359901189804 0.77546799182892 0
vt 0.33988699316978 0.77059501409531 0
vt 0.35183700919151 0.7712749838829 0
vt 0.35282298922539 0.76236701011658 0
vt 0.33957201242447 0.76236701011658 0
vt 0.3320580124855 0.81017297506332 0
vt 0.3320580124855 0.82333600521088 0
vt 0.3320580124855 0.77232998609543 0
vt 0.3320580124855 0.76236701011658 0
vt 0.36028200387955 0.82333600521088 0
vt 0.36028200387955 0.81202000379562 0
vt 0.36028200387955 0.77564597129822 0
vt 0.36028200387955 0.76236701011658 0
vt 0.25395300984383 0.833231985569 0
vt 0.24752800166607 0.83782398700714 0
vt 0.30086299777031 0.84616297483444 0
vt 0.3027999997139 0.83762401342392 0
vt 0.32508900761604 0.83719098567963 0
vt 0.30867600440979 0.8359460234642 0
vt 0.32508900761604 0.77821797132492 0
vt 0.31231400370598 0.77644997835159 0
vt 0.31998398900032 0.78061002492905 0
vt 0.30283299088478 0.77629399299622 0
vt 0.30177399516106 0.77009797096252 0
vt 0.24752800166607 0.77719497680664 0
vt 0.25385200977325 0.7817320227623 0
vt 0.30330699682236 0.82819098234177 0
vt 0.30925899744034 0.82499700784683 0
vt 0.2654609978199 0.7912529706955 0
vt 0.30422499775887 0.78744697570801 0
vt 0.25881800055504 0.8060929775238 0
vt 0.26379600167274 0.80508297681808 0
vt 0.30336698889732 0.82315802574158 0
vt 0.2674880027771 0.80311501026154 0
vt 0.26909700036049 0.7976930141449 0
vt 0.30341699719429 0.79343700408936 0
vt 0.25871801376343 0.81240200996399 0
vt 0.26378598809242 0.8237270116806 0
vt 0.26358398795128 0.81414800882339 0
vt 0.2659530043602 0.81901001930237 0
vt 0.26687398552895 0.81727802753448 0
vt 0.26723200082779 0.80779200792313 0
vt 0.27179700136185 0.80713599920273 0
vt 0.26124200224876 0.81213802099228 0
vt 0.26701998710632 0.81150102615356 0
vt 0.26153698563576 0.8065459728241 0
vt 0.27178698778152 0.81340599060059 0
vt 0.3089399933815 0.79038602113724 0
vt 0.32508900761604 0.82670700550079 0
vt 0.31746798753738 0.8260840177536 0
vt 0.31581699848175 0.834223985672 0
vt 0.3198390007019 0.78937298059464 0
vt 0.32508900761604 0.78796201944351 0
vt 0.31768500804901 0.76182699203491 0
vt 0.75778198242188 0.65544199943542 0
vt 0.78634202480316 0.636834025383 0
vt 0.77854400873184 0.62390798330307 0
vt 0.75424200296402 0.63510400056839 0
vt 0.72661197185516 0.65890502929688 0
vt 0.72773897647858 0.63897800445557 0
vt 0.70745199918747 0.63773500919342 0
vt 0.69903600215912 0.66381698846817 0
vt 0.82041400671005 0.60594099760056 0
vt 0.80337101221085 0.61527001857758 0
vt 0.80984997749329 0.62387698888779 0
vt 0.82630497217178 0.61398601531982 0
vt 0.83862298727036 0.6046000123024 0
vt 0.83520597219467 0.59824097156525 0
vt 0.85859698057175 0.58642202615738 0
vt 0.85859698057175 0.59259498119354 0
vt 0.61329597234726 0.59733200073242 0
vt 0.593082010746 0.58424997329712 0
vt 0.593082010746 0.5912070274353 0
vt 0.60863900184631 0.60797101259232 0
vt 0.63826197385788 0.63050502538681 0
vt 0.63990998268127 0.6154500246048 0
vt 0.66347897052765 0.62501299381256 0
vt 0.66053301095963 0.64571499824524 0
vt 0.6826040148735 0.66002601385117 0
vt 0.68227899074554 0.63168197870255 0
vt 0.61705601215363 0.58353102207184 0
vt 0.61764401197433 0.56634700298309 0
vt 0.593082010746 0.5600820183754 0
vt 0.593082010746 0.57732200622559 0
vt 0.64057302474976 0.56951600313187 0
vt 0.64285397529602 0.59782999753952 0
vt 0.66272002458572 0.60253500938416 0
vt 0.66318601369858 0.57266497612 0
vt 0.68492299318314 0.60375100374222 0
vt 0.68446999788284 0.5742329955101 0
vt 0.70670002698898 0.60523498058319 0
vt 0.70615702867508 0.57436501979828 0
vt 0.83498698472977 0.58661502599716 0
vt 0.83363902568817 0.56855601072311 0
vt 0.81767398118973 0.56880497932434 0
vt 0.8180969953537 0.59464198350906 0
vt 0.79658001661301 0.56944298744202 0
vt 0.79763197898865 0.59948301315308 0
vt 0.85859698057175 0.53460347652435 0
vt 0.85859698057175 0.52292197942734 0
vt 0.83619600534439 0.52098697423935 0
vt 0.83553618192673 0.53242218494415 0
vt 0.593082010746 0.52235186100006 0
vt 0.61740469932556 0.5195409655571 0
vt 0.61763298511505 0.50538998842239 0
vt 0.593082010746 0.50836598873138 0
vt 0.79728782176971 0.52831315994263 0
vt 0.79755002260208 0.5161640048027 0
vt 0.77581197023392 0.51232498884201 0
vt 0.77541303634644 0.52513438463211 0
vt 0.63867002725601 0.53932499885559 0
vt 0.66225600242615 0.54110997915268 0
vt 0.6847910284996 0.54165202379227 0
vt 0.70320612192154 0.52183836698532 0
vt 0.70143300294876 0.50663900375366 0
vt 0.68656897544861 0.50608098506927 0
vt 0.6858047246933 0.52137106657028 0
vt 0.75020110607147 0.52312004566193 0
vt 0.74945402145386 0.50972002744675 0
vt 0.72490602731705 0.50869601964951 0
vt 0.72577393054962 0.5225185751915 0
vt 0.81822001934052 0.51880300045013 0
vt 0.81809961795807 0.53049653768539 0
vt 0.85859698057175 0.58106797933578 0
vt 0.85859698057175 0.56780499219894 0
vt 0.75267100334167 0.60505700111389 0
vt 0.75186401605606 0.57244402170181 0
vt 0.72781902551651 0.57393097877502 0
vt 0.72700399160385 0.60732901096344 0
vt 0.64084202051163 0.40431201457977 0
vt 0.64232701063156 0.41955006122589 0
vt 0.66607999801636 0.41785097122192 0
vt 0.67062699794769 0.40431201457977 0
vt 0.85859698057175 0.42512500286102 0
vt 0.85859698057175 0.40431201457977 0
vt 0.83371597528458 0.40431201457977 0
vt 0.83792400360107 0.41963696479797 0
vt 0.69945001602173 0.41741406917572 0
vt 0.69773697853088 0.40431201457977 0
vt 0.72053098678589 0.41823601722717 0
vt 0.71885800361633 0.40431201457977 0
vt 0.80840402841568 0.40431201457977 0
vt 0.78719300031662 0.40431201457977 0
vt 0.78792297840118 0.41647601127625 0
vt 0.80926698446274 0.41794002056122 0
vt 0.94117498397827 0.80979001522064 0
vt 0.957839012146 0.8253989815712 0
vt 0.95707100629807 0.80797898769379 0
vt 0.89199697971344 0.76987898349762 0
vt 0.89225602149963 0.78213000297546 0
vt 0.91056698560715 0.78739601373672 0
vt 0.91464000940323 0.77334398031235 0
vt 0.87944602966309 0.76779001951218 0
vt 0.86378198862076 0.76627200841904 0
vt 0.86548799276352 0.77819502353668 0
vt 0.88064700365067 0.77951598167419 0
vt 0.82855099439621 0.7723600268364 0
vt 0.83043497800827 0.78421801328659 0
vt 0.83953899145126 0.78423100709915 0
vt 0.83706200122833 0.7710970044136 0
vt 0.93269002437592 0.7768560051918 0
vt 0.92550301551819 0.7904360294342 0
vt 0.95617800951004 0.79405701160431 0
vt 0.95722001791 0.77622199058533 0
vt 0.94418597221375 0.77622997760773 0
vt 0.93924999237061 0.79213100671768 0
vt 0.9765300154686 0.79304802417755 0
vt 0.97360998392105 0.78095501661301 0
vt 0.98581200838089 0.83633100986481 0
vt 0.99190098047256 0.83413302898407 0
vt 0.99061697721481 0.82450097799301 0
vt 0.98170000314713 0.83207899332047 0
vt 0.81035900115967 0.80482602119446 0
vt 0.80566501617432 0.81524300575256 0
vt 0.81620699167252 0.81936198472977 0
vt 0.82212597131729 0.8084380030632 0
vt 0.97803497314453 0.81997698545456 0
vt 0.98423099517822 0.82551300525665 0
vt 0.98591899871826 0.8153390288353 0
vt 0.97217601537704 0.82751202583313 0
vt 0.95850700139999 0.76190400123596 0
vt 0.97033202648163 0.76190400123596 0
vt 0.82303601503372 0.82250797748566 0
vt 0.83219397068024 0.81209301948547 0
vt 0.97968500852585 0.83727198839188 0
vt 0.96874499320984 0.83490598201752 0
vt 0.87295097112656 0.8364679813385 0
vt 0.87116402387619 0.83642101287842 0
vt 0.87203299999237 0.84432601928711 0
vt 0.87335997819901 0.84465897083282 0
vt 0.85539197921753 0.83408498764038 0
vt 0.85604697465897 0.83543598651886 0
vt 0.86145997047424 0.83214199542999 0
vt 0.86097800731659 0.83054602146149 0
vt 0.92246401309967 0.84783399105072 0
vt 0.93326997756958 0.85154098272324 0
vt 0.93424701690674 0.84940999746323 0
vt 0.92318600416183 0.84574198722839 0
vt 0.76288402080536 0.41856205463409 0
vt 0.76198202371597 0.40431201457977 0
vt 0.97007197141647 0.81240797042847 0
vt 0.84920001029968 0.76792699098587 0
vt 0.84970301389694 0.78191101551056 0
vt 0.83902198076248 0.51050698757172 0
vt 0.85859698057175 0.51094800233841 0
vt 0.85859698057175 0.50153297185898 0
vt 0.83900499343872 0.50175899267197 0
vt 0.77567899227142 0.50402599573135 0
vt 0.79739397764206 0.50700998306274 0
vt 0.79570299386978 0.49969100952148 0
vt 0.77362197637558 0.49695003032684 0
vt 0.74722802639008 0.4942409992218 0
vt 0.74774897098541 0.50209599733353 0
vt 0.8180850148201 0.50119400024414 0
vt 0.81853002309799 0.50889301300049 0
vt 0.7250360250473 0.50047898292542 0
vt 0.7254890203476 0.49180996417999 0
vt 0.70208698511124 0.49067902565002 0
vt 0.7019140124321 0.49880301952362 0
vt 0.68950402736664 0.48890006542206 0
vt 0.68978899717331 0.4978940486908 0
vt 0.66315501928329 0.48759496212006 0
vt 0.66332900524139 0.49680399894714 0
vt 0.66281300783157 0.50558602809906 0
vt 0.61830300092697 0.49603605270386 0
vt 0.593082010746 0.49773502349854 0
vt 0.75119197368622 0.54089397192001 0
vt 0.72692501544952 0.54085302352905 0
vt 0.70555800199509 0.5419989824295 0
vt 0.61710202693939 0.53831100463867 0
vt 0.593082010746 0.54090297222137 0
vt 0.83466100692749 0.54759001731873 0
vt 0.85859698057175 0.55009800195694 0
vt 0.81793999671936 0.54600697755814 0
vt 0.79694002866745 0.54442799091339 0
vt 0.77499097585678 0.57130801677704 0
vt 0.77488398551941 0.54212498664856 0
vt 0.78908598423004 0.432461977005 0
vt 0.81028199195862 0.43388307094574 0
vt 0.76504099369049 0.43371903896332 0
vt 0.72262400388718 0.43337905406952 0
vt 0.69975101947784 0.43229603767395 0
vt 0.66518497467041 0.43493807315826 0
vt 0.64094799757004 0.43724095821381 0
vt 0.83692997694016 0.4355800151825 0
vt 0.85859698057175 0.4404890537262 0
vt 0.87173700332642 0.83020102977753 0
vt 0.87139499187469 0.82821398973465 0
vt 0.86987698078156 0.82923597097397 0
vt 0.87012302875519 0.83077299594879 0
vt 0.90265601873398 0.828468978405 0
vt 0.90261399745941 0.8294860124588 0
vt 0.90705800056458 0.83425098657608 0
vt 0.90747898817062 0.83332300186157 0
vt 0.85884898900986 0.82163101434708 0
vt 0.85255700349808 0.82560497522354 0
vt 0.93759000301361 0.84051698446274 0
vt 0.9276379942894 0.83592700958252 0
vt 0.86966300010681 0.81839001178741 0
vt 0.8817589879036 0.82804900407791 0
vt 0.88181900978088 0.81864702701569 0
vt 0.9033750295639 0.8215399980545 0
vt 0.90995401144028 0.82630002498627 0
vt 0.95500099658966 0.82631701231003 0
vt 0.95577198266983 0.83433401584625 0
vt 0.95697301626205 0.83431100845337 0
vt 0.93947100639343 0.81285399198532 0
vt 0.86794900894165 0.8042259812355 0
vt 0.86817598342896 0.80631399154663 0
vt 0.8815770149231 0.80726498365402 0
vt 0.88152599334717 0.8053349852562 0
vt 0.90412300825119 0.81297099590302 0
vt 0.90407299995422 0.81425899267197 0
vt 0.91287797689438 0.81892997026443 0
vt 0.91333800554276 0.81756401062012 0
vt 0.93218398094177 0.82699501514435 0
vt 0.94357198476791 0.83266800642014 0
vt 0.94470298290253 0.83141797780991 0
vt 0.93299597501755 0.82551997900009 0
vt 0.94980502128601 0.8356419801712 0
vt 0.95065301656723 0.8344309926033 0
vt 0.93484300374985 0.84954398870468 0
vt 0.93422502279282 0.851194024086 0
vt 0.81120502948761 0.80215901136398 0
vt 0.82344102859497 0.80603700876236 0
vt 0.97670197486877 0.81866300106049 0
vt 0.98465502262115 0.8127229809761 0
vt 0.96986401081085 0.82691502571106 0
vt 0.96654999256134 0.83479499816895 0
vt 0.8344389796257 0.80985200405121 0
vt 0.93173199892044 0.80747598409653 0
vt 0.97914499044418 0.80131202936172 0
vt 0.9301900267601 0.81011199951172 0
vt 0.85546201467514 0.80821400880814 0
vt 0.84934198856354 0.81311100721359 0
vt 0.84979397058487 0.81486701965332 0
vt 0.8559650182724 0.81026202440262 0
vt 0.88168299198151 0.83642202615738 0
vt 0.88363397121429 0.84416800737381 0
vt 0.92388701438904 0.82140600681305 0
vt 0.92313301563263 0.82272499799728 0
vt 0.91200202703476 0.83839201927185 0
vt 0.91874402761459 0.83055299520493 0
vt 0.9115070104599 0.83923500776291 0
vt 0.89881497621536 0.84002602100372 0
vt 0.9050430059433 0.8383269906044 0
vt 0.90259200334549 0.83310997486114 0
vt 0.89624899625778 0.83409798145294 0
vt 0.89440500736237 0.82872998714447 0
vt 0.89477497339249 0.82987302541733 0
vt 0.89314901828766 0.81999397277832 0
vt 0.89263099431992 0.80775499343872 0
vt 0.89273297786713 0.80953198671341 0
vt 0.66257357597351 0.52085584402084 0
vt 0.63854801654816 0.50528502464294 0
vt 0.63860046863556 0.51991701126099 0
vt 0.6190710067749 0.40431201457977 0
vt 0.61779701709747 0.42064106464386 0
vt 0.61783999204636 0.43865597248077 0
vt 0.63933402299881 0.49630796909332 0
vt 0.63917201757431 0.48684597015381 0
vt 0.61829000711441 0.48776006698608 0
vt 0.593082010746 0.4891140460968 0
vt 0.593082010746 0.43631303310394 0
vt 0.593082010746 0.42199802398682 0
vt 0.593082010746 0.40431201457977 0
vt 0.94478100538254 0.76190400123596 0
vt 0.74293899536133 0.43409895896912 0
vt 0.74314898252487 0.41860806941986 0
vt 0.74021202325821 0.40431201457977 0
vt 0.77653002738953 0.60120499134064 0
vt 0.89252799749374 0.82824397087097 0
vt 0.89257001876831 0.83031100034714 0
vt 0.8928160071373 0.83657997846603 0
vt 0.89733499288559 0.84043002128601 0
vt 0.91331899166107 0.84037399291992 0
vt 0.91407400369644 0.83876299858093 0
vt 0.93346101045609 0.76190400123596 0
vt 0.9190239906311 0.80430799722672 0
vt 0.91800600290298 0.8068910241127 0
vt 0.81449401378632 0.77416098117828 0
vt 0.81531798839569 0.78355401754379 0
vt 0.9151319861412 0.76190400123596 0
vt 0.89109897613525 0.76190400123596 0
vt 0.87826997041702 0.76190400123596 0
vt 0.86349499225616 0.76190400123596 0
vt 0.85028499364853 0.76190400123596 0
vt 0.835961997509 0.76190400123596 0
vt 0.82708197832108 0.76190400123596 0
vt 0.8165580034256 0.76190400123596 0
vt 0.6635360121727 0.46261501312256 0
vt 0.69373297691345 0.46183800697327 0
vt 0.70046401023865 0.46290302276611 0
vt 0.72392898797989 0.46384298801422 0
vt 0.745236992836 0.46537101268768 0
vt 0.76987600326538 0.46639204025269 0
vt 0.79316401481628 0.46738505363464 0
vt 0.81515598297119 0.46907806396484 0
vt 0.83850502967834 0.46981906890869 0
vt 0.85859698057175 0.47065806388855 0
vt 0.593082010746 0.46263206005096 0
vt 0.61807799339294 0.46400499343872 0
vt 0.63979697227478 0.46318006515503 0
vt 0.81489199399948 0.79052400588989 0
vt 0.82925897836685 0.79484301805496 0
vt 0.84423398971558 0.80007499456406 0
vt 0.85130101442337 0.79582899808884 0
vt 0.86671501398087 0.79144197702408 0
vt 0.88120299577713 0.79236799478531 0
vt 0.89154100418091 0.79423999786377 0
vt 0.90619397163391 0.80064100027084 0
vt 0.84520500898361 0.80255299806595 0
vt 0.85215097665787 0.79823297262192 0
vt 0.86697101593018 0.79392898082733 0
vt 0.8812860250473 0.79490900039673 0
vt 0.8918120265007 0.79686099290848 0
vt 0.90588402748108 0.80301398038864 0
vt 0.86341899633408 0.83790600299835 0
vt 0.86557799577713 0.84270697832108 0
vt 0.9417690038681 0.85080099105835 0
vt 0.94124400615692 0.85216599702835 0
vt 0.944620013237 0.8430449962616 0
vt 0.88339501619339 0.82826197147369 0
vt 0.88519698381424 0.84374099969864 0
vt 0.88429301977158 0.83782202005386 0
vt 0.92171597480774 0.84650498628616 0
vt 0.92238998413086 0.84515500068665 0
vt 0.88175201416016 0.82999300956726 0
vt 0.88367301225662 0.83027899265289 0
vt 0.38252300024033 0.948018014431 0
vt 0.38043200969696 0.93768602609634 0
vt 0.37638300657272 0.93649297952652 0
vt 0.37677699327469 0.94728702306747 0
vt 0.40366500616074 0.94257199764252 0
vt 0.43434000015259 0.95457798242569 0
vt 0.43127399682999 0.93217498064041 0
vt 0.37701100111008 0.96219402551651 0
vt 0.38258901238441 0.96399998664856 0
vt 0.40823599696159 0.98160499334335 0
vt 0.43517398834229 0.98160499334335 0
vt 0.42412799596786 0.87436097860336 0
vt 0.42387598752975 0.90389102697372 0
vt 0.44586700201035 0.90668201446533 0
vt 0.45084500312805 0.87436097860336 0
vt 0.40096199512482 0.87436097860336 0
vt 0.37997600436211 0.88958197832108 0
vt 0.40535798668861 0.89865100383759 0
vt 0.41295099258423 0.87436097860336 0
vt 0.37717300653458 0.87436097860336 0
vt 0.37560901045799 0.88854497671127 0
vt 0.37559399008751 0.91536098718643 0
vt 0.38356500864029 0.91545897722244 0
vt 0.37264400720596 0.93744999170303 0
vt 0.3712210059166 0.94804900884628 0
vt 0.3720979988575 0.96384501457214 0
vt 0.35040301084518 0.94266098737717 0
vt 0.32126200199127 0.95458298921585 0
vt 0.3206200003624 0.98160499334335 0
vt 0.34604001045227 0.98160499334335 0
vt 0.21209700405598 0.47596406936646 0
vt 0.23795999586582 0.48158705234528 0
vt 0.23795999586582 0.44340801239014 0
vt 0.20319500565529 0.44155097007751 0
vt 0.23795999586582 0.59950298070908 0
vt 0.2206159979105 0.60239797830582 0
vt 0.22522599995136 0.6343839764595 0
vt 0.23795999586582 0.62528800964355 0
vt 0.19105699658394 0.78425097465515 0
vt 0.2335480004549 0.78425300121307 0
vt 0.23561899363995 0.75703799724579 0
vt 0.19252400100231 0.7584639787674 0
vt 0.18005299568176 0.85469198226929 0
vt 0.18308100104332 0.8537780046463 0
vt 0.18561899662018 0.83575600385666 0
vt 0.17498600482941 0.75977700948715 0
vt 0.17368599772453 0.78372502326965 0
vt 0.18864400684834 0.81127399206162 0
vt 0.17296500504017 0.81069397926331 0
vt 0.17162699997425 0.83610600233078 0
vt 0.22957900166512 0.81716597080231 0
vt 0.14515499770641 0.80902802944183 0
vt 0.14565299451351 0.83291900157928 0
vt 0.14441999793053 0.78322499990463 0
vt 0.1436920017004 0.76036602258682 0
vt 0.23580400645733 0.82122397422791 0
vt 0.23839899897575 0.78151500225067 0
vt 0.24147300422192 0.75772601366043 0
vt 0.05804999917746 0.73309898376465 0
vt 0.0680690035224 0.73743599653244 0
vt 0.06564600020647 0.72811299562454 0
vt 0.05507799983025 0.72561401128769 0
vt 0.06491199880838 0.81881499290466 0
vt 0.0723420009017 0.83922100067139 0
vt 0.08737800270319 0.83744698762894 0
vt 0.08316200226545 0.81458699703217 0
vt 0.11733599752188 0.81125599145889 0
vt 0.10062099993229 0.81200402975082 0
vt 0.10432100296021 0.83569598197937 0
vt 0.11900900304317 0.8365889787674 0
vt 0.08044599741697 0.78599298000336 0
vt 0.06074300035834 0.78478002548218 0
vt 0.09855700284243 0.78522700071335 0
vt 0.11534199863672 0.78433901071548 0
vt 0.11307000368834 0.76025998592377 0
vt 0.05655099824071 0.18024706840515 0
vt 0.07586299628019 0.17817997932434 0
vt 0.07918100059032 0.14575600624084 0
vt 0.05960400030017 0.14591598510742 0
vt 0.05752300098538 0.20468497276306 0
vt 0.07622099667788 0.20636701583862 0
vt 0.09808199852705 0.17759096622467 0
vt 0.11950600147247 0.17705404758453 0
vt 0.12164600193501 0.14616203308105 0
vt 0.10090599954128 0.14624297618866 0
vt 0.09767399728298 0.20746898651123 0
vt 0.11941699683666 0.20742106437683 0
vt 0.09230799973011 0.1061999797821 0
vt 0.07275000214577 0.10144698619843 0
vt 0.12614899873734 0.11285006999969 0
vt 0.10854200273752 0.1123720407486 0
vt 0.13126599788666 0.09311008453369 0
vt 0.13355399668217 0.08263397216797 0
vt 0.12078200280666 0.08396697044373 0
vt 0.1153009980917 0.09345304965973 0
vt 0.10214599967003 0.09715700149536 0
vt 0.09833800047636 0.08528101444244 0
vt 0.23250100016594 0.73246401548386 0
vt 0.1956699937582 0.73548901081085 0
vt 0.1947890073061 0.74187499284744 0
vt 0.23832599818707 0.73635202646256 0
vt 0.17454199492931 0.7365580201149 0
vt 0.17633299529552 0.74488002061844 0
vt 0.14317500591278 0.73687702417374 0
vt 0.14326100051403 0.74625200033188 0
vt 0.25901600718498 0.72954201698303 0
vt 0.26010799407959 0.73770999908447 0
vt 0.22725799679756 0.23263597488403 0
vt 0.24973399937153 0.22932505607605 0
vt 0.24606600403786 0.22685396671295 0
vt 0.22989299893379 0.22828304767609 0
vt 0.20136100053787 0.23271501064301 0
vt 0.20045599341393 0.23664700984955 0
vt 0.21361400187016 0.23511600494385 0
vt 0.2148060053587 0.23059499263763 0
vt 0.14597700536251 0.24005305767059 0
vt 0.17419399321079 0.23889696598053 0
vt 0.17474900186062 0.23469507694244 0
vt 0.14590600132942 0.235759973526 0
vt 0.07610400021076 0.73407000303268 0
vt 0.0723410025239 0.72657197713852 0
vt 0.0659210011363 0.72396498918533 0
vt 0.11324399709702 0.73563802242279 0
vt 0.08911799639463 0.73368698358536 0
vt 0.0942450016737 0.74212700128555 0
vt 0.11108200252056 0.74493998289108 0
vt 0.0306950006634 0.72072297334671 0
vt 0.03075800091028 0.72516602277756 0
vt 0.05465200170875 0.73313802480698 0
vt 0.04021599888802 0.23112607002258 0
vt 0.05980199947953 0.2332249879837 0
vt 0.05659399926662 0.22876703739166 0
vt 0.04059499874711 0.22902297973633 0
vt 0.07603099942207 0.23053407669067 0
vt 0.07568600028753 0.23496699333191 0
vt 0.09364499896765 0.23797106742859 0
vt 0.11901199817657 0.23970699310303 0
vt 0.11830399930477 0.2355170249939 0
vt 0.09279000014067 0.23407697677612 0
vt 0.19978600740433 0.66026198863983 0
vt 0.19858099520206 0.68482798337936 0
vt 0.23688800632954 0.6797279715538 0
vt 0.23325699567795 0.65616101026535 0
vt 0.1720360070467 0.66431599855423 0
vt 0.17347200214863 0.68950098752975 0
vt 0.14347299933434 0.66606897115707 0
vt 0.1431979984045 0.69011402130127 0
vt 0.26361900568008 0.27265703678131 0
vt 0.25626400113106 0.25947701931 0
vt 0.23387299478054 0.2698050737381 0
vt 0.24160599708557 0.28271305561066 0
vt 0.22563199698925 0.29162800312042 0
vt 0.22097000479698 0.27576196193695 0
vt 0.2048230022192 0.2800589799881 0
vt 0.20715999603271 0.29612100124359 0
vt 0.14630800485611 0.28089201450348 0
vt 0.17772799730301 0.2810150384903 0
vt 0.17648300528526 0.26810801029205 0
vt 0.1465959995985 0.2692539691925 0
vt 0.06590200215578 0.6575580239296 0
vt 0.06416299939156 0.67632699012756 0
vt 0.07868000119925 0.67953997850418 0
vt 0.08058500289917 0.65893197059631 0
vt 0.11642599850893 0.66376197338104 0
vt 0.11471600085497 0.68738901615143 0
vt 0.03000099956989 0.65909802913666 0
vt 0.02803100086749 0.67278802394867 0
vt 0.05223599821329 0.28367900848389 0
vt 0.05732399970293 0.27242505550385 0
vt 0.03315600007772 0.26469600200653 0
vt 0.02742999978364 0.27349007129669 0
vt 0.06815999746323 0.29113602638245 0
vt 0.07265800237656 0.27705895900726 0
vt 0.08794900029898 0.2780020236969 0
vt 0.11568299680948 0.2797520160675 0
vt 0.11774999648333 0.2685250043869 0
vt 0.09107100218534 0.26572704315186 0
vt 0.17231899499893 0.64179801940918 0
vt 0.14370100200176 0.6433219909668 0
vt 0.23795999586582 0.55414199829102 0
vt 0.21867600083351 0.56660598516464 0
vt 0.14391200244427 0.57968598604202 0
vt 0.14383000135422 0.61285400390625 0
vt 0.17234699428082 0.61125701665878 0
vt 0.17222400009632 0.57753902673721 0
vt 0.11658000200987 0.57750999927521 0
vt 0.09666199982166 0.57422399520874 0
vt 0.09695500135422 0.60706400871277 0
vt 0.11613299697638 0.61059999465942 0
vt 0.36627900600433 0.62073701620102 0
vt 0.35705500841141 0.63587802648544 0
vt 0.38534998893738 0.65431302785873 0
vt 0.391007989645 0.63183200359344 0
vt 0.11708399653435 0.52783501148224 0
vt 0.09694600105286 0.52239602804184 0
vt 0.14400899410248 0.53268998861313 0
vt 0.17356400191784 0.52907001972198 0
vt 0.2089309990406 0.51802998781204 0
vt 0.19381199777126 0.52416300773621 0
vt 0.20150099694729 0.57103598117828 0
vt 0.23795999586582 0.52779501676559 0
vt 0.02480500005186 0.69199901819229 0
vt 0.02505899965763 0.69540399312973 0
vt 0.05563599988818 0.69918900728226 0
vt 0.07523900270462 0.69614100456238 0
vt 0.06086200103164 0.70458602905273 0
vt 0.07695599645376 0.70030397176743 0
vt 0.11369600147009 0.70129698514938 0
vt 0.09364700317383 0.69766300916672 0
vt 0.09296000003815 0.70286399126053 0
vt 0.11248400062323 0.70708501338959 0
vt 0.14284899830818 0.70532697439194 0
vt 0.14256200194359 0.70776599645615 0
vt 0.1733649969101 0.70360100269318 0
vt 0.17413899302483 0.70637500286102 0
vt 0.19849400222301 0.70091700553894 0
vt 0.19842199981213 0.70648300647736 0
vt 0.23729200661182 0.69691002368927 0
vt 0.23553800582886 0.70350801944733 0
vt 0.26648399233818 0.70007300376892 0
vt 0.26883599162102 0.69252502918243 0
vt 0.22930699586868 0.2579790353775 0
vt 0.25089401006699 0.25012004375458 0
vt 0.2506639957428 0.24566507339478 0
vt 0.22692799568176 0.25333607196808 0
vt 0.17609199881554 0.26525604724884 0
vt 0.14628499746323 0.26693105697632 0
vt 0.11732099950314 0.26629400253296 0
vt 0.09067200124264 0.26314806938171 0
vt 0.0768020004034 0.25918996334076 0
vt 0.0618150010705 0.25487101078033 0
vt 0.06064699962735 0.25836002826691 0
vt 0.07536599785089 0.26229298114777 0
vt 0.20184199512005 0.26118898391724 0
vt 0.21393799781799 0.25708603858948 0
vt 0.07856400310993 0.74000799655914 0
vt 0.06140699982643 0.71780800819397 0
vt 0.14618499577045 0.29926896095276 0
vt 0.17910300195217 0.29861795902252 0
vt 0.11315400153399 0.315878033638 0
vt 0.11391600221395 0.29826104640961 0
vt 0.08472300320864 0.29554796218872 0
vt 0.08249200135469 0.31313705444336 0
vt 0.07592400163412 0.2934410572052 0
vt 0.08018500357866 0.27797496318817 0
vt 0.14662699401379 0.35810601711273 0
vt 0.18110300600529 0.35626995563507 0
vt 0.18065600097179 0.33320701122284 0
vt 0.14643800258636 0.33556497097015 0
vt 0.07925900071859 0.35629296302795 0
vt 0.11278700083494 0.35846304893494 0
vt 0.11276900023222 0.33485901355743 0
vt 0.08025699853897 0.33196902275085 0
vt 0.23795999586582 0.34274399280548 0
vt 0.23795999586582 0.30641496181488 0
vt 0.21221700310707 0.32570803165436 0
vt 0.21411000192165 0.35175204277039 0
vt 0.14670300483704 0.38491296768188 0
vt 0.18002499639988 0.38399803638458 0
vt 0.08117300271988 0.38716804981232 0
vt 0.11374600231647 0.38610005378723 0
vt 0.21045500040054 0.38346600532532 0
vt 0.23795999586582 0.38916003704071 0
vt 0.14637300372124 0.40933096408844 0
vt 0.17646799981594 0.4098299741745 0
vt 0.09121400117874 0.41851699352264 0
vt 0.11622299998999 0.41212296485901 0
vt 0.05658200010657 0.38679707050323 0
vt 0.05658200010657 0.42293202877045 0
vt 0.07638499885798 0.41885507106781 0
vt 0.0694649964571 0.38781607151031 0
vt 0.20375299453735 0.41436696052551 0
vt 0.23795999586582 0.41860997676849 0
vt 0.18735800683498 0.51204097270966 0
vt 0.19881300628185 0.50372797250748 0
vt 0.19867999851704 0.4678909778595 0
vt 0.18652999401093 0.44152903556824 0
vt 0.06799600273371 0.51519399881363 0
vt 0.0676190033555 0.47530806064606 0
vt 0.05658200010657 0.47795498371124 0
vt 0.05658200010657 0.52029401063919 0
vt 0.09356900304556 0.46762299537659 0
vt 0.07991900295019 0.47259604930878 0
vt 0.07945600152016 0.51142901182175 0
vt 0.0924250036478 0.50090998411179 0
vt 0.43595999479294 0.63574802875519 0
vt 0.41654899716377 0.63596701622009 0
vt 0.4162290096283 0.6577439904213 0
vt 0.44025400280952 0.66265600919724 0
vt 0.33376601338387 0.62304198741913 0
vt 0.34178900718689 0.61331897974014 0
vt 0.32138100266457 0.60576802492142 0
vt 0.31746399402618 0.61324298381805 0
vt 0.07153499871492 0.30722105503082 0
vt 0.06214100122452 0.30129396915436 0
vt 0.05658200010657 0.35145497322083 0
vt 0.06817100197077 0.35422503948212 0
vt 0.05658200010657 0.56474500894547 0
vt 0.06843499839306 0.56558299064636 0
vt 0.08194199949503 0.63574701547623 0
vt 0.08074700087309 0.60344302654266 0
vt 0.06964000314474 0.60316497087479 0
vt 0.06926299631596 0.63457000255585 0
vt 0.03146599978209 0.64828199148178 0
vt 0.0488569997251 0.28948497772217 0
vt 0.02287100069225 0.28030300140381 0
vt 0.05658200010657 0.62716400623322 0
vt 0.03272999823093 0.63894802331924 0
vt 0.30613601207733 0.59564000368118 0
vt 0.30526000261307 0.603944003582 0
vt 0.20100200176239 0.60611999034882 0
vt 0.28461399674416 0.58593499660492 0
vt 0.28461399674416 0.59205102920532 0
vt 0.54559999704361 0.590676009655 0
vt 0.54559999704361 0.58378398418427 0
vt 0.52668499946594 0.59651899337769 0
vt 0.5331050157547 0.60728299617767 0
vt 0.50062102079391 0.61367201805115 0
vt 0.50375801324844 0.62960797548294 0
vt 0.45982798933983 0.65885400772095 0
vt 0.48169401288033 0.64467698335648 0
vt 0.47791400551796 0.62320202589035 0
vt 0.45965999364853 0.62973999977112 0
vt 0.54559999704361 0.55984002351761 0
vt 0.52146798372269 0.56660497188568 0
vt 0.52296298742294 0.58188098669052 0
vt 0.54559999704361 0.57691997289658 0
vt 0.4782919883728 0.60017400979996 0
vt 0.49724400043488 0.59575098752975 0
vt 0.49872499704361 0.57046699523926 0
vt 0.47738599777222 0.57357800006866 0
vt 0.45709198713303 0.57484102249146 0
vt 0.45694500207901 0.60101902484894 0
vt 0.4360100030899 0.57462102174759 0
vt 0.43606400489807 0.60225701332092 0
vt 0.32469800114632 0.56945997476578 0
vt 0.30867600440979 0.56885600090027 0
vt 0.30706599354744 0.58364397287369 0
vt 0.32429099082947 0.59248197078705 0
vt 0.34722301363945 0.5963299870491 0
vt 0.34782600402832 0.56946897506714 0
vt 0.30689698457718 0.53725641965866 0
vt 0.28461399674416 0.53650575876236 0
vt 0.28461399674416 0.549948990345 0
vt 0.30835598707199 0.54897397756577 0
vt 0.52192389965057 0.52668440341949 0
vt 0.52147901058197 0.54060101509094 0
vt 0.54559999704361 0.54084002971649 0
vt 0.54559999704361 0.52798050642014 0
vt 0.36756283044815 0.53227663040161 0
vt 0.34700173139572 0.53462612628937 0
vt 0.34756198525429 0.54683899879456 0
vt 0.36818200349808 0.54525798559189 0
vt 0.5004979968071 0.54285800457001 0
vt 0.47768199443817 0.54530602693558 0
vt 0.454156011343 0.54901099205017 0
vt 0.45370763540268 0.53037083148956 0
vt 0.43816369771957 0.52939128875732 0
vt 0.43683299422264 0.54651498794556 0
vt 0.41640836000443 0.52972137928009 0
vt 0.39212673902512 0.53010380268097 0
vt 0.39154800772667 0.5443440079689 0
vt 0.41555801033974 0.54618698358536 0
vt 0.32501012086868 0.53675842285156 0
vt 0.32436999678612 0.54847598075867 0
vt 0.28461399674416 0.58063101768494 0
vt 0.28461399674416 0.56749099493027 0
vt 0.41449499130249 0.57476502656937 0
vt 0.39179500937462 0.57298398017883 0
vt 0.39183300733566 0.60198998451233 0
vt 0.41657999157906 0.60421901941299 0
vt 0.47255200147629 0.4171370267868 0
vt 0.4918409883976 0.41759204864502 0
vt 0.48998400568962 0.40411901473999 0
vt 0.46768501400948 0.40411901473999 0
vt 0.32765999436378 0.40411901473999 0
vt 0.28461399674416 0.40411901473999 0
vt 0.28461399674416 0.41878998279572 0
vt 0.31423598527908 0.41620099544525 0
vt 0.44212201237679 0.40411901473999 0
vt 0.44252601265907 0.41633296012878 0
vt 0.42396798729897 0.40411901473999 0
vt 0.42249798774719 0.41806101799011 0
vt 0.36007300019264 0.41584599018097 0
vt 0.36202600598335 0.40411901473999 0
vt 0.34467199444771 0.40411901473999 0
vt 0.34305199980736 0.41507303714752 0
vt 0.84091502428055 0.95656597614288 0
vt 0.85738599300385 0.94217801094055 0
vt 0.84148597717285 0.94073301553726 0
vt 0.88764798641205 0.9203400015831 0
vt 0.9053869843483 0.9152330160141 0
vt 0.90546101331711 0.90320301055908 0
vt 0.88423097133636 0.90658098459244 0
vt 0.93163001537323 0.91167598962784 0
vt 0.9330689907074 0.90042698383331 0
vt 0.91798400878906 0.90184700489044 0
vt 0.91679501533508 0.91289901733398 0
vt 0.95740497112274 0.91724002361298 0
vt 0.96783900260925 0.91709399223328 0
vt 0.96853399276733 0.90490800142288 0
vt 0.95980101823807 0.90385800600052 0
vt 0.86567002534866 0.91100198030472 0
vt 0.8734530210495 0.92333799600601 0
vt 0.85490399599075 0.90991002321243 0
vt 0.8420569896698 0.90968000888824 0
vt 0.84279400110245 0.92674398422241 0
vt 0.85950499773026 0.92531198263168 0
vt 0.82395601272583 0.91182798147202 0
vt 0.82103502750397 0.92392098903656 0
vt 0.80694901943207 0.95537501573563 0
vt 0.80566501617432 0.96500599384308 0
vt 0.81175398826599 0.96720397472382 0
vt 0.81586498022079 0.96295201778412 0
vt 0.9813579916954 0.95023602247238 0
vt 0.99190098047256 0.94611698389053 0
vt 0.98720598220825 0.93569999933243 0
vt 0.9759070277214 0.93945598602295 0
vt 0.81411099433899 0.95704501867294 0
vt 0.81990700960159 0.9522340297699 0
vt 0.81164699792862 0.94621300697327 0
vt 0.8258969783783 0.95857900381088 0
vt 0.83905899524689 0.89277797937393 0
vt 0.8272340297699 0.89277797937393 0
vt 0.97452902793884 0.95338100194931 0
vt 0.96537202596664 0.94296699762344 0
vt 0.81788098812103 0.96814602613449 0
vt 0.82881999015808 0.96577900648117 0
vt 0.92553198337555 0.97519898414612 0
vt 0.92668598890305 0.96758198738098 0
vt 0.92479699850082 0.96746301651001 0
vt 0.92420601844788 0.97553199529648 0
vt 0.93414598703384 0.96877902746201 0
vt 0.93908900022507 0.97131901979446 0
vt 0.94217300415039 0.96495801210403 0
vt 0.93655997514725 0.96158599853516 0
vt 0.8634780049324 0.9802640080452 0
vt 0.86658298969269 0.98870098590851 0
vt 0.87712001800537 0.9843670129776 0
vt 0.87438899278641 0.97683000564575 0
vt 0.38255000114441 0.4181569814682 0
vt 0.38414499163628 0.40411901473999 0
vt 0.82815498113632 0.94548898935318 0
vt 0.17257200181484 0.52109801769257 0
vt 0.14388400316238 0.52588301897049 0
vt 0.11830399930477 0.51905298233032 0
vt 0.10415899753571 0.51081401109695 0
vt 0.30963400006294 0.90585500001907 0
vt 0.3291090130806 0.90319800376892 0
vt 0.32855001091957 0.87436097860336 0
vt 0.30379301309586 0.87436097860336 0
vt 0.34669798612595 0.89835000038147 0
vt 0.33927199244499 0.87436097860336 0
vt 0.36977499723434 0.88947397470474 0
vt 0.35194200277328 0.87436097860336 0
vt 0.32367500662804 0.93227499723434 0
vt 0.36771601438522 0.91519099473953 0
vt 0.11936300247908 0.42817997932434 0
vt 0.08839599788189 0.44207096099854 0
vt 0.17110000550747 0.42650401592255 0
vt 0.14542399346828 0.42367804050446 0
vt 0.10428799688816 0.44547402858734 0
vt 0.14678700268269 0.4315299987793 0
vt 0.16579200327396 0.43304896354675 0
vt 0.47549200057983 0.90430998802185 0
vt 0.47130998969078 0.87436097860336 0
vt 0.26203298568726 0.90833699703217 0
vt 0.25942999124527 0.87436097860336 0
vt 0.24580900371075 0.87436097860336 0
vt 0.24580900371075 0.91261500120163 0
vt 0.49383199214935 0.905257999897 0
vt 0.49784401059151 0.87436097860336 0
vt 0.28106600046158 0.9076229929924 0
vt 0.28259301185608 0.87436097860336 0
vt 0.94744497537613 0.90174299478531 0
vt 0.94730299711227 0.91508102416992 0
vt 0.05363500118256 0.78064101934433 0
vt 0.05568499863148 0.82201999425888 0
vt 0.18183900415897 0.85997098684311 0
vt 0.18528099358082 0.86102002859116 0
vt 0.22236900031567 0.86093199253082 0
vt 0.22865800559521 0.84234499931335 0
vt 0.22255200147629 0.83936601877213 0
vt 0.21559099853039 0.85592800378799 0
vt 0.14629800617695 0.86167001724243 0
vt 0.16227099299431 0.86242300271988 0
vt 0.16213600337505 0.85406500101089 0
vt 0.14593100547791 0.85371798276901 0
vt 0.16834500432014 0.86085599660873 0
vt 0.16739399731159 0.85520499944687 0
vt 0.06484799832106 0.84201902151108 0
vt 0.12302400171757 0.85782200098038 0
vt 0.12979699671268 0.86097902059555 0
vt 0.12946400046349 0.8537660241127 0
vt 0.12320499867201 0.85521298646927 0
vt 0.10922399908304 0.86096799373627 0
vt 0.1106029972434 0.85365802049637 0
vt 0.09875699877739 0.85934698581696 0
vt 0.1012540012598 0.85487002134323 0
vt 0.07363999634981 0.86120998859406 0
vt 0.08948799967766 0.86210298538208 0
vt 0.09322399646044 0.85387402772903 0
vt 0.07979100197554 0.85472297668457 0
vt 0.10111699998379 0.83582097291946 0
vt 0.09603700041771 0.75938302278519 0
vt 0.07872299849987 0.75842499732971 0
vt 0.06401599943638 0.75743299722672 0
vt 0.05886600166559 0.75400900840759 0
vt 0.05422599986196 0.75304597616196 0
vt 0.0505560003221 0.22612297534943 0
vt 0.04059800133109 0.22587406635284 0
vt 0.04784699901938 0.18050706386566 0
vt 0.04918000102043 0.2029550075531 0
vt 0.05246099829674 0.14444506168365 0
vt 0.06815499812365 0.09723007678986 0
vt 0.12345500290394 0.07826101779938 0
vt 0.09927999973297 0.07899105548859 0
vt 0.13629600405693 0.07788801193237 0
vt 0.19811899960041 0.2059839963913 0
vt 0.21432000398636 0.20526099205017 0
vt 0.21482799947262 0.17685103416443 0
vt 0.19730800390244 0.17632699012756 0
vt 0.14653199911118 0.1462299823761 0
vt 0.14599299430847 0.17682898044586 0
vt 0.17292900383472 0.17640805244446 0
vt 0.17188900709152 0.14609098434448 0
vt 0.14588299393654 0.20749998092651 0
vt 0.17298400402069 0.20667207241058 0
vt 0.20827199518681 0.11599504947662 0
vt 0.19117900729179 0.11369907855988 0
vt 0.19544999301434 0.14592802524567 0
vt 0.21334199607372 0.14666700363159 0
vt 0.17041200399399 0.11350703239441 0
vt 0.14788299798965 0.11320102214813 0
vt 0.16569299995899 0.08459901809692 0
vt 0.14872899651527 0.08343708515167 0
vt 0.14863200485706 0.09329199790955 0
vt 0.16706700623035 0.09354102611542 0
vt 0.22513799369335 0.11879098415375 0
vt 0.20713500678539 0.08179497718811 0
vt 0.19894400238991 0.09895598888397 0
vt 0.18011100590229 0.08482801914215 0
vt 0.18399100005627 0.09349501132965 0
vt 0.24550600349903 0.22540807723999 0
vt 0.24025599658489 0.226243019104 0
vt 0.24052199721336 0.20578896999359 0
vt 0.22931399941444 0.20485007762909 0
vt 0.23072600364685 0.14709198474884 0
vt 0.23708200454712 0.14541399478912 0
vt 0.23090200126171 0.11766803264618 0
vt 0.21223199367523 0.07533204555511 0
vt 0.18112200498581 0.0804660320282 0
vt 0.16558699309826 0.08090198040009 0
vt 0.14988400042057 0.07952702045441 0
vt 0.24369099736214 0.74056297540665 0
vt 0.25922998785973 0.7449010014534 0
vt 0.17151400446892 0.89599400758743 0
vt 0.09579499810934 0.89763897657394 0
vt 0.07363999634981 0.9070720076561 0
vt 0.07363999634981 0.88366800546646 0
vt 0.22236900031567 0.90420299768448 0
vt 0.1622190028429 0.92916202545166 0
vt 0.22236900031567 0.94284099340439 0
vt 0.09684599936008 0.93178498744965 0
vt 0.07363999634981 0.94727700948715 0
vt 0.16201800107956 0.96219301223755 0
vt 0.22236900031567 0.96668702363968 0
vt 0.09585499763489 0.96362400054932 0
vt 0.07363999634981 0.9685469865799 0
vt 0.22575399279594 0.04121899604797 0
vt 0.12874400615692 0.06475603580475 0
vt 0.14362299442291 0.0142719745636 0
vt 0.05541500076652 0.0142719745636 0
vt 0.06545700132847 0.06922507286072 0
vt 0.23240800201893 0.0142719745636 0
vt 0.19867600500584 0.63948702812195 0
vt 0.28461399674416 0.50308001041412 0
vt 0.28461399674416 0.51238298416138 0
vt 0.30493399500847 0.51470702886581 0
vt 0.30480700731277 0.50567901134491 0
vt 0.34868401288986 0.50376099348068 0
vt 0.34700399637222 0.51229798793793 0
vt 0.36795198917389 0.50915402173996 0
vt 0.36979299783707 0.502081990242 0
vt 0.39492899179459 0.5069500207901 0
vt 0.39638298749924 0.49974501132965 0
vt 0.32649099826813 0.50521099567413 0
vt 0.32599699497223 0.51437401771545 0
vt 0.43943101167679 0.49703502655029 0
vt 0.41729199886322 0.4975780248642 0
vt 0.41717699170113 0.50520002841949 0
vt 0.43979799747467 0.50375300645828 0
vt 0.45105001330376 0.4963550567627 0
vt 0.45221298933029 0.50323301553726 0
vt 0.47721999883652 0.50236397981644 0
vt 0.47756698727608 0.49456000328064 0
vt 0.392706990242 0.51582497358322 0
vt 0.41726100444794 0.5132110118866 0
vt 0.43949800729752 0.51222097873688 0
vt 0.45325800776482 0.5116800069809 0
vt 0.4777410030365 0.51064002513886 0
vt 0.52038598060608 0.50287699699402 0
vt 0.52236998081207 0.51273000240326 0
vt 0.54559999704361 0.5150859951973 0
vt 0.54559999704361 0.50550401210785 0
vt 0.28461399674416 0.52302598953247 0
vt 0.30543398857117 0.5255069732666 0
vt 0.34643998742104 0.5223799943924 0
vt 0.32565200328827 0.5250089764595 0
vt 0.36694198846817 0.51925998926163 0
vt 0.36918199062347 0.571702003479 0
vt 0.35728201270103 0.43045902252197 0
vt 0.33759900927544 0.42977106571198 0
vt 0.37953498959541 0.43304097652435 0
vt 0.42032301425934 0.43356001377106 0
vt 0.44245600700378 0.43181896209717 0
vt 0.47405999898911 0.43209207057953 0
vt 0.49564099311829 0.43246805667877 0
vt 0.28461399674416 0.43207001686096 0
vt 0.31078898906708 0.42908203601837 0
vt 0.92760097980499 0.96051800251007 0
vt 0.9261440038681 0.9595890045166 0
vt 0.89252299070358 0.96920001506805 0
vt 0.89511197805405 0.96444600820541 0
vt 0.89516001939774 0.96036797761917 0
vt 0.89017301797867 0.96498501300812 0
vt 0.94276702404022 0.96318197250366 0
vt 0.94500797986984 0.95647799968719 0
vt 0.93868100643158 0.95283901691437 0
vt 0.93704998493195 0.95979201793671 0
vt 0.86018401384354 0.97153401374817 0
vt 0.86284202337265 0.97838497161865 0
vt 0.87370300292969 0.97506898641586 0
vt 0.8702740073204 0.9672269821167 0
vt 0.91568100452423 0.95842599868774 0
vt 0.92643600702286 0.95788997411728 0
vt 0.92782497406006 0.95003598928452 0
vt 0.91569101810455 0.95051497220993 0
vt 0.88958597183228 0.96342498064041 0
vt 0.89501202106476 0.95908200740814 0
vt 0.89445698261261 0.95340597629547 0
vt 0.88778501749039 0.95810097455978 0
vt 0.84170997142792 0.96520602703094 0
vt 0.84355002641678 0.95743399858475 0
vt 0.84059202671051 0.96518498659134 0
vt 0.85895502567291 0.94492697715759 0
vt 0.91593497991562 0.93998301029205 0
vt 0.92921602725983 0.93891000747681 0
vt 0.92948597669601 0.93641901016235 0
vt 0.91599798202515 0.93765598535538 0
vt 0.88530802726746 0.95123398303986 0
vt 0.89376199245453 0.94667798280716 0
vt 0.8936750292778 0.94513899087906 0
vt 0.88482302427292 0.94962602853775 0
vt 0.85358798503876 0.96284598112106 0
vt 0.85484397411346 0.96429598331451 0
vt 0.86624199151993 0.95894402265549 0
vt 0.86530101299286 0.95717298984528 0
vt 0.84691298007965 0.96530401706696 0
vt 0.8479740023613 0.96681898832321 0
vt 0.86236798763275 0.97849297523499 0
vt 0.86288601160049 0.98040902614594 0
vt 0.86516600847244 0.9885990023613 0
vt 0.98638898134232 0.93311899900436 0
vt 0.97457897663116 0.93687397241592 0
vt 0.82123100757599 0.95108497142792 0
vt 0.8128690123558 0.94368201494217 0
vt 0.82822299003601 0.95795100927353 0
vt 0.83094400167465 0.9656720161438 0
vt 0.96319997310638 0.94079798460007 0
vt 0.86706298589706 0.93972098827362 0
vt 0.8184210062027 0.93218499422073 0
vt 0.8684110045433 0.94213300943375 0
vt 0.94822299480438 0.94398498535156 0
vt 0.94199502468109 0.9399020075798 0
vt 0.94139498472214 0.94230401515961 0
vt 0.94765800237656 0.94618201255798 0
vt 0.35150000452995 0.46794998645782 0
vt 0.33023500442505 0.46813905239105 0
vt 0.37392199039459 0.46864604949951 0
vt 0.41876900196075 0.46695506572723 0
vt 0.43991601467133 0.46657800674438 0
vt 0.44604799151421 0.46606504917145 0
vt 0.4767589867115 0.46481001377106 0
vt 0.28461399674416 0.46707105636597 0
vt 0.30597698688507 0.46788907051086 0
vt 0.353246986866 0.90721297264099 0
vt 0.05658200010657 0.44907701015472 0
vt 0.06994900107384 0.44437301158905 0
vt 0.01893600076437 0.28618204593658 0
vt 0.04662799835205 0.29326796531677 0
vt 0.09666500240564 0.63793098926544 0
vt 0.0959450006485 0.66059499979019 0
vt 0.11591300368309 0.64095801115036 0
vt 0.2673220038414 0.27876603603363 0
vt 0.24550400674343 0.28945505619049 0
vt 0.24821600317955 0.29386496543884 0
vt 0.26987600326538 0.28284502029419 0
vt 0.14624300599098 0.31673300266266 0
vt 0.18000499904156 0.31532800197601 0
vt 0.12711599469185 0.43473196029663 0
vt 0.20330199599266 0.26523303985596 0
vt 0.20968900620937 0.3106290102005 0
vt 0.2301000058651 0.29991400241852 0
vt 0.05727399885654 0.30846297740936 0
vt 0.06766600161791 0.32021701335907 0
vt 0.0789759978652 0.57002598047256 0
vt 0.91577798128128 0.9675509929657 0
vt 0.91393101215363 0.97504097223282 0
vt 0.87532699108124 0.95483100414276 0
vt 0.87442797422409 0.95323401689529 0
vt 0.87940102815628 0.96209400892258 0
vt 0.88420099020004 0.96762901544571 0
vt 0.88571697473526 0.96907097101212 0
vt 0.88804197311401 0.97361302375793 0
vt 0.89875102043152 0.97089999914169 0
vt 0.90223097801208 0.96463400125504 0
vt 0.9029129743576 0.96074998378754 0
vt 0.90322399139404 0.95907199382782 0
vt 0.90436100959778 0.95203000307083 0
vt 0.90485900640488 0.94224101305008 0
vt 0.90499800443649 0.94008499383926 0
vt 0.22236900031567 0.88118702173233 0
vt 0.26922899484634 0.67533898353577 0
vt 0.47771143913269 0.52799654006958 0
vt 0.50036668777466 0.52697712182999 0
vt 0.09479500353336 0.68459498882294 0
vt 0.26851698756218 0.65257102251053 0
vt 0.2675369977951 0.64159601926804 0
vt 0.26681798696518 0.63429200649261 0
vt 0.10911799967289 0.46631300449371 0
vt 0.12110999971628 0.45137596130371 0
vt 0.10666900128126 0.49126696586609 0
vt 0.11385600268841 0.50093901157379 0
vt 0.12060099840164 0.51001501083374 0
vt 0.14365400373936 0.52070099115372 0
vt 0.17064400017262 0.51286298036575 0
vt 0.17754900455475 0.50262600183487 0
vt 0.18466000258923 0.49208402633667 0
vt 0.18309700489044 0.46627902984619 0
vt 0.17098300158978 0.44514000415802 0
vt 0.15960499644279 0.44203007221222 0
vt 0.14864000678062 0.44185304641724 0
vt 0.13767400383949 0.44167602062225 0
vt 0.39889299869537 0.90780699253082 0
vt 0.24580900371075 0.93577200174332 0
vt 0.26238000392914 0.93326300382614 0
vt 0.4764209985733 0.93073797225952 0
vt 0.49385198950768 0.9299830198288 0
vt 0.28105399012566 0.93378299474716 0
vt 0.24580900371075 0.98160499334335 0
vt 0.26072001457214 0.98160499334335 0
vt 0.2626039981842 0.95907801389694 0
vt 0.24580900371075 0.96056199073792 0
vt 0.46752500534058 0.98160499334335 0
vt 0.49784499406815 0.98160499334335 0
vt 0.4940220117569 0.95658999681473 0
vt 0.47471898794174 0.95792800188065 0
vt 0.28906598687172 0.98160499334335 0
vt 0.28318899869919 0.95976501703262 0
vt 0.36894199252129 0.98160499334335 0
vt 0.36432400345802 0.9648579955101 0
vt 0.36863100528717 0.93256998062134 0
vt 0.37628600001335 0.93048399686813 0
vt 0.37578201293945 0.9200080037117 0
vt 0.37083798646927 0.91977900266647 0
vt 0.38463899493217 0.9325630068779 0
vt 0.39036899805069 0.9478759765625 0
vt 0.38150700926781 0.91952300071716 0
vt 0.39089399576187 0.96504300832748 0
vt 0.38652500510216 0.98160499334335 0
vt 0.36388099193573 0.94799399375916 0
vt 0.37706100940704 0.98160499334335 0
vt 0.23218899965286 0.1786140203476 0
vt 0.24053099751472 0.17861998081207 0
vt 0.16239799559116 0.98389202356338 0
vt 0.22236900031567 0.98389202356338 0
vt 0.0976440012455 0.98389202356338 0
vt 0.07363999634981 0.98389202356338 0
vt 0.05658200010657 0.60094201564789 0
vt 0.04100799933076 0.25166404247284 0
vt 0.04122899845243 0.24908196926117 0
vt 0.21696199476719 0.26223397254944 0
vt 0.5110689997673 0.98160499334335 0
vt 0.5110689997673 0.95629000663757 0
vt 0.5110689997673 0.93150001764297 0
vt 0.5110689997673 0.90834301710129 0
vt 0.5110689997673 0.87436097860336 0
vt 0.51302599906921 0.4186589717865 0
vt 0.50005698204041 0.40411901473999 0
vt 0.51793497800827 0.43177402019501 0
vt 0.49963399767876 0.46387195587158 0
vt 0.51986598968506 0.46356296539307 0
vt 0.52050399780273 0.49422705173492 0
vt 0.50041401386261 0.49431896209717 0
vt 0.50009799003601 0.50251597166061 0
vt 0.50023502111435 0.5110530257225 0
vt 0.54559999704361 0.49645900726318 0
vt 0.54559999704361 0.46174097061157 0
vt 0.54559999704361 0.4264360666275 0
vt 0.54559999704361 0.4124950170517 0
vt 0.54559999704361 0.40411901473999 0
vt 0.85278499126434 0.89277797937393 0
vt 0.40061900019646 0.43426299095154 0
vt 0.39903900027275 0.46840107440948 0
vt 0.40099400281906 0.41851997375488 0
vt 0.40415200591087 0.40411901473999 0
vt 0.92772799730301 0.95839202404022 0
vt 0.368528008461 0.59858602285385 0
vt 0.90476602315903 0.95892000198364 0
vt 0.90570902824402 0.96717399358749 0
vt 0.90482401847839 0.96022301912308 0
vt 0.90022999048233 0.97130298614502 0
vt 0.88374400138855 0.9698920249939 0
vt 0.88697797060013 0.97466099262238 0
vt 0.88275402784348 0.96843302249908 0
vt 0.8641049861908 0.89277797937393 0
vt 0.87988197803497 0.93639802932739 0
vt 0.88068300485611 0.93884599208832 0
vt 0.98224800825119 0.91442799568176 0
vt 0.98307198286057 0.9050350189209 0
vt 0.90646702051163 0.89277797937393 0
vt 0.88243299722672 0.89277797937393 0
vt 0.91929602622986 0.89277797937393 0
vt 0.93406999111176 0.89277797937393 0
vt 0.94727998971939 0.89277797937393 0
vt 0.96160399913788 0.89277797937393 0
vt 0.97048401832581 0.89277797937393 0
vt 0.98100799322128 0.89277797937393 0
vt 0.9826740026474 0.92139798402786 0
vt 0.96840798854828 0.92463201284409 0
vt 0.95333099365234 0.93094897270203 0
vt 0.94606500864029 0.92841398715973 0
vt 0.93060398101807 0.92426598072052 0
vt 0.9162979722023 0.92519497871399 0
vt 0.90611100196838 0.92699199914932 0
vt 0.89170700311661 0.93326300382614 0
vt 0.94531899690628 0.93050402402878 0
vt 0.952427983284 0.93325400352478 0
vt 0.93039500713348 0.92646700143814 0
vt 0.91622799634933 0.92746299505234 0
vt 0.90586000680923 0.92935699224472 0
vt 0.89197099208832 0.93540298938751 0
vt 0.93198698759079 0.97358101606369 0
vt 0.85579597949982 0.98167502880096 0
vt 0.85826599597931 0.98809999227524 0
vt 0.85294502973557 0.97391897439957 0
vt 0.85519897937775 0.98005002737045 0
vt 0.91445302963257 0.95864301919937 0
vt 0.91378402709961 0.96778398752213 0
vt 0.91236799955368 0.97461497783661 0
vt 0.87824499607086 0.98325997591019 0
vt 0.8752110004425 0.976213991642 0
vt 0.87435901165009 0.97462099790573 0
vt 0.91569900512695 0.95976501703262 0
vt 0.91427797079086 0.96000701189041 0
vt 0.93932700157166 0.95047599077225 0
vt 0.9281650185585 0.94753098487854 0
vt 0.91573202610016 0.94814097881317 0
vt 0.90445899963379 0.94979500770569 0
vt 0.89427000284195 0.95192801952362 0
vt 0.88719701766968 0.95658200979233 0
vt 0.87844997644424 0.96043699979782 0
vt 0.86937701702118 0.96530699729919 0
vt 0.85899901390076 0.96976697444916 0
vt 0.85179001092911 0.97227001190186 0
vt 0.9456239938736 0.95408701896667 0
vt 0.85847598314285 0.84044599533081 0
vt 0.93239998817444 0.85772502422333 0
vt 0.93929898738861 0.85722601413727 0
vt 0.93098199367523 0.85782700777054 0
vt 0.92044502496719 0.85349398851395 0
vt 0.91932100057602 0.85238701105118 0
vt 0.91058802604675 0.84378701448441 0
vt 0.90952301025391 0.84273898601532 0
vt 0.85838901996613 0.81995499134064 0
vt 0.85212898254395 0.82393997907639 0
vt 0.94542402029037 0.84189701080322 0
vt 0.93845200538635 0.83924198150635 0
vt 0.9283139705658 0.83454900979996 0
vt 0.91942298412323 0.82936602830887 0
vt 0.91040301322937 0.82524102926254 0
vt 0.90350997447968 0.82049000263214 0
vt 0.89310598373413 0.8184130191803 0
vt 0.88179701566696 0.81694602966309 0
vt 0.86942100524902 0.81659001111984 0
vt 0.32783699035645 0.73683202266693 0
vt 0.32724300026894 0.72695499658585 0
vt 0.31946700811386 0.72747099399567 0
vt 0.3198310136795 0.73787301778793 0
vt 0.28477600216866 0.73270398378372 0
vt 0.29646399617195 0.7362539768219 0
vt 0.29564300179482 0.72580397129059 0
vt 0.28599500656128 0.72489500045776 0
vt 0.28762000799179 0.70615297555923 0
vt 0.29670798778534 0.70710802078247 0
vt 0.29760700464249 0.69807100296021 0
vt 0.28796699643135 0.69807100296021 0
vt 0.32657399773598 0.69807100296021 0
vt 0.31906500458717 0.69807100296021 0
vt 0.31890800595284 0.70873302221298 0
vt 0.32622599601746 0.70820099115372 0
vt 0.34030699729919 0.69807100296021 0
vt 0.33316099643707 0.69807100296021 0
vt 0.33290600776672 0.70675098896027 0
vt 0.33996400237083 0.70458400249481 0
vt 0.34171199798584 0.73128300905228 0
vt 0.34060099720955 0.72324198484421 0
vt 0.33362901210785 0.72545200586319 0
vt 0.33444601297379 0.73437702655792 0
vt 0.311792999506 0.70806699991226 0
vt 0.31196999549866 0.69807100296021 0
vt 0.30516400933266 0.69807100296021 0
vt 0.30436599254608 0.70812499523163 0
vt 0.3120020031929 0.73784697055817 0
vt 0.31186899542809 0.726881980896 0
vt 0.30381301045418 0.72681498527527 0
vt 0.30446401238441 0.73768097162247 0
vt 0.33292999863625 0.71630901098251 0
vt 0.33994200825691 0.7138620018959 0
vt 0.31902199983597 0.71846300363541 0
vt 0.32644501328468 0.71797502040863 0
vt 0.311832010746 0.71779501438141 0
vt 0.30419400334358 0.7177659869194 0
vt 0.28708899021149 0.71571201086044 0
vt 0.29635000228882 0.71672999858856 0
vt 0.55194002389908 0.75979000329971 0
vt 0.55110502243042 0.74421101808548 0
vt 0.53483998775482 0.7452620267868 0
vt 0.53421801328659 0.76012897491455 0
vt 0.55290198326111 0.80817002058029 0
vt 0.53284800052643 0.80298602581024 0
vt 0.53934699296951 0.8405510187149 0
vt 0.55632102489471 0.83904498815536 0
vt 0.62079000473022 0.80164301395416 0
vt 0.59450900554657 0.80766201019287 0
vt 0.59574699401855 0.83873599767685 0
vt 0.62108498811722 0.84205800294876 0
vt 0.59158802032471 0.75983899831772 0
vt 0.61963599920273 0.7588739991188 0
vt 0.62023901939392 0.74369299411774 0
vt 0.59076201915741 0.74427700042725 0
vt 0.59223002195358 0.727235019207 0
vt 0.620609998703 0.72605502605438 0
vt 0.62098097801208 0.70841699838638 0
vt 0.59369701147079 0.71019399166107 0
vt 0.53673201799393 0.72773200273514 0
vt 0.5529620051384 0.72810798883438 0
vt 0.55481797456741 0.71200400590897 0
vt 0.53862398862839 0.71020299196243 0
vt 0.61991101503372 0.78784900903702 0
vt 0.61903202533722 0.77405500411987 0
vt 0.59241497516632 0.77539998292923 0
vt 0.59346199035645 0.79153102636337 0
vt 0.55283802747726 0.79176998138428 0
vt 0.55277502536774 0.77536898851395 0
vt 0.5335950255394 0.77499502897263 0
vt 0.53322100639343 0.78899097442627 0
vt 0.57259601354599 0.72767102718353 0
vt 0.57425802946091 0.71109902858734 0
vt 0.57176399230957 0.75981402397156 0
vt 0.57093399763107 0.74424397945404 0
vt 0.57259500026703 0.77538502216339 0
vt 0.57314997911453 0.79164999723434 0
vt 0.57370501756668 0.80791598558426 0
vt 0.57603400945663 0.83889001607895 0
vt 0.62827998399734 0.78801602125168 0
vt 0.62784099578857 0.77436298131943 0
vt 0.62815797328949 0.75858598947525 0
vt 0.62847501039505 0.74281001091003 0
vt 0.62866902351379 0.72562497854233 0
vt 0.62886399030685 0.70843899250031 0
vt 0.6210880279541 0.70222002267838 0
vt 0.59613102674484 0.70311599969864 0
vt 0.52243000268936 0.70840102434158 0
vt 0.5147830247879 0.70845597982407 0
vt 0.51377201080322 0.72623598575592 0
vt 0.52050197124481 0.72735697031021 0
vt 0.51857501268387 0.74631297588348 0
vt 0.5127620100975 0.74401599168777 0
vt 0.51166999340057 0.75933802127838 0
vt 0.51649498939514 0.76046699285507 0
vt 0.51441502571106 0.77462100982666 0
vt 0.51057797670364 0.77465999126434 0
vt 0.51016497612 0.78784602880478 0
vt 0.51360499858856 0.78621202707291 0
vt 0.51279401779175 0.79780197143555 0
vt 0.50975102186203 0.80103302001953 0
vt 0.51475197076797 0.84205800294876 0
vt 0.52237397432327 0.84205800294876 0
vt 0.53980898857117 0.84837102890015 0
vt 0.55725800991058 0.84758102893829 0
vt 0.57721698284149 0.84750002622604 0
vt 0.59717702865601 0.84741902351379 0
vt 0.55647599697113 0.70400899648666 0
vt 0.53943598270416 0.70306497812271 0
vt 0.57630300521851 0.70356297492981 0
vt 0.62109899520874 0.84916299581528 0
vt 0.62871897220612 0.80166900157928 0
vt 0.62919002771378 0.84205800294876 0
vt 0.5223600268364 0.849161028862 0
vt 0.28320300579071 0.73978400230408 0
vt 0.29716300964355 0.74580699205399 0
vt 0.31215199828148 0.74842399358749 0
vt 0.30505600571632 0.74803197383881 0
vt 0.32853299379349 0.74577897787094 0
vt 0.32027399539948 0.74769997596741 0
vt 0.34322801232338 0.73861002922058 0
vt 0.33563101291656 0.74271100759506 0
vt 0.52239602804184 0.7021210193634 0
vt 0.31913501024246 0.66374498605728 0
vt 0.32667198777199 0.66407400369644 0
vt 0.32695698738098 0.65451699495316 0
vt 0.31926101446152 0.65366297960281 0
vt 0.2961620092392 0.66559898853302 0
vt 0.29694199562073 0.65554302930832 0
vt 0.28583699464798 0.65905600786209 0
vt 0.28699201345444 0.66647702455521 0
vt 0.29778900742531 0.69303101301193 0
vt 0.29710298776627 0.68373501300812 0
vt 0.28836101293564 0.68422502279282 0
vt 0.28818500041962 0.69303101301193 0
vt 0.31889998912811 0.68211400508881 0
vt 0.31921800971031 0.69303101301193 0
vt 0.32668900489807 0.69303101301193 0
vt 0.32611298561096 0.68237501382828 0
vt 0.33273300528526 0.68354099988937 0
vt 0.33325201272964 0.69303101301193 0
vt 0.34044501185417 0.69303101301193 0
vt 0.33976900577545 0.6854140162468 0
vt 0.33291301131248 0.66534399986267 0
vt 0.33971199393272 0.66723901033401 0
vt 0.3403599858284 0.65945500135422 0
vt 0.33335798978806 0.65672200918198 0
vt 0.30535000562668 0.69303101301193 0
vt 0.31215101480484 0.69303101301193 0
vt 0.31191200017929 0.68295300006866 0
vt 0.30460700392723 0.68291801214218 0
vt 0.30402898788452 0.66458797454834 0
vt 0.31180998682976 0.66443902254105 0
vt 0.31177899241447 0.65381300449371 0
vt 0.30458199977875 0.65407902002335 0
vt 0.33250200748444 0.67423397302628 0
vt 0.33938100934029 0.67637497186661 0
vt 0.31887298822403 0.67255300283432 0
vt 0.32612401247025 0.67282700538635 0
vt 0.31187099218369 0.67334198951721 0
vt 0.30442601442337 0.67342400550842 0
vt 0.29682898521423 0.6743860244751 0
vt 0.2880049943924 0.67524397373199 0
vt 0.47312098741531 0.7452620267868 0
vt 0.45685601234436 0.74421101808548 0
vt 0.4560210108757 0.75979000329971 0
vt 0.47374299168587 0.76012897491455 0
vt 0.46861401200294 0.8405510187149 0
vt 0.47511300444603 0.80298602581024 0
vt 0.45505899190903 0.80817002058029 0
vt 0.45164000988007 0.83904498815536 0
vt 0.4122140109539 0.83873599767685 0
vt 0.41345199942589 0.80766201019287 0
vt 0.38717100024223 0.80164301395416 0
vt 0.38687598705292 0.84205800294876 0
vt 0.38772198557854 0.74369299411774 0
vt 0.38832500576973 0.7588739991188 0
vt 0.41637301445007 0.75983899831772 0
vt 0.41719898581505 0.74427700042725 0
vt 0.38697999715805 0.70841699838638 0
vt 0.38735100626945 0.72605502605438 0
vt 0.4157310128212 0.727235019207 0
vt 0.41426399350166 0.71019399166107 0
vt 0.45314300060272 0.71200400590897 0
vt 0.45499899983406 0.72810798883438 0
vt 0.47122898697853 0.72773200273514 0
vt 0.46933698654175 0.71020299196243 0
vt 0.41554600000381 0.77539998292923 0
vt 0.38892900943756 0.77405500411987 0
vt 0.38804998993874 0.78784900903702 0
vt 0.41449901461601 0.79153102636337 0
vt 0.47436600923538 0.77499502897263 0
vt 0.45518600940704 0.77536898851395 0
vt 0.45512300729752 0.79176998138428 0
vt 0.47473999857903 0.78899097442627 0
vt 0.43536499142647 0.72767102718353 0
vt 0.43370300531387 0.71109902858734 0
vt 0.43619701266289 0.75981402397156 0
vt 0.43702700734138 0.74424397945404 0
vt 0.43536600470543 0.77538502216339 0
vt 0.4348109960556 0.79164999723434 0
vt 0.43192699551582 0.83889001607895 0
vt 0.43425598740578 0.80791598558426 0
vt 0.38012000918388 0.77436298131943 0
vt 0.37968099117279 0.78801602125168 0
vt 0.37948599457741 0.74281001091003 0
vt 0.37980300188065 0.75858598947525 0
vt 0.3790970146656 0.70843899250031 0
vt 0.37929201126099 0.72562497854233 0
vt 0.41183000802994 0.70311599969864 0
vt 0.38687300682068 0.70222002267838 0
vt 0.49418899416924 0.72623598575592 0
vt 0.49317800998688 0.70845597982407 0
vt 0.4855310022831 0.70840102434158 0
vt 0.48745900392532 0.72735697031021 0
vt 0.49629101157188 0.75933802127838 0
vt 0.49519899487495 0.74401599168777 0
vt 0.48938599228859 0.74631297588348 0
vt 0.49146598577499 0.76046699285507 0
vt 0.49779599905014 0.78784602880478 0
vt 0.49738299846649 0.77465999126434 0
vt 0.49354600906372 0.77462100982666 0
vt 0.49435698986053 0.78621202707291 0
vt 0.49320900440216 0.84205800294876 0
vt 0.49821001291275 0.80103302001953 0
vt 0.49516698718071 0.79780197143555 0
vt 0.48558700084686 0.84205800294876 0
vt 0.45070400834084 0.84758102893829 0
vt 0.46815198659897 0.84837102890015 0
vt 0.41078400611877 0.84741902351379 0
vt 0.43074399232864 0.84750002622604 0
vt 0.46852499246597 0.70306497812271 0
vt 0.45148500800133 0.70400899648666 0
vt 0.43165799975395 0.70356297492981 0
vt 0.38686200976372 0.84916299581528 0
vt 0.37924200296402 0.80166900157928 0
vt 0.378771007061 0.84205800294876 0
vt 0.48560100793838 0.849161028862 0
vt 0.29756098985672 0.64639502763748 0
vt 0.28427401185036 0.6523540019989 0
vt 0.31174600124359 0.64371901750565 0
vt 0.30503898859024 0.6441890001297 0
vt 0.32738998532295 0.64594101905823 0
vt 0.31947100162506 0.6442499756813 0
vt 0.34154599905014 0.65249401330948 0
vt 0.33424299955368 0.64876800775528 0
vt 0.48556500673294 0.7021210193634 0
vt 0.78293198347092 0.03736102581024 0
vt 0.79083698987961 0.01012098789215 0
vt 0.77542197704315 0.01012098789215 0
vt 0.76260298490524 0.03913307189941 0
vt 0.81961899995804 0.03930807113647 0
vt 0.84407097101212 0.0386780500412 0
vt 0.84407097101212 0.01012098789215 0
vt 0.81663197278976 0.01012098789215 0
vt 0.58668899536133 0.0538250207901 0
vt 0.60781598091125 0.0511120557785 0
vt 0.60336601734161 0.01012098789215 0
vt 0.58668899536133 0.01012098789215 0
vt 0.68929499387741 0.04646003246307 0
vt 0.71436601877213 0.04531502723694 0
vt 0.72039997577667 0.01012098789215 0
vt 0.68997699022293 0.01012098789215 0
vt 0.7226539850235 0.18149101734161 0
vt 0.7384290099144 0.17964506149292 0
vt 0.73576897382736 0.16971302032471 0
vt 0.7199530005455 0.17190003395081 0
vt 0.70053201913834 0.18181908130646 0
vt 0.69989901781082 0.17596697807312 0
vt 0.68555498123169 0.18286001682281 0
vt 0.6844909787178 0.17650198936462 0
vt 0.66155499219894 0.18108105659485 0
vt 0.66255402565002 0.18703901767731 0
vt 0.60140401124954 0.1960860490799 0
vt 0.63312500715256 0.19092404842377 0
vt 0.63302999734879 0.18520700931549 0
vt 0.60140401124954 0.18838596343994 0
vt 0.77201700210571 0.17711997032166 0
vt 0.78278797864914 0.17786407470703 0
vt 0.78364300727844 0.16591000556946 0
vt 0.77048999071121 0.16615700721741 0
vt 0.62934100627899 0.08490705490112 0
vt 0.65800499916077 0.08176100254059 0
vt 0.65852099657059 0.04710805416107 0
vt 0.6281989812851 0.04863297939301 0
vt 0.60802102088928 0.0877799987793 0
vt 0.58668899536133 0.09086406230927 0
vt 0.58668899536133 0.13101196289062 0
vt 0.60747498273849 0.12101101875305 0
vt 0.7970409989357 0.08059298992157 0
vt 0.77869802713394 0.07891297340393 0
vt 0.77656799554825 0.11342906951904 0
vt 0.79445999860764 0.11469602584839 0
vt 0.65935099124908 0.01012098789215 0
vt 0.6242910027504 0.01012098789215 0
vt 0.75450998544693 0.1458740234375 0
vt 0.74200797080994 0.14164006710052 0
vt 0.75209701061249 0.16450107097626 0
vt 0.78434300422668 0.15070998668671 0
vt 0.77124601602554 0.15049505233765 0
vt 0.81296998262405 0.11829507350922 0
vt 0.84407097101212 0.13716900348663 0
vt 0.84407097101212 0.08291804790497 0
vt 0.81554698944092 0.0825480222702 0
vt 0.75465697050095 0.14172804355621 0
vt 0.74266201257706 0.13917803764343 0
vt 0.73148202896118 0.14247500896454 0
vt 0.73067200183868 0.13511598110199 0
vt 0.70763897895813 0.13889896869659 0
vt 0.71059101819992 0.14567899703979 0
vt 0.78569000959396 0.14560806751251 0
vt 0.773413002491 0.14465403556824 0
vt 0.70159202814102 0.15553605556488 0
vt 0.68382602930069 0.15549802780151 0
vt 0.66051298379898 0.15358805656433 0
vt 0.63400501012802 0.15646207332611 0
vt 0.63306099176407 0.15940606594086 0
vt 0.65943199396133 0.15604507923126 0
vt 0.60784298181534 0.15899097919464 0
vt 0.60462701320648 0.16157197952271 0
vt 0.82944697141647 0.18845796585083 0
vt 0.83008599281311 0.18234002590179 0
vt 0.80378597974777 0.17133104801178 0
vt 0.80265098810196 0.17625403404236 0
vt 0.95899599790573 0.43519604206085 0
vt 0.96917802095413 0.4264349937439 0
vt 0.9587630033493 0.41356301307678 0
vt 0.94858402013779 0.42118096351624 0
vt 0.96397298574448 0.5399249792099 0
vt 0.95550400018692 0.55749398469925 0
vt 0.97077697515488 0.56496798992157 0
vt 0.9790940284729 0.54761600494385 0
vt 0.93829602003098 0.54915297031403 0
vt 0.94908499717712 0.52999800443649 0
vt 0.93270599842072 0.43203103542328 0
vt 0.94469499588013 0.44828796386719 0
vt 0.95213997364044 0.44128406047821 0
vt 0.94076299667358 0.42670202255249 0
vt 0.91731399297714 0.50234198570251 0
vt 0.9271969795227 0.50040102005005 0
vt 0.925665974617 0.49231803417206 0
vt 0.91671597957611 0.49193501472473 0
vt 0.91867297887802 0.47334504127502 0
vt 0.93423897027969 0.46991300582886 0
vt 0.92268800735474 0.45975005626678 0
vt 0.92280197143555 0.52618598937988 0
vt 0.91904598474503 0.54094702005386 0
vt 0.93548101186752 0.51277202367783 0
vt 0.9210489988327 0.51381701231003 0
vt 0.91553199291229 0.44207501411438 0
vt 0.8960930109024 0.49913096427917 0
vt 0.90731000900269 0.50169998407364 0
vt 0.90726798772812 0.49203395843506 0
vt 0.89629298448563 0.49231100082397 0
vt 0.89398300647736 0.47261703014374 0
vt 0.895339012146 0.47934305667877 0
vt 0.90692299604416 0.47565197944641 0
vt 0.90591597557068 0.4673889875412 0
vt 0.88407301902771 0.46504402160645 0
vt 0.89835500717163 0.45295405387878 0
vt 0.89397197961807 0.51292300224304 0
vt 0.88533002138138 0.52083402872086 0
vt 0.90088200569153 0.5322750210762 0
vt 0.9045529961586 0.52173799276352 0
vt 0.89514899253845 0.50483399629593 0
vt 0.90600401163101 0.51150101423264 0
vt 0.89042299985886 0.49817299842834 0
vt 0.89033597707748 0.49262201786041 0
vt 0.89630299806595 0.48596203327179 0
vt 0.89043200016022 0.48679995536804 0
vt 0.87539702653885 0.49244606494904 0
vt 0.8762030005455 0.49915206432343 0
vt 0.88437098264694 0.49776303768158 0
vt 0.88400000333786 0.49290704727173 0
vt 0.87553697824478 0.48574304580688 0
vt 0.88417798280716 0.48705697059631 0
vt 0.89094597101212 0.48093795776367 0
vt 0.87733799219131 0.47821795940399 0
vt 0.8860729932785 0.4814270734787 0
vt 0.89105802774429 0.50342899560928 0
vt 0.87828302383423 0.50747698545456 0
vt 0.88647997379303 0.50308400392532 0
vt 0.98310601711273 0.51833099126816 0
vt 0.98939299583435 0.50248497724533 0
vt 0.9469850063324 0.50376498699188 0
vt 0.95279198884964 0.5203920006752 0
vt 0.9899970293045 0.48409795761108 0
vt 0.98876398801804 0.46575999259949 0
vt 0.94917100667953 0.46703600883484 0
vt 0.94558602571487 0.48546397686005 0
vt 0.98613601922989 0.45609998703003 0
vt 0.95472598075867 0.45034503936768 0
vt 0.97795802354813 0.52719002962112 0
vt 0.95898598432541 0.52715599536896 0
vt 0.97344297170639 0.5299299955368 0
vt 0.96394997835159 0.53007000684738 0
vt 0.9812039732933 0.44760203361511 0
vt 0.96882599592209 0.4436000585556 0
vt 0.91783201694489 0.48249006271362 0
vt 0.92860597372055 0.48239207267761 0
vt 0.90733301639557 0.48355495929718 0
vt 0.73927199840546 0.04191899299622 0
vt 0.75244599580765 0.01012098789215 0
vt 0.70729798078537 0.10770106315613 0
vt 0.72940701246262 0.10836601257324 0
vt 0.73263299465179 0.07949197292328 0
vt 0.70980000495911 0.08015704154968 0
vt 0.68635898828506 0.08061003684998 0
vt 0.68561202287674 0.11033797264099 0
vt 0.69915097951889 0.15312898159027 0
vt 0.68421500921249 0.15338397026062 0
vt 0.80150401592255 0.0376650094986 0
vt 0.80373400449753 0.01012098789215 0
vt 0.81100797653198 0.14320397377014 0
vt 0.81134802103043 0.14730298519135 0
vt 0.8386999964714 0.15410506725311 0
vt 0.83908998966217 0.15155005455017 0
vt 0.85410702228546 0.15802299976349 0
vt 0.85554301738739 0.15611898899078 0
vt 0.86099100112915 0.16757702827454 0
vt 0.8340950012207 0.16654801368713 0
vt 0.80489701032639 0.15700197219849 0
vt 0.86350798606873 0.16499400138855 0
vt 0.63367801904678 0.14657306671143 0
vt 0.60517299175262 0.14587903022766 0
vt 0.61105799674988 0.15641105175018 0
vt 0.63499599695206 0.15347707271576 0
vt 0.77604800462723 0.13801002502441 0
vt 0.78775000572205 0.13988602161407 0
vt 0.7931290268898 0.13313901424408 0
vt 0.77680999040604 0.13323497772217 0
vt 0.74797397851944 0.13467001914978 0
vt 0.75499898195267 0.13771498203278 0
vt 0.75627899169922 0.07981204986572 0
vt 0.75275802612305 0.11264300346375 0
vt 0.65920299291611 0.11239397525787 0
vt 0.70544201135635 0.13434505462646 0
vt 0.6865000128746 0.14323604106903 0
vt 0.68463200330734 0.15126299858093 0
vt 0.69658899307251 0.1508229970932 0
vt 0.66193199157715 0.14336407184601 0
vt 0.6616849899292 0.15097200870514 0
vt 0.63057202100754 0.11639297008514 0
vt 0.75551998615265 0.17405998706818 0
vt 0.85429799556732 0.18853199481964 0
vt 0.85429799556732 0.19461297988892 0
vt 0.73934102058411 0.18686604499817 0
vt 0.72324997186661 0.18879806995392 0
vt 0.72323900461197 0.19491505622864 0
vt 0.73979502916336 0.19251596927643 0
vt 0.70108300447464 0.18772196769714 0
vt 0.70358997583389 0.200728058815 0
vt 0.66367101669312 0.19319796562195 0
vt 0.66339802742004 0.20974206924438 0
vt 0.68441599607468 0.20669603347778 0
vt 0.68678802251816 0.18930602073669 0
vt 0.60140401124954 0.20378601551056 0
vt 0.60140401124954 0.21270906925201 0
vt 0.63042598962784 0.21109998226166 0
vt 0.63333797454834 0.19689798355103 0
vt 0.80149698257446 0.1818870306015 0
vt 0.80408400297165 0.19485807418823 0
vt 0.82676500082016 0.19983899593353 0
vt 0.82847797870636 0.19518804550171 0
vt 0.78950202465057 0.19723701477051 0
vt 0.78244298696518 0.18707299232483 0
vt 0.77342402935028 0.18600296974182 0
vt 0.77606600522995 0.19659101963043 0
vt 0.75936698913574 0.19262504577637 0
vt 0.85429799556732 0.2079119682312 0
vt 0.85429799556732 0.2006950378418 0
vt 0.7061830163002 0.23564207553864 0
vt 0.68887597322464 0.24145805835724 0
vt 0.77538299560547 0.21823799610138 0
vt 0.75901299715042 0.21661102771759 0
vt 0.65826398134232 0.23345696926117 0
vt 0.62854498624802 0.22776699066162 0
vt 0.79169499874115 0.21714305877686 0
vt 0.82291197776794 0.2131769657135 0
vt 0.85429799556732 0.21771204471588 0
vt 0.76687300205231 0.32525897026062 0
vt 0.7663009762764 0.35310900211334 0
vt 0.78117299079895 0.35261797904968 0
vt 0.78135299682617 0.32239699363708 0
vt 0.83061897754669 0.35754203796387 0
vt 0.85429799556732 0.35889101028442 0
vt 0.85429799556732 0.33011496067047 0
vt 0.83007699251175 0.32581901550293 0
vt 0.60140401124954 0.36231601238251 0
vt 0.62923800945282 0.36131000518799 0
vt 0.62740302085876 0.33109700679779 0
vt 0.60140401124954 0.3318430185318 0
vt 0.72589802742004 0.22689604759216 0
vt 0.74468398094177 0.22060406208038 0
vt 0.75163197517395 0.32713401317596 0
vt 0.75284498929977 0.35376799106598 0
vt 0.81278598308563 0.32235395908356 0
vt 0.81441897153854 0.35528898239136 0
vt 0.79821300506592 0.35306704044342 0
vt 0.79725700616837 0.32039797306061 0
vt 0.66176497936249 0.36022305488586 0
vt 0.65882098674774 0.33116602897644 0
vt 0.68840402364731 0.32785701751709 0
vt 0.69056898355484 0.35565996170044 0
vt 0.71699202060699 0.35811102390289 0
vt 0.73571699857712 0.35553097724915 0
vt 0.7332090139389 0.32747602462769 0
vt 0.71446001529694 0.32785701751709 0
vt 0.60140401124954 0.22121000289917 0
vt 0.8074460029602 0.21455001831055 0
vt 0.60140401124954 0.39173901081085 0
vt 0.63677000999451 0.39173901081085 0
vt 0.82069498300552 0.39173901081085 0
vt 0.85429799556732 0.39173901081085 0
vt 0.76379597187042 0.39173901081085 0
vt 0.78814601898193 0.39173901081085 0
vt 0.69735598564148 0.39173901081085 0
vt 0.72612297534943 0.39173901081085 0
vt 0.74901801347733 0.39173901081085 0
vt 0.80442100763321 0.39173901081085 0
vt 0.66818398237228 0.39173901081085 0
vt 0.81014102697372 0.13726401329041 0
vt 0.83949798345566 0.1489030122757 0
vt 0.58668899536133 0.14027106761932 0
vt 0.72773897647858 0.12855696678162 0
vt 0.85429799556732 0.25476503372192 0
vt 0.85429799556732 0.23046600818634 0
vt 0.82668799161911 0.23015797138214 0
vt 0.82909846305847 0.2567355632782 0
vt 0.8094180226326 0.23104798793793 0
vt 0.81087398529053 0.25688207149506 0
vt 0.77814948558807 0.26060104370117 0
vt 0.79457050561905 0.25873756408691 0
vt 0.7931370139122 0.23317897319794 0
vt 0.7764949798584 0.23462808132172 0
vt 0.76167649030685 0.26127946376801 0
vt 0.75982600450516 0.2343670129776 0
vt 0.74681550264359 0.26317501068115 0
vt 0.74517899751663 0.23735702037811 0
vt 0.72666501998901 0.24349105358124 0
vt 0.72843146324158 0.26785349845886 0
vt 0.70820099115372 0.25046801567078 0
vt 0.71001696586609 0.27199804782867 0
vt 0.68963700532913 0.25350296497345 0
vt 0.68944448232651 0.27350401878357 0
vt 0.65732401609421 0.24913096427917 0
vt 0.65683698654175 0.27266049385071 0
vt 0.62605547904968 0.26911401748657 0
vt 0.62713098526001 0.24397397041321 0
vt 0.60140401124954 0.23376405239105 0
vt 0.60140401124954 0.25768005847931 0
vt 0.75772899389267 0.18065202236176 0
vt 0.79093098640442 0.17898106575012 0
vt 0.79336202144623 0.16781604290009 0
vt 0.795185983181 0.15464401245117 0
vt 0.79619801044464 0.15002405643463 0
vt 0.80153697729111 0.14765000343323 0
vt 0.79050302505493 0.1829069852829 0
vt 0.79165297746658 0.18557798862457 0
vt 0.78195697069168 0.18457198143005 0
vt 0.77335697412491 0.18378806114197 0
vt 0.9175900220871 0.5441529750824 0
vt 0.93685799837112 0.55294799804688 0
vt 0.95391798019409 0.5606170296669 0
vt 0.96908897161484 0.56805002689362 0
vt 0.95678400993347 0.41122007369995 0
vt 0.94691002368927 0.41850996017456 0
vt 0.9313970208168 0.42850804328918 0
vt 0.93886500597 0.42397701740265 0
vt 0.91367799043655 0.43898499011993 0
vt 0.89645898342133 0.4503870010376 0
vt 0.88034397363663 0.46179699897766 0
vt 0.87288898229599 0.47351801395416 0
vt 0.86936402320862 0.4820339679718 0
vt 0.86844801902771 0.49210906028748 0
vt 0.86939197778702 0.5033370256424 0
vt 0.87374001741409 0.51317900419235 0
vt 0.88302999734879 0.52247697114944 0
vt 0.89964801073074 0.53454297780991 0
vt 0.74934649467468 0.29840004444122 0
vt 0.76438599824905 0.29703605175018 0
vt 0.78005945682526 0.29529356956482 0
vt 0.79614001512527 0.29333698749542 0
vt 0.83026945590973 0.29565405845642 0
vt 0.81241351366043 0.29271054267883 0
vt 0.85429799556732 0.2995765209198 0
vt 0.62696945667267 0.30377900600433 0
vt 0.60140401124954 0.30178546905518 0
vt 0.6574045419693 0.30465948581696 0
vt 0.68883204460144 0.30243158340454 0
vt 0.71239948272705 0.30202901363373 0
vt 0.73086500167847 0.30057299137115 0
vt 0.79724502563477 0.14493501186371 0
vt 0.8660249710083 0.16241204738617 0
vt 0.85714000463486 0.15398001670837 0
vt 0.96888899803162 0.53143101930618 0
vt 0.36281299591064 0.01012098789215 0
vt 0.34739699959755 0.01012098789215 0
vt 0.3553149998188 0.03736305236816 0
vt 0.37564599514008 0.03913903236389 0
vt 0.29416298866272 0.01012098789215 0
vt 0.29416298866272 0.0386780500412 0
vt 0.31861901283264 0.03930699825287 0
vt 0.32160198688507 0.01012098789215 0
vt 0.53486800193787 0.01012098789215 0
vt 0.53042101860046 0.05111598968506 0
vt 0.55154502391815 0.0538250207901 0
vt 0.55154502391815 0.01012098789215 0
vt 0.41783401370049 0.01012098789215 0
vt 0.42388200759888 0.04532897472382 0
vt 0.44894999265671 0.04647302627563 0
vt 0.44825699925423 0.01012098789215 0
vt 0.4025200009346 0.16978597640991 0
vt 0.39985200762749 0.17971301078796 0
vt 0.41563200950623 0.18155896663666 0
vt 0.41833800077438 0.17197096347809 0
vt 0.43775600194931 0.1818779706955 0
vt 0.43838900327682 0.17602801322937 0
vt 0.4767099916935 0.18111097812653 0
vt 0.4537889957428 0.17655098438263 0
vt 0.45272600650787 0.1829080581665 0
vt 0.4757120013237 0.18706905841827 0
vt 0.50522100925446 0.18521702289581 0
vt 0.50512802600861 0.19093406200409 0
vt 0.53683000802994 0.1960860490799 0
vt 0.53683000802994 0.18838596343994 0
vt 0.35459700226784 0.16596400737762 0
vt 0.35544300079346 0.17790997028351 0
vt 0.36622801423073 0.17717504501343 0
vt 0.36776700615883 0.16621899604797 0
vt 0.47972100973129 0.04711806774139 0
vt 0.48024299740791 0.08177804946899 0
vt 0.50890100002289 0.08491599559784 0
vt 0.5100399851799 0.04864001274109 0
vt 0.55154502391815 0.13101196289062 0
vt 0.55154502391815 0.09086406230927 0
vt 0.5302169919014 0.08778500556946 0
vt 0.53076201677322 0.1210150718689 0
vt 0.36170798540115 0.1134660243988 0
vt 0.35956698656082 0.07892799377441 0
vt 0.3412150144577 0.08060204982758 0
vt 0.34380298852921 0.11471998691559 0
vt 0.47888299822807 0.01012098789215 0
vt 0.51394301652908 0.01012098789215 0
vt 0.39630401134491 0.14172303676605 0
vt 0.38378700613976 0.14594697952271 0
vt 0.3861840069294 0.16457200050354 0
vt 0.36702701449394 0.15056002140045 0
vt 0.35390999913216 0.15076804161072 0
vt 0.29416298866272 0.08291804790497 0
vt 0.29416298866272 0.13716900348663 0
vt 0.32528001070023 0.11830699443817 0
vt 0.32269901037216 0.08255207538605 0
vt 0.39564999938011 0.13926005363464 0
vt 0.38364198803902 0.14180099964142 0
vt 0.43065899610519 0.13896703720093 0
vt 0.40763598680496 0.13519299030304 0
vt 0.40682598948479 0.14255404472351 0
vt 0.42770901322365 0.14575207233429 0
vt 0.36486199498177 0.14471697807312 0
vt 0.35256600379944 0.145663022995 0
vt 0.43669998645782 0.15560400485992 0
vt 0.45445200800896 0.15554797649384 0
vt 0.50518202781677 0.15941107273102 0
vt 0.50423800945282 0.15646803379059 0
vt 0.4777449965477 0.15361702442169 0
vt 0.47882598638535 0.15606796741486 0
vt 0.5303909778595 0.15899097919464 0
vt 0.533607006073 0.16157197952271 0
vt 0.33443900942802 0.17135500907898 0
vt 0.30813899636269 0.18234300613403 0
vt 0.3087759912014 0.18845999240875 0
vt 0.33557099103928 0.17627596855164 0
vt 0.95892399549484 0.3620730638504 0
vt 0.96935200691223 0.34926104545593 0
vt 0.95922100543976 0.34048902988434 0
vt 0.94886201620102 0.35452604293823 0
vt 0.97105801105499 0.21074402332306 0
vt 0.95578300952911 0.21821308135986 0
vt 0.96424901485443 0.23578202724457 0
vt 0.97936999797821 0.22809708118439 0
vt 0.93857502937317 0.22655296325684 0
vt 0.94936299324036 0.24570798873901 0
vt 0.95238798856735 0.33440804481506 0
vt 0.94495898485184 0.3274120092392 0
vt 0.93298697471619 0.34367501735687 0
vt 0.94104200601578 0.34900104999542 0
vt 0.92594599723816 0.28338897228241 0
vt 0.9274759888649 0.27530598640442 0
vt 0.9175940155983 0.27336406707764 0
vt 0.9169949889183 0.28377199172974 0
vt 0.93451499938965 0.30579698085785 0
vt 0.91895097494125 0.30236303806305 0
vt 0.92296499013901 0.31595599651337 0
vt 0.91932499408722 0.23475897312164 0
vt 0.92308098077774 0.24952006340027 0
vt 0.93576002120972 0.26293396949768 0
vt 0.9213280081749 0.26188898086548 0
vt 0.91581201553345 0.33363103866577 0
vt 0.90754699707031 0.28367304801941 0
vt 0.90758901834488 0.27400696277618 0
vt 0.8963720202446 0.27657604217529 0
vt 0.89657300710678 0.28339505195618 0
vt 0.90720200538635 0.30005502700806 0
vt 0.89561802148819 0.29636406898499 0
vt 0.89426201581955 0.30308997631073 0
vt 0.90619498491287 0.30831801891327 0
vt 0.8843520283699 0.31066203117371 0
vt 0.89863401651382 0.32275307178497 0
vt 0.90116101503372 0.2434309720993 0
vt 0.88560998439789 0.25487303733826 0
vt 0.89425098896027 0.26278305053711 0
vt 0.90483200550079 0.25396907329559 0
vt 0.89542800188065 0.27087306976318 0
vt 0.90628302097321 0.26420605182648 0
vt 0.89070200920105 0.27753400802612 0
vt 0.89061498641968 0.28308403491974 0
vt 0.89658200740814 0.28974401950836 0
vt 0.89071100950241 0.28890705108643 0
vt 0.88464999198914 0.27794396877289 0
vt 0.8764820098877 0.27655506134033 0
vt 0.8756759762764 0.28326106071472 0
vt 0.88427901268005 0.28279995918274 0
vt 0.87581598758698 0.28996300697327 0
vt 0.88445699214935 0.28865003585815 0
vt 0.89122498035431 0.29476797580719 0
vt 0.8863520026207 0.29427897930145 0
vt 0.87761700153351 0.29748797416687 0
vt 0.8913379907608 0.27227699756622 0
vt 0.87856197357178 0.26822996139526 0
vt 0.88675999641418 0.27262306213379 0
vt 0.94866299629211 0.27473902702332 0
vt 0.99107098579407 0.27601897716522 0
vt 0.98478400707245 0.26017200946808 0
vt 0.95446997880936 0.25811100006104 0
vt 0.95084899663925 0.31146705150604 0
vt 0.99044102430344 0.31274306774139 0
vt 0.99167501926422 0.29440498352051 0
vt 0.94726300239563 0.29304003715515 0
vt 0.95640301704407 0.32815897464752 0
vt 0.98781400918961 0.32240402698517 0
vt 0.97963601350784 0.25131297111511 0
vt 0.96066302061081 0.25134706497192 0
vt 0.97512102127075 0.24857306480408 0
vt 0.97056698799133 0.24707198143005 0
vt 0.96562802791595 0.24843406677246 0
vt 0.97050297260284 0.33490395545959 0
vt 0.98288202285767 0.33090102672577 0
vt 0.91811102628708 0.29321706295013 0
vt 0.92888599634171 0.29331696033478 0
vt 0.90761202573776 0.29215204715729 0
vt 0.39897799491882 0.04192900657654 0
vt 0.38578799366951 0.01012098789215 0
vt 0.40563800930977 0.07952201366425 0
vt 0.40888300538063 0.10841798782349 0
vt 0.43098199367523 0.10774707794189 0
vt 0.4284659922123 0.08018600940704 0
vt 0.45189899206162 0.08063507080078 0
vt 0.45265600085258 0.11037600040436 0
vt 0.43913799524307 0.153195977211 0
vt 0.45406201481819 0.15343904495239 0
vt 0.33450001478195 0.01012098789215 0
vt 0.33673799037933 0.0376650094986 0
vt 0.29953300952911 0.15410697460175 0
vt 0.32689601182938 0.14732098579407 0
vt 0.32723799347878 0.14322304725647 0
vt 0.29914399981499 0.15155100822449 0
vt 0.28269100189209 0.15611898899078 0
vt 0.28412699699402 0.15802299976349 0
vt 0.27724298834801 0.16757702827454 0
vt 0.30413600802422 0.16655206680298 0
vt 0.33333900570869 0.15702903270721 0
vt 0.27472600340843 0.16499400138855 0
vt 0.5271760225296 0.15641105175018 0
vt 0.53306102752686 0.14587903022766 0
vt 0.5045639872551 0.1465790271759 0
vt 0.50324702262878 0.15348207950592 0
vt 0.34512999653816 0.13317596912384 0
vt 0.35050898790359 0.13993501663208 0
vt 0.3622280061245 0.13806807994843 0
vt 0.36146700382233 0.13328802585602 0
vt 0.38330000638962 0.13778603076935 0
vt 0.39033100008965 0.13474297523499 0
vt 0.38553300499916 0.11269199848175 0
vt 0.38199299573898 0.07983601093292 0
vt 0.47905099391937 0.11241698265076 0
vt 0.45364600419998 0.15131402015686 0
vt 0.45177799463272 0.14328801631927 0
vt 0.43285000324249 0.13440907001495 0
vt 0.44169899821281 0.15088796615601 0
vt 0.47657400369644 0.15099704265594 0
vt 0.47632700204849 0.14339101314545 0
vt 0.50766998529434 0.11640298366547 0
vt 0.38275000452995 0.17412602901459 0
vt 0.28393599390984 0.18853199481964 0
vt 0.28393599390984 0.19461297988892 0
vt 0.41504099965096 0.19497001171112 0
vt 0.41503301262856 0.1888610124588 0
vt 0.39893499016762 0.18692803382874 0
vt 0.39847698807716 0.19257199764252 0
vt 0.43720299005508 0.18777704238892 0
vt 0.43469101190567 0.20077097415924 0
vt 0.45385900139809 0.20672702789307 0
vt 0.47486999630928 0.20976305007935 0
vt 0.47459599375725 0.1932270526886 0
vt 0.45149299502373 0.18935000896454 0
vt 0.50782698392868 0.21110701560974 0
vt 0.53683000802994 0.21270906925201 0
vt 0.53683000802994 0.20378601551056 0
vt 0.50491601228714 0.19690704345703 0
vt 0.31145799160004 0.19983899593353 0
vt 0.33413898944855 0.19486999511719 0
vt 0.33672401309013 0.18190801143646 0
vt 0.30974501371384 0.19518899917603 0
vt 0.36481499671936 0.18604803085327 0
vt 0.35578700900078 0.18711006641388 0
vt 0.34872698783875 0.19725799560547 0
vt 0.36217299103737 0.19662296772003 0
vt 0.37888899445534 0.19267201423645 0
vt 0.28393599390984 0.2079119682312 0
vt 0.28393599390984 0.2006950378418 0
vt 0.43209099769592 0.23564803600311 0
vt 0.4493950009346 0.24146103858948 0
vt 0.36285901069641 0.21824705600739 0
vt 0.37923899292946 0.21663105487823 0
vt 0.48000299930573 0.23346304893494 0
vt 0.50971102714539 0.22776901721954 0
vt 0.34653800725937 0.21714401245117 0
vt 0.31531301140785 0.21317207813263 0
vt 0.28393599390984 0.21771204471588 0
vt 0.35707300901413 0.35261404514313 0
vt 0.37194699048996 0.35310101509094 0
vt 0.37137800455093 0.32524502277374 0
vt 0.35689499974251 0.32238698005676 0
vt 0.28393599390984 0.33011496067047 0
vt 0.28393599390984 0.35889101028442 0
vt 0.3076179921627 0.35754203796387 0
vt 0.30816200375557 0.32581603527069 0
vt 0.51084697246552 0.33109200000763 0
vt 0.5090029835701 0.36130607128143 0
vt 0.53683000802994 0.36231601238251 0
vt 0.53683000802994 0.3318430185318 0
vt 0.39357599616051 0.22062397003174 0
vt 0.41237100958824 0.22691106796265 0
vt 0.38540399074554 0.35375797748566 0
vt 0.38662299513817 0.32711803913116 0
vt 0.32545599341393 0.32234907150269 0
vt 0.32382199168205 0.35528898239136 0
vt 0.34098801016808 0.32038998603821 0
vt 0.34003001451492 0.35306596755981 0
vt 0.47943499684334 0.33115804195404 0
vt 0.47648099064827 0.3602169752121 0
vt 0.44985699653625 0.32784605026245 0
vt 0.44768199324608 0.35565197467804 0
vt 0.40505200624466 0.32745802402496 0
vt 0.40253400802612 0.35552000999451 0
vt 0.42125999927521 0.35810196399689 0
vt 0.42380300164223 0.32784104347229 0
vt 0.53683000802994 0.22121000289917 0
vt 0.33078101277351 0.21454703807831 0
vt 0.50146400928497 0.39173901081085 0
vt 0.53683000802994 0.39173901081085 0
vt 0.28393599390984 0.39173901081085 0
vt 0.31753900647163 0.39173901081085 0
vt 0.35008800029755 0.39173901081085 0
vt 0.37443798780441 0.39173901081085 0
vt 0.41211101412773 0.39173901081085 0
vt 0.44087800383568 0.39173901081085 0
vt 0.38921600580215 0.39173901081085 0
vt 0.33381301164627 0.39173901081085 0
vt 0.47005099058151 0.39173901081085 0
vt 0.2987360060215 0.1489030122757 0
vt 0.32810598611832 0.13728296756744 0
vt 0.55154502391815 0.14027106761932 0
vt 0.41056400537491 0.12862598896027 0
vt 0.31154099106789 0.23014605045319 0
vt 0.28393599390984 0.23046600818634 0
vt 0.28393599390984 0.25476503372192 0
vt 0.30913349986076 0.25672352313995 0
vt 0.32881200313568 0.23103296756744 0
vt 0.32735899090767 0.25686550140381 0
vt 0.34509798884392 0.23316597938538 0
vt 0.34366750717163 0.25872099399567 0
vt 0.36009401082993 0.26058554649353 0
vt 0.36174800992012 0.23461997509003 0
vt 0.37657350301743 0.26126408576965 0
vt 0.37842500209808 0.23436498641968 0
vt 0.39144149422646 0.26315701007843 0
vt 0.39307999610901 0.2373560667038 0
vt 0.40983399748802 0.2678359746933 0
vt 0.41160300374031 0.24348700046539 0
vt 0.43007200956345 0.2504620552063 0
vt 0.42825248837471 0.27198445796967 0
vt 0.44863298535347 0.25350105762482 0
vt 0.44882199168205 0.27349698543549 0
vt 0.48094201087952 0.24913001060486 0
vt 0.48142850399017 0.27265501022339 0
vt 0.51220500469208 0.26910901069641 0
vt 0.51112800836563 0.24397206306458 0
vt 0.53683000802994 0.23376405239105 0
vt 0.53683000802994 0.25768005847931 0
vt 0.38053399324417 0.18071305751801 0
vt 0.34729200601578 0.17901802062988 0
vt 0.34486800432205 0.16785705089569 0
vt 0.34305301308632 0.15468800067902 0
vt 0.34204399585724 0.15006804466248 0
vt 0.33670601248741 0.14768302440643 0
vt 0.34771901369095 0.18294107913971 0
vt 0.34656900167465 0.18560802936554 0
vt 0.36488199234009 0.18383502960205 0
vt 0.35627299547195 0.18461096286774 0
vt 0.93713700771332 0.22275805473328 0
vt 0.91786897182465 0.23155307769775 0
vt 0.95419800281525 0.21508896350861 0
vt 0.96937102079391 0.2076610326767 0
vt 0.95694798231125 0.3644050359726 0
vt 0.94712102413177 0.35712504386902 0
vt 0.93167299032211 0.34718203544617 0
vt 0.93911397457123 0.35169005393982 0
vt 0.91395699977875 0.33672106266022 0
vt 0.89673799276352 0.32532000541687 0
vt 0.88062298297882 0.31391000747681 0
vt 0.87316799163818 0.30218803882599 0
vt 0.8687270283699 0.28359699249268 0
vt 0.86964297294617 0.29367196559906 0
vt 0.86967098712921 0.27236902713776 0
vt 0.88330900669098 0.25322997570038 0
vt 0.87401902675629 0.26252806186676 0
vt 0.89992797374725 0.24116396903992 0
vt 0.38890898227692 0.29838001728058 0
vt 0.37386399507523 0.29702007770538 0
vt 0.35818549990654 0.29528200626373 0
vt 0.34210199117661 0.29332756996155 0
vt 0.32582551240921 0.29270100593567 0
vt 0.30796700716019 0.29564702510834 0
vt 0.28393599390984 0.2995765209198 0
vt 0.53683000802994 0.30178546905518 0
vt 0.51128947734833 0.3037725687027 0
vt 0.48085799813271 0.3046510219574 0
vt 0.44943249225616 0.30242156982422 0
vt 0.42586851119995 0.30201256275177 0
vt 0.40739899873734 0.30055201053619 0
vt 0.34100198745728 0.14497399330139 0
vt 0.28109401464462 0.15398001670837 0
vt 0.27220898866653 0.16241204738617 0
# 2758 texture coordinates

o Guard02
usemtl Guard_02
f 224/1/1 223/2/2 178/3/3 177/4/4
f 223/2/2 222/5/5 179/6/6 178/3/3
f 222/5/5 221/7/7 180/8/8 179/6/6
f 221/7/7 220/9/9 181/10/10 180/8/8
f 219/11/11 218/12/12 183/13/13 182/14/14
f 116/15/15 117/16/16 43/17/17 42/18/18
f 190/19/19 213/20/20 212/21/21 191/22/22
f 191/22/22 212/21/21 211/23/23 192/24/24
f 23/25/25 5/26/26 1/27/27 11/28/28
f 24/29/29 23/25/25 11/28/28 12/30/30
f 25/31/31 24/29/29 12/30/30 13/32/32
f 26/33/33 25/31/31 13/32/32 14/34/34
f 27/35/35 50/36/36 49/37/37 15/38/38
f 33/39/39 28/40/40 48/41/41 47/42/42
f 36/43/43 34/44/44 29/45/45 30/46/46
f 37/47/47 36/43/43 30/46/46 31/48/48
f 38/49/49 37/47/47 31/48/48 32/50/50
f 8/51/51 38/49/49 32/50/50 7/52/52
f 35/53/53 34/44/44 36/43/43
f 35/53/53 36/43/43 22/55/55
f 194/56/56 209/57/57 208/58/58 195/59/59
f 195/59/59 208/58/58 207/60/60 196/61/61
f 197/62/62 196/61/61 207/60/60 206/63/63
f 4/64/64 9/65/65 39/66/66 21/67/67
f 21/67/67 39/66/66 46/68/68 45/69/69
f 40/70/70 41/71/71 28/40/40 33/39/39
f 167/72/72 42/18/18 43/17/17 15/38/38
f 192/24/24 211/23/23 210/73/73 193/74/74
f 45/69/69 46/68/68 35/53/53 22/55/55
f 34/44/44 59/75/75 47/42/42
f 47/42/42 48/41/41 29/45/45 34/44/44
f 219/11/11 182/14/14 181/10/10 220/9/9
f 26/33/33 14/34/34 49/37/37 50/36/36
f 52/76/76 51/77/77 33/78/39 47/79/42
f 10/80/78 53/81/79 39/82/66 9/83/65
f 53/81/79 54/84/80 46/85/68 39/82/66
f 129/86/81 116/15/15 42/18/18 55/87/82
f 51/77/77 56/88/83 40/89/70 33/78/39
f 56/88/83 57/90/84 41/91/71 40/89/70
f 185/92/85 184/93/86 217/94/87 216/95/88
f 58/96/89 52/76/76 47/79/42 59/97/75
f 54/84/80 58/96/89 59/97/75 46/85/68
f 35/53/53 46/68/68 59/75/75 34/44/44
f 3/98/90 60/99/91 61/100/92 20/101/93
f 20/101/93 61/100/92 62/102/94 44/103/95
f 44/103/95 62/102/94 63/104/96 19/105/97
f 18/106/98 19/105/97 63/104/96 64/107/99
f 17/108/100 18/106/98 64/107/99 65/109/101
f 16/110/102 17/108/100 65/109/101 66/111/103
f 2/112/104 16/110/102 66/111/103 67/113/105
f 69/114/106 68/115/107 51/77/77 52/76/76
f 70/116/108 71/117/109 53/81/79 10/80/78
f 71/117/109 72/118/110 54/84/80 53/81/79
f 129/86/81 55/87/82 73/119/111 144/120/112
f 68/115/107 74/121/113 56/88/83 51/77/77
f 74/121/113 75/122/114 57/90/84 56/88/83
f 185/92/85 216/95/88 215/123/115 186/124/116
f 72/118/110 76/125/117 58/96/89 54/84/80
f 76/125/117 69/114/106 52/76/76 58/96/89
f 78/126/118 77/127/119 5/26/26 23/25/25
f 79/128/120 78/126/118 23/25/25 24/29/29
f 80/129/121 79/128/120 24/29/29 25/31/31
f 81/130/122 80/129/121 25/31/31 26/33/33
f 82/131/123 81/130/122 26/33/33 50/36/36
f 27/35/35 6/132/124 84/133/125 83/134/126
f 83/134/126 82/131/123 50/36/36 27/35/35
f 27/35/35 15/38/38 43/17/17 6/132/124
f 214/135/127 213/20/20 190/19/19 189/136/128
f 201/137/129 214/135/127 189/136/128 188/138/130
f 203/139/131 202/140/132 187/141/133 200/142/134
f 204/143/135 203/139/131 200/142/134 199/144/136
f 205/145/137 204/143/135 199/144/136 198/146/138
f 205/145/137 198/146/138 197/147/62 206/148/63
f 1/149/27 5/150/26 97/151/139 85/152/140
f 85/152/140 97/151/139 98/153/141 86/154/142
f 86/154/142 98/153/141 99/155/143 87/156/144
f 87/156/144 99/155/143 100/157/145 88/158/146
f 123/159/147 124/160/148 101/161/149 89/162/150
f 122/163/151 102/164/152 107/165/153 121/166/154
f 104/167/155 103/168/156 108/169/157 110/170/158
f 105/171/159 104/167/155 110/170/158 111/172/160
f 106/173/161 105/171/159 111/172/160 112/174/162
f 106/173/161 112/174/162 8/175/51 7/176/52
f 113/177/163 9/65/65 4/64/64 95/178/164
f 120/179/165 113/177/163 95/178/164 119/180/166
f 102/164/152 115/181/167 114/182/168 107/165/153
f 202/140/132 201/137/129 188/138/130 187/141/133
f 109/183/169 120/179/165 119/180/166 96/184/170
f 133/185/171 108/169/157 121/166/154
f 103/168/156 122/163/151 121/166/154 108/169/157
f 123/159/147 88/158/146 100/157/145 124/160/148
f 107/186/153 125/187/172 126/188/173 121/189/154
f 113/190/163 127/191/174 10/80/78 9/83/65
f 120/192/165 128/193/175 127/191/174 113/190/163
f 114/194/168 130/195/176 125/187/172 107/186/153
f 115/196/167 131/197/177 130/195/176 114/194/168
f 121/189/154 126/188/173 132/198/178 133/199/171
f 133/199/171 132/198/178 128/193/175 120/192/165
f 133/185/171 120/179/165 109/183/169 108/169/157
f 176/200/179 225/201/180 224/202/1 177/203/4
f 175/204/181 226/205/182 225/201/180 176/200/179
f 174/206/183 227/207/184 226/205/182 175/204/181
f 173/208/185 228/209/186 227/207/184 174/206/183
f 172/210/187 229/211/188 228/209/186 173/208/185
f 172/210/187 171/212/189 230/213/190 229/211/188
f 170/214/191 231/215/192 230/213/190 171/212/189
f 170/216/191 169/217/193 232/218/194 231/219/192
f 134/220/195 60/99/91 3/98/90 94/221/196
f 135/222/197 134/220/195 94/221/196 118/223/198
f 136/224/199 135/222/197 118/223/198 93/225/200
f 136/224/199 93/225/200 92/226/201 137/227/202
f 137/227/202 92/226/201 91/228/203 138/229/204
f 138/229/204 91/228/203 90/230/205 139/231/206
f 139/231/206 90/230/205 2/232/104 67/233/105
f 125/187/172 140/234/207 141/235/208 126/188/173
f 127/191/174 142/236/209 70/116/108 10/80/78
f 128/193/175 143/237/210 142/236/209 127/191/174
f 130/195/176 145/238/211 140/234/207 125/187/172
f 131/197/177 146/239/212 145/238/211 130/195/176
f 132/198/178 147/240/213 143/237/210 128/193/175
f 126/188/173 141/235/208 147/240/213 132/198/178
f 169/217/193 168/241/214 233/242/215 232/218/194
f 5/150/26 77/243/119 148/244/216 97/151/139
f 97/151/139 148/244/216 149/245/217 98/153/141
f 98/153/141 149/245/217 150/246/218 99/155/143
f 99/155/143 150/246/218 151/247/219 100/157/145
f 100/157/145 151/247/219 152/248/220 124/160/148
f 84/133/125 6/132/124 101/161/149 153/249/221
f 124/160/148 152/248/220 153/249/221 101/161/149
f 117/16/16 89/162/150 101/161/149 6/132/124
f 154/250/222 16/251/102 2/252/104
f 154/250/222 17/253/100 16/251/102
f 154/250/222 18/254/98 17/253/100
f 154/250/222 19/255/97 18/254/98
f 154/250/222 44/256/95 19/255/97
f 154/250/222 3/257/90 20/258/93
f 154/250/222 20/258/93 44/256/95
f 154/250/222 2/252/104 90/259/205
f 154/250/222 90/259/205 91/260/203
f 154/250/222 91/260/203 92/261/201
f 154/250/222 92/261/201 93/262/200
f 154/250/222 93/262/200 118/263/198
f 154/250/222 94/264/196 3/257/90
f 154/250/222 118/263/198 94/264/196
f 117/16/16 6/132/124 43/17/17
f 109/183/169 96/184/170 110/170/158
f 108/169/157 109/183/169 110/170/158
f 193/74/74 210/73/73 209/57/57 194/56/56
f 184/265/86 183/13/13 218/12/12 217/266/87
f 123/159/147 89/162/150 155/267/224 156/268/225
f 123/159/147 156/268/225 157/269/226 88/158/146
f 88/158/146 157/269/226 158/270/227 87/156/144
f 87/156/144 158/270/227 159/271/228 86/154/142
f 86/154/142 159/271/228 160/272/229 85/152/140
f 85/152/140 160/272/229 161/273/230 1/149/27
f 161/274/230 162/275/231 11/28/28 1/27/27
f 162/275/231 163/276/232 12/30/30 11/28/28
f 163/276/232 164/277/233 13/32/32 12/30/30
f 164/277/233 165/278/234 14/34/34 13/32/32
f 49/37/37 14/34/34 165/278/234 166/279/235
f 166/279/235 167/72/72 15/38/38 49/37/37
f 117/16/16 116/15/15 155/267/224 89/162/150
f 129/280/81 144/281/112 168/241/214 169/217/193
f 116/282/15 129/280/81 169/217/193 170/216/191
f 116/15/15 170/214/191 171/212/189 155/267/224
f 156/268/225 155/267/224 171/212/189 172/210/187
f 156/268/225 172/210/187 173/208/185 157/269/226
f 157/269/226 173/208/185 174/206/183 158/270/227
f 158/270/227 174/206/183 175/204/181 159/271/228
f 159/271/228 175/204/181 176/200/179 160/272/229
f 160/272/229 176/200/179 177/203/4 161/273/230
f 177/4/4 178/3/3 162/275/231 161/274/230
f 178/3/3 179/6/6 163/276/232 162/275/231
f 179/6/6 180/8/8 164/277/233 163/276/232
f 180/8/8 181/10/10 165/278/234 164/277/233
f 166/279/235 165/278/234 181/10/10 182/14/14
f 182/14/14 183/13/13 167/72/72 166/279/235
f 42/18/18 167/72/72 183/13/13 184/265/86
f 55/283/82 42/284/18 184/93/86 185/92/85
f 55/283/82 185/92/85 186/124/116 73/285/111
f 187/141/133 188/138/130 135/222/197 136/224/199
f 188/138/130 189/136/128 134/220/195 135/222/197
f 189/136/128 190/19/19 60/99/91 134/220/195
f 60/99/91 190/19/19 191/22/22 61/100/92
f 61/100/92 191/22/22 192/24/24 62/102/94
f 62/102/94 192/24/24 193/74/74 63/104/96
f 63/104/96 193/74/74 194/56/56 64/107/99
f 64/107/99 194/56/56 195/59/59 65/109/101
f 65/109/101 195/59/59 196/61/61 66/111/103
f 67/113/105 66/111/103 196/61/61 197/62/62
f 139/231/206 67/233/105 197/147/62 198/146/138
f 198/146/138 199/144/136 138/229/204 139/231/206
f 199/144/136 200/142/134 137/227/202 138/229/204
f 200/142/134 187/141/133 136/224/199 137/227/202
f 96/184/170 119/180/166 201/137/129 202/140/132
f 110/170/158 96/184/170 202/140/132 203/139/131
f 111/172/160 110/170/158 203/139/131 204/143/135
f 112/174/162 111/172/160 204/143/135 205/145/137
f 112/174/162 205/145/137 206/148/63 8/175/51
f 206/63/63 207/60/60 38/49/49 8/51/51
f 37/47/47 38/49/49 207/60/60 208/58/58
f 36/43/43 37/47/47 208/58/58 209/57/57
f 22/55/55 36/43/43 209/57/57 210/73/73
f 45/69/69 22/55/55 210/73/73 211/23/23
f 21/67/67 45/69/69 211/23/23 212/21/21
f 4/64/64 21/67/67 212/21/21 213/20/20
f 95/178/164 4/64/64 213/20/20 214/135/127
f 119/180/166 95/178/164 214/135/127 201/137/129
f 216/95/88 57/90/84 75/122/114 215/123/115
f 216/95/88 217/94/87 41/91/71 57/90/84
f 217/266/87 218/12/12 28/40/40 41/71/71
f 48/41/41 28/40/40 218/12/12 219/11/11
f 48/41/41 219/11/11 220/9/9 29/45/45
f 30/46/46 29/45/45 220/9/9 221/7/7
f 31/48/48 30/46/46 221/7/7 222/5/5
f 32/50/50 31/48/48 222/5/5 223/2/2
f 7/52/52 32/50/50 223/2/2 224/1/1
f 106/173/161 7/176/52 224/202/1 225/201/180
f 105/171/159 106/173/161 225/201/180 226/205/182
f 104/167/155 105/171/159 226/205/182 227/207/184
f 103/168/156 104/167/155 227/207/184 228/209/186
f 122/163/151 103/168/156 228/209/186 229/211/188
f 229/211/188 230/213/190 102/164/152 122/163/151
f 115/181/167 102/164/152 230/213/190 231/215/192
f 231/219/192 232/218/194 131/197/177 115/196/167
f 232/218/194 233/242/215 146/239/212 131/197/177
f 241/286/236 235/286/237 234/286/238
f 241/286/236 242/286/239 236/286/240 235/286/237
f 244/286/241 238/286/242 237/286/243 243/286/244
f 244/286/241 245/286/245 239/286/246 238/286/242
f 245/286/245 240/286/247 239/286/246
f 245/286/245 241/286/236 234/286/238 240/286/247
f 235/286/237 246/286/248 247/286/249 234/286/238
f 236/286/240 248/286/250 246/286/248 235/286/237
f 238/286/242 249/286/251 250/286/252 237/286/243
f 239/286/246 251/286/253 249/286/251 238/286/242
f 240/286/247 252/286/254 251/286/253 239/286/246
f 234/286/238 247/286/249 252/286/254 240/286/247
f 254/286/255 260/286/256 253/286/257
f 255/286/258 261/286/259 260/286/256 254/286/255
f 256/286/260 257/286/261 263/286/262 262/286/263
f 258/286/264 264/286/265 263/286/262 257/286/261
f 259/286/266 264/286/265 258/286/264
f 253/286/257 260/286/256 264/286/265 259/286/266
f 266/286/267 265/286/268 254/286/255 253/286/257
f 265/286/268 267/286/269 255/286/258 254/286/255
f 269/286/270 268/286/271 257/286/261 256/286/260
f 268/286/271 270/286/272 258/286/264 257/286/261
f 270/286/272 271/286/273 259/286/266 258/286/264
f 271/286/273 266/286/267 253/286/257 259/286/266
f 276/287/274 272/288/275 274/289/276 275/290/277
f 278/291/278 272/288/275 276/287/274 277/292/279
f 280/293/280 272/288/275 278/291/278 279/294/281
f 282/295/282 272/288/275 280/293/280 281/296/283
f 284/297/284 272/288/275 282/295/282 283/298/285
f 274/289/276 272/288/275 284/297/284 273/299/286
f 285/300/287 286/301/288 274/289/276 273/299/286
f 286/301/288 287/302/289 275/290/277 274/289/276
f 287/302/289 288/303/290 276/287/274 275/290/277
f 276/287/274 288/303/290 289/304/291 277/292/279
f 277/292/279 289/304/291 290/305/292 278/291/278
f 278/291/278 290/305/292 291/306/293 279/294/281
f 280/293/280 279/294/281 291/306/293 292/307/294
f 281/296/283 280/293/280 292/307/294 293/308/295
f 282/295/282 281/296/283 293/308/295 294/309/296
f 283/298/285 282/295/282 294/309/296 295/310/297
f 296/311/298 284/297/284 283/298/285 295/310/297
f 285/300/287 273/299/286 284/297/284 296/311/298
f 297/312/299 298/313/300 286/301/288 285/300/287
f 298/313/300 299/314/301 287/302/289 286/301/288
f 299/314/301 300/315/302 288/303/290 287/302/289
f 300/315/302 301/316/303 289/304/291 288/303/290
f 301/316/303 302/317/304 290/305/292 289/304/291
f 302/317/304 303/318/305 291/306/293 290/305/292
f 303/318/305 304/319/306 292/307/294 291/306/293
f 304/319/306 305/320/307 293/308/295 292/307/294
f 305/320/307 306/321/308 294/309/296 293/308/295
f 306/321/308 307/322/309 295/310/297 294/309/296
f 307/322/309 308/323/310 296/311/298 295/310/297
f 308/323/310 297/312/299 285/300/287 296/311/298
f 321/324/311 309/325/312 311/326/313 310/327/314
f 311/326/313 309/325/312 313/328/315 312/329/316
f 313/328/315 309/325/312 315/330/317 314/331/318
f 315/330/317 309/325/312 317/332/319 316/333/320
f 317/332/319 309/325/312 319/334/321 318/335/322
f 319/334/321 309/325/312 321/324/311 320/336/323
f 311/326/313 323/337/324 322/338/325 310/327/314
f 312/329/316 324/339/326 323/337/324 311/326/313
f 313/328/315 325/340/327 324/339/326 312/329/316
f 326/341/328 325/340/327 313/328/315 314/331/318
f 327/342/329 326/341/328 314/331/318 315/330/317
f 328/343/330 327/342/329 315/330/317 316/333/320
f 328/343/330 316/333/320 317/332/319 329/344/331
f 329/344/331 317/332/319 318/335/322 330/345/332
f 330/345/332 318/335/322 319/334/321 331/346/333
f 331/346/333 319/334/321 320/336/323 332/347/334
f 320/336/323 321/324/311 333/348/335 332/347/334
f 321/324/311 310/327/314 322/338/325 333/348/335
f 323/337/324 335/349/336 334/350/337 322/338/325
f 324/339/326 336/351/338 335/349/336 323/337/324
f 325/340/327 337/352/339 336/351/338 324/339/326
f 326/341/328 338/353/340 337/352/339 325/340/327
f 327/342/329 339/354/341 338/353/340 326/341/328
f 328/343/330 340/355/342 339/354/341 327/342/329
f 329/344/331 341/356/343 340/355/342 328/343/330
f 330/345/332 342/357/344 341/356/343 329/344/331
f 331/346/333 343/358/345 342/357/344 330/345/332
f 332/347/334 344/359/346 343/358/345 331/346/333
f 333/348/335 345/360/347 344/359/346 332/347/334
f 322/338/325 334/350/337 345/360/347 333/348/335
f 356/361/348 347/362/349 346/363/350 355/364/351
f 357/365/352 348/366/353 347/362/349 356/361/348
f 358/367/354 349/368/355 348/366/353 357/365/352
f 359/369/356 350/370/357 349/368/355 358/367/354
f 360/371/358 351/372/359 350/370/357 359/369/356
f 361/373/360 352/374/361 351/372/359 360/371/358
f 362/375/362 353/376/363 352/374/361 361/373/360
f 363/377/364 354/378/365 353/376/363 362/375/362
f 364/379/366 365/380/367 356/361/348 355/364/351
f 365/380/367 366/381/368 357/365/352 356/361/348
f 366/381/368 367/382/369 358/367/354 357/365/352
f 367/382/369 368/383/370 359/369/356 358/367/354
f 368/383/370 369/384/371 360/371/358 359/369/356
f 369/384/371 370/385/372 361/373/360 360/371/358
f 370/385/372 371/386/373 362/375/362 361/373/360
f 371/386/373 372/387/374 363/377/364 362/375/362
f 374/388/375 365/380/367 364/379/366 373/389/376
f 375/390/377 366/381/368 365/380/367 374/388/375
f 376/391/378 367/382/369 366/381/368 375/390/377
f 377/392/379 368/383/370 367/382/369 376/391/378
f 378/393/380 369/384/371 368/383/370 377/392/379
f 379/394/381 370/385/372 369/384/371 378/393/380
f 380/395/382 371/386/373 370/385/372 379/394/381
f 381/396/383 372/387/374 371/386/373 380/395/382
f 383/397/384 374/388/375 373/389/376 382/398/385
f 384/399/386 375/390/377 374/388/375 383/397/384
f 385/400/387 376/391/378 375/390/377 384/399/386
f 386/401/388 377/392/379 376/391/378 385/400/387
f 387/402/389 378/393/380 377/392/379 386/401/388
f 388/403/390 379/394/381 378/393/380 387/402/389
f 389/404/391 380/395/382 379/394/381 388/403/390
f 390/405/392 381/396/383 380/395/382 389/404/391
f 391/406/393 392/407/394 401/408/395 400/409/396
f 392/407/394 393/410/397 402/411/398 401/408/395
f 393/410/397 394/412/399 403/413/400 402/411/398
f 394/412/399 395/414/401 404/415/402 403/413/400
f 395/414/401 396/416/403 405/417/404 404/415/402
f 396/416/403 397/418/405 406/419/406 405/417/404
f 397/418/405 398/420/407 407/421/408 406/419/406
f 398/420/407 399/422/409 408/423/410 407/421/408
f 401/408/395 410/424/411 409/425/412 400/409/396
f 402/411/398 411/426/413 410/424/411 401/408/395
f 403/413/400 412/427/414 411/426/413 402/411/398
f 404/415/402 413/428/415 412/427/414 403/413/400
f 405/417/404 414/429/416 413/428/415 404/415/402
f 406/419/406 415/430/417 414/429/416 405/417/404
f 407/421/408 416/431/418 415/430/417 406/419/406
f 408/423/410 417/432/419 416/431/418 407/421/408
f 409/425/412 410/424/411 419/433/420 418/434/421
f 410/424/411 411/426/413 420/435/422 419/433/420
f 411/426/413 412/427/414 421/436/423 420/435/422
f 412/427/414 413/428/415 422/437/424 421/436/423
f 413/428/415 414/429/416 423/438/425 422/437/424
f 414/429/416 415/430/417 424/439/426 423/438/425
f 415/430/417 416/431/418 425/440/427 424/439/426
f 416/431/418 417/432/419 426/441/428 425/440/427
f 418/434/421 419/433/420 428/442/429 427/443/430
f 419/433/420 420/435/422 429/444/431 428/442/429
f 420/435/422 421/436/423 430/445/432 429/444/431
f 421/436/423 422/437/424 431/446/433 430/445/432
f 422/437/424 423/438/425 432/447/434 431/446/433
f 423/438/425 424/439/426 433/448/435 432/447/434
f 424/439/426 425/440/427 434/449/436 433/448/435
f 425/440/427 426/441/428 435/450/437 434/449/436
f 442/451/438 436/452/439 441/453/440
f 443/454/441 437/455/442 436/452/439 442/451/438
f 444/456/443 437/455/442 443/454/441
f 445/457/444 438/458/445 437/455/442 444/456/443
f 446/459/446 439/460/447 438/458/445 445/457/444
f 447/461/448 439/460/447 446/459/446
f 448/462/449 440/463/450 439/460/447 447/461/448
f 449/464/451 440/463/450 448/462/449
f 450/465/452 451/466/453 442/451/438 441/453/440
f 451/466/453 452/467/454 443/454/441 442/451/438
f 452/467/454 453/468/455 444/456/443 443/454/441
f 453/468/455 454/469/456 445/457/444 444/456/443
f 454/469/456 455/470/457 446/459/446 445/457/444
f 455/470/457 456/471/458 447/461/448 446/459/446
f 456/471/458 457/472/459 448/462/449 447/461/448
f 457/472/459 458/473/460 449/464/451 448/462/449
f 460/474/461 451/466/453 450/465/452 459/475/462
f 461/476/463 452/467/454 451/466/453 460/474/461
f 462/477/464 453/468/455 452/467/454 461/476/463
f 463/478/465 454/469/456 453/468/455 462/477/464
f 464/479/466 455/470/457 454/469/456 463/478/465
f 465/480/467 456/471/458 455/470/457 464/479/466
f 466/481/468 457/472/459 456/471/458 465/480/467
f 467/482/469 458/473/460 457/472/459 466/481/468
f 469/483/470 460/474/461 459/475/462 468/484/471
f 470/485/472 461/476/463 460/474/461 469/483/470
f 471/486/473 462/477/464 461/476/463 470/485/472
f 472/487/474 463/478/465 462/477/464 471/486/473
f 473/488/475 464/479/466 463/478/465 472/487/474
f 474/489/476 465/480/467 464/479/466 473/488/475
f 475/490/477 466/481/468 465/480/467 474/489/476
f 476/491/478 467/482/469 466/481/468 475/490/477
f 477/492/479 483/493/480 482/494/481
f 477/492/479 478/495/482 484/496/483 483/493/480
f 478/495/482 485/497/484 484/496/483
f 478/495/482 479/498/485 486/499/486 485/497/484
f 479/498/485 480/500/487 487/501/488 486/499/486
f 480/500/487 488/502/489 487/501/488
f 480/500/487 481/503/490 489/504/491 488/502/489
f 481/503/490 490/505/492 489/504/491
f 483/493/480 492/506/493 491/507/494 482/494/481
f 484/496/483 493/508/495 492/506/493 483/493/480
f 485/497/484 494/509/496 493/508/495 484/496/483
f 486/499/486 495/510/497 494/509/496 485/497/484
f 487/501/488 496/511/498 495/510/497 486/499/486
f 488/502/489 497/512/499 496/511/498 487/501/488
f 489/504/491 498/513/500 497/512/499 488/502/489
f 490/505/492 499/514/501 498/513/500 489/504/491
f 491/507/494 492/506/493 501/515/502 500/516/503
f 492/506/493 493/508/495 502/517/504 501/515/502
f 493/508/495 494/509/496 503/518/505 502/517/504
f 494/509/496 495/510/497 504/519/506 503/518/505
f 495/510/497 496/511/498 505/520/507 504/519/506
f 496/511/498 497/512/499 506/521/508 505/520/507
f 497/512/499 498/513/500 507/522/509 506/521/508
f 498/513/500 499/514/501 508/523/510 507/522/509
f 500/516/503 501/515/502 510/524/511 509/525/512
f 501/515/502 502/517/504 511/526/513 510/524/511
f 502/517/504 503/518/505 512/527/514 511/526/513
f 503/518/505 504/519/506 513/528/515 512/527/514
f 504/519/506 505/520/507 514/529/516 513/528/515
f 505/520/507 506/521/508 515/530/517 514/529/516
f 506/521/508 507/522/509 516/531/518 515/530/517
f 507/522/509 508/523/510 517/532/519 516/531/518
f 519/533/520 522/534/521 523/535/522 520/536/523
f 534/537/524 520/536/523 523/535/522 535/538/525
f 521/539/526 524/540/527 525/541/528 518/542/529
f 527/543/530 526/544/531 519/533/520 520/536/523
f 528/545/532 527/543/530 520/536/523 534/537/524
f 529/546/533 528/545/532 521/539/526 518/542/529
f 530/547/534 531/548/535 523/535/522 522/534/521
f 531/548/535 532/549/536 535/538/525 523/535/522
f 532/549/536 533/550/537 525/541/528 524/540/527
f 528/545/532 534/537/524 521/539/526
f 521/539/526 534/537/524 535/538/525 524/540/527
f 524/540/527 535/538/525 532/549/536
f 536/551/538 542/552/539 543/553/540 537/554/541
f 569/555/542 574/556/543 537/554/541 543/553/540
f 568/557/544 575/558/545 539/559/546
f 540/560/547 544/561/548 545/562/549 541/563/550
f 545/562/549 542/552/539 536/551/538 541/563/550
f 566/564/551 537/554/541 574/556/543 549/565/552
f 541/563/550 548/566/553 547/567/554 540/560/547
f 563/568/555 555/569/556 548/566/553 541/563/550
f 566/564/551 549/565/552 567/570/557
f 555/569/556 556/571/558 552/572/559 548/566/553
f 565/573/560 547/567/554 548/566/553 552/572/559
f 564/574/561 536/551/538 546/575/562 553/576/563
f 553/576/563 546/575/562 551/577/564 554/578/565
f 556/571/558 555/569/556 562/579/566 557/580/567
f 560/581/568 561/582/569 562/579/566 559/583/570
f 553/576/563 561/582/569 560/581/568
f 557/580/567 562/579/566 561/582/569 558/584/571
f 562/579/566 555/569/556 559/583/570
f 541/563/550 536/551/538 564/574/561 563/568/555
f 559/583/570 563/568/555 564/574/561 560/581/568
f 561/582/569 553/576/563 554/578/565 558/584/571
f 564/574/561 553/576/563 560/581/568
f 555/569/556 563/568/555 559/583/570
f 550/585/572 547/567/554 565/573/560
f 537/554/541 566/564/551 546/575/562 536/551/538
f 551/577/564 546/575/562 566/564/551 567/570/557
f 567/570/557 549/565/552 550/585/572 565/573/560
f 569/555/542 571/586/573 570/587/574 538/588/575
f 572/589/576 550/585/572 549/565/552 570/587/574
f 573/590/577 572/589/576 570/587/574 571/586/573
f 575/558/545 550/585/572 572/589/576 539/559/546
f 568/557/544 539/559/546 572/589/576 573/590/577
f 570/587/574 549/565/552 574/556/543 538/588/575
f 538/588/575 574/556/543 569/555/542
f 547/567/554 550/585/572 575/558/545 540/560/547
f 544/591/548 540/560/547 575/558/545 568/557/544
f 577/592/578 578/593/579 1480/594/580 576/595/581
f 580/596/582 581/597/583 582/598/584 579/599/585
f 584/600/586 585/601/587 586/602/588 583/603/589
f 587/604/590 588/605/591 584/600/586 583/603/589
f 590/606/592 588/605/591 587/604/590 589/607/593
f 592/608/594 590/609/592 589/610/593 591/611/595
f 591/611/595 593/612/596 594/613/597 592/608/594
f 596/614/598 597/615/599 598/616/600 595/617/601
f 582/598/584 595/617/601 598/616/600 579/599/585
f 600/618/602 601/619/603 602/620/604 599/621/605
f 604/622/606 605/623/607 606/624/608 603/625/609
f 607/626/610 608/627/611 603/625/609 606/624/608
f 609/628/612 610/629/613 608/627/611 607/626/610
f 612/630/614 613/631/615 614/632/616 611/633/617
f 614/632/616 615/634/618 616/635/619 611/633/617
f 2388/636/620 619/637/621 620/638/622 2389/639/623
f 2388/640/620 2387/641/624 622/642/625 619/643/621
f 2391/644/626 625/645/627 626/646/628 2392/647/629
f 628/648/630 604/622/606 603/625/609 627/649/631
f 627/649/631 603/625/609 608/627/611 629/650/632
f 2383/651/633 631/652/634 632/653/635 2384/654/636
f 2393/655/637 635/656/638 636/657/639 2394/658/640
f 636/657/639 631/652/634 2383/651/633 2394/658/640
f 638/659/641 625/645/627 2391/644/626 2390/660/642
f 613/631/615 612/630/614 599/661/605 602/662/604
f 640/663/643 641/664/644 642/665/645 639/666/646
f 644/667/647 645/668/648 646/669/649 643/670/650
f 648/671/651 649/672/652 650/673/653 647/674/654
f 651/675/655 652/676/656 643/670/650 646/669/649
f 653/677/657 654/678/658 652/676/656 651/675/655
f 656/679/659 657/680/660 658/681/661 655/682/662
f 660/683/663 661/684/664 659/685/665
f 663/686/666 664/687/667 665/688/668 662/689/669
f 667/690/670 668/691/671 669/692/672 666/693/673
f 671/694/674 672/695/675 673/696/676 670/697/677
f 675/698/678 662/689/669 665/688/668 674/699/679
f 677/700/680 678/701/681 679/702/682 676/703/683
f 680/704/684 681/705/685 678/701/681 677/700/680
f 683/706/686 684/707/687 685/708/688 682/709/689
f 687/710/690 685/711/688 684/712/687 686/713/691
f 688/714/692 689/715/693 685/708/688 687/716/690
f 682/709/689 685/708/688 689/715/693
f 690/717/694 682/709/689 689/715/693 688/714/692
f 649/718/652 678/701/681 681/705/685 650/719/653
f 686/713/691 684/712/687 683/720/686 691/721/695
f 683/722/686 682/709/689 690/717/694 691/723/695
f 693/724/696 694/725/697 695/726/698 692/727/699
f 697/728/700 1550/729/701 1549/730/702 696/731/703
f 1553/732/704 1552/733/705 702/734/706 700/735/707
f 704/736/708 658/681/661 657/680/660 703/737/709
f 659/685/665 661/684/664 705/738/710
f 707/739/711 670/697/677 673/696/676 706/740/712
f 642/665/645 610/629/613 609/628/612 639/666/646
f 709/741/713 710/742/714 711/743/715 708/744/716
f 713/745/717 714/746/718 715/747/719 712/748/720
f 712/748/720 716/749/721 717/750/722 713/745/717
f 719/751/723 715/747/719 714/746/718 718/752/724
f 721/753/725 722/754/726 723/755/727 720/756/728
f 720/756/728 723/755/727 725/757/729 724/758/730
f 726/759/731 727/760/732 724/758/730 725/757/729
f 635/656/638 717/750/722 721/753/725 636/657/639
f 636/657/639 721/753/725 720/756/728 631/652/634
f 631/652/634 720/756/728 724/758/730 632/653/635
f 727/760/732 728/761/733 632/653/635 724/758/730
f 619/643/621 622/642/625 729/762/734 710/763/714
f 619/637/621 710/742/714 709/741/713 620/638/622
f 718/752/724 714/746/718 625/645/627 638/659/641
f 625/645/627 714/746/718 713/745/717 626/646/628
f 635/656/638 626/646/628 713/745/717 717/750/722
f 641/664/644 634/764/735 633/765/736 642/665/645
f 642/665/645 633/765/736 630/766/737 610/629/613
f 610/629/613 630/766/737 629/650/632 608/627/611
f 601/619/603 621/767/738 618/768/739 602/620/604
f 617/769/740 613/631/615 602/662/604 618/770/739
f 613/631/615 617/769/740 637/771/741 614/632/616
f 637/771/741 624/772/742 615/634/618 614/632/616
f 730/773/743 615/634/618 624/772/742 623/774/744
f 655/682/662 658/681/661 732/775/745 731/776/746
f 733/777/747 732/775/745 658/681/661 704/736/708
f 735/778/748 653/677/657 651/675/655 734/779/749
f 734/779/749 651/675/655 646/669/649 736/780/750
f 736/780/750 646/669/649 645/668/648 737/781/751
f 738/782/752 739/783/753 648/671/651 647/674/654
f 1563/784/754 740/785/755 741/786/756 1564/787/757
f 743/788/758 1558/789/759 1557/790/760 742/791/761
f 746/792/762 747/793/763 697/728/700 696/731/703
f 700/735/707 702/734/706 749/794/764 748/795/765
f 751/796/766 740/785/755 752/797/767 750/798/768
f 754/799/769 743/788/758 742/791/761 753/800/770
f 661/684/664 1586/801/771 1585/802/772 755/803/773
f 661/684/664 660/683/663 1587/804/774 1586/801/771
f 760/805/775 1584/806/776 1583/807/777 759/808/778
f 762/809/779 1581/810/780 1580/811/781 761/812/782
f 1578/813/783 1577/814/784 756/815/785 758/816/786
f 1576/817/787 757/818/788 756/815/785 1577/814/784
f 763/819/789 749/794/764 702/734/706
f 763/819/789 702/734/706 1552/733/705 1551/820/790
f 1547/821/791 687/710/690 686/713/691 1548/822/792
f 1546/823/793 688/714/692 687/716/690 1547/824/791
f 1545/825/794 690/717/694 688/714/692 1546/823/793
f 691/723/695 690/717/694 1545/825/794 1544/826/795
f 686/713/691 691/721/695 1544/827/795 1548/822/792
f 676/703/683 766/828/796 660/683/663 677/700/680
f 677/700/680 660/683/663 659/685/665
f 677/700/680 659/685/665 705/738/710
f 677/700/680 705/738/710 765/829/797 680/704/684
f 766/828/796 1588/830/798 1587/804/774 660/683/663
f 768/831/799 757/832/788 1576/833/787 1575/834/800
f 576/595/581 640/663/643 639/666/646 581/597/583
f 581/597/583 639/666/646 609/628/612 582/598/584
f 582/598/584 609/628/612 607/626/610 595/617/601
f 596/614/598 595/617/601 607/626/610 606/624/608
f 600/618/602 592/608/594 594/613/597 605/623/607
f 592/608/594 600/618/602 599/621/605 590/609/592
f 590/606/592 599/661/605 612/630/614 588/605/591
f 588/605/591 612/630/614 611/633/617 584/600/586
f 611/633/617 616/635/619 585/601/587 584/600/586
f 577/592/578 576/595/581 581/597/583 580/596/582
f 769/835/801 693/724/696 692/727/699 701/836/802
f 663/686/666 667/690/670 666/693/673 664/687/667
f 767/837/803 1579/838/804 1578/813/783 758/816/786
f 771/839/805 770/840/806 753/800/770 742/791/761
f 1556/841/807 771/839/805 742/791/761 1557/790/760
f 772/842/808 745/843/809 744/844/810 773/845/811
f 774/846/812 1559/847/813 1558/789/759 743/788/758
f 775/848/814 774/846/812 743/788/758 754/799/769
f 776/849/815 1582/850/816 1581/810/780 762/809/779
f 2384/654/636 632/653/635 728/761/733 2385/851/817
f 777/852/818 2386/853/819 2385/851/817 728/761/733
f 644/667/647 778/854/820 779/855/821 645/668/648
f 737/781/751 645/668/648 779/855/821 780/856/822
f 781/857/823 782/858/824 783/859/825 729/762/734
f 777/852/818 781/857/823 729/762/734 622/642/625
f 2386/853/819 777/852/818 622/642/625 2387/641/624
f 628/648/630 621/767/738 601/619/603 604/622/606
f 605/623/607 604/622/606 601/619/603 600/618/602
f 711/860/715 710/763/714 729/762/734 783/859/825
f 739/861/753 780/856/822 779/855/821 648/862/651
f 648/862/651 779/855/821 778/854/820 649/863/652
f 649/718/652 778/864/820 679/702/682 678/701/681
f 638/659/641 2390/660/642 2389/639/623 620/638/622
f 638/659/641 620/638/622 709/741/713 718/752/724
f 718/752/724 709/741/713 708/744/716 719/751/723
f 731/776/746 738/782/752 647/674/654 655/682/662
f 656/679/659 655/682/662 647/674/654 650/673/653
f 722/754/726 721/753/725 717/750/722 716/749/721
f 735/778/748 784/865/826 785/866/827 653/677/657
f 653/677/657 785/866/827 786/867/828 654/678/658
f 784/865/826 733/777/747 704/736/708 785/866/827
f 785/866/827 704/736/708 703/737/709 786/867/828
f 668/691/671 707/739/711 706/740/712 669/692/672
f 760/805/775 768/831/799 1575/834/800 1584/806/776
f 740/785/755 751/796/766 741/786/756
f 726/759/731 782/858/824 781/857/823 727/760/732
f 727/760/732 781/857/823 777/852/818 728/761/733
f 596/614/598 606/624/608 605/623/607 594/613/597
f 596/614/598 594/613/597 593/612/596 597/615/599
f 1480/594/580 578/593/579 586/602/588 585/601/587
f 1480/594/580 585/601/587 616/635/619 787/868/829
f 730/773/743 787/868/829 616/635/619 615/634/618
f 576/595/581 1480/594/580 787/868/829 640/663/643
f 641/664/644 640/663/643 787/868/829 730/773/743
f 634/764/735 641/664/644 730/773/743 623/774/744
f 2393/655/637 2392/647/629 626/646/628 635/656/638
f 776/849/815 759/808/778 1583/807/777 1582/850/816
f 775/848/814 788/869/830 774/846/812
f 774/846/812 788/869/830 1560/870/831 1559/847/813
f 772/842/808 773/845/811 789/871/832 790/872/833
f 1556/841/807 1555/873/834 791/874/835 771/839/805
f 771/839/805 791/874/835 770/840/806
f 644/875/647 675/698/678 679/702/682 778/864/820
f 676/703/683 679/702/682 675/698/678 674/699/679
f 676/703/683 674/699/679 792/876/836 766/828/796
f 766/828/796 792/876/836 1589/877/837 1588/830/798
f 1579/838/804 767/837/803 761/812/782 1580/811/781
f 671/694/674 681/878/685 680/879/684 672/695/675
f 643/880/650 652/881/656 663/686/666 662/689/669
f 654/882/658 667/690/670 663/686/666 652/881/656
f 786/883/828 668/691/671 667/690/670 654/882/658
f 668/691/671 786/883/828 703/884/709 707/739/711
f 657/885/660 670/697/677 707/739/711 703/884/709
f 671/694/674 670/697/677 657/885/660 656/886/659
f 671/694/674 656/886/659 650/887/653 681/878/685
f 662/689/669 675/698/678 644/875/647 643/880/650
f 1489/888/838 726/759/731 725/757/729 1490/889/839
f 1490/889/839 725/757/729 723/755/727 1491/890/840
f 1491/890/840 723/755/727 722/754/726 1492/891/841
f 722/754/726 716/749/721 1481/892/842 1492/891/841
f 1481/892/842 716/749/721 712/748/720 1482/893/843
f 1482/893/843 712/748/720 715/747/719 1483/894/844
f 1483/894/844 715/747/719 719/751/723 1484/895/845
f 1484/895/845 719/751/723 708/744/716 1485/896/846
f 1485/896/846 708/744/716 711/743/715 1486/897/847
f 1486/898/847 711/860/715 783/859/825 1487/899/848
f 1487/899/848 783/859/825 782/858/824 1488/900/849
f 1488/900/849 782/858/824 726/759/731 1489/888/838
f 672/695/675 680/879/684 765/901/797 764/902/850
f 755/903/773 673/696/676 672/695/675 764/902/850
f 706/740/712 673/696/676 755/903/773 793/904/851
f 669/692/672 706/740/712 793/904/851 794/905/852
f 666/693/673 669/692/672 794/905/852 795/906/853
f 664/687/667 666/693/673 795/906/853 796/907/854
f 665/688/668 664/687/667 796/907/854 797/908/855
f 674/699/679 665/688/668 797/908/855 792/876/836
f 793/904/851 755/903/773 1585/909/772 1594/910/856
f 794/905/852 793/904/851 1594/910/856 1593/911/857
f 794/905/852 1593/911/857 1592/912/858 795/906/853
f 796/907/854 795/906/853 1592/912/858 1591/913/859
f 1590/914/860 797/908/855 796/907/854 1591/913/859
f 797/908/855 1590/914/860 1589/877/837 792/876/836
f 741/786/756 751/796/766 746/792/762 696/731/703
f 741/786/756 696/731/703 1549/730/702 1564/787/757
f 694/725/697 699/915/861 698/916/862 695/726/698
f 697/917/700 763/819/789 1551/820/790 1550/918/701
f 763/819/789 697/917/700 747/919/763 749/794/764
f 750/798/768 752/797/767 798/920/863
f 799/921/864 800/922/865 769/835/801 701/836/802
f 1554/923/866 1553/732/704 700/735/707 801/924/867
f 801/924/867 700/735/707 748/795/765
f 775/848/814 750/798/768 798/920/863 788/869/830
f 790/872/833 789/871/832 800/922/865 799/921/864
f 1555/873/834 1554/923/866 801/924/867 791/874/835
f 791/874/835 801/924/867 748/795/765 770/840/806
f 752/797/767 740/785/755 1563/784/754 1562/925/868
f 798/920/863 752/797/767 1562/925/868 1561/926/869
f 798/920/863 1561/926/869 1560/870/831 788/869/830
f 1274/927/870 1273/928/871 1272/929/872 802/930/873
f 803/931/874 806/932/875 807/933/876
f 1276/934/877 1275/935/878 1274/927/870 802/930/873
f 806/932/875 803/931/874 810/936/879 809/937/880
f 812/938/881 813/939/882 814/940/883 811/941/884
f 815/942/885 816/943/886 1192/944/887 1191/945/888
f 817/946/889 818/947/890 816/943/886 815/942/885
f 818/947/890 1281/948/891 1280/949/892 816/943/886
f 1272/929/872 1271/950/893 1270/951/894 802/930/873
f 1270/951/894 1277/952/895 1276/934/877 802/930/873
f 821/953/896 822/954/897 823/955/898 824/956/899
f 940/957/900 580/958/582 579/959/585 938/960/901
f 586/961/588 881/962/902 825/963/903 583/964/589
f 836/965/904 835/966/905 1292/967/906 1304/968/907
f 828/969/908 1307/970/909 1201/971/910
f 1303/972/911 840/973/912 836/965/904 1304/968/907
f 1201/971/910 831/974/913 839/975/914 1202/976/915
f 836/965/904 831/974/913 830/977/916 835/966/905
f 839/975/914 831/974/913 836/965/904 840/973/912
f 1202/976/915 839/975/914 833/978/917 1203/979/918
f 833/978/917 839/975/914 840/973/912 837/980/919
f 1302/981/920 837/980/919 840/973/912 1303/972/911
f 1013/982/921 1012/983/922 835/966/905 830/977/916
f 1012/983/922 1293/984/923 1292/967/906 835/966/905
f 1028/985/924 1027/986/925 927/987/926 846/988/927
f 850/989/928 1210/990/929 1209/991/930 1023/992/931
f 855/993/932 851/994/933 1205/995/934 1204/996/935
f 1023/992/931 924/997/936 852/998/937 850/989/928
f 853/999/938 851/994/933 855/993/932 856/1000/939
f 833/978/917 855/993/932 1204/996/935 1203/979/918
f 856/1000/939 855/993/932 833/978/917 837/980/919
f 856/1000/939 837/980/919 1302/981/920 1301/1001/940
f 861/1002/941 1384/1003/942 1316/1004/943 859/1005/944
f 1384/1003/942 861/1002/941 1284/1006/945 1317/1007/946
f 863/1008/947 1143/1009/948 1142/1010/949 862/1011/950
f 864/1012/951 1144/1013/952 1143/1009/948 863/1008/947
f 1316/1004/943 1315/1014/953 867/1015/954 859/1005/944
f 1142/1010/949 845/1016/955 866/1017/956 862/1011/950
f 1351/1018/957 1141/1019/958 865/1020/959 1352/1021/960
f 1353/1022/961 1352/1021/960 865/1020/959 1354/1023/962
f 913/1024/963 912/1025/964 827/1026/965 826/1027/966
f 912/1025/964 911/1028/967 841/1029/968 827/1026/965
f 911/1028/967 910/1030/969 832/1031/970 841/1029/968
f 914/1032/971 913/1024/963 826/1027/966 842/1033/972
f 915/1034/973 914/1035/971 842/1036/972 843/1037/974
f 1291/1038/975 916/1039/976 1339/1040/977 1338/1041/978
f 1372/1042/979 1156/1043/980 1290/1044/981 1373/1045/982
f 927/987/926 923/1046/983 922/1047/984 928/1048/985
f 909/1049/986 908/1050/987 847/1051/988 857/1052/989
f 910/1030/969 909/1049/986 857/1052/989 832/1031/970
f 907/1053/990 858/1054/991 1029/1055/992 846/988/927
f 907/1056/990 919/1057/993 860/1058/994 858/1059/991
f 1318/1060/995 860/1058/994 919/1057/993 1319/1061/996
f 918/1062/997 917/1063/998 1289/1064/999 1288/1065/1000
f 1134/1066/1001 1215/1067/1002 1214/1068/1003 1135/1069/1004
f 1133/1070/1005 1216/1071/1006 1215/1067/1002 1134/1066/1001
f 1132/1072/1007 1217/1073/1008 1216/1071/1006 1133/1070/1005
f 1231/1074/1009 1213/1075/1010 1344/1076/1011 1343/1077/1012
f 1181/1078/1013 1212/1079/1014 929/1080/1015 1136/1081/1016
f 1369/1082/1017 1159/1083/1018 1158/1084/1019 1370/1085/1020
f 1129/1086/1021 1219/1087/1022 1313/1088/1023 1312/1089/1024
f 1131/1090/1025 1218/1091/1026 1217/1073/1008 1132/1072/1007
f 1178/1092/1027 1220/1093/1028 1219/1087/1022 1129/1086/1021
f 1179/1094/1029 1221/1095/1030 1220/1096/1028 1178/1097/1027
f 1180/1098/1031 1222/1099/1032 1221/1095/1030 1179/1094/1029
f 931/1100/1033 930/1101/1034 1145/1102/1035 876/1103/1036
f 1132/1072/1007 1133/1070/1005 1227/1104/1037 1226/1105/1038
f 578/1106/579 895/1107/1039 881/962/902 586/961/588
f 893/1108/1040 883/1109/1041 882/1110/1042 894/1111/1043
f 892/1112/1044 1189/1113/1045 1188/1114/1046 885/1115/1047
f 893/1108/1040 892/1112/1044 885/1115/1047 883/1109/1041
f 1421/1116/1048 1420/1117/1049 947/1118/1050 1112/1119/1051
f 890/1120/1052 1190/1121/1053 1189/1113/1045 892/1112/1044
f 888/1122/1054 890/1120/1052 892/1112/1044 893/1108/1040
f 887/1123/1055 888/1122/1054 893/1108/1040 894/1111/1043
f 886/1124/1056 1185/1125/1057 1184/1126/1058 895/1107/1039
f 577/1127/578 886/1124/1056 895/1107/1039 578/1106/579
f 875/1128/1059 896/1129/1060 872/1130/1061
f 920/1131/1062 872/1130/1061 926/1132/1063 921/1133/1064
f 874/1134/1065 873/1135/1066 897/1136/1067 898/1137/1068
f 870/1138/1069 874/1134/1065 898/1137/1068 899/1139/1070
f 869/1140/1071 870/1138/1069 899/1139/1070 900/1141/1072
f 868/1142/1073 869/1140/1071 900/1141/1072 901/1143/1074
f 1169/1144/1075 868/1142/1073 901/1143/1074 902/1145/1076
f 902/1145/1076 903/1146/1077 871/1147/1078 1169/1144/1075
f 1345/1148/1079 871/1149/1078 903/1150/1077 1346/1151/1080
f 1370/1085/1020 1158/1084/1019 1157/1152/1081 1371/1153/1082
f 876/1103/1036 1145/1102/1035 905/1154/1083 906/1155/1084
f 1320/1156/1085 1334/1157/1086 1333/1158/1087 1321/1159/1088
f 921/1133/1064 926/1132/1063 928/1048/985 922/1047/984
f 898/1137/1068 897/1136/1067 908/1050/987 909/1049/986
f 899/1139/1070 898/1137/1068 909/1049/986 910/1030/969
f 900/1141/1072 899/1139/1070 910/1030/969 911/1028/967
f 901/1143/1074 900/1141/1072 911/1028/967 912/1025/964
f 902/1145/1076 901/1143/1074 912/1025/964 913/1024/963
f 903/1146/1077 902/1145/1076 913/1024/963 914/1032/971
f 1346/1151/1080 903/1150/1077 914/1035/971 915/1034/973
f 904/1160/1089 1340/1161/1090 1339/1040/977 916/1039/976
f 1371/1153/1082 1157/1152/1081 1156/1043/980 1372/1042/979
f 906/1155/1084 905/1154/1083 917/1063/998 918/1062/997
f 1320/1156/1085 1319/1061/996 919/1057/993 1334/1157/1086
f 873/1135/1066 920/1131/1062 921/1133/1064 897/1136/1067
f 897/1136/1067 921/1133/1064 922/1047/984 908/1050/987
f 908/1050/987 922/1047/984 923/1046/983 847/1051/988
f 847/1051/988 923/1046/983 1026/1162/1091
f 926/1132/1063 872/1130/1061 846/988/927 925/1163/1092
f 872/1130/1061 896/1129/1060 907/1053/990 846/988/927
f 846/988/927 927/987/926 928/1048/985 925/1163/1092
f 925/1163/1092 928/1048/985 926/1132/1063
f 1026/1162/1091 923/1046/983 927/987/926 1027/986/925
f 1368/1164/1093 1160/1165/1094 1159/1083/1018 1369/1082/1017
f 1174/1166/1095 1137/1167/1096 1182/1168/1097 1175/1169/1098
f 1323/1170/1099 1322/1171/1100 1222/1099/1032 1180/1098/1031
f 1343/1077/1012 1344/1076/1011 1212/1079/1014 1181/1078/1013
f 1365/1172/1101 1162/1173/1102 1161/1174/1103 1366/1175/1104
f 933/1176/1105 1147/1177/1106 1146/1178/1107 880/1179/1108
f 593/1180/596 591/1181/595 878/1182/1109 932/1183/1110
f 1364/1184/1111 1163/1185/1112 1162/1173/1102 1365/1172/1101
f 935/1186/1113 1148/1187/1114 1147/1177/1106 933/1176/1105
f 934/1188/1115 597/1189/599 593/1180/596 932/1183/1110
f 1363/1190/1116 1164/1191/1117 1163/1185/1112 1364/1184/1111
f 937/1192/1118 1149/1193/1119 1148/1187/1114 935/1186/1113
f 944/1194/1120 945/1195/1121 1328/1196/1122 1327/1197/1123
f 936/1198/1124 938/960/901 579/959/585 598/1199/600
f 1243/1200/1125 1185/1125/1057 886/1124/1056 1244/1201/1126
f 886/1124/1056 940/957/900 1245/1202/1127 1244/1201/1126
f 936/1198/1124 598/1199/600 597/1189/599 934/1188/1115
f 1246/1203/1128 1245/1202/1127 940/957/900 938/960/901
f 1331/1204/1129 1330/1205/1130 1127/1206/1131 947/1207/1050
f 1237/1208/1132 946/1209/1133 889/1210/1134 1238/1211/1135
f 1114/1212/1136 1113/1213/1137 1127/1214/1131 1128/1215/1138
f 948/1216/1139 1120/1217/1140 1119/1218/1141 951/1219/1142
f 1324/1220/1143 1323/1170/1099 1180/1098/1031 1176/1221/1144
f 1235/1222/1145 944/1194/1120 1327/1197/1123 1326/1223/1146
f 1331/1204/1129 947/1207/1050 1420/1224/1049 1332/1225/1147
f 1311/1226/1148 884/1227/1149 1314/1228/1150 879/1229/1151
f 879/1229/1151 1170/1230/1152 1178/1092/1027 1129/1086/1021
f 1177/1231/1153 1179/1094/1029 1178/1097/1027 1170/1232/1152
f 1176/1221/1144 1180/1098/1031 1179/1094/1029 1177/1231/1153
f 1170/1230/1152 879/1229/1151 951/1233/1142 949/1234/1154
f 1119/1218/1141 1118/1235/1155 949/1236/1154 951/1219/1142
f 1183/1237/1156 881/962/902 895/1107/1039 1184/1126/1058
f 949/1236/1154 1118/1235/1155 1117/1238/1157 950/1239/1158
f 950/1240/1158 1117/1241/1157 1116/1242/1159 943/1243/1160
f 1234/1244/1161 1235/1245/1145 943/1243/1160 1116/1242/1159
f 945/1246/1121 944/1247/1120 1419/1248/1162 1115/1249/1163
f 945/1246/1121 1115/1249/1163 1114/1212/1136 1128/1215/1138
f 1081/1250/1164 1080/1251/1165 954/1252/1166 953/1253/1167
f 957/1254/1168 956/1255/1169 1392/1256/1170 1079/1257/1171
f 1079/1257/1171 1078/1258/1172 958/1259/1173 957/1254/1168
f 1078/1258/1172 1077/1260/1174 959/1261/1175 958/1259/1173
f 1083/1262/1176 1082/1263/1177 952/1264/1178 961/1265/1179
f 955/1266/1180 1084/1267/1181 1083/1262/1176 961/1265/1179
f 2403/1268/1182 2402/1269/1183 962/1270/1184 971/1271/1185
f 2401/1272/1186 963/1273/1187 962/1274/1184 2402/1275/1183
f 2406/1276/1188 2405/1277/1189 969/1278/1190 964/1279/1191
f 1079/1257/1171 1392/1256/1170 1391/1280/1192 1223/1281/1193
f 1078/1258/1172 1079/1257/1171 1223/1281/1193 965/1282/1194
f 2398/1283/1195 2397/1284/1196 966/1285/1197 965/1282/1194
f 2396/1286/1198 2395/1287/1199 1425/1288/1200 967/1289/1201
f 2397/1284/1196 2396/1286/1198 967/1289/1201 966/1285/1197
f 969/1278/1190 2405/1277/1189 2404/1290/1202 970/1291/1203
f 953/1292/1167 952/1264/1178 1082/1263/1177 1081/1293/1164
f 1076/1294/1204 1424/1295/1205 1423/1296/1206 960/1297/1207
f 972/1298/1208 1386/1299/1209 1385/1300/1210 978/1301/1211
f 976/1302/1212 1396/1303/1213 1395/1304/1214 1403/1305/1215
f 978/1301/1211 979/1306/1216 973/1307/1217 972/1298/1208
f 979/1306/1216 1411/1308/1218 1410/1309/1219 973/1307/1217
f 974/1310/1220 977/1311/1221 1402/1312/1222 1401/1313/1223
f 993/1314/1224 982/1315/1225 1000/1316/1226
f 1461/1317/1227 1460/1318/1228 1437/1319/1229 1436/1320/1230
f 1458/1321/1231 1439/1322/1232 1438/1323/1233 1459/1324/1234
f 1456/1325/1235 1455/1326/1236 1442/1327/1237 1441/1328/1238
f 1461/1317/1227 1436/1320/1230 984/1329/1239 1107/1330/1240
f 1432/1331/1241 981/1332/1242 1108/1333/1243 1433/1334/1244
f 981/1332/1242 986/1335/1245 1109/1336/1246 1108/1333/1243
f 991/1337/1247 990/1338/1248 989/1339/1249 988/1340/1250
f 990/1341/1248 991/1342/1247 1103/1343/1251 1102/1344/1252
f 991/1337/1247 992/1345/1253 1104/1346/1254 1103/1347/1251
f 991/1337/1247 988/1340/1250 992/1345/1253
f 992/1345/1253 988/1340/1250 1105/1348/1255 1104/1346/1254
f 986/1335/1245 981/1332/1242 1396/1349/1213 976/1350/1212
f 989/1351/1249 990/1341/1248 1102/1344/1252 1106/1352/1256
f 1105/1348/1255 988/1340/1250 989/1353/1249 1106/1354/1256
f 1469/1355/1257 1468/1356/1258 1193/1357/1259 1001/1358/1260
f 994/1359/1261 995/1360/1262 1101/1361/1263 1090/1362/1264
f 1230/1363/1265 1001/1364/1260 1197/1365/1266 1196/1366/1267
f 977/1311/1221 974/1310/1220 998/1367/1268 999/1368/1269
f 993/1314/1224 1000/1316/1226 980/1369/1270
f 887/1123/1055 1242/1370/1271 1241/1371/1272 888/1122/1054
f 890/1120/1052 888/1122/1054 1241/1371/1272 1240/1372/1273
f 1190/1121/1053 890/1120/1052 1240/1372/1273 1239/1373/1274
f 1004/1374/1275 1003/1375/1276 941/1376/1277 942/1377/1278
f 1003/1375/1276 1187/1378/1279 1186/1379/1280 941/1376/1277
f 1005/1380/1281 818/947/890 817/946/889 1002/1381/1282
f 820/1382/1283 1003/1375/1276 1004/1374/1275
f 1282/1383/1284 1281/948/891 818/947/890 1005/1380/1281
f 1165/1384/1285 1149/1193/1119 937/1192/1118 939/1385/1286
f 1164/1191/1117 1166/1386/1287 938/960/901 936/1198/1124
f 1166/1386/1287 1164/1191/1117 1363/1190/1116 1362/1387/1288
f 946/1209/1133 1237/1208/1132 1236/1388/1289 939/1385/1286
f 1166/1386/1287 1362/1387/1288 1361/1389/1290 1247/1390/1291
f 814/940/883 1008/1391/1292 1006/1392/1293 811/941/884
f 1168/1393/1294 1139/1394/1295 1360/1395/1296 1359/1396/1297
f 1008/1391/1292 1167/1397/1298 1138/1398/1299 1006/1392/1293
f 1009/1399/1300 1004/1374/1275 942/1377/1278 1007/1400/1301
f 1456/1325/1235 1441/1328/1238 1440/1401/1302 1457/1402/1303
f 846/988/927 1029/1055/992 1028/985/924
f 852/998/937 1010/1403/1304 1011/1404/1305 850/989/928
f 1014/1405/1306 1308/1406/1307 1307/970/909 828/969/908
f 1015/1407/1308 1207/1408/1309 1206/1409/1310 829/1410/1311
f 1016/1411/1312 1306/1412/1313 1305/1413/1314 834/1414/1315
f 1017/1415/1316 1014/1405/1306 828/969/908 838/1416/1317
f 1011/1404/1305 1211/1417/1318 1210/990/929 850/989/928
f 1019/1418/1319 1310/1419/1320 1309/1420/1321 854/1421/1322
f 1020/1422/1323 1019/1418/1319 854/1421/1322 848/1423/1324
f 1021/1424/1325 1020/1422/1323 848/1423/1324 1022/1425/1326
f 1018/1426/1327 1025/1427/1328 1024/1428/1329 849/1429/1330
f 851/994/933 1208/1430/1331 1205/995/934
f 851/994/933 853/999/938 924/997/936 1023/992/931
f 1023/992/931 1209/991/930 1208/1430/1331 851/994/933
f 1021/1424/1325 1022/1425/1326 1024/1428/1329 1025/1427/1328
f 853/999/938 856/1000/939 1301/1001/940 1300/1431/1332
f 853/999/938 1300/1431/1332 1299/1432/1333 924/997/936
f 924/997/936 1299/1432/1333 1298/1433/1334 852/998/937
f 852/998/937 1298/1433/1334 1297/1434/1335
f 1297/1434/1335 1296/1435/1336 1010/1403/1304 852/998/937
f 1031/1436/1337 1030/1437/1338 858/1059/991 860/1058/994
f 1032/1438/1339 1285/1439/1340 1284/1006/945 861/1002/941
f 1033/1440/1341 1032/1438/1339 861/1002/941 859/1005/944
f 1034/1441/1342 1033/1440/1341 859/1005/944 867/1015/954
f 1283/1442/1343 1355/1443/1344 1354/1023/962 865/1020/959
f 1140/1444/1345 1283/1442/1343 865/1020/959 1141/1019/958
f 844/1445/1346 1337/1446/1347 1381/1447/1348 1038/1448/1349
f 1376/1449/1350 1375/1450/1351 1154/1451/1352 1153/1452/1353
f 1375/1450/1351 1374/1453/1354 1155/1454/1355 1154/1451/1352
f 1335/1455/1356 1040/1456/1357 1037/1457/1358 1336/1458/1359
f 1152/1459/1360 1377/1460/1361 1376/1449/1350 1153/1452/1353
f 1151/1461/1362 1379/1462/1363 1378/1463/1364 1350/1464/1365
f 1039/1465/1366 1042/1466/1367 1348/1467/1368 1335/1455/1356
f 1041/1468/1369 1349/1469/1370 1348/1467/1368 1042/1466/1367
f 842/1036/972 1043/1470/1371 1044/1471/1372 843/1037/974
f 843/1037/974 1044/1471/1372 1287/1472/1373 1286/1473/1374
f 1036/1474/1375 1045/1475/1376 1046/1476/1377 1039/1465/1366
f 1042/1466/1367 1047/1477/1378 1048/1478/1379 1041/1468/1369
f 1151/1461/1362 1150/1479/1380 1380/1480/1381 1379/1462/1363
f 1039/1465/1366 1046/1476/1377 1047/1477/1378 1042/1466/1367
f 1049/1481/1382 1043/1482/1371 842/1033/972 826/1027/966
f 1050/1483/1383 1306/1412/1313 1016/1411/1312
f 1050/1483/1383 1014/1405/1306 1017/1415/1316
f 1051/1484/1384 1310/1419/1320 1019/1418/1319
f 1051/1484/1384 1019/1418/1319 1020/1422/1323
f 1051/1484/1384 1020/1422/1323 1021/1424/1325
f 1051/1484/1384 1021/1424/1325 1025/1427/1328
f 1011/1485/1305 1051/1484/1384 1211/1486/1318
f 1013/1487/921 1050/1483/1383 1052/1488/1385 1012/1489/922
f 1053/1490/1386 1052/1488/1385 1050/1483/1383 1051/1484/1384
f 1010/1491/1304 1053/1490/1386 1051/1484/1384 1011/1485/1305
f 1308/1406/1307 1014/1405/1306 1050/1483/1383
f 1294/1492/1387 1293/1493/923 1012/1489/922 1052/1488/1385
f 1295/1494/1388 1294/1492/1387 1052/1488/1385 1053/1490/1386
f 1296/1495/1336 1295/1494/1388 1053/1490/1386 1010/1491/1304
f 1046/1496/1377 1035/1497/1389 1048/1478/1379 1047/1477/1378
f 1035/1497/1389 1380/1480/1381 1150/1479/1380 1048/1478/1379
f 1056/1498/1390 1033/1499/1341 1034/1500/1342 1035/1497/1389
f 1045/1501/1376 1056/1498/1390 1035/1497/1389 1046/1496/1377
f 959/1261/1175 1077/1260/1174 1076/1294/1204 960/1297/1207
f 881/962/902 1183/1237/1156 877/1502/1391 825/963/903
f 1393/1503/1392 1057/1504/1393 1406/1505/1394 1405/1506/1395
f 1121/1507/1396 1059/1508/1397 1058/1509/1398 1122/1510/1399
f 1060/1511/1400 1123/1512/1401 1122/1510/1399 1058/1509/1398
f 1059/1508/1397 1121/1507/1396 1399/1513/1402 1398/1514/1403
f 1124/1515/1404 1408/1516/1405 1061/1517/1406 1062/1518/1407
f 1125/1519/1408 1124/1515/1404 1062/1518/1407 1063/1520/1409
f 1063/1520/1409 1418/1521/1410 1417/1522/1411 1125/1519/1408
f 1061/1517/1406 1060/1511/1400 1065/1523/1412 1066/1524/1413
f 1062/1518/1407 1061/1517/1406 1066/1524/1413 1067/1525/1414
f 1063/1520/1409 1062/1518/1407 1067/1525/1414 1068/1526/1415
f 1068/1526/1415 1069/1527/1416 1418/1521/1410 1063/1520/1409
f 1064/1528/1417 1070/1529/1418 1071/1530/1419 1057/1531/1393
f 1406/1505/1394 1057/1504/1393 1071/1532/1419 1072/1533/1420
f 1073/1534/1421 1059/1508/1397 1398/1514/1403 1397/1535/1422
f 1058/1509/1398 1059/1508/1397 1073/1534/1421 1074/1536/1423
f 1058/1509/1398 1074/1536/1423 1065/1523/1412 1060/1511/1400
f 967/1289/1201 1425/1288/1200 1424/1295/1205 1076/1294/1204
f 966/1285/1197 967/1289/1201 1076/1294/1204 1077/1260/1174
f 965/1282/1194 966/1285/1197 1077/1260/1174 1078/1258/1172
f 962/1274/1184 963/1273/1187 1080/1251/1165 1081/1250/1164
f 1081/1293/1164 1082/1263/1177 971/1271/1185 962/1270/1184
f 970/1291/1203 971/1271/1185 1082/1263/1177 1083/1262/1176
f 1084/1267/1181 969/1278/1190 970/1291/1203 1083/1262/1176
f 969/1278/1190 1084/1267/1181 1075/1537/1424 964/1279/1191
f 1085/1538/1425 974/1310/1220 1401/1313/1223 1400/1539/1426
f 974/1310/1220 1085/1538/1425 1086/1540/1427 998/1367/1268
f 973/1307/1217 1410/1309/1219 1409/1541/1428 1087/1542/1429
f 972/1298/1208 973/1307/1217 1087/1542/1429 1088/1543/1430
f 1386/1299/1209 972/1298/1208 1088/1543/1430 1387/1544/1431
f 1395/1304/1214 1394/1545/1432 1404/1546/1433 1403/1305/1215
f 1467/1547/1434 1194/1548/1435 1193/1357/1259 1468/1356/1258
f 996/1549/1436 997/1550/1437 1091/1551/1438 1092/1552/1439
f 1499/1553/1440 1100/1554/1441 1093/1555/1442 1500/1556/1443
f 1229/1557/1444 1543/1558/1445 1542/1559/1446 1195/1560/1447
f 1533/1561/1448 1532/1562/1449 1416/1563/1450 1199/1564/1451
f 1538/1565/1452 1537/1566/1453 1094/1567/1454 1095/1568/1455
f 1531/1569/1456 1530/1570/1457 993/1314/1224 983/1571/1458
f 1529/1572/1459 982/1315/1225 993/1314/1224 1530/1570/1457
f 1514/1573/1460 1513/1574/1461 1415/1575/1462 1200/1576/1463
f 1517/1577/1464 1516/1578/1465 1096/1579/1466 1097/1580/1467
f 1098/1581/1468 1520/1582/1469 1519/1583/1470 1233/1584/1471
f 1098/1581/1468 1099/1585/1472 1521/1586/1473 1520/1582/1469
f 1229/1557/1444 1498/1587/1474 1543/1558/1445
f 1001/1364/1260 1230/1363/1265 1470/1588/1475 1469/1589/1257
f 1102/1344/1252 1103/1343/1251 1494/1590/1476 1493/1591/1477
f 1103/1347/1251 1104/1346/1254 1495/1592/1478 1494/1593/1476
f 1104/1346/1254 1105/1348/1255 1496/1594/1479 1495/1592/1478
f 1496/1594/1479 1105/1348/1255 1106/1354/1256 1497/1595/1480
f 1106/1352/1256 1102/1344/1252 1493/1591/1477 1497/1596/1480
f 982/1315/1225 1434/1597/1481 1433/1334/1244 1108/1333/1243
f 982/1315/1225 1108/1333/1243 1000/1316/1226
f 1000/1316/1226 1108/1333/1243 980/1369/1270
f 987/1598/1482 980/1369/1270 1108/1333/1243 1109/1336/1246
f 1529/1572/1459 1528/1599/1483 1434/1597/1481 982/1315/1225
f 1099/1600/1472 1111/1601/1484 1512/1602/1485 1521/1603/1473
f 960/1297/1207 1423/1296/1206 1112/1119/1051 1113/1213/1137
f 959/1261/1175 960/1297/1207 1113/1213/1137 1114/1212/1136
f 958/1259/1173 959/1261/1175 1114/1212/1136 1115/1249/1163
f 958/1259/1173 1115/1249/1163 1419/1248/1162 957/1254/1168
f 1234/1244/1161 1116/1242/1159 954/1252/1166 956/1255/1169
f 953/1253/1167 954/1252/1166 1116/1242/1159 1117/1241/1157
f 952/1264/1178 953/1292/1167 1117/1238/1157 1118/1235/1155
f 961/1265/1179 952/1264/1178 1118/1235/1155 1119/1218/1141
f 1120/1217/1140 955/1266/1180 961/1265/1179 1119/1218/1141
f 1449/1604/1486 1085/1538/1425 1400/1539/1426 1450/1605/1487
f 1085/1538/1425 1449/1604/1486 1448/1606/1488 1086/1540/1427
f 1087/1542/1429 1409/1541/1428 1446/1607/1489 1445/1608/1490
f 1087/1542/1429 1445/1608/1490 1444/1609/1491
f 1087/1542/1429 1444/1609/1491 1443/1610/1492 1088/1543/1430
f 1394/1545/1432 1452/1611/1493 1451/1612/1494 1404/1546/1433
f 1249/1613/1495 820/1382/1283 1282/1383/1284
f 813/939/882 807/933/876 814/940/883
f 886/1124/1056 577/1127/578 580/958/582 940/957/900
f 1113/1213/1137 1112/1119/1051 947/1118/1050 1127/1214/1131
f 1328/1196/1122 945/1195/1121 1128/1614/1138 1329/1615/1496
f 1128/1614/1138 1127/1206/1131 1330/1205/1130 1329/1615/1496
f 949/1616/1154 950/1617/1158 1177/1231/1153 1170/1232/1152
f 1311/1226/1148 879/1229/1151 1129/1086/1021 1312/1089/1024
f 1224/1618/1497 1130/1619/1498 1131/1090/1025 1225/1620/1499
f 1225/1620/1499 1131/1090/1025 1132/1072/1007 1226/1105/1038
f 825/963/903 877/1502/1391 1134/1066/1001 1135/1069/1004
f 1232/1621/1500 1342/1622/1501 589/1623/593 587/1624/590
f 1367/1625/1502 1173/1626/1503 1160/1165/1094 1368/1164/1093
f 1165/1384/1285 939/1385/1286 1236/1388/1289 1248/1627/1504
f 1041/1468/1369 1048/1478/1379 1150/1479/1380 1151/1461/1362
f 1041/1468/1369 1151/1461/1362 1350/1464/1365 1349/1469/1370
f 1040/1456/1357 1152/1459/1360 1153/1452/1353 1037/1457/1358
f 1153/1452/1353 1154/1451/1352 1038/1448/1349 1037/1457/1358
f 1154/1451/1352 1155/1454/1355 844/1445/1346 1038/1448/1349
f 916/1039/976 1291/1038/975 1290/1044/981 1156/1043/980
f 904/1160/1089 916/1039/976 1156/1043/980 1157/1152/1081
f 1347/1628/1505 904/1160/1089 1157/1152/1081 1158/1084/1019
f 929/1080/1015 1347/1628/1505 1158/1084/1019 1159/1083/1018
f 1136/1081/1016 929/1080/1015 1159/1083/1018 1160/1165/1094
f 1172/1629/1506 1136/1081/1016 1160/1165/1094 1173/1626/1503
f 932/1183/1110 878/1182/1109 1161/1174/1103 1162/1173/1102
f 934/1188/1115 932/1183/1110 1162/1173/1102 1163/1185/1112
f 936/1198/1124 934/1188/1115 1163/1185/1112 1164/1191/1117
f 1246/1203/1128 938/960/901 1166/1386/1287 1247/1390/1291
f 1009/1399/1300 1007/1400/1301 1139/1394/1295 1168/1393/1294
f 1342/1622/1501 1171/1630/1507 591/1181/595 589/1623/593
f 878/1182/1109 591/1181/595 1171/1630/1507 1172/1629/1506
f 878/1182/1109 1172/1629/1506 1173/1626/1503 1161/1174/1103
f 1366/1175/1104 1161/1174/1103 1173/1626/1503 1367/1625/1502
f 880/1179/1108 1146/1178/1107 1174/1166/1095 1175/1169/1098
f 1324/1220/1143 1176/1221/1144 943/1631/1160 1325/1632/1508
f 950/1617/1158 943/1631/1160 1176/1221/1144 1177/1231/1153
f 1232/1621/1500 1231/1074/1009 1343/1077/1012 1342/1622/1501
f 1342/1622/1501 1343/1077/1012 1181/1078/1013 1171/1630/1507
f 1181/1078/1013 1136/1081/1016 1172/1629/1506 1171/1630/1507
f 1182/1168/1097 1137/1167/1096 930/1101/1034 931/1100/1033
f 1183/1237/1156 882/1110/1042 1227/1104/1037 877/1502/1391
f 882/1110/1042 1183/1237/1156 1184/1126/1058 894/1111/1043
f 887/1123/1055 894/1111/1043 1184/1126/1058 1185/1125/1057
f 1242/1370/1271 887/1123/1055 1185/1125/1057 1243/1200/1125
f 1005/1380/1281 1002/1381/1282 1186/1379/1280 1187/1378/1279
f 891/1633/1509 884/1227/1149 1188/1114/1046 1189/1113/1045
f 889/1210/1134 891/1633/1509 1189/1113/1045 1190/1121/1053
f 889/1210/1134 1190/1121/1053 1239/1373/1274 1238/1211/1135
f 1191/945/888 1192/944/887 813/939/882 812/938/881
f 1001/1358/1260 1193/1357/1259 1198/1634/1510 1197/1635/1266
f 1459/1324/1234 1438/1323/1233 1437/1319/1229 1460/1318/1228
f 1519/1583/1470 1518/1636/1511 1435/1637/1512 1233/1584/1471
f 1095/1568/1455 1431/1638/1513 1539/1639/1514 1538/1565/1452
f 1092/1552/1439 1430/1640/1515 1429/1641/1516 996/1549/1436
f 997/1550/1437 996/1549/1436 1429/1642/1516 1428/1643/1517
f 997/1550/1437 1428/1643/1517 1427/1644/1518 1091/1551/1438
f 1537/1566/1453 1536/1645/1519 1426/1646/1520 1094/1567/1454
f 1516/1578/1465 1515/1647/1521 1407/1648/1522 1096/1579/1466
f 828/969/908 1201/971/910 1202/976/915 838/1416/1317
f 1305/1413/1314 1202/976/915 1203/979/918 834/1414/1315
f 1204/996/935 854/1421/1322 1309/1420/1321
f 1204/996/935 1205/995/934 848/1423/1324 854/1421/1322
f 1201/971/910 1206/1409/1310 830/977/916 831/974/913
f 1013/982/921 830/977/916 1206/1409/1310 1207/1408/1309
f 1013/1487/921 1207/1649/1309 1050/1483/1383
f 1205/995/934 1208/1430/1331 1022/1425/1326 848/1423/1324
f 1024/1428/1329 1022/1425/1326 1208/1430/1331 1209/991/930
f 849/1429/1330 1024/1428/1329 1209/991/930 1210/990/929
f 1018/1426/1327 849/1429/1330 1210/990/929 1211/1417/1318
f 1211/1486/1318 1051/1484/1384 1025/1427/1328 1018/1426/1327
f 1344/1076/1011 1213/1075/1010 871/1149/1078 1345/1148/1079
f 1169/1144/1075 871/1147/1078 1213/1650/1010 1214/1068/1003
f 1214/1068/1003 1215/1067/1002 868/1142/1073 1169/1144/1075
f 1215/1067/1002 1216/1071/1006 869/1140/1071 868/1142/1073
f 1216/1071/1006 1217/1073/1008 870/1138/1069 869/1140/1071
f 1217/1073/1008 1218/1091/1026 874/1134/1065 870/1138/1069
f 872/1130/1061 920/1131/1062 1313/1088/1023 1219/1087/1022
f 1219/1087/1022 1220/1093/1028 875/1128/1059 872/1130/1061
f 1222/1099/1032 1321/1159/1088 1333/1158/1087 1221/1095/1030
f 876/1103/1036 1321/1159/1088 1222/1099/1032 1322/1171/1100
f 2399/1651/1523 2398/1283/1195 965/1282/1194 1223/1281/1193
f 1223/1281/1193 1391/1280/1192 2400/1652/1524 2399/1651/1523
f 885/1115/1047 1188/1114/1046 1224/1618/1497 1225/1620/1499
f 883/1109/1041 885/1115/1047 1225/1620/1499 1226/1105/1038
f 882/1110/1042 883/1109/1041 1226/1105/1038 1227/1104/1037
f 1133/1070/1005 1134/1066/1001 877/1502/1391 1227/1104/1037
f 1130/1619/1498 1228/1653/1525 1218/1091/1026 1131/1090/1025
f 1218/1091/1026 1228/1653/1525 873/1135/1066 874/1134/1065
f 1135/1069/1004 1214/1068/1003 1213/1650/1010 1231/1654/1009
f 825/963/903 1135/1069/1004 1231/1654/1009 1232/1655/1500
f 1232/1655/1500 587/1656/590 583/964/589 825/963/903
f 1325/1632/1508 943/1631/1160 1235/1222/1145 1326/1223/1146
f 1237/1208/1132 811/1657/884 1006/1658/1293 1236/1388/1289
f 811/1657/884 1237/1208/1132 1238/1211/1135 812/1659/881
f 1238/1211/1135 1239/1373/1274 1191/1660/888 812/1659/881
f 1239/1373/1274 1240/1372/1273 815/1661/885 1191/1660/888
f 1240/1372/1273 1241/1371/1272 817/1662/889 815/1661/885
f 1002/1663/1282 817/1662/889 1241/1371/1272 1242/1370/1271
f 1002/1663/1282 1242/1370/1271 1243/1200/1125 1186/1664/1280
f 1186/1664/1280 1243/1200/1125 1244/1201/1126 941/1665/1277
f 1244/1201/1126 1245/1202/1127 942/1666/1278 941/1665/1277
f 1007/1667/1301 942/1666/1278 1245/1202/1127 1246/1203/1128
f 1007/1667/1301 1246/1203/1128 1247/1390/1291 1139/1668/1295
f 1247/1390/1291 1361/1389/1290 1360/1669/1296 1139/1668/1295
f 1248/1627/1504 1236/1388/1289 1006/1658/1293 1138/1670/1299
f 1187/1378/1279 1003/1375/1276 820/1382/1283 1249/1613/1495
f 1187/1378/1279 1249/1613/1495 1005/1380/1281
f 816/943/886 1250/1671/1526 1192/944/887
f 813/939/882 1192/944/887 1250/1671/1526 807/933/876
f 1358/1672/1527 1251/1673/1528 1168/1393/1294 1359/1396/1297
f 1252/1674/1529 1253/1675/1530 1167/1397/1298 1008/1391/1292
f 1251/1673/1528 1254/1676/1531 1009/1399/1300 1168/1393/1294
f 1356/1677/1532 1255/1678/1533 1261/1679/1534 1357/1680/1535
f 1256/1681/1536 1257/1682/1537 1260/1683/1538 1259/1684/1539
f 1255/1678/1533 1258/1685/1540 1262/1686/1541 1261/1679/1534
f 1259/1684/1539 1260/1683/1538 1253/1675/1530 1252/1674/1529
f 1357/1680/1535 1261/1679/1534 1251/1673/1528 1358/1672/1527
f 1261/1679/1534 1262/1686/1541 1254/1676/1531 1251/1673/1528
f 1259/1684/1539 1252/1674/1529 807/933/876 806/932/875
f 1252/1674/1529 1008/1391/1292 814/940/883 807/933/876
f 1256/1681/1536 1259/1684/1539 806/932/875 809/937/880
f 823/955/898 822/954/897 1262/1686/1541 1258/1685/1540
f 822/954/897 820/1382/1283 1254/1676/1531 1262/1686/1541
f 820/1382/1283 1004/1374/1275 1009/1399/1300 1254/1676/1531
f 824/956/899 1263/1687/1542 1278/1688/1543
f 1268/1689/1544 1265/1690/1545 805/1691/1546 819/1692/1547
f 1269/1693/1548 1266/1694/1549 803/931/874 804/1695/1550
f 810/936/879 1279/1696/1551 1267/1697/1552
f 821/953/896 1264/1698/1553 1268/1689/1544 819/1692/1547
f 805/1691/1546 1265/1690/1545 1269/1693/1548 804/1695/1550
f 1263/1687/1542 1277/952/895 1278/1688/1543
f 1264/1698/1553 1270/951/894 1271/950/893 1268/1689/1544
f 1265/1690/1545 1268/1689/1544 1271/950/893 1272/929/872
f 1265/1690/1545 1272/929/872 1273/928/871 1269/1693/1548
f 1266/1694/1549 1269/1693/1548 1273/928/871 1274/927/870
f 1279/1696/1551 1275/935/878 1267/1697/1552
f 808/1699/1554 1267/1697/1552 1275/935/878 1276/934/877
f 1263/1687/1542 808/1699/1554 1276/934/877 1277/952/895
f 821/953/896 824/956/899 1278/1688/1543 1264/1698/1553
f 1264/1698/1553 1278/1688/1543 1277/952/895 1270/951/894
f 1266/1694/1549 1274/927/870 1275/935/878 1279/1696/1551
f 803/931/874 1266/1694/1549 1279/1696/1551 810/936/879
f 1281/948/891 805/1691/1546 804/1695/1550 1280/949/892
f 819/1692/1547 805/1691/1546 1281/948/891 1282/1383/1284
f 1005/1380/1281 1249/1613/1495 1282/1383/1284
f 816/943/886 1280/949/892 1250/1671/1526
f 1250/1671/1526 1280/949/892 807/933/876
f 822/954/897 821/953/896 820/1382/1283
f 821/953/896 819/1692/1547 1282/1383/1284 820/1382/1283
f 1280/949/892 804/1695/1550 803/931/874 807/933/876
f 1035/1497/1389 1355/1443/1344 1283/1442/1343
f 1035/1497/1389 1283/1442/1343 1140/1444/1345
f 1031/1436/1337 860/1058/994 1284/1006/945 1285/1439/1340
f 1382/1700/1555 1286/1473/1374 1287/1472/1373 1383/1701/1556
f 1284/1006/945 860/1058/994 1318/1060/995 1317/1007/946
f 1288/1065/1000 1289/1064/999 1144/1013/952 864/1012/951
f 1373/1045/982 1290/1044/981 1155/1454/1355 1374/1453/1354
f 844/1445/1346 1155/1454/1355 1290/1044/981 1291/1038/975
f 1291/1038/975 1338/1041/978 1337/1446/1347 844/1445/1346
f 1293/984/923 1049/1481/1382 826/1027/966 1292/967/906
f 1054/1702/1557 1049/1703/1382 1293/1493/923 1294/1492/1387
f 1055/1704/1558 1054/1702/1557 1294/1492/1387 1295/1494/1388
f 1029/1705/992 1055/1704/1558 1295/1494/1388 1296/1495/1336
f 1028/985/924 1029/1055/992 1296/1435/1336 1297/1434/1335
f 1297/1434/1335 1298/1433/1334 1027/986/925 1028/985/924
f 1026/1162/1091 1027/986/925 1298/1433/1334 1299/1432/1333
f 847/1051/988 1026/1162/1091 1299/1432/1333 1300/1431/1332
f 1300/1431/1332 1301/1001/940 857/1052/989 847/1051/988
f 1301/1001/940 1302/981/920 832/1031/970 857/1052/989
f 832/1031/970 1302/981/920 1303/972/911 841/1029/968
f 841/1029/968 1303/972/911 1304/968/907 827/1026/965
f 827/1026/965 1304/968/907 1292/967/906 826/1027/966
f 838/1416/1317 1202/976/915 1305/1413/1314
f 1017/1415/1316 838/1416/1317 1305/1413/1314 1306/1412/1313
f 1017/1415/1316 1306/1412/1313 1050/1483/1383
f 1307/970/909 829/1410/1311 1206/1409/1310 1201/971/910
f 1015/1407/1308 829/1410/1311 1307/970/909 1308/1406/1307
f 1207/1649/1309 1015/1407/1308 1308/1406/1307 1050/1483/1383
f 1203/979/918 1204/996/935 1309/1420/1321 834/1414/1315
f 1016/1411/1312 834/1414/1315 1309/1420/1321 1310/1419/1320
f 1050/1483/1383 1016/1411/1312 1310/1419/1320 1051/1484/1384
f 1188/1114/1046 884/1227/1149 1311/1226/1148 1224/1618/1497
f 1224/1618/1497 1311/1226/1148 1312/1089/1024 1130/1619/1498
f 1312/1089/1024 1313/1088/1023 1228/1653/1525 1130/1619/1498
f 873/1135/1066 1228/1653/1525 1313/1088/1023 920/1131/1062
f 1314/1228/1150 948/1706/1139 951/1233/1142 879/1229/1151
f 862/1011/950 866/1017/956 1315/1014/953 1316/1004/943
f 863/1008/947 862/1011/950 1316/1004/943 1384/1003/942
f 1384/1003/942 1317/1007/946 864/1012/951 863/1008/947
f 1317/1007/946 1318/1060/995 1288/1065/1000 864/1012/951
f 1288/1065/1000 1318/1060/995 1319/1061/996 918/1062/997
f 906/1155/1084 918/1062/997 1319/1061/996 1320/1156/1085
f 876/1103/1036 906/1155/1084 1320/1156/1085 1321/1159/1088
f 931/1100/1033 876/1103/1036 1322/1171/1100
f 1182/1168/1097 931/1100/1033 1322/1171/1100 1323/1170/1099
f 1175/1169/1098 1182/1168/1097 1323/1170/1099 1324/1220/1143
f 1175/1169/1098 1324/1220/1143 1325/1632/1508 880/1179/1108
f 880/1179/1108 1325/1632/1508 1326/1223/1146 933/1176/1105
f 1326/1223/1146 1327/1197/1123 935/1186/1113 933/1176/1105
f 1327/1197/1123 1328/1196/1122 937/1192/1118 935/1186/1113
f 937/1192/1118 1328/1196/1122 1329/1615/1496 939/1385/1286
f 1329/1615/1496 1330/1205/1130 946/1209/1133 939/1385/1286
f 889/1210/1134 946/1209/1133 1330/1205/1130 1331/1204/1129
f 891/1633/1509 889/1210/1134 1331/1204/1129 1332/1225/1147
f 884/1227/1149 891/1633/1509 1332/1225/1147 1314/1228/1150
f 1220/1096/1028 1221/1095/1030 1333/1158/1087 875/1707/1059
f 875/1707/1059 1333/1158/1087 1334/1157/1086 896/1708/1060
f 896/1708/1060 1334/1157/1086 919/1057/993 907/1056/990
f 1039/1465/1366 1335/1455/1356 1336/1458/1359 1036/1474/1375
f 1286/1473/1374 1382/1700/1555 1381/1447/1348 1337/1446/1347
f 843/1037/974 1286/1473/1374 1337/1446/1347 1338/1041/978
f 1338/1041/978 1339/1040/977 915/1034/973 843/1037/974
f 1346/1151/1080 915/1034/973 1339/1040/977 1340/1161/1090
f 1345/1148/1079 1346/1151/1080 1340/1161/1090 1341/1709/1559
f 1344/1076/1011 1345/1148/1079 1341/1709/1559 1212/1079/1014
f 1341/1709/1559 1340/1161/1090 904/1160/1089 1347/1628/1505
f 1212/1079/1014 1341/1709/1559 1347/1628/1505 929/1080/1015
f 1040/1456/1357 1335/1455/1356 1348/1467/1368
f 1040/1456/1357 1348/1467/1368 1349/1469/1370
f 1349/1469/1370 1350/1464/1365 1152/1459/1360 1040/1456/1357
f 1350/1464/1365 1378/1463/1364 1377/1460/1361 1152/1459/1360
f 845/1016/955 1351/1018/957 1352/1021/960 866/1017/956
f 866/1017/956 1352/1021/960 1353/1022/961
f 866/1017/956 1353/1022/961 1315/1014/953
f 1315/1014/953 1353/1022/961 1354/1023/962 867/1015/954
f 1034/1500/1342 867/1015/954 1354/1023/962 1355/1443/1344
f 1034/1500/1342 1355/1443/1344 1035/1497/1389
f 1257/1682/1537 1356/1710/1532 1357/1711/1535 1260/1683/1538
f 1260/1683/1538 1357/1711/1535 1358/1712/1527 1253/1675/1530
f 1253/1675/1530 1358/1712/1527 1359/1713/1297 1167/1397/1298
f 1359/1713/1297 1360/1714/1296 1138/1398/1299 1167/1397/1298
f 1248/1627/1504 1138/1670/1299 1360/1669/1296 1361/1389/1290
f 1165/1384/1285 1248/1627/1504 1361/1389/1290 1362/1387/1288
f 1362/1387/1288 1363/1190/1116 1149/1193/1119 1165/1384/1285
f 1149/1193/1119 1363/1190/1116 1364/1184/1111 1148/1187/1114
f 1148/1187/1114 1364/1184/1111 1365/1172/1101 1147/1177/1106
f 1147/1177/1106 1365/1172/1101 1366/1175/1104 1146/1178/1107
f 1146/1178/1107 1366/1175/1104 1367/1625/1502 1174/1166/1095
f 1174/1166/1095 1367/1625/1502 1368/1164/1093 1137/1167/1096
f 1137/1167/1096 1368/1164/1093 1369/1082/1017 930/1101/1034
f 930/1101/1034 1369/1082/1017 1370/1085/1020 1145/1102/1035
f 1145/1102/1035 1370/1085/1020 1371/1153/1082 905/1154/1083
f 905/1154/1083 1371/1153/1082 1372/1042/979 917/1063/998
f 917/1063/998 1372/1042/979 1373/1045/982 1289/1064/999
f 1289/1064/999 1373/1045/982 1374/1453/1354 1144/1013/952
f 1143/1009/948 1144/1013/952 1374/1453/1354 1375/1450/1351
f 1142/1010/949 1143/1009/948 1375/1450/1351 1376/1449/1350
f 845/1016/955 1142/1010/949 1376/1449/1350 1377/1460/1361
f 1351/1018/957 845/1016/955 1377/1460/1361 1378/1463/1364
f 1141/1019/958 1351/1018/957 1378/1463/1364 1379/1462/1363
f 1379/1462/1363 1380/1480/1381 1140/1444/1345 1141/1019/958
f 1037/1457/1358 1038/1448/1349 1381/1447/1348 1336/1458/1359
f 1336/1458/1359 1381/1447/1348 1382/1700/1555 1036/1474/1375
f 1382/1700/1555 1383/1701/1556 1045/1475/1376 1036/1474/1375
f 968/1715/1560 975/1716/1561 1385/1300/1210 1386/1299/1209
f 968/1715/1560 1386/1299/1209 1387/1544/1431 1089/1717/1562
f 1089/1717/1562 1387/1544/1431 1454/1718/1563 1453/1719/1564
f 1126/1720/1565 1388/1721/1566 1389/1722/1567 1064/1528/1417
f 1064/1528/1417 1389/1722/1567 1390/1723/1568 1070/1529/1418
f 2401/1272/1186 2400/1652/1524 1391/1280/1192 963/1273/1187
f 1080/1251/1165 963/1273/1187 1391/1280/1192 1392/1256/1170
f 1080/1251/1165 1392/1256/1170 956/1255/1169 954/1252/1166
f 1064/1528/1417 1057/1531/1393 1393/1724/1392 1126/1720/1565
f 1453/1719/1564 1452/1725/1493 1394/1726/1432 1089/1717/1562
f 968/1715/1560 1089/1717/1562 1394/1726/1432 1395/1727/1214
f 975/1716/1561 968/1715/1560 1395/1727/1214 1396/1728/1213
f 1432/1331/1241 975/1729/1561 1396/1349/1213 981/1332/1242
f 971/1271/1185 970/1291/1203 2404/1290/1202 2403/1268/1182
f 1406/1505/1394 1072/1533/1420 1397/1535/1422 1398/1514/1403
f 1405/1506/1395 1406/1505/1394 1398/1514/1403 1399/1513/1402
f 1404/1546/1433 1451/1612/1494 1450/1605/1487 1400/1539/1426
f 1403/1305/1215 1404/1546/1433 1400/1539/1426 1401/1313/1223
f 1403/1305/1215 1401/1313/1223 1402/1312/1222 976/1302/1212
f 1060/1511/1400 1061/1517/1406 1408/1516/1405 1123/1512/1401
f 1412/1730/1569 1447/1731/1570 1446/1607/1489 1409/1541/1428
f 1413/1732/1571 1412/1730/1569 1409/1541/1428 1410/1309/1219
f 1414/1733/1572 1413/1732/1571 1410/1309/1219 1411/1308/1218
f 1412/1730/1569 1086/1540/1427 1448/1606/1488 1447/1731/1570
f 998/1367/1268 1086/1540/1427 1412/1730/1569 1413/1732/1571
f 999/1368/1269 998/1367/1268 1413/1732/1571 1414/1733/1572
f 1457/1402/1303 1440/1401/1302 1439/1322/1232 1458/1321/1231
f 1111/1601/1484 1415/1575/1462 1513/1574/1461 1512/1602/1485
f 1416/1563/1450 1532/1562/1449 1501/1734/1573
f 1443/1610/1492 1454/1718/1563 1387/1544/1431 1088/1543/1430
f 1389/1722/1567 1388/1721/1566 1417/1522/1411 1418/1521/1410
f 1390/1723/1568 1389/1722/1567 1418/1521/1410 1069/1527/1416
f 956/1255/1169 957/1254/1168 1419/1248/1162 1234/1244/1161
f 1235/1245/1145 1234/1244/1161 1419/1248/1162 944/1247/1120
f 1314/1228/1150 1332/1225/1147 1420/1224/1049 948/1706/1139
f 1120/1217/1140 948/1216/1139 1420/1117/1049 1421/1116/1048
f 955/1266/1180 1120/1217/1140 1421/1116/1048 1422/1735/1574
f 955/1266/1180 1422/1735/1574 1075/1537/1424 1084/1267/1181
f 1422/1735/1574 1421/1116/1048 1112/1119/1051 1423/1296/1206
f 1422/1735/1574 1423/1296/1206 1424/1295/1205 1075/1537/1424
f 1075/1537/1424 1424/1295/1205 1425/1288/1200 964/1279/1191
f 964/1279/1191 1425/1288/1200 2395/1287/1199 2406/1276/1188
f 1514/1573/1460 1200/1576/1463 1407/1648/1522 1515/1647/1521
f 1535/1736/1575 1426/1646/1520 1536/1645/1519
f 1475/1737/1576 1474/1738/1577 1427/1644/1518 1428/1643/1517
f 1475/1737/1576 1428/1643/1517 1429/1642/1516 1476/1739/1578
f 1477/1740/1579 1476/1741/1578 1429/1641/1516 1430/1640/1515
f 1540/1742/1580 1539/1639/1514 1431/1638/1513
f 1432/1331/1241 984/1329/1239 1385/1743/1210 975/1729/1561
f 984/1329/1239 1432/1331/1241 1433/1334/1244 1107/1330/1240
f 1110/1744/1581 1107/1330/1240 1433/1334/1244 1434/1597/1481
f 1527/1745/1582 1110/1744/1581 1434/1597/1481 1528/1599/1483
f 1097/1580/1467 1435/1637/1512 1518/1636/1511 1517/1577/1464
f 1109/1746/1246 986/1747/1245 1442/1327/1237 1455/1326/1236
f 1437/1319/1229 979/1748/1216 978/1749/1211 1436/1320/1230
f 1437/1319/1229 1438/1323/1233 1411/1750/1218 979/1748/1216
f 1438/1323/1233 1439/1322/1232 1414/1751/1572 1411/1750/1218
f 999/1752/1269 1414/1751/1572 1439/1322/1232 1440/1401/1302
f 1440/1401/1302 1441/1328/1238 977/1753/1221 999/1752/1269
f 977/1753/1221 1441/1328/1238 1442/1327/1237 1402/1754/1222
f 976/1755/1212 1402/1754/1222 1442/1327/1237 986/1747/1245
f 1385/1743/1210 984/1329/1239 1436/1320/1230 978/1749/1211
f 1444/1609/1491 1125/1519/1408 1417/1522/1411 1443/1610/1492
f 1444/1609/1491 1445/1608/1490 1124/1515/1404 1125/1519/1408
f 1445/1608/1490 1446/1607/1489 1408/1516/1405 1124/1515/1404
f 1123/1512/1401 1408/1516/1405 1446/1607/1489 1447/1731/1570
f 1447/1731/1570 1448/1606/1488 1122/1510/1399 1123/1512/1401
f 1121/1507/1396 1122/1510/1399 1448/1606/1488 1449/1604/1486
f 1121/1507/1396 1449/1604/1486 1450/1605/1487 1399/1513/1402
f 1405/1506/1395 1399/1513/1402 1450/1605/1487 1451/1612/1494
f 1393/1503/1392 1405/1506/1395 1451/1612/1494 1452/1611/1493
f 1126/1720/1565 1393/1724/1392 1452/1725/1493 1453/1719/1564
f 1453/1719/1564 1454/1718/1563 1388/1721/1566 1126/1720/1565
f 1417/1522/1411 1388/1721/1566 1454/1718/1563 1443/1610/1492
f 987/1756/1482 1109/1746/1246 1455/1326/1236 985/1757/1583
f 1455/1326/1236 1456/1325/1235 983/1758/1458 985/1757/1583
f 983/1758/1458 1456/1325/1235 1457/1402/1303 1462/1759/1584
f 1462/1759/1584 1457/1402/1303 1458/1321/1231 1463/1760/1585
f 1463/1760/1585 1458/1321/1231 1459/1324/1234 1464/1761/1586
f 1464/1761/1586 1459/1324/1234 1460/1318/1228 1465/1762/1587
f 1465/1762/1587 1460/1318/1228 1461/1317/1227 1466/1763/1588
f 1466/1763/1588 1461/1317/1227 1107/1330/1240 1110/1744/1581
f 983/1758/1458 1462/1759/1584 1522/1764/1589 1531/1765/1456
f 1522/1764/1589 1462/1759/1584 1463/1760/1585 1523/1766/1590
f 1524/1767/1591 1523/1766/1590 1463/1760/1585 1464/1761/1586
f 1524/1767/1591 1464/1761/1586 1465/1762/1587 1525/1768/1592
f 1465/1762/1587 1466/1763/1588 1526/1769/1593 1525/1768/1592
f 1527/1745/1582 1526/1769/1593 1466/1763/1588 1110/1744/1581
f 1093/1555/1442 1416/1563/1450 1501/1734/1573 1500/1556/1443
f 1090/1362/1264 1467/1547/1434 1468/1356/1258 994/1359/1261
f 995/1770/1262 994/1359/1261 1468/1356/1258 1469/1355/1257
f 1469/1589/1257 1470/1588/1475 1101/1771/1263 995/1772/1262
f 1100/1773/1441 1499/1774/1440 1498/1587/1474 1229/1557/1444
f 1533/1561/1448 1199/1564/1451 1534/1775/1594
f 1198/1634/1510 1471/1776/1595 1472/1777/1596 1197/1635/1266
f 1196/1366/1267 1197/1365/1266 1472/1778/1596 1473/1779/1597
f 1542/1559/1446 1541/1780/1598 1195/1560/1447
f 1534/1775/1594 1199/1564/1451 1426/1646/1520 1535/1736/1575
f 1471/1776/1595 1475/1737/1576 1476/1739/1578 1472/1777/1596
f 1473/1779/1597 1472/1778/1596 1476/1741/1578 1477/1740/1579
f 1195/1560/1447 1541/1780/1598 1540/1742/1580 1431/1638/1513
f 1193/1357/1259 1194/1548/1435 1478/1781/1599 1198/1634/1510
f 1198/1634/1510 1478/1781/1599 1479/1782/1600 1471/1776/1595
f 1475/1737/1576 1471/1776/1595 1479/1782/1600 1474/1738/1577
f 784/865/826 1481/892/842 1482/893/843 733/777/747
f 733/777/747 1482/893/843 1483/894/844 732/775/745
f 732/775/745 1483/894/844 1484/895/845 731/776/746
f 731/776/746 1484/895/845 1485/896/846 738/782/752
f 738/782/752 1485/896/846 1486/897/847 739/783/753
f 739/861/753 1486/898/847 1487/899/848 780/856/822
f 780/856/822 1487/899/848 1488/900/849 737/781/751
f 737/781/751 1488/900/849 1489/888/838 736/780/750
f 736/780/750 1489/888/838 1490/889/839 734/779/749
f 1490/889/839 1491/890/840 734/779/749
f 734/779/749 1491/890/840 1492/891/841 735/778/748
f 735/778/748 1492/891/841 1481/892/842 784/865/826
f 1140/1444/1345 1380/1480/1381 1035/1497/1389
f 1493/1591/1477 1494/1590/1476 987/1756/1482 985/1757/1583
f 1494/1593/1476 1495/1592/1478 980/1369/1270 987/1598/1482
f 1495/1592/1478 1496/1594/1479 993/1314/1224 980/1369/1270
f 993/1314/1224 1496/1594/1479 1497/1595/1480 983/1571/1458
f 1497/1596/1480 1493/1591/1477 985/1757/1583 983/1758/1458
f 1499/1774/1440 1101/1771/1263 1470/1588/1475 1498/1587/1474
f 1101/1361/1263 1499/1553/1440 1500/1556/1443 1090/1362/1264
f 1500/1556/1443 1501/1734/1573 1467/1547/1434 1090/1362/1264
f 1502/1783/1601 1503/1784/1602 1416/1563/1450 1093/1555/1442
f 1199/1564/1451 1416/1563/1450 1503/1784/1602 1504/1785/1603
f 1199/1564/1451 1504/1785/1603 1505/1786/1604 1426/1646/1520
f 1094/1567/1454 1426/1646/1520 1505/1786/1604 1506/1787/1605
f 1095/1568/1455 1094/1567/1454 1506/1787/1605 1507/1788/1606
f 1507/1788/1606 1508/1789/1607 1431/1638/1513 1095/1568/1455
f 1195/1560/1447 1431/1638/1513 1508/1789/1607 1509/1790/1608
f 1229/1557/1444 1195/1560/1447 1509/1790/1608 1510/1791/1609
f 1510/1791/1609 1511/1792/1610 1100/1773/1441 1229/1557/1444
f 1100/1554/1441 1511/1793/1610 1502/1783/1601 1093/1555/1442
f 1512/1602/1485 1513/1574/1461 1503/1784/1602 1502/1783/1601
f 1504/1785/1603 1503/1784/1602 1513/1574/1461 1514/1573/1460
f 1504/1785/1603 1514/1573/1460 1515/1647/1521 1505/1786/1604
f 1506/1787/1605 1505/1786/1604 1515/1647/1521 1516/1578/1465
f 1507/1788/1606 1506/1787/1605 1516/1578/1465 1517/1577/1464
f 1517/1577/1464 1518/1636/1511 1508/1789/1607 1507/1788/1606
f 1509/1790/1608 1508/1789/1607 1518/1636/1511 1519/1583/1470
f 1510/1791/1609 1509/1790/1608 1519/1583/1470 1520/1582/1469
f 1520/1582/1469 1521/1586/1473 1511/1792/1610 1510/1791/1609
f 1521/1603/1473 1512/1602/1485 1502/1783/1601 1511/1793/1610
f 1111/1601/1484 1522/1764/1589 1523/1766/1590 1415/1575/1462
f 1200/1576/1463 1415/1575/1462 1523/1766/1590 1524/1767/1591
f 1200/1576/1463 1524/1767/1591 1525/1768/1592 1407/1648/1522
f 1525/1768/1592 1526/1769/1593 1096/1579/1466 1407/1648/1522
f 1097/1580/1467 1096/1579/1466 1526/1769/1593 1527/1745/1582
f 1097/1580/1467 1527/1745/1582 1528/1599/1483 1435/1637/1512
f 1233/1584/1471 1435/1637/1512 1528/1599/1483 1529/1572/1459
f 1233/1584/1471 1529/1572/1459 1530/1570/1457 1098/1581/1468
f 1099/1585/1472 1098/1581/1468 1530/1570/1457 1531/1569/1456
f 1099/1600/1472 1531/1765/1456 1522/1764/1589 1111/1601/1484
f 1501/1734/1573 1532/1562/1449 1194/1548/1435 1467/1547/1434
f 1478/1781/1599 1194/1548/1435 1532/1562/1449 1533/1561/1448
f 1478/1781/1599 1533/1561/1448 1534/1775/1594 1479/1782/1600
f 1479/1782/1600 1534/1775/1594 1535/1736/1575 1474/1738/1577
f 1474/1738/1577 1535/1736/1575 1536/1645/1519 1427/1644/1518
f 1091/1551/1438 1427/1644/1518 1536/1645/1519 1537/1566/1453
f 1092/1552/1439 1091/1551/1438 1537/1566/1453 1538/1565/1452
f 1538/1565/1452 1539/1639/1514 1430/1640/1515 1092/1552/1439
f 1477/1740/1579 1430/1640/1515 1539/1639/1514 1540/1742/1580
f 1473/1779/1597 1477/1740/1579 1540/1742/1580 1541/1780/1598
f 1196/1366/1267 1473/1779/1597 1541/1780/1598 1542/1559/1446
f 1230/1363/1265 1196/1366/1267 1542/1559/1446 1543/1558/1445
f 1543/1558/1445 1498/1587/1474 1470/1588/1475 1230/1363/1265
f 1544/826/795 1545/825/794 661/684/664 755/803/773
f 661/684/664 1545/825/794 1546/823/793 705/738/710
f 705/738/710 1546/823/793 1547/824/791 765/829/797
f 765/901/797 1547/821/791 1548/822/792 764/902/850
f 764/902/850 1548/822/792 1544/827/795 755/903/773
f 1550/729/701 698/1794/862 699/915/861 1549/730/702
f 1550/918/701 1551/820/790 695/1795/698 698/1796/862
f 1551/820/790 1552/733/705 692/1797/699 695/1795/698
f 701/1798/802 692/1797/699 1552/733/705 1553/732/704
f 799/1799/864 701/1798/802 1553/732/704 1554/923/866
f 790/1800/833 799/1799/864 1554/923/866 1555/873/834
f 772/1801/808 790/1800/833 1555/873/834 1556/841/807
f 772/1801/808 1556/841/807 1557/790/760 745/843/809
f 744/844/810 745/843/809 1557/790/760 1558/789/759
f 773/845/811 744/844/810 1558/789/759 1559/847/813
f 1559/847/813 1560/870/831 789/871/832 773/845/811
f 800/922/865 789/871/832 1560/870/831 1561/926/869
f 1561/926/869 1562/925/868 769/835/801 800/922/865
f 1562/925/868 1563/784/754 693/724/696 769/835/801
f 693/724/696 1563/784/754 1564/787/757 694/725/697
f 694/725/697 1564/787/757 1549/730/702 699/915/861
f 1565/1802/1611 1566/1803/1612 747/793/763 746/792/762
f 747/919/763 1566/1804/1612 1567/1805/1613 749/794/764
f 748/795/765 749/794/764 1567/1805/1613 1568/1806/1614
f 770/840/806 748/795/765 1568/1806/1614 1569/1807/1615
f 770/840/806 1569/1807/1615 1570/1808/1616 753/800/770
f 754/799/769 753/800/770 1570/1808/1616 1571/1809/1617
f 775/848/814 754/799/769 1571/1809/1617 1572/1810/1618
f 1572/1810/1618 1573/1811/1619 750/798/768 775/848/814
f 751/796/766 750/798/768 1573/1811/1619 1574/1812/1620
f 751/796/766 1574/1812/1620 1565/1802/1611 746/792/762
f 1575/834/800 1576/833/787 1566/1803/1612 1565/1802/1611
f 1566/1804/1612 1576/817/787 1577/814/784 1567/1805/1613
f 1568/1806/1614 1567/1805/1613 1577/814/784 1578/813/783
f 1569/1807/1615 1568/1806/1614 1578/813/783 1579/838/804
f 1569/1807/1615 1579/838/804 1580/811/781 1570/1808/1616
f 1571/1809/1617 1570/1808/1616 1580/811/781 1581/810/780
f 1572/1810/1618 1571/1809/1617 1581/810/780 1582/850/816
f 1582/850/816 1583/807/777 1573/1811/1619 1572/1810/1618
f 1574/1812/1620 1573/1811/1619 1583/807/777 1584/806/776
f 1584/806/776 1575/834/800 1565/1802/1611 1574/1812/1620
f 1586/801/771 756/815/785 757/818/788 1585/802/772
f 1586/801/771 1587/804/774 758/816/786 756/815/785
f 767/837/803 758/816/786 1587/804/774 1588/830/798
f 1588/830/798 1589/877/837 761/812/782 767/837/803
f 762/809/779 761/812/782 1589/877/837 1590/914/860
f 762/809/779 1590/914/860 1591/913/859 776/849/815
f 1591/913/859 1592/912/858 759/808/778 776/849/815
f 760/805/775 759/808/778 1592/912/858 1593/911/857
f 1593/911/857 1594/910/856 768/831/799 760/805/775
f 1594/910/856 1585/909/772 757/832/788 768/831/799
f 1652/1813/1621 1597/1814/1622 1672/1815/1623 1673/1816/1624
f 1649/1817/1625 1650/1818/1626 1600/1819/1627 1599/1820/1628
f 1606/1821/1629 1605/1822/1630 1604/1823/1631 1603/1824/1632
f 1610/1825/1633 1669/1826/1634 1670/1827/1635 1607/1828/1636
f 1612/1829/1637 1681/1830/1638 1682/1831/1639 1611/1832/1640
f 1653/1833/1641 1613/1834/1642 1684/1835/1643 1685/1836/1644
f 1608/1837/1645 1609/1838/1646 1658/1839/1647 1659/1840/1648
f 1651/1841/1649 1596/1842/1650 1661/1843/1651 1662/1844/1652
f 1611/1832/1640 1682/1831/1639 1683/1845/1653 1639/1846/1654
f 1607/1828/1636 1670/1827/1635 1671/1847/1655 1638/1848/1656
f 1637/1849/1657 1608/1837/1645 1659/1840/1648 1660/1850/1658
f 1635/1851/1659 1636/1852/1660 1605/1822/1630 1606/1821/1629
f 1677/1853/1661 1624/1854/1662 1645/1855/1663 1676/1856/1664
f 1627/1857/1665 1647/1858/1666 1648/1859/1667 1628/1860/1668
f 1626/1861/1669 1633/1862/1670 1634/1863/1671 1615/1864/1672
f 1667/1865/1673 1668/1866/1674 1623/1867/1675 1631/1868/1676
f 1679/1869/1677 1680/1870/1678 1616/1871/1679 1630/1872/1680
f 1688/1873/1681 1689/1874/1682 1622/1875/1683 1654/1876/1684
f 1657/1877/1685 1621/1878/1686 1632/1879/1687 1656/1880/1688
f 1666/1881/1689 1629/1882/1690 1646/1883/1691 1665/1884/1692
f 1690/1885/1693 1679/1869/1677 1630/1872/1680 1640/1886/1694
f 1678/1887/1695 1667/1865/1673 1631/1868/1676 1641/1888/1696
f 1656/1880/1688 1632/1879/1687 1642/1889/1697 1655/1890/1698
f 1633/1862/1670 1643/1891/1699 1644/1892/1700 1634/1863/1671
f 1657/1877/1685 1658/1893/1647 1609/1894/1646 1621/1878/1686
f 1668/1866/1674 1669/1895/1634 1610/1896/1633 1623/1867/1675
f 1680/1870/1678 1681/1897/1638 1612/1898/1637 1616/1871/1679
f 1616/1871/1679 1612/1899/1637 1611/1900/1640 1630/1872/1680
f 1617/1901/1701 1614/1902/1702 1686/1903/1703 1687/1904/1704
f 1625/1905/1705 1598/1906/1706 1674/1907/1707 1675/1908/1708
f 1618/1909/1709 1595/1910/1710 1663/1911/1711 1664/1912/1712
f 1619/1913/1713 1601/1914/1714 1602/1915/1715 1620/1916/1716
f 1648/1859/1667 1649/1917/1625 1599/1918/1628 1628/1860/1668
f 1644/1892/1700 1635/1919/1717 1606/1920/1718 1634/1863/1671
f 1622/1875/1683 1613/1921/1642 1653/1922/1641 1654/1876/1684
f 1630/1872/1680 1611/1900/1640 1639/1923/1654 1640/1886/1694
f 1634/1863/1671 1606/1920/1718 1603/1924/1632 1615/1864/1672
f 1604/1925/1631 1626/1861/1669 1615/1864/1672 1603/1926/1632
f 1599/1820/1628 1600/1819/1627 1636/1852/1660 1635/1851/1659
f 1596/1842/1650 1637/1849/1657 1660/1850/1658 1661/1843/1651
f 1638/1848/1656 1671/1847/1655 1672/1815/1623 1597/1814/1622
f 1639/1846/1654 1683/1845/1653 1684/1835/1643 1613/1834/1642
f 1640/1886/1694 1639/1923/1654 1613/1921/1642 1622/1875/1683
f 1689/1874/1682 1690/1885/1693 1640/1886/1694 1622/1875/1683
f 1677/1853/1661 1678/1887/1695 1641/1888/1696 1624/1854/1662
f 1655/1890/1698 1642/1889/1697 1629/1882/1690 1666/1881/1689
f 1643/1891/1699 1627/1857/1665 1628/1860/1668 1644/1892/1700
f 1644/1892/1700 1628/1860/1668 1599/1918/1628 1635/1919/1717
f 1676/1856/1664 1645/1855/1663 1625/1905/1705 1675/1908/1708
f 1665/1884/1692 1646/1883/1691 1618/1909/1709 1664/1912/1712
f 1647/1858/1666 1619/1913/1713 1620/1916/1716 1648/1859/1667
f 1648/1859/1667 1620/1916/1716 1602/1927/1715 1649/1917/1625
f 1649/1817/1625 1602/1928/1715 1601/1929/1714 1650/1818/1626
f 1595/1930/1710 1651/1841/1649 1662/1844/1652 1663/1931/1711
f 1598/1932/1706 1652/1813/1621 1673/1816/1624 1674/1933/1707
f 1614/1934/1702 1653/1833/1641 1685/1836/1644 1686/1935/1703
f 1654/1876/1684 1653/1922/1641 1614/1936/1702 1617/1901/1701
f 1688/1873/1681 1654/1876/1684 1617/1901/1701 1687/1904/1704
f 1633/1862/1670 1656/1880/1688 1655/1890/1698 1643/1891/1699
f 1626/1861/1669 1657/1877/1685 1656/1880/1688 1633/1862/1670
f 1657/1877/1685 1626/1861/1669 1604/1925/1631 1658/1893/1647
f 1659/1840/1648 1658/1839/1647 1604/1823/1631 1605/1822/1630
f 1660/1850/1658 1659/1840/1648 1605/1822/1630 1636/1852/1660
f 1661/1843/1651 1660/1850/1658 1636/1852/1660 1600/1819/1627
f 1662/1844/1652 1661/1843/1651 1600/1819/1627 1650/1818/1626
f 1663/1931/1711 1662/1844/1652 1650/1818/1626 1601/1929/1714
f 1664/1912/1712 1663/1911/1711 1601/1914/1714 1619/1913/1713
f 1647/1858/1666 1665/1884/1692 1664/1912/1712 1619/1913/1713
f 1627/1857/1665 1666/1881/1689 1665/1884/1692 1647/1858/1666
f 1643/1891/1699 1655/1890/1698 1666/1881/1689 1627/1857/1665
f 1632/1879/1687 1621/1878/1686 1668/1866/1674 1667/1865/1673
f 1668/1866/1674 1621/1878/1686 1609/1894/1646 1669/1895/1634
f 1669/1826/1634 1609/1838/1646 1608/1837/1645 1670/1827/1635
f 1670/1827/1635 1608/1837/1645 1637/1849/1657 1671/1847/1655
f 1671/1847/1655 1637/1849/1657 1596/1842/1650 1672/1815/1623
f 1673/1816/1624 1672/1815/1623 1596/1842/1650 1651/1841/1649
f 1674/1933/1707 1673/1816/1624 1651/1841/1649 1595/1930/1710
f 1675/1908/1708 1674/1907/1707 1595/1910/1710 1618/1909/1709
f 1646/1883/1691 1676/1856/1664 1675/1908/1708 1618/1909/1709
f 1629/1882/1690 1677/1853/1661 1676/1856/1664 1646/1883/1691
f 1677/1853/1661 1629/1882/1690 1642/1889/1697 1678/1887/1695
f 1678/1887/1695 1642/1889/1697 1632/1879/1687 1667/1865/1673
f 1631/1868/1676 1623/1867/1675 1680/1870/1678 1679/1869/1677
f 1680/1870/1678 1623/1867/1675 1610/1896/1633 1681/1897/1638
f 1681/1830/1638 1610/1825/1633 1607/1828/1636 1682/1831/1639
f 1682/1831/1639 1607/1828/1636 1638/1848/1656 1683/1845/1653
f 1683/1845/1653 1638/1848/1656 1597/1814/1622 1684/1835/1643
f 1685/1836/1644 1684/1835/1643 1597/1814/1622 1652/1813/1621
f 1686/1935/1703 1685/1836/1644 1652/1813/1621 1598/1932/1706
f 1687/1904/1704 1686/1903/1703 1598/1906/1706 1625/1905/1705
f 1645/1855/1663 1688/1873/1681 1687/1904/1704 1625/1905/1705
f 1688/1873/1681 1645/1855/1663 1624/1854/1662 1689/1874/1682
f 1689/1874/1682 1624/1854/1662 1641/1888/1696 1690/1885/1693
f 1690/1885/1693 1641/1888/1696 1631/1868/1676 1679/1869/1677
f 1768/1937/1719 1693/1938/1720 1748/1939/1721 1769/1940/1722
f 1696/1941/1723 1746/1942/1724 1745/1943/1725 1695/1944/1726
f 1700/1945/1727 1701/1946/1728 1702/1947/1729 1699/1948/1730
f 1766/1949/1731 1765/1950/1732 1706/1951/1733 1703/1952/1734
f 1778/1953/1735 1777/1954/1736 1708/1955/1737 1707/1956/1738
f 1780/1957/1739 1709/1958/1740 1749/1959/1741 1781/1960/1742
f 1754/1961/1743 1705/1962/1744 1704/1963/1745 1755/1964/1746
f 1757/1965/1747 1692/1966/1748 1747/1967/1749 1758/1968/1750
f 1779/1969/1751 1778/1953/1735 1707/1956/1738 1735/1970/1752
f 1767/1971/1753 1766/1949/1731 1703/1952/1734 1734/1972/1754
f 1755/1964/1746 1704/1963/1745 1733/1973/1755 1756/1974/1756
f 1701/1946/1728 1732/1975/1757 1731/1976/1758 1702/1947/1729
f 1741/1977/1759 1720/1978/1760 1773/1979/1761 1772/1980/1762
f 1744/1981/1763 1743/1982/1764 1723/1983/1765 1724/1984/1766
f 1730/1985/1767 1729/1986/1768 1722/1987/1769 1711/1988/1770
f 1719/1989/1771 1764/1990/1772 1763/1991/1773 1727/1992/1774
f 1712/1993/1775 1776/1994/1776 1775/1995/1777 1726/1996/1778
f 1718/1997/1779 1785/1998/1780 1784/1999/1781 1750/2000/1782
f 1728/2001/1783 1717/2002/1784 1753/2003/1785 1752/2004/1786
f 1742/2005/1787 1725/2006/1788 1762/2007/1789 1761/2008/1790
f 1726/1996/1778 1775/1995/1777 1786/2009/1791 1736/2010/1792
f 1727/1992/1774 1763/1991/1773 1774/2011/1793 1737/2012/1794
f 1738/2013/1795 1728/2001/1783 1752/2004/1786 1751/2014/1796
f 1740/2015/1797 1739/2016/1798 1729/1986/1768 1730/1985/1767
f 1705/2017/1744 1754/2018/1743 1753/2003/1785 1717/2002/1784
f 1706/2019/1733 1765/2020/1732 1764/1990/1772 1719/1989/1771
f 1708/2021/1737 1777/2022/1736 1776/1994/1776 1712/1993/1775
f 1707/2023/1738 1708/2024/1737 1712/1993/1775 1726/1996/1778
f 1782/2025/1799 1710/2026/1800 1713/2027/1801 1783/2028/1802
f 1770/2029/1803 1694/2030/1804 1721/2031/1805 1771/2032/1806
f 1759/2033/1807 1691/2034/1808 1714/2035/1809 1760/2036/1810
f 1698/2037/1811 1697/2038/1812 1715/2039/1813 1716/2040/1814
f 1695/2041/1726 1745/2042/1725 1744/1981/1763 1724/1984/1766
f 1702/2043/1815 1731/2044/1816 1740/2015/1797 1730/1985/1767
f 1749/2045/1741 1709/2046/1740 1718/1997/1779 1750/2000/1782
f 1735/2047/1752 1707/2023/1738 1726/1996/1778 1736/2010/1792
f 1699/2048/1730 1702/2043/1815 1730/1985/1767 1711/1988/1770
f 1711/1988/1770 1722/1987/1769 1700/2049/1727 1699/2050/1730
f 1732/1975/1757 1696/1941/1723 1695/1944/1726 1731/1976/1758
f 1756/1974/1756 1733/1973/1755 1692/1966/1748 1757/1965/1747
f 1768/1937/1719 1767/1971/1753 1734/1972/1754 1693/1938/1720
f 1780/1957/1739 1779/1969/1751 1735/1970/1752 1709/1958/1740
f 1709/2046/1740 1735/2047/1752 1736/2010/1792 1718/1997/1779
f 1736/2010/1792 1786/2009/1791 1785/1998/1780 1718/1997/1779
f 1737/2012/1794 1774/2011/1793 1773/1979/1761 1720/1978/1760
f 1725/2006/1788 1738/2013/1795 1751/2014/1796 1762/2007/1789
f 1724/1984/1766 1723/1983/1765 1739/2016/1798 1740/2015/1797
f 1695/2041/1726 1724/1984/1766 1740/2015/1797 1731/2044/1816
f 1721/2031/1805 1741/1977/1759 1772/1980/1762 1771/2032/1806
f 1714/2035/1809 1742/2005/1787 1761/2008/1790 1760/2036/1810
f 1716/2040/1814 1715/2039/1813 1743/1982/1764 1744/1981/1763
f 1698/2051/1811 1716/2040/1814 1744/1981/1763 1745/2042/1725
f 1697/2052/1812 1698/2053/1811 1745/1943/1725 1746/1942/1724
f 1758/1968/1750 1747/1967/1749 1691/2054/1808 1759/2055/1807
f 1769/1940/1722 1748/1939/1721 1694/2056/1804 1770/2057/1803
f 1781/1960/1742 1749/1959/1741 1710/2058/1800 1782/2059/1799
f 1710/2060/1800 1749/2045/1741 1750/2000/1782 1713/2027/1801
f 1713/2027/1801 1750/2000/1782 1784/1999/1781 1783/2028/1802
f 1751/2014/1796 1752/2004/1786 1729/1986/1768 1739/2016/1798
f 1752/2004/1786 1753/2003/1785 1722/1987/1769 1729/1986/1768
f 1700/2049/1727 1722/1987/1769 1753/2003/1785 1754/2018/1743
f 1700/1945/1727 1754/1961/1743 1755/1964/1746 1701/1946/1728
f 1701/1946/1728 1755/1964/1746 1756/1974/1756 1732/1975/1757
f 1732/1975/1757 1756/1974/1756 1757/1965/1747 1696/1941/1723
f 1696/1941/1723 1757/1965/1747 1758/1968/1750 1746/1942/1724
f 1746/1942/1724 1758/1968/1750 1759/2055/1807 1697/2052/1812
f 1697/2038/1812 1759/2033/1807 1760/2036/1810 1715/2039/1813
f 1760/2036/1810 1761/2008/1790 1743/1982/1764 1715/2039/1813
f 1761/2008/1790 1762/2007/1789 1723/1983/1765 1743/1982/1764
f 1762/2007/1789 1751/2014/1796 1739/2016/1798 1723/1983/1765
f 1764/1990/1772 1717/2002/1784 1728/2001/1783 1763/1991/1773
f 1705/2017/1744 1717/2002/1784 1764/1990/1772 1765/2020/1732
f 1704/1963/1745 1705/1962/1744 1765/1950/1732 1766/1949/1731
f 1733/1973/1755 1704/1963/1745 1766/1949/1731 1767/1971/1753
f 1692/1966/1748 1733/1973/1755 1767/1971/1753 1768/1937/1719
f 1692/1966/1748 1768/1937/1719 1769/1940/1722 1747/1967/1749
f 1747/1967/1749 1769/1940/1722 1770/2057/1803 1691/2054/1808
f 1691/2034/1808 1770/2029/1803 1771/2032/1806 1714/2035/1809
f 1771/2032/1806 1772/1980/1762 1742/2005/1787 1714/2035/1809
f 1772/1980/1762 1773/1979/1761 1725/2006/1788 1742/2005/1787
f 1738/2013/1795 1725/2006/1788 1773/1979/1761 1774/2011/1793
f 1728/2001/1783 1738/2013/1795 1774/2011/1793 1763/1991/1773
f 1776/1994/1776 1719/1989/1771 1727/1992/1774 1775/1995/1777
f 1706/2019/1733 1719/1989/1771 1776/1994/1776 1777/2022/1736
f 1703/1952/1734 1706/1951/1733 1777/1954/1736 1778/1953/1735
f 1734/1972/1754 1703/1952/1734 1778/1953/1735 1779/1969/1751
f 1693/1938/1720 1734/1972/1754 1779/1969/1751 1780/1957/1739
f 1693/1938/1720 1780/1957/1739 1781/1960/1742 1748/1939/1721
f 1748/1939/1721 1781/1960/1742 1782/2059/1799 1694/2056/1804
f 1694/2030/1804 1782/2025/1799 1783/2028/1802 1721/2031/1805
f 1783/2028/1802 1784/1999/1781 1741/1977/1759 1721/2031/1805
f 1720/1978/1760 1741/1977/1759 1784/1999/1781 1785/1998/1780
f 1737/2012/1794 1720/1978/1760 1785/1998/1780 1786/2009/1791
f 1727/1992/1774 1737/2012/1794 1786/2009/1791 1775/1995/1777
f 1842/2061/1817 1843/2062/1818 2064/2063/1819 2065/2064/1820
f 1847/2065/1821 1802/2066/1822 1814/2067/1823 1813/2068/1824
f 1802/2069/1822 2070/2070/1825 2071/2071/1826 1814/2072/1823
f 1800/2073/1827 1799/2074/1828 1816/2075/1829 1817/2076/1830
f 2015/2077/1831 2016/2078/1832 1963/2079/1833 1788/2080/1834
f 2014/2081/1835 2015/2077/1831 1788/2080/1834 1789/2082/1836
f 2013/2083/1837 1942/2084/1838 1790/2085/1839 2012/2086/1840
f 2010/2087/1841 2011/2088/1842 1791/2089/1843 1875/2090/1844
f 2006/2091/1845 2028/2092/1846 2029/2093/1847 1873/2094/1848
f 1803/2095/1849 1870/2096/1850 1871/2097/1851 1801/2098/1852
f 2074/2099/1853 2075/2100/1854 1927/2101/1855 2069/2102/1856
f 2034/2103/1857 1869/2104/1858 1925/2105/1859 2033/2106/1860
f 1801/2098/1852 1871/2097/1851 1872/2107/1861 1815/2108/1862
f 1800/2073/1827 1817/2076/1830 1872/2107/1861 1871/2097/1851
f 1860/2109/1863 1809/2110/1864 1787/2111/1865
f 2030/2112/1867 1811/2113/1868 1873/2094/1848 2029/2093/1847
f 1926/2114/1869 1927/2115/1855 2075/2116/1854 1868/2117/1870
f 2046/2118/1871 2047/2119/1872 1809/2110/1864 1860/2109/1863
f 1910/2120/1873 2048/2121/1874 2049/2122/1875 1806/2123/1876
f 2030/2112/1867 2044/2124/1877 2045/2125/1878 1811/2113/1868
f 1963/2079/1833 1910/2120/1873 1806/2123/1876 1788/2080/1834
f 1788/2080/1834 1806/2123/1876 1846/2126/1879 1789/2082/1836
f 1846/2126/1879 1943/2127/1880 1942/2084/1838 1789/2082/1836
f 2052/2128/1881 2053/2129/1882 1852/2130/1883 1853/2131/1884
f 1852/2130/1883 2053/2129/1882 2054/2132/1885 1855/2133/1886
f 2009/2134/1887 1792/2135/1888 1793/2136/1889 2008/2137/1890
f 1815/2138/1862 1872/2139/1861 1973/2140/1891 1974/2141/1892
f 1817/2142/1830 1972/2143/1893 1973/2144/1891 1872/2145/1861
f 1971/2146/1894 1972/2143/1893 1817/2142/1830 1816/2147/1829
f 1975/2148/1895 1814/2149/1823 2071/2150/1826 2072/2151/1896
f 2063/2152/1897 2064/2153/1819 1843/2154/1818 1939/2155/1898
f 1938/2156/1899 1813/2157/1824 1814/2149/1823 1937/2158/1900
f 1934/2159/1901 1970/2160/1902 1971/2146/1894 1816/2147/1829
f 2066/2161/1903 2064/2153/1819 2063/2152/1897 1933/2162/1904
f 1976/2163/1905 1937/2158/1900 1814/2149/1823 1975/2148/1895
f 2061/2164/1906 2062/2165/1907 1844/2166/1908 1839/2167/1909
f 1829/2168/1910 1838/2169/1911 1822/2170/1912 1823/2171/1913
f 1978/2172/1914 1829/2168/1910 1823/2171/1913 1977/2173/1915
f 1841/2174/1916 1982/2175/1917 1983/2176/1918 1826/2177/1919
f 1840/2178/1920 1841/2174/1916 1826/2177/1919 1821/2179/1921
f 2083/2180/1922 2061/2164/1906 1839/2167/1909 2082/2181/1923
f 2082/2181/1923 1839/2167/1909 2039/2182/1924 2081/2183/1925
f 1980/2184/1926 2059/2185/1927 2060/2186/1928 1833/2187/1929
f 2041/2188/1930 1980/2184/1926 1833/2187/1929 2040/2189/1931
f 2080/2190/1932 1838/2169/1911 1829/2168/1910
f 1979/2191/1934 1834/2192/1935 1829/2168/1910 1978/2172/1914
f 1841/2174/1916 1840/2178/1920 2084/2193/1936
f 1981/2194/1938 1982/2175/1917 1841/2174/1916 1832/2195/1939
f 1830/2196/1940 1824/2197/1941 1825/2198/1942 1831/2199/1943
f 1936/2200/1944 1828/2201/1945 1827/2202/1946 1935/2203/1947
f 1828/2201/1945 2073/2204/1948 1820/2205/1949 1827/2202/1946
f 1837/2206/1950 1830/2196/1940 1831/2199/1943 1835/2207/1951
f 2042/2208/1952 1837/2206/1950 1835/2207/1951 2058/2209/1953
f 1818/2210/1954 1819/2211/1955 1820/2205/1949
f 2037/2212/1957 1939/2155/1898 1843/2154/1818 2036/2213/1958
f 2039/2182/1924 1839/2167/1909 1844/2166/1908 2038/2214/1959
f 1816/2075/1829 1799/2074/1828 2067/2215/1960 2066/2216/1903
f 1928/2217/1961 1929/2218/1962 2068/2219/1963 2076/2220/1964
f 1928/2217/1961 2076/2220/1964 2077/2221/1965 1932/2222/1966
f 1846/2126/1879 1806/2123/1876 2049/2122/1875 2050/2223/1967
f 1853/2131/1884 1943/2127/1880 2051/2224/1968 2052/2128/1881
f 2035/2225/1969 2036/2226/1958 1843/2062/1818 1842/2061/1817
f 2057/2227/1970 1808/2228/1971 1848/2229/1972 2056/2230/1973
f 1852/2130/1883 1855/2133/1886 1875/2090/1844 1791/2089/1843
f 1790/2085/1839 1853/2131/1884 1852/2130/1883 1791/2089/1843
f 1848/2229/1972 1854/2231/1974 2055/2232/1975 2056/2230/1973
f 1855/2233/1886 1854/2231/1974 1848/2229/1972 1856/2234/1976
f 1810/2235/1977 1856/2234/1976 1848/2229/1972 1808/2228/1971
f 1792/2135/1888 1856/2234/1976 1810/2235/1977 1793/2136/1889
f 2054/2236/1885 2055/2232/1975 1854/2231/1974 1855/2233/1886
f 1867/2237/1978 1859/2238/1979 1858/2239/1980 1857/2240/1981
f 2045/2125/1878 2046/2118/1871 1860/2109/1863 1811/2113/1868
f 1862/2241/1982 2031/2242/1983 2032/2243/1984 1804/2244/1985
f 1804/2244/1985 1805/2245/1986 1861/2246/1987 1862/2241/1982
f 1869/2104/1858 2078/2247/1988 2079/2248/1989 1925/2105/1859
f 1932/2222/1966 2077/2221/1965 1870/2096/1850 1931/2249/1990
f 1845/2250/1991 1807/2251/1992 1944/2252/1993 1864/2253/1994
f 1863/2254/1995 1865/2255/1996 1944/2252/1993 1807/2251/1992
f 2050/2223/1967 2051/2224/1968 1943/2127/1880 1846/2126/1879
f 1865/2255/1996 1863/2254/1995 1867/2237/1978 1857/2240/1981
f 2011/2088/1842 2012/2086/1840 1790/2085/1839 1791/2089/1843
f 1803/2095/1849 1930/2256/1997 1931/2249/1990 1870/2096/1850
f 2034/2103/1857 2035/2225/1969 1842/2061/1817 1869/2104/1858
f 1842/2061/1817 2065/2064/1820 2078/2247/1988 1869/2104/1858
f 1811/2113/1868 1860/2109/1863 1787/2111/1865 1873/2094/1848
f 1873/2094/1848 1787/2111/1865 2017/2257/1998 2006/2091/1845
f 1875/2258/1844 1855/2233/1886 1856/2234/1976 1792/2135/1888
f 2009/2134/1887 2010/2259/1841 1875/2258/1844 1792/2135/1888
f 1962/2260/1999 1795/2261/2000 1878/2262/2001 1909/2263/2002
f 1878/2262/2001 1795/2261/2000 1796/2264/2003 1879/2265/2004
f 1866/2266/2005 1880/2267/2006 1940/2268/2007 1941/2269/2008
f 1876/2270/2009 1882/2271/2010 1881/2272/2011 1797/2273/2012
f 1812/2274/2013 1884/2275/2014 1883/2276/2015 1798/2277/2016
f 2025/2278/2017 2026/2279/2018 1969/2280/2019 1885/2281/2020
f 1797/2273/2012 1881/2272/2011 1880/2267/2006 1866/2266/2005
f 1877/2282/2021 1885/2281/2020 1969/2280/2019
f 1798/2277/2016 1883/2276/2015 1882/2283/2010 1876/2284/2009
f 1887/2285/2022 1879/2265/2004 1940/2268/2007 1886/2286/2023
f 1889/2287/2024 1885/2281/2020 1877/2282/2021 1890/2288/2025
f 1948/2289/2026 1880/2267/2006 1881/2272/2011 1894/2290/2027
f 1885/2281/2020 1889/2287/2024 2024/2291/2028 2025/2278/2017
f 1882/2283/2010 1883/2276/2015 1912/2292/2029 1895/2293/2030
f 1915/2294/2031 1903/2295/2032 1904/2296/2033 1914/2297/2034
f 1893/2298/2035 1892/2299/2036 1898/2300/2037 1897/2301/2038
f 1892/2302/2036 1891/2303/2039 1899/2304/2040 1898/2305/2037
f 1878/2262/2001 1901/2306/2041 1888/2307/2042 1909/2263/2002
f 1915/2294/2031 1960/2308/2043 1961/2309/2044 1903/2295/2032
f 1893/2298/2035 1897/2301/2038 1900/2310/2045 1905/2311/2046
f 1904/2296/2033 2019/2312/2047 2020/2313/2048 1914/2297/2034
f 1946/2314/2049 1947/2315/2050 1899/2304/2040 1891/2303/2039
f 1907/2316/2051 1947/2315/2050 1946/2314/2049 1906/2317/2052
f 1896/2318/2053 1902/2319/2054 1916/2320/2055 1908/2321/2056
f 1902/2319/2054 1961/2309/2044 1960/2308/2043 1916/2320/2055
f 1896/2318/2053 1908/2321/2056 1907/2316/2051 1906/2317/2052
f 1909/2263/2002 1888/2307/2042 1890/2288/2025 1877/2282/2021
f 1882/2271/2010 1895/2322/2030 1894/2290/2027 1881/2272/2011
f 1879/2265/2004 1887/2285/2022 1901/2306/2041 1878/2262/2001
f 1910/2120/1873 1809/2110/1864 2047/2119/1872 2048/2121/1874
f 1913/2323/2057 1912/2292/2029 1883/2276/2015 1884/2275/2014
f 1892/2302/2036 1918/2324/2058 1917/2325/2059 1891/2303/2039
f 1893/2298/2035 1919/2326/2060 1918/2327/2058 1892/2299/2036
f 1903/2295/2032 1920/2328/2061 1921/2329/2062 1904/2296/2033
f 1906/2317/2052 1923/2330/2063 1922/2331/2064 1896/2318/2053
f 1896/2318/2053 1922/2331/2064 1924/2332/2065 1902/2319/2054
f 1905/2311/2046 1919/2326/2060 1893/2298/2035
f 1904/2296/2033 1921/2329/2062 2018/2333/2066 2019/2312/2047
f 1923/2330/2063 1906/2317/2052 1946/2314/2049 1945/2334/2067
f 1945/2334/2067 1946/2314/2049 1891/2303/2039 1917/2325/2059
f 1961/2309/2044 1924/2332/2065 1920/2328/2061 1903/2295/2032
f 1925/2105/1859 2079/2248/1989 1805/2245/1986 1804/2244/1985
f 1925/2105/1859 1804/2244/1985 2032/2243/1984 2033/2106/1860
f 1926/2114/1869 1850/2335/2068 1851/2336/2069 1927/2115/1855
f 1927/2101/1855 1851/2337/2069 1859/2238/1979 2069/2102/1856
f 1911/2338/2070 1929/2218/1962 1928/2217/1961 1845/2250/1991
f 1930/2256/1997 1867/2237/1978 1863/2254/1995 1931/2249/1990
f 1807/2251/1992 1932/2222/1966 1931/2249/1990 1863/2254/1995
f 1845/2250/1991 1928/2217/1961 1932/2222/1966 1807/2251/1992
f 1934/2159/1901 1933/2162/1904 1821/2179/1921 1826/2177/1919
f 1970/2160/1902 1934/2159/1901 1826/2177/1919 1983/2176/1918
f 1824/2197/1941 1936/2200/1944 1935/2203/1947 1825/2198/1942
f 1976/2163/1905 1977/2173/1915 1823/2171/1913 1937/2158/1900
f 1822/2170/1912 1938/2156/1899 1937/2158/1900 1823/2171/1913
f 2037/2212/1957 2038/2214/1959 1844/2166/1908 1939/2155/1898
f 2063/2152/1897 1939/2155/1898 1844/2166/1908 2062/2165/1907
f 1943/2127/1880 1853/2131/1884 1790/2085/1839 1942/2084/1838
f 1941/2269/2008 1940/2268/2007 1879/2265/2004 1796/2264/2003
f 2013/2083/1837 2014/2081/1835 1789/2082/1836 1942/2084/1838
f 1948/2289/2026 1886/2286/2023 1940/2268/2007 1880/2267/2006
f 1949/2339/2071 2005/2340/2072 1995/2341/2073 1990/2342/2074
f 1990/2342/2074 1995/2341/2073 1996/2343/2075 1989/2344/2076
f 1988/2345/2077 2022/2346/2078 2023/2347/2079 1997/2348/2080
f 1987/2349/2081 1988/2345/2077 1997/2348/2080 1998/2350/2082
f 1986/2351/2083 1987/2349/2081 1998/2350/2082 1999/2352/2084
f 2000/2353/2085 1994/2354/2086 1986/2351/2083 1999/2352/2084
f 1994/2354/2086 2000/2353/2085 2001/2355/2087 1950/2356/2088
f 1950/2356/2088 2001/2355/2087 2002/2357/2089 1993/2358/2090
f 1993/2358/2090 2002/2357/2089 2003/2359/2091 1992/2360/2092
f 1991/2361/2093 1992/2360/2092 2003/2359/2091 2004/2362/2094
f 1991/2361/2093 2004/2362/2094 2005/2363/2072 1949/2364/2071
f 1961/2309/2044 1902/2319/2054 1924/2332/2065
f 1909/2263/2002 1877/2282/2021 1794/2365/2096 1962/2260/1999
f 2016/2078/1832 2017/2257/1998 1787/2111/1865 1963/2079/1833
f 1963/2079/1833 1787/2111/1865 1809/2110/1864 1910/2120/1873
f 2007/2366/2097 2008/2137/1890 1793/2136/1889 1965/2367/2098
f 1810/2235/1977 1966/2368/2099 1965/2367/2098 1793/2136/1889
f 2043/2369/2100 1966/2368/2099 1810/2235/1977 1849/2370/2101
f 1884/2275/2014 1812/2274/2013 1964/2371/2102 1968/2372/2103
f 2057/2227/1970 1849/2370/2101 1810/2235/1977 1808/2228/1971
f 2026/2279/2018 2027/2373/2104 1874/2374/2105 1969/2280/2019
f 1969/2280/2019 1874/2374/2105 1794/2365/2096 1877/2282/2021
f 1970/2160/1902 1935/2375/1947 1827/2376/1946 1971/2146/1894
f 1971/2146/1894 1827/2376/1946 1820/2377/1949 1972/2143/1893
f 1972/2143/1893 1820/2377/1949 1819/2378/1955 1973/2144/1891
f 1974/2141/1892 1973/2140/1891 1819/2379/1955 1818/2380/1954
f 1828/2381/1945 1975/2148/1895 2072/2151/1896 2073/2382/1948
f 1936/2383/1944 1976/2163/1905 1975/2148/1895 1828/2381/1945
f 1976/2163/1905 1936/2383/1944 1824/2384/1941 1977/2173/1915
f 1830/2385/1940 1978/2172/1914 1977/2173/1915 1824/2384/1941
f 1837/2386/1950 1979/2191/1934 1978/2172/1914 1830/2385/1940
f 2041/2188/1930 2042/2387/1952 1836/2388/2106 1980/2184/1926
f 1980/2184/1926 1836/2388/2106 2058/2389/1953 2059/2185/1927
f 1981/2194/1938 1835/2390/1951 1831/2391/1943 1982/2175/1917
f 1982/2175/1917 1831/2391/1943 1825/2392/1942 1983/2176/1918
f 1970/2160/1902 1983/2176/1918 1825/2392/1942 1935/2375/1947
f 1959/2393/2107 1960/2308/2043 1915/2294/2031 1953/2394/2108
f 1953/2394/2108 1915/2294/2031 1914/2297/2034 1952/2395/2109
f 1952/2395/2109 1914/2297/2034 2020/2313/2048 2021/2396/2110
f 1897/2301/2038 1951/2397/2111 1984/2398/2112 1900/2310/2045
f 1898/2300/2037 1958/2399/2113 1951/2397/2111 1897/2301/2038
f 1899/2304/2040 1957/2400/2114 1958/2401/2113 1898/2305/2037
f 1957/2400/2114 1899/2304/2040 1947/2315/2050 1956/2402/2115
f 1955/2403/2116 1956/2402/2115 1947/2315/2050 1907/2316/2051
f 1908/2321/2056 1985/2404/2117 1955/2403/2116 1907/2316/2051
f 1916/2320/2055 1954/2405/2118 1985/2404/2117 1908/2321/2056
f 1954/2405/2118 1916/2320/2055 1960/2308/2043 1959/2393/2107
f 1986/2351/2083 1959/2393/2107 1953/2394/2108 1987/2349/2081
f 1987/2349/2081 1953/2394/2108 1952/2395/2109 1988/2345/2077
f 2022/2346/2078 1988/2345/2077 1952/2395/2109 2021/2396/2110
f 1989/2344/2076 1984/2398/2112 1951/2397/2111 1990/2342/2074
f 1990/2342/2074 1951/2397/2111 1958/2399/2113 1949/2339/2071
f 1949/2364/2071 1958/2401/2113 1957/2400/2114 1991/2361/2093
f 1991/2361/2093 1957/2400/2114 1956/2402/2115 1992/2360/2092
f 1993/2358/2090 1992/2360/2092 1956/2402/2115 1955/2403/2116
f 1950/2356/2088 1993/2358/2090 1955/2403/2116 1985/2404/2117
f 1994/2354/2086 1950/2356/2088 1985/2404/2117 1954/2405/2118
f 1994/2354/2086 1954/2405/2118 1959/2393/2107 1986/2351/2083
f 1995/2341/2073 1912/2292/2029 1913/2323/2057 1996/2343/2075
f 1997/2348/2080 2023/2347/2079 2024/2291/2028 1889/2287/2024
f 1998/2350/2082 1997/2348/2080 1889/2287/2024 1890/2288/2025
f 1999/2352/2084 1998/2350/2082 1890/2288/2025 1888/2307/2042
f 1901/2306/2041 2000/2353/2085 1999/2352/2084 1888/2307/2042
f 2000/2353/2085 1901/2306/2041 1887/2285/2022 2001/2355/2087
f 2001/2355/2087 1887/2285/2022 1886/2286/2023 2002/2357/2089
f 2002/2357/2089 1886/2286/2023 1948/2289/2026 2003/2359/2091
f 2004/2362/2094 2003/2359/2091 1948/2289/2026 1894/2290/2027
f 2004/2362/2094 1894/2290/2027 1895/2322/2030 2005/2363/2072
f 2005/2340/2072 1895/2293/2030 1912/2292/2029 1995/2341/2073
f 1874/2374/2105 2027/2373/2104 2028/2092/1846 2006/2091/1845
f 2007/2366/2097 1964/2371/2102 1812/2274/2013 2008/2137/1890
f 1798/2277/2016 2009/2134/1887 2008/2137/1890 1812/2274/2013
f 2009/2134/1887 1798/2277/2016 1876/2284/2009 2010/2259/1841
f 2010/2087/1841 1876/2270/2009 1797/2273/2012 2011/2088/1842
f 2011/2088/1842 1797/2273/2012 1866/2266/2005 2012/2086/1840
f 1941/2269/2008 2013/2083/1837 2012/2086/1840 1866/2266/2005
f 2013/2083/1837 1941/2269/2008 1796/2264/2003 2014/2081/1835
f 2014/2081/1835 1796/2264/2003 1795/2261/2000 2015/2077/1831
f 2015/2077/1831 1795/2261/2000 1962/2260/1999 2016/2078/1832
f 2016/2078/1832 1962/2260/1999 1794/2365/2096 2017/2257/1998
f 2006/2091/1845 2017/2257/1998 1794/2365/2096 1874/2374/2105
f 2018/2333/2066 1919/2326/2060 1905/2311/2046 2019/2312/2047
f 2019/2312/2047 1905/2311/2046 1900/2310/2045 2020/2313/2048
f 2020/2313/2048 1900/2310/2045 1984/2398/2112 2021/2396/2110
f 2021/2396/2110 1984/2398/2112 1989/2344/2076 2022/2346/2078
f 2022/2346/2078 1989/2344/2076 1996/2343/2075 2023/2347/2079
f 2023/2347/2079 1996/2343/2075 1913/2323/2057 2024/2291/2028
f 2024/2291/2028 1913/2323/2057 1884/2275/2014 2025/2278/2017
f 2025/2278/2017 1884/2275/2014 1968/2372/2103 2026/2279/2018
f 2026/2279/2018 1968/2372/2103 1964/2371/2102 2027/2373/2104
f 2027/2373/2104 1964/2371/2102 2007/2366/2097 2028/2092/1846
f 2028/2092/1846 2007/2366/2097 1965/2367/2098 2029/2093/1847
f 2029/2093/1847 1965/2367/2098 1966/2368/2099 2030/2112/1867
f 2030/2112/1867 1966/2368/2099 2043/2369/2100 2044/2124/1877
f 2031/2242/1983 1967/2406/2119 1850/2335/2068 2032/2243/1984
f 2032/2243/1984 1850/2335/2068 1926/2114/1869 2033/2106/1860
f 2033/2106/1860 1926/2114/1869 1868/2117/1870 2034/2103/1857
f 2034/2103/1857 1868/2117/1870 1847/2065/1821 2035/2225/1969
f 2035/2225/1969 1847/2065/1821 1813/2068/1824 2036/2226/1958
f 2036/2213/1958 1813/2157/1824 1938/2156/1899 2037/2212/1957
f 2037/2212/1957 1938/2156/1899 1822/2170/1912 2038/2214/1959
f 2038/2214/1959 1822/2170/1912 1838/2169/1911 2039/2182/1924
f 2039/2182/1924 1838/2169/1911 2080/2190/1932 2081/2183/1925
f 2040/2189/1931 1834/2192/1935 1979/2191/1934 2041/2188/1930
f 2042/2387/1952 2041/2188/1930 1979/2191/1934 1837/2386/1950
f 2044/2124/1877 2043/2369/2100 1967/2406/2119 2031/2242/1983
f 2044/2124/1877 2031/2242/1983 1862/2241/1982 2045/2125/1878
f 1862/2241/1982 1861/2246/1987 2046/2118/1871 2045/2125/1878
f 2046/2118/1871 1861/2246/1987 1805/2245/1986 2047/2119/1872
f 2048/2121/1874 2047/2119/1872 1805/2245/1986 1911/2338/2070
f 2048/2121/1874 1911/2338/2070 1845/2250/1991 2049/2122/1875
f 2050/2223/1967 2049/2122/1875 1845/2250/1991 1864/2253/1994
f 2050/2223/1967 1864/2253/1994 1944/2252/1993 2051/2224/1968
f 2052/2128/1881 2051/2224/1968 1944/2252/1993 1865/2255/1996
f 2052/2128/1881 1865/2255/1996 1857/2240/1981 2053/2129/1882
f 2053/2129/1882 1857/2240/1981 1858/2239/1980 2054/2132/1885
f 2054/2236/1885 1858/2407/1980 1859/2408/1979 2055/2232/1975
f 2056/2230/1973 2055/2232/1975 1859/2408/1979 1851/2336/2069
f 1850/2335/2068 2057/2227/1970 2056/2230/1973 1851/2336/2069
f 2043/2369/2100 1849/2370/2101 1967/2406/2119
f 1849/2370/2101 2057/2227/1970 1850/2335/2068 1967/2406/2119
f 2059/2185/1927 2058/2389/1953 1835/2390/1951 1981/2194/1938
f 2059/2185/1927 1981/2194/1938 1832/2195/1939 2060/2186/1928
f 2083/2180/1922 2084/2193/1936 1840/2178/1920 2061/2164/1906
f 2061/2164/1906 1840/2178/1920 1821/2179/1921 2062/2165/1907
f 1933/2162/1904 2063/2152/1897 2062/2165/1907 1821/2179/1921
f 2065/2064/1820 2064/2063/1819 2066/2216/1903 2067/2215/1960
f 1816/2147/1829 2066/2161/1903 1933/2162/1904 1934/2159/1901
f 2069/2102/1856 1859/2238/1979 1867/2237/1978 1930/2256/1997
f 2074/2099/1853 2069/2102/1856 1930/2256/1997 1803/2095/1849
f 2070/2070/1825 1801/2098/1852 1815/2108/1862 2071/2071/1826
f 2072/2151/1896 2071/2150/1826 1815/2138/1862 1974/2141/1892
f 2073/2382/1948 2072/2151/1896 1974/2141/1892 1818/2380/1954
f 2074/2099/1853 1803/2095/1849 1801/2098/1852 2070/2070/1825
f 2075/2100/1854 2074/2099/1853 2070/2070/1825 1802/2069/1822
f 2075/2116/1854 1802/2066/1822 1847/2065/1821 1868/2117/1870
f 2076/2220/1964 2068/2219/1963 2067/2215/1960 1799/2074/1828
f 2077/2221/1965 2076/2220/1964 1799/2074/1828 1800/2073/1827
f 2077/2221/1965 1800/2073/1827 1871/2097/1851 1870/2096/1850
f 2078/2247/1988 2065/2064/1820 2067/2215/1960 2068/2219/1963
f 2078/2247/1988 2068/2219/1963 1929/2218/1962 2079/2248/1989
f 2079/2248/1989 1929/2218/1962 1911/2338/2070 1805/2245/1986
f 2081/2183/1925 2080/2190/1932 1834/2192/1935 2040/2189/1931
f 1833/2187/1929 2082/2181/1923 2081/2183/1925 2040/2189/1931
f 2060/2186/1928 2083/2180/1922 2082/2181/1923 1833/2187/1929
f 2083/2180/1922 2060/2186/1928 1832/2195/1939 2084/2193/1936
f 1834/2192/1935 2080/2190/1932 1829/2168/1910
f 1841/2174/1916 2084/2193/1936 1832/2195/1939
f 2073/2204/1948 1818/2210/1954 1820/2205/1949
f 1836/2409/2106 2042/2208/1952 2058/2209/1953
f 2362/2410/2124 2141/2411/2125 2140/2412/2126 2363/2413/2127
f 2112/2414/2128 2100/2415/2129 2145/2416/2130 2111/2417/2131
f 2369/2418/2132 2368/2419/2133 2100/2420/2129 2112/2421/2128
f 2114/2422/2134 2097/2423/2135 2098/2424/2136 2115/2425/2137
f 2261/2426/2138 2314/2427/2139 2313/2428/2140 2086/2429/2141
f 2086/2429/2141 2313/2428/2140 2312/2430/2142 2087/2431/2143
f 2088/2432/2144 2240/2433/2145 2311/2434/2146 2310/2435/2147
f 2089/2436/2148 2309/2437/2149 2308/2438/2150 2173/2439/2151
f 2327/2440/2152 2326/2441/2153 2304/2442/2154 2171/2443/2155
f 2169/2444/2156 2168/2445/2157 2101/2446/2158 2099/2447/2159
f 2225/2448/2160 2373/2449/2161 2372/2450/2162 2367/2451/2163
f 2223/2452/2164 2167/2453/2165 2332/2454/2166 2331/2455/2167
f 2170/2456/2168 2169/2444/2156 2099/2447/2159 2113/2457/2169
f 2170/2456/2168 2115/2425/2137 2098/2424/2136 2169/2444/2156
f 2107/2458/2170 2158/2459/2171 2085/2460/2172
f 2171/2443/2155 2109/2461/2173 2328/2462/2174 2327/2440/2152
f 2373/2463/2161 2225/2464/2160 2224/2465/2175 2166/2466/2176
f 2107/2458/2170 2345/2467/2177 2344/2468/2178 2158/2459/2171
f 2347/2469/2179 2346/2470/2180 2208/2471/2181 2104/2472/2182
f 2343/2473/2183 2342/2474/2184 2328/2462/2174 2109/2461/2173
f 2104/2472/2182 2208/2471/2181 2261/2426/2138 2086/2429/2141
f 2144/2475/2185 2104/2472/2182 2086/2429/2141 2087/2431/2143
f 2240/2433/2145 2241/2476/2186 2144/2475/2185 2087/2431/2143
f 2150/2477/2187 2351/2478/2188 2350/2479/2189 2151/2480/2190
f 2352/2481/2191 2351/2478/2188 2150/2477/2187 2153/2482/2192
f 2091/2483/2193 2090/2484/2194 2307/2485/2195 2306/2486/2196
f 2271/2487/2197 2170/2488/2168 2113/2489/2169 2272/2490/2198
f 2271/2491/2197 2270/2492/2199 2115/2493/2137 2170/2494/2168
f 2115/2493/2137 2270/2492/2199 2269/2495/2200 2114/2496/2134
f 2369/2497/2132 2112/2498/2128 2273/2499/2201 2370/2500/2202
f 2141/2501/2125 2362/2502/2124 2361/2503/2203 2237/2504/2204
f 2112/2498/2128 2111/2505/2131 2236/2506/2205 2235/2507/2206
f 2269/2495/2200 2268/2508/2207 2232/2509/2208 2114/2496/2134
f 2361/2503/2203 2362/2502/2124 2364/2510/2209 2231/2511/2210
f 2112/2498/2128 2235/2507/2206 2274/2512/2211 2273/2499/2201
f 2142/2513/2212 2360/2514/2213 2359/2515/2214 2137/2516/2215
f 2120/2517/2216 2136/2518/2217 2127/2519/2218 2121/2520/2219
f 2121/2520/2219 2127/2519/2218 2276/2521/2220 2275/2522/2221
f 2281/2523/2222 2280/2524/2223 2139/2525/2224 2124/2526/2225
f 2124/2526/2225 2139/2525/2224 2138/2527/2226 2119/2528/2227
f 2137/2516/2215 2359/2515/2214 2381/2529/2228 2380/2530/2229
f 2337/2531/2230 2137/2516/2215 2380/2530/2229 2379/2532/2231
f 2358/2533/2232 2357/2534/2233 2278/2535/2234 2131/2536/2235
f 2131/2536/2235 2278/2535/2234 2339/2537/2236 2338/2538/2237
f 2136/2518/2217 2378/2539/2238 2127/2519/2218
f 2127/2519/2218 2132/2540/2240 2277/2541/2241 2276/2521/2220
f 2138/2527/2226 2139/2525/2224 2382/2542/2242
f 2139/2525/2224 2280/2524/2223 2279/2543/2244 2130/2544/2245
f 2123/2545/2246 2122/2546/2247 2128/2547/2248 2129/2548/2249
f 2125/2549/2250 2126/2550/2251 2234/2551/2252 2233/2552/2253
f 2118/2553/2254 2371/2554/2255 2126/2550/2251 2125/2549/2250
f 2129/2548/2249 2128/2547/2248 2135/2555/2256 2133/2556/2257
f 2340/2557/2258 2134/2558/2259 2356/2559/2260
f 2117/2560/2262 2116/2561/2263 2118/2553/2254
f 2141/2501/2125 2237/2504/2204 2335/2562/2264 2334/2563/2265
f 2142/2513/2212 2137/2516/2215 2337/2531/2230 2336/2564/2266
f 2365/2565/2267 2097/2423/2135 2114/2422/2134 2364/2566/2209
f 2366/2567/2268 2227/2568/2269 2226/2569/2270 2374/2570/2271
f 2375/2571/2272 2374/2570/2271 2226/2569/2270 2230/2572/2273
f 2347/2469/2179 2104/2472/2182 2144/2475/2185 2348/2573/2274
f 2349/2574/2275 2241/2476/2186 2151/2480/2190 2350/2479/2189
f 2141/2411/2125 2334/2575/2265 2333/2576/2276 2140/2412/2126
f 2146/2577/2277 2106/2578/2278 2355/2579/2279 2354/2580/2280
f 2173/2439/2151 2153/2482/2192 2150/2477/2187 2089/2436/2148
f 2150/2477/2187 2151/2480/2190 2088/2432/2144 2089/2436/2148
f 2353/2581/2281 2152/2582/2282 2146/2577/2277 2354/2580/2280
f 2146/2577/2277 2152/2582/2282 2153/2583/2192 2154/2584/2283
f 2146/2577/2277 2154/2584/2283 2108/2585/2284 2106/2578/2278
f 2108/2585/2284 2154/2584/2283 2090/2484/2194 2091/2483/2193
f 2152/2582/2282 2353/2581/2281 2352/2586/2191 2153/2583/2192
f 2156/2587/2285 2157/2588/2286 2165/2589/2287 2155/2590/2288
f 2158/2459/2171 2344/2468/2178 2343/2473/2183 2109/2461/2173
f 2330/2591/2289 2329/2592/2290 2160/2593/2291 2102/2594/2292
f 2159/2595/2293 2103/2596/2294 2102/2594/2292 2160/2593/2291
f 2377/2597/2295 2376/2598/2296 2167/2453/2165 2223/2452/2164
f 2168/2445/2157 2375/2571/2272 2230/2572/2273 2229/2599/2297
f 2242/2600/2298 2105/2601/2299 2143/2602/2300 2162/2603/2301
f 2242/2600/2298 2163/2604/2302 2161/2605/2303 2105/2601/2299
f 2241/2476/2186 2349/2574/2275 2348/2573/2274 2144/2475/2185
f 2165/2589/2287 2161/2605/2303 2163/2604/2302 2155/2590/2288
f 2088/2432/2144 2310/2435/2147 2309/2437/2149 2089/2436/2148
f 2229/2599/2297 2228/2606/2304 2101/2446/2158 2168/2445/2157
f 2140/2412/2126 2333/2576/2276 2332/2454/2166 2167/2453/2165
f 2376/2598/2296 2363/2413/2127 2140/2412/2126 2167/2453/2165
f 2085/2460/2172 2158/2459/2171 2109/2461/2173 2171/2443/2155
f 2315/2607/2305 2085/2460/2172 2171/2443/2155 2304/2442/2154
f 2154/2584/2283 2153/2583/2192 2173/2608/2151 2090/2484/2194
f 2173/2608/2151 2308/2609/2150 2307/2485/2195 2090/2484/2194
f 2176/2610/2306 2093/2611/2307 2260/2612/2308 2207/2613/2309
f 2094/2614/2310 2093/2611/2307 2176/2610/2306 2177/2615/2311
f 2238/2616/2312 2178/2617/2313 2164/2618/2314 2239/2619/2315
f 2179/2620/2316 2180/2621/2317 2174/2622/2318 2095/2623/2319
f 2181/2624/2320 2182/2625/2321 2110/2626/2322 2096/2627/2323
f 2267/2628/2324 2324/2629/2325 2323/2630/2326 2183/2631/2327
f 2178/2617/2313 2179/2620/2316 2095/2623/2319 2164/2618/2314
f 2183/2631/2327 2175/2632/2328 2267/2628/2324
f 2180/2633/2317 2181/2624/2320 2096/2627/2323 2174/2634/2318
f 2238/2616/2312 2177/2615/2311 2185/2635/2329 2184/2636/2330
f 2175/2632/2328 2183/2631/2327 2187/2637/2331 2188/2638/2332
f 2179/2620/2316 2178/2617/2313 2246/2639/2333 2192/2640/2334
f 2322/2641/2335 2187/2637/2331 2183/2631/2327 2323/2630/2326
f 2210/2642/2336 2181/2624/2320 2180/2633/2317 2193/2643/2337
f 2202/2644/2338 2201/2645/2339 2213/2646/2340 2212/2647/2341
f 2196/2648/2342 2190/2649/2343 2191/2650/2344 2195/2651/2345
f 2197/2652/2346 2189/2653/2347 2190/2654/2343 2196/2655/2342
f 2186/2656/2348 2199/2657/2349 2176/2610/2306 2207/2613/2309
f 2259/2658/2350 2258/2659/2351 2213/2646/2340 2201/2645/2339
f 2198/2660/2352 2195/2651/2345 2191/2650/2344 2203/2661/2353
f 2318/2662/2354 2317/2663/2355 2202/2644/2338 2212/2647/2341
f 2197/2652/2346 2245/2664/2356 2244/2665/2357 2189/2653/2347
f 2244/2665/2357 2245/2664/2356 2205/2666/2358 2204/2667/2359
f 2214/2668/2360 2200/2669/2361 2194/2670/2362 2206/2671/2363
f 2258/2659/2351 2259/2658/2350 2200/2669/2361 2214/2668/2360
f 2205/2666/2358 2206/2671/2363 2194/2670/2362 2204/2667/2359
f 2188/2638/2332 2186/2656/2348 2207/2613/2309 2175/2632/2328
f 2192/2640/2334 2193/2672/2337 2180/2621/2317 2179/2620/2316
f 2199/2657/2349 2185/2635/2329 2177/2615/2311 2176/2610/2306
f 2345/2467/2177 2107/2458/2170 2208/2471/2181 2346/2470/2180
f 2181/2624/2320 2210/2642/2336 2211/2673/2364 2182/2625/2321
f 2215/2674/2365 2216/2675/2366 2190/2654/2343 2189/2653/2347
f 2216/2676/2366 2217/2677/2367 2191/2650/2344 2190/2649/2343
f 2219/2678/2368 2218/2679/2369 2201/2645/2339 2202/2644/2338
f 2220/2680/2370 2221/2681/2371 2204/2667/2359 2194/2670/2362
f 2222/2682/2372 2220/2680/2370 2194/2670/2362 2200/2669/2361
f 2217/2677/2367 2203/2661/2353 2191/2650/2344
f 2316/2683/2374 2219/2678/2368 2202/2644/2338 2317/2663/2355
f 2244/2665/2357 2204/2667/2359 2221/2681/2371 2243/2684/2375
f 2189/2653/2347 2244/2665/2357 2243/2684/2375 2215/2674/2365
f 2218/2679/2369 2222/2682/2372 2259/2658/2350 2201/2645/2339
f 2103/2596/2294 2377/2597/2295 2223/2452/2164 2102/2594/2292
f 2330/2591/2289 2102/2594/2292 2223/2452/2164 2331/2455/2167
f 2149/2685/2376 2148/2686/2377 2224/2465/2175 2225/2464/2160
f 2157/2588/2286 2149/2687/2376 2225/2448/2160 2367/2451/2163
f 2226/2569/2270 2227/2568/2269 2209/2688/2378 2143/2602/2300
f 2161/2605/2303 2165/2589/2287 2228/2606/2304 2229/2599/2297
f 2229/2599/2297 2230/2572/2273 2105/2601/2299 2161/2605/2303
f 2230/2572/2273 2226/2569/2270 2143/2602/2300 2105/2601/2299
f 2119/2528/2227 2231/2511/2210 2232/2509/2208 2124/2526/2225
f 2124/2526/2225 2232/2509/2208 2268/2508/2207 2281/2523/2222
f 2233/2552/2253 2234/2551/2252 2122/2546/2247 2123/2545/2246
f 2121/2520/2219 2275/2522/2221 2274/2512/2211 2235/2507/2206
f 2235/2507/2206 2236/2506/2205 2120/2517/2216 2121/2520/2219
f 2142/2513/2212 2336/2564/2266 2335/2562/2264 2237/2504/2204
f 2142/2513/2212 2237/2504/2204 2361/2503/2203 2360/2514/2213
f 2088/2432/2144 2151/2480/2190 2241/2476/2186 2240/2433/2145
f 2177/2615/2311 2238/2616/2312 2239/2619/2315 2094/2614/2310
f 2087/2431/2143 2312/2430/2142 2311/2434/2146 2240/2433/2145
f 2238/2616/2312 2184/2636/2330 2246/2639/2333 2178/2617/2313
f 2293/2689/2379 2303/2690/2380 2291/2691/2381 2247/2692/2382
f 2294/2693/2383 2293/2689/2379 2247/2692/2382 2248/2694/2384
f 2321/2695/2385 2320/2696/2386 2249/2697/2387 2295/2698/2388
f 2295/2698/2388 2249/2697/2387 2250/2699/2389 2296/2700/2390
f 2296/2700/2390 2250/2699/2389 2257/2701/2391 2297/2702/2392
f 2257/2701/2391 2251/2703/2393 2298/2704/2394 2297/2702/2392
f 2299/2705/2395 2298/2704/2394 2251/2703/2393 2292/2706/2396
f 2300/2707/2397 2299/2705/2395 2292/2706/2396 2252/2708/2398
f 2301/2709/2399 2300/2707/2397 2252/2708/2398 2253/2710/2400
f 2301/2709/2399 2253/2710/2400 2254/2711/2401 2302/2712/2402
f 2303/2713/2380 2302/2712/2402 2254/2711/2401 2291/2714/2381
f 2200/2669/2361 2259/2658/2350 2222/2682/2372
f 2092/2715/2403 2175/2632/2328 2207/2613/2309 2260/2612/2308
f 2085/2460/2172 2315/2607/2305 2314/2427/2139 2261/2426/2138
f 2107/2458/2170 2085/2460/2172 2261/2426/2138 2208/2471/2181
f 2091/2483/2193 2306/2486/2196 2305/2716/2404 2263/2717/2405
f 2263/2717/2405 2264/2718/2406 2108/2585/2284 2091/2483/2193
f 2108/2585/2284 2264/2718/2406 2341/2719/2407 2147/2720/2408
f 2262/2721/2409 2110/2626/2322 2182/2625/2321 2266/2722/2410
f 2108/2585/2284 2147/2720/2408 2355/2579/2279 2106/2578/2278
f 2172/2723/2411 2325/2724/2412 2324/2629/2325 2267/2628/2324
f 2092/2715/2403 2172/2723/2411 2267/2628/2324 2175/2632/2328
f 2125/2725/2250 2233/2726/2253 2268/2508/2207 2269/2495/2200
f 2118/2727/2254 2125/2725/2250 2269/2495/2200 2270/2492/2199
f 2117/2728/2262 2118/2727/2254 2270/2492/2199 2271/2491/2197
f 2117/2729/2262 2271/2487/2197 2272/2490/2198 2116/2730/2263
f 2370/2500/2202 2273/2499/2201 2126/2731/2251 2371/2732/2255
f 2273/2499/2201 2274/2512/2211 2234/2733/2252 2126/2731/2251
f 2122/2734/2247 2234/2733/2252 2274/2512/2211 2275/2522/2221
f 2275/2522/2221 2276/2521/2220 2128/2735/2248 2122/2734/2247
f 2276/2521/2220 2277/2541/2241 2135/2736/2256 2128/2735/2248
f 2134/2737/2259 2340/2738/2258 2339/2537/2236 2278/2535/2234
f 2356/2739/2260 2134/2737/2259 2278/2535/2234 2357/2534/2233
f 2129/2740/2249 2133/2741/2257 2279/2543/2244 2280/2524/2223
f 2123/2742/2246 2129/2740/2249 2280/2524/2223 2281/2523/2222
f 2123/2742/2246 2281/2523/2222 2268/2508/2207 2233/2726/2253
f 2213/2646/2340 2258/2659/2351 2282/2743/2413 2283/2744/2414
f 2212/2647/2341 2213/2646/2340 2283/2744/2414 2284/2745/2415
f 2318/2662/2354 2212/2647/2341 2284/2745/2415 2319/2746/2416
f 2255/2747/2417 2285/2748/2418 2195/2651/2345 2198/2660/2352
f 2285/2748/2418 2286/2749/2419 2196/2648/2342 2195/2651/2345
f 2286/2750/2419 2287/2751/2420 2197/2652/2346 2196/2655/2342
f 2245/2664/2356 2197/2652/2346 2287/2751/2420 2288/2752/2421
f 2245/2664/2356 2288/2752/2421 2289/2753/2422 2205/2666/2358
f 2289/2753/2422 2256/2754/2423 2206/2671/2363 2205/2666/2358
f 2256/2754/2423 2290/2755/2424 2214/2668/2360 2206/2671/2363
f 2258/2659/2351 2214/2668/2360 2290/2755/2424 2282/2743/2413
f 2283/2744/2414 2282/2743/2413 2257/2701/2391 2250/2699/2389
f 2284/2745/2415 2283/2744/2414 2250/2699/2389 2249/2697/2387
f 2284/2745/2415 2249/2697/2387 2320/2696/2386 2319/2746/2416
f 2285/2748/2418 2255/2747/2417 2248/2694/2384 2247/2692/2382
f 2286/2749/2419 2285/2748/2418 2247/2692/2382 2291/2691/2381
f 2287/2751/2420 2286/2750/2419 2291/2714/2381 2254/2711/2401
f 2288/2752/2421 2287/2751/2420 2254/2711/2401 2253/2710/2400
f 2288/2752/2421 2253/2710/2400 2252/2708/2398 2289/2753/2422
f 2289/2753/2422 2252/2708/2398 2292/2706/2396 2256/2754/2423
f 2256/2754/2423 2292/2706/2396 2251/2703/2393 2290/2755/2424
f 2282/2743/2413 2290/2755/2424 2251/2703/2393 2257/2701/2391
f 2211/2673/2364 2210/2642/2336 2293/2689/2379 2294/2693/2383
f 2322/2641/2335 2321/2695/2385 2295/2698/2388 2187/2637/2331
f 2187/2637/2331 2295/2698/2388 2296/2700/2390 2188/2638/2332
f 2188/2638/2332 2296/2700/2390 2297/2702/2392 2186/2656/2348
f 2297/2702/2392 2298/2704/2394 2199/2657/2349 2186/2656/2348
f 2185/2635/2329 2199/2657/2349 2298/2704/2394 2299/2705/2395
f 2184/2636/2330 2185/2635/2329 2299/2705/2395 2300/2707/2397
f 2246/2639/2333 2184/2636/2330 2300/2707/2397 2301/2709/2399
f 2246/2639/2333 2301/2709/2399 2302/2712/2402 2192/2640/2334
f 2193/2672/2337 2192/2640/2334 2302/2712/2402 2303/2713/2380
f 2210/2642/2336 2193/2643/2337 2303/2690/2380 2293/2689/2379
f 2326/2441/2153 2325/2724/2412 2172/2723/2411 2304/2442/2154
f 2110/2626/2322 2262/2721/2409 2305/2716/2404 2306/2486/2196
f 2306/2486/2196 2307/2485/2195 2096/2627/2323 2110/2626/2322
f 2174/2634/2318 2096/2627/2323 2307/2485/2195 2308/2609/2150
f 2095/2623/2319 2174/2622/2318 2308/2438/2150 2309/2437/2149
f 2164/2618/2314 2095/2623/2319 2309/2437/2149 2310/2435/2147
f 2310/2435/2147 2311/2434/2146 2239/2619/2315 2164/2618/2314
f 2094/2614/2310 2239/2619/2315 2311/2434/2146 2312/2430/2142
f 2093/2611/2307 2094/2614/2310 2312/2430/2142 2313/2428/2140
f 2260/2612/2308 2093/2611/2307 2313/2428/2140 2314/2427/2139
f 2092/2715/2403 2260/2612/2308 2314/2427/2139 2315/2607/2305
f 2092/2715/2403 2315/2607/2305 2304/2442/2154 2172/2723/2411
f 2203/2661/2353 2217/2677/2367 2316/2683/2374 2317/2663/2355
f 2198/2660/2352 2203/2661/2353 2317/2663/2355 2318/2662/2354
f 2255/2747/2417 2198/2660/2352 2318/2662/2354 2319/2746/2416
f 2248/2694/2384 2255/2747/2417 2319/2746/2416 2320/2696/2386
f 2294/2693/2383 2248/2694/2384 2320/2696/2386 2321/2695/2385
f 2211/2673/2364 2294/2693/2383 2321/2695/2385 2322/2641/2335
f 2182/2625/2321 2211/2673/2364 2322/2641/2335 2323/2630/2326
f 2266/2722/2410 2182/2625/2321 2323/2630/2326 2324/2629/2325
f 2262/2721/2409 2266/2722/2410 2324/2629/2325 2325/2724/2412
f 2305/2716/2404 2262/2721/2409 2325/2724/2412 2326/2441/2153
f 2263/2717/2405 2305/2716/2404 2326/2441/2153 2327/2440/2152
f 2264/2718/2406 2263/2717/2405 2327/2440/2152 2328/2462/2174
f 2341/2719/2407 2264/2718/2406 2328/2462/2174 2342/2474/2184
f 2148/2686/2377 2265/2756/2425 2329/2592/2290 2330/2591/2289
f 2224/2465/2175 2148/2686/2377 2330/2591/2289 2331/2455/2167
f 2166/2466/2176 2224/2465/2175 2331/2455/2167 2332/2454/2166
f 2145/2416/2130 2166/2466/2176 2332/2454/2166 2333/2576/2276
f 2111/2417/2131 2145/2416/2130 2333/2576/2276 2334/2575/2265
f 2236/2506/2205 2111/2505/2131 2334/2563/2265 2335/2562/2264
f 2120/2517/2216 2236/2506/2205 2335/2562/2264 2336/2564/2266
f 2136/2518/2217 2120/2517/2216 2336/2564/2266 2337/2531/2230
f 2378/2539/2238 2136/2518/2217 2337/2531/2230 2379/2532/2231
f 2277/2541/2241 2132/2540/2240 2338/2538/2237 2339/2537/2236
f 2277/2541/2241 2339/2537/2236 2340/2738/2258 2135/2736/2256
f 2265/2756/2425 2341/2719/2407 2342/2474/2184 2329/2592/2290
f 2160/2593/2291 2329/2592/2290 2342/2474/2184 2343/2473/2183
f 2344/2468/2178 2159/2595/2293 2160/2593/2291 2343/2473/2183
f 2103/2596/2294 2159/2595/2293 2344/2468/2178 2345/2467/2177
f 2103/2596/2294 2345/2467/2177 2346/2470/2180 2209/2688/2378
f 2143/2602/2300 2209/2688/2378 2346/2470/2180 2347/2469/2179
f 2143/2602/2300 2347/2469/2179 2348/2573/2274 2162/2603/2301
f 2242/2600/2298 2162/2603/2301 2348/2573/2274 2349/2574/2275
f 2242/2600/2298 2349/2574/2275 2350/2479/2189 2163/2604/2302
f 2155/2590/2288 2163/2604/2302 2350/2479/2189 2351/2478/2188
f 2156/2587/2285 2155/2590/2288 2351/2478/2188 2352/2481/2191
f 2157/2757/2286 2156/2758/2285 2352/2586/2191 2353/2581/2281
f 2157/2757/2286 2353/2581/2281 2354/2580/2280 2149/2685/2376
f 2354/2580/2280 2355/2579/2279 2148/2686/2377 2149/2685/2376
f 2147/2720/2408 2341/2719/2407 2265/2756/2425
f 2148/2686/2377 2355/2579/2279 2147/2720/2408 2265/2756/2425
f 2133/2741/2257 2356/2739/2260 2357/2534/2233 2279/2543/2244
f 2130/2544/2245 2279/2543/2244 2357/2534/2233 2358/2533/2232
f 2138/2527/2226 2382/2542/2242 2381/2529/2228 2359/2515/2214
f 2119/2528/2227 2138/2527/2226 2359/2515/2214 2360/2514/2213
f 2360/2514/2213 2361/2503/2203 2231/2511/2210 2119/2528/2227
f 2364/2566/2209 2362/2410/2124 2363/2413/2127 2365/2565/2267
f 2231/2511/2210 2364/2510/2209 2114/2496/2134 2232/2509/2208
f 2165/2589/2287 2157/2588/2286 2367/2451/2163 2228/2606/2304
f 2228/2606/2304 2367/2451/2163 2372/2450/2162 2101/2446/2158
f 2113/2457/2169 2099/2447/2159 2368/2419/2133 2369/2418/2132
f 2113/2489/2169 2369/2497/2132 2370/2500/2202 2272/2490/2198
f 2272/2490/2198 2370/2500/2202 2371/2732/2255 2116/2730/2263
f 2099/2447/2159 2101/2446/2158 2372/2450/2162 2368/2419/2133
f 2368/2419/2133 2372/2450/2162 2373/2449/2161 2100/2420/2129
f 2145/2416/2130 2100/2415/2129 2373/2463/2161 2166/2466/2176
f 2365/2565/2267 2366/2567/2268 2374/2570/2271 2097/2423/2135
f 2097/2423/2135 2374/2570/2271 2375/2571/2272 2098/2424/2136
f 2169/2444/2156 2098/2424/2136 2375/2571/2272 2168/2445/2157
f 2365/2565/2267 2363/2413/2127 2376/2598/2296 2366/2567/2268
f 2227/2568/2269 2366/2567/2268 2376/2598/2296 2377/2597/2295
f 2209/2688/2378 2227/2568/2269 2377/2597/2295 2103/2596/2294
f 2132/2540/2240 2378/2539/2238 2379/2532/2231 2338/2538/2237
f 2379/2532/2231 2380/2530/2229 2131/2536/2235 2338/2538/2237
f 2380/2530/2229 2381/2529/2228 2358/2533/2232 2131/2536/2235
f 2130/2544/2245 2358/2533/2232 2381/2529/2228 2382/2542/2242
f 2378/2539/2238 2132/2540/2240 2127/2519/2218
f 2382/2542/2242 2139/2525/2224 2130/2544/2245
f 2116/2561/2263 2371/2554/2255 2118/2553/2254
f 2133/2556/2257 2135/2555/2256 2340/2557/2258 2356/2559/2260
f 630/766/737 2383/651/633 2384/654/636 629/650/632
f 629/650/632 2384/654/636 2385/851/817 627/649/631
f 628/648/630 627/649/631 2385/851/817 2386/853/819
f 628/648/630 2386/853/819 2387/641/624 621/767/738
f 618/768/739 621/767/738 2387/641/624 2388/640/620
f 618/770/739 2388/636/620 2389/639/623 617/769/740
f 637/771/741 617/769/740 2389/639/623 2390/660/642
f 2390/660/642 2391/644/626 624/772/742 637/771/741
f 624/772/742 2391/644/626 2392/647/629 623/774/744
f 634/764/735 623/774/744 2392/647/629 2393/655/637
f 634/764/735 2393/655/637 2394/658/640 633/765/736
f 633/765/736 2394/658/640 2383/651/633 630/766/737
f 1066/1524/1413 1065/1523/1412 2395/1287/1199 2396/1286/1198
f 1067/1525/1414 1066/1524/1413 2396/1286/1198 2397/1284/1196
f 1068/1526/1415 1067/1525/1414 2397/1284/1196 2398/1283/1195
f 1069/1527/1416 1068/1526/1415 2398/1283/1195 2399/1651/1523
f 2399/1651/1523 2400/1652/1524 1390/1723/1568 1069/1527/1416
f 1070/1529/1418 1390/1723/1568 2400/1652/1524 2401/1272/1186
f 1070/1529/1418 2401/1272/1186 2402/1275/1183 1071/1530/1419
f 1072/1533/1420 1071/1532/1419 2402/1269/1183 2403/1268/1182
f 2403/1268/1182 2404/1290/1202 1397/1535/1422 1072/1533/1420
f 1073/1534/1421 1397/1535/1422 2404/1290/1202 2405/1277/1189
f 1074/1536/1423 1073/1534/1421 2405/1277/1189 2406/1276/1188
f 1074/1536/1423 2406/1276/1188 2395/1287/1199 1065/1523/1412

