# WaveFront *.obj file (generated by Cinema 4D)

mtllib ./cube_rounded.mtl

v -93.94712829589844 -93.94712829589844 -93.94712829589844
v -97.10117340087891 97.10117340087891 0
v -97.10116577148438 -97.10117340087891 0
v 0 97.10117340087891 -97.10117340087891
v 93.94712829589844 93.94712829589844 -93.94712829589844
v -97.10117340087891 0 -97.10116577148438
v -49.59086608886719 -49.59086227416992 100
v -49.015625 0 100
v -49.59086227416992 49.59086608886719 100
v 0 -97.10117340087891 -97.10116577148438
v 97.10117340087891 97.10117340087891 0
v 0 -49.015625 100
v 0 0 100
v 0 49.015625 100
v 97.10116577148438 0 -97.10117340087891
v 97.10116577148438 -97.10117340087891 0
v 49.59086227416992 -49.59086608886719 100
v 49.015625 0 100
v 49.59086608886719 49.59086608886719 100
v 0 97.10117340087891 97.10117340087891
v 93.94712829589844 -93.94712829589844 -93.94712829589844
v 97.10117340087891 0 97.10116577148438
v -97.10117340087891 0 97.10117340087891
v 0 -97.10117340087891 97.10116577148438
v 93.94712829589844 93.94712829589844 93.94712829589844
v -96.86431884765625 96.86432647705078 78.69139862060547
v 100 -49.59086227416992 49.59086608886719
v 100 0 49.015625
v 100 49.59086608886719 49.59086227416992
v -97.09103393554688 97.09103393554688 48.04036712646484
v -97.09103393554688 97.09103393554688 -48.04036712646484
v 100 -49.015625 0
v 100 0 0
v 100 49.015625 0
v -96.86431884765625 96.86431884765625 -78.69139862060547
v -97.09103393554688 -97.09103393554688 48.04036712646484
v 100 -49.59086608886719 -49.59086227416992
v 100 0 -49.015625
v 100 49.59086608886719 -49.59086608886719
v -96.86431884765625 -96.86431884765625 78.69139862060547
v 93.94712829589844 -93.94712829589844 93.94712829589844
v -96.86431884765625 -96.86432647705078 -78.69139862060547
v -97.09103393554688 -97.09103393554688 -48.04036712646484
v -97.09103393554688 48.04036712646484 -97.09103393554688
v -93.94712829589844 93.94712829589844 93.94712829589844
v -96.86431884765625 78.69139862060547 -96.86431884765625
v 49.59086608886719 -49.59086227416992 -100
v 49.015625 0 -100
v 49.59086227416992 49.59086608886719 -100
v -78.69139862060547 96.86432647705078 -96.86431884765625
v -48.04036712646484 97.09103393554688 -97.09103393554688
v 0 -49.015625 -100
v 0 0 -100
v 0 49.015625 -100
v 48.04036712646484 97.09103393554688 -97.09103393554688
v 78.69139862060547 96.86431884765625 -96.86431884765625
v -49.59086227416992 -49.59086608886719 -100
v -49.015625 0 -100
v -49.59086608886719 49.59086608886719 -100
v -48.04036712646484 -97.09103393554688 -97.09103393554688
v -93.94712829589844 93.94712829589844 -93.94712829589844
v -78.69139862060547 -96.86431884765625 -96.86431884765625
v -96.86432647705078 -78.69139862060547 -96.86431884765625
v -97.09103393554688 -48.04036712646484 -97.09103393554688
v -93.94712829589844 -93.94712829589844 93.94712829589844
v 78.69139862060547 -96.86432647705078 -96.86431884765625
v -100 -49.59086227416992 -49.59086608886719
v -100 0 -49.015625
v -100 49.59086608886719 -49.59086227416992
v 48.04036712646484 -97.09103393554688 -97.09103393554688
v 97.09103393554688 48.04036712646484 -97.09103393554688
v -100 -49.015625 0
v -100 0 0
v -100 49.015625 0
v 96.86431884765625 78.69139862060547 -96.86431884765625
v 96.86431884765625 96.86432647705078 -78.69139862060547
v -100 -49.59086608886719 49.59086227416992
v -100 0 49.015625
v -100 49.59086608886719 49.59086608886719
v 97.09103393554688 97.09103393554688 -48.04036712646484
v -49.59086608886719 100 49.59086227416992
v -49.015625 100 0
v -49.59086227416992 100 -49.59086608886719
v 0 100 49.015625
v 0 100 0
v 0 100 -49.015625
v 49.59086227416992 100 49.59086608886719
v 49.015625 100 0
v 49.59086608886719 100 -49.59086608886719
v -49.59086608886719 -100 -49.59086227416992
v -49.015625 -100 0
v -49.59086227416992 -100 49.59086608886719
v 0 -100 -49.015625
v 0 -100 0
v 0 -100 49.015625
v 49.59086227416992 -100 -49.59086608886719
v 49.015625 -100 0
v 49.59086608886719 -100 49.59086608886719
v 97.09103393554688 97.09103393554688 48.04036712646484
v 96.86431884765625 96.86431884765625 78.69139862060547
v 97.09103393554688 -97.09103393554688 -48.04036712646484
v 96.86431884765625 -96.86431884765625 -78.69139862060547
v 96.86431884765625 -78.69139862060547 -96.86432647705078
v 97.09103393554688 -48.04036712646484 -97.09103393554688
v 96.86431884765625 -96.86432647705078 78.69139862060547
v 97.09103393554688 -97.09103393554688 48.04036712646484
v 97.09103393554688 48.04036712646484 97.09103393554688
v 96.86431884765625 78.69139862060547 96.86431884765625
v 78.69139862060547 96.86432647705078 96.86431884765625
v 48.04036712646484 97.09103393554688 97.09103393554688
v -48.04036712646484 97.09103393554688 97.09103393554688
v -78.69139862060547 96.86431884765625 96.86431884765625
v -96.86432647705078 78.69139862060547 96.86431884765625
v -97.09103393554688 48.04036712646484 97.09103393554688
v 48.04036712646484 -97.09103393554688 97.09103393554688
v 78.69139862060547 -96.86431884765625 96.86431884765625
v 96.86432647705078 -78.69139862060547 96.86431884765625
v 97.09103393554688 -48.04036712646484 97.09103393554688
v -78.69139862060547 -96.86432647705078 96.86431884765625
v -48.04036712646484 -97.09103393554688 97.09103393554688
v -97.09103393554688 -48.04036712646484 97.09103393554688
v -96.86431884765625 -78.69139862060547 96.86431884765625
v -89.76410675048828 -89.76410675048828 98.18791198730469
v -89.76410675048828 -98.18791198730469 89.76410675048828
v -98.18791198730469 -89.76410675048828 89.76410675048828
v -89.76410675048828 89.76410675048828 98.18791198730469
v -98.18791198730469 89.76410675048828 89.76410675048828
v -89.76410675048828 98.18791198730469 89.76410675048828
v 89.76410675048828 -89.76410675048828 98.18791198730469
v 98.18791198730469 -89.76410675048828 89.76410675048828
v 89.76410675048828 -98.18791198730469 89.76410675048828
v 89.76410675048828 89.76410675048828 98.18791198730469
v 89.76410675048828 98.18791198730469 89.76410675048828
v 98.18791198730469 89.76410675048828 89.76410675048828
v 98.18791198730469 -89.76410675048828 -89.76410675048828
v 89.76410675048828 -89.76410675048828 -98.18791198730469
v 89.76410675048828 -98.18791198730469 -89.76410675048828
v 98.18791198730469 89.76410675048828 -89.76410675048828
v 89.76410675048828 98.18791198730469 -89.76410675048828
v 89.76410675048828 89.76410675048828 -98.18791198730469
v -89.76410675048828 -89.76410675048828 -98.18791198730469
v -98.18791198730469 -89.76410675048828 -89.76410675048828
v -89.76410675048828 -98.18791198730469 -89.76410675048828
v -89.76410675048828 89.76410675048828 -98.18791198730469
v -89.76410675048828 98.18791198730469 -89.76410675048828
v -98.18791198730469 89.76410675048828 -89.76410675048828
v -87.99407958984375 -48.95363998413086 99.56259918212891
v -99.56259918212891 -48.95363998413086 87.99407958984375
v -87.42115020751953 0 99.56489562988281
v -99.56489562988281 0 87.421142578125
v -87.99407958984375 48.95363998413086 99.56259918212891
v -99.56259918212891 48.95363998413086 87.99407958984375
v -48.95363998413086 -87.99407958984375 99.56259918212891
v -48.95363998413086 -99.56259918212891 87.99407958984375
v -48.95363998413086 87.99407958984375 99.56259918212891
v -48.95363998413086 99.56259918212891 87.99407958984375
v 0 -87.42115020751953 99.56489562988281
v 0 -99.56489562988281 87.421142578125
v 0 87.42115020751953 99.56489562988281
v 0 99.56489562988281 87.421142578125
v 48.95363998413086 -87.99407958984375 99.56259918212891
v 48.95363998413086 -99.56259918212891 87.99407958984375
v 48.95363998413086 87.99407958984375 99.56259918212891
v 48.95363998413086 99.56259918212891 87.99407958984375
v 87.99407958984375 -48.95363998413086 99.56259918212891
v 99.56259918212891 -48.95363998413086 87.99407958984375
v 87.42115020751953 0 99.56489562988281
v 99.56489562988281 0 87.421142578125
v 87.99407958984375 48.95363998413086 99.56259918212891
v 99.56259918212891 48.95363998413086 87.99407958984375
v 99.56259918212891 -87.99407958984375 48.95363998413086
v 87.99407958984375 -99.56259918212891 48.95363998413086
v 99.56259918212891 87.99407958984375 48.95363998413086
v 87.99407958984375 99.56259918212891 48.95363998413086
v 99.56489562988281 -87.42115020751953 0
v 87.421142578125 -99.56489562988281 0
v 99.56489562988281 87.42115020751953 0
v 87.421142578125 99.56489562988281 0
v 99.56259918212891 -87.99407958984375 -48.95363998413086
v 87.99407958984375 -99.56259918212891 -48.95363998413086
v 99.56259918212891 87.99407958984375 -48.95363998413086
v 87.99407958984375 99.56259918212891 -48.95363998413086
v 99.56259918212891 -48.95363998413086 -87.99407958984375
v 87.99407958984375 -48.95363998413086 -99.56259918212891
v 99.56489562988281 0 -87.42115020751953
v 87.421142578125 0 -99.56489562988281
v 99.56259918212891 48.95363998413086 -87.99407958984375
v 87.99407958984375 48.95363998413086 -99.56259918212891
v 48.95363998413086 -87.99407958984375 -99.56259918212891
v 48.95363998413086 -99.56259918212891 -87.99407958984375
v 48.95363998413086 87.99407958984375 -99.56259918212891
v 48.95363998413086 99.56259918212891 -87.99407958984375
v 0 -87.42115020751953 -99.56489562988281
v 0 -99.56489562988281 -87.421142578125
v 0 87.42115020751953 -99.56489562988281
v 0 99.56489562988281 -87.421142578125
v -48.95363998413086 -87.99407958984375 -99.56259918212891
v -48.95363998413086 -99.56259918212891 -87.99407958984375
v -48.95363998413086 87.99407958984375 -99.56259918212891
v -48.95363998413086 99.56259918212891 -87.99407958984375
v -87.99407958984375 -48.95363998413086 -99.56259918212891
v -99.56259918212891 -48.95363998413086 -87.99407958984375
v -87.42115020751953 0 -99.56489562988281
v -99.56489562988281 0 -87.421142578125
v -87.99407958984375 48.95363998413086 -99.56259918212891
v -99.56259918212891 48.95363998413086 -87.99407958984375
v -99.56259918212891 -87.99407958984375 -48.95363998413086
v -87.99407958984375 -99.56259918212891 -48.95363998413086
v -99.56259918212891 87.99407958984375 -48.95363998413086
v -87.99407958984375 99.56259918212891 -48.95363998413086
v -99.56489562988281 -87.42115020751953 0
v -87.421142578125 -99.56489562988281 0
v -99.56489562988281 87.42115020751953 0
v -87.421142578125 99.56489562988281 0
v -99.56259918212891 -87.99407958984375 48.95363998413086
v -87.99407958984375 -99.56259918212891 48.95363998413086
v -99.56259918212891 87.99407958984375 48.95363998413086
v -87.99407958984375 99.56259918212891 48.95363998413086
v -91.89134216308594 -98.88863372802734 80.49983978271484
v -98.88863372802734 -91.89134216308594 80.49983978271484
v -80.49983978271484 -91.89134216308594 98.88863372802734
v -80.49983978271484 -98.88863372802734 91.89134216308594
v -98.88863372802734 -80.49983978271484 91.89134216308594
v -91.89134216308594 -80.49983978271484 98.88863372802734
v -98.88863372802734 91.89134216308594 80.49983978271484
v -91.89134216308594 98.88863372802734 80.49983978271484
v -91.89134216308594 80.49983978271484 98.88863372802734
v -98.88863372802734 80.49983978271484 91.89134216308594
v -80.49983978271484 98.88863372802734 91.89134216308594
v -80.49983978271484 91.89134216308594 98.88863372802734
v 98.88863372802734 -91.89134216308594 80.49983978271484
v 91.89134216308594 -98.88863372802734 80.49983978271484
v 91.89134216308594 -80.49983978271484 98.88863372802734
v 98.88863372802734 -80.49983978271484 91.89134216308594
v 80.49983978271484 -98.88863372802734 91.89134216308594
v 80.49983978271484 -91.89134216308594 98.88863372802734
v 91.89134216308594 98.88863372802734 80.49983978271484
v 98.88863372802734 91.89134216308594 80.49983978271484
v 80.49983978271484 91.89134216308594 98.88863372802734
v 80.49983978271484 98.88863372802734 91.89134216308594
v 98.88863372802734 80.49983978271484 91.89134216308594
v 91.89134216308594 80.49983978271484 98.88863372802734
v 80.49983978271484 -91.89134216308594 -98.88863372802734
v 80.49983978271484 -98.88863372802734 -91.89134216308594
v 98.88863372802734 -80.49983978271484 -91.89134216308594
v 91.89134216308594 -80.49983978271484 -98.88863372802734
v 91.89134216308594 -98.88863372802734 -80.49983978271484
v 98.88863372802734 -91.89134216308594 -80.49983978271484
v 80.49983978271484 98.88863372802734 -91.89134216308594
v 80.49983978271484 91.89134216308594 -98.88863372802734
v 98.88863372802734 91.89134216308594 -80.49983978271484
v 91.89134216308594 98.88863372802734 -80.49983978271484
v 91.89134216308594 80.49983978271484 -98.88863372802734
v 98.88863372802734 80.49983978271484 -91.89134216308594
v -98.88863372802734 -91.89134216308594 -80.49983978271484
v -91.89134216308594 -98.88863372802734 -80.49983978271484
v -91.89134216308594 -80.49983978271484 -98.88863372802734
v -98.88863372802734 -80.49983978271484 -91.89134216308594
v -80.49983978271484 -98.88863372802734 -91.89134216308594
v -80.49983978271484 -91.89134216308594 -98.88863372802734
v -91.89134216308594 98.88863372802734 -80.49983978271484
v -98.88863372802734 91.89134216308594 -80.49983978271484
v -80.49983978271484 91.89134216308594 -98.88863372802734
v -80.49983978271484 98.88863372802734 -91.89134216308594
v -98.88863372802734 80.49983978271484 -91.89134216308594
v -91.89134216308594 80.49983978271484 -98.88863372802734
v -77.43197631835938 -77.43197631835938 99.85774230957031
v -72.61907196044922 -50.42494964599609 99.95626831054688
v -50.42494964599609 -72.61907196044922 99.95626831054688
v -70.13102722167969 -89.48793792724609 99.47845458984375
v -85.77521514892578 -89.53765869140625 98.70973205566406
v -89.53765106201172 -85.77521514892578 98.70973205566406
v -89.48793792724609 -70.13102722167969 99.47844696044922
v 77.43197631835938 -77.43197631835938 99.85774230957031
v 50.42494964599609 -72.61907196044922 99.95626831054688
v 72.61907196044922 -50.42494964599609 99.95626831054688
v 89.48793792724609 -70.13102722167969 99.47845458984375
v 89.53765869140625 -85.77521514892578 98.70973205566406
v 85.77521514892578 -89.53765106201172 98.70973205566406
v 70.13102722167969 -89.48793792724609 99.47844696044922
v -77.43196105957031 77.43196868896484 99.85773468017578
v -89.48793792724609 70.13102722167969 99.47845458984375
v -89.53765869140625 85.77521514892578 98.70973205566406
v -85.77521514892578 89.53765106201172 98.70973205566406
v -70.13102722167969 89.48793792724609 99.47844696044922
v -50.42494964599609 72.61907196044922 99.95626831054688
v -72.61907196044922 50.42494964599609 99.95626831054688
v 77.43197631835938 77.43196105957031 99.85773468017578
v 50.42494964599609 72.61907196044922 99.95626831054688
v 70.13102722167969 89.48793792724609 99.47845458984375
v 85.77521514892578 89.53765869140625 98.70973205566406
v 89.53765106201172 85.77521514892578 98.70973205566406
v 89.48793792724609 70.13102722167969 99.47844696044922
v 72.61907196044922 50.42494964599609 99.95626831054688
v 99.85774230957031 -77.43197631835938 77.43197631835938
v 99.95626831054688 -50.42494964599609 72.61907196044922
v 99.95626831054688 -72.61907196044922 50.42494964599609
v 99.47845458984375 -89.48793792724609 70.13102722167969
v 98.70973205566406 -89.53765869140625 85.77521514892578
v 98.70973205566406 -85.77521514892578 89.53765106201172
v 99.47844696044922 -70.13102722167969 89.48793792724609
v 99.85774230957031 -77.43197631835938 -77.43197631835938
v 99.95626831054688 -72.61907196044922 -50.42494964599609
v 99.95626831054688 -50.42494964599609 -72.61907196044922
v 99.47845458984375 -70.13102722167969 -89.48793792724609
v 98.70973205566406 -85.77521514892578 -89.53765869140625
v 98.70973205566406 -89.53765106201172 -85.77521514892578
v 99.47844696044922 -89.48793792724609 -70.13102722167969
v 99.85773468017578 77.43196868896484 77.43196105957031
v 99.47845458984375 70.13102722167969 89.48793792724609
v 98.70973205566406 85.77521514892578 89.53765869140625
v 98.70973205566406 89.53765106201172 85.77521514892578
v 99.47844696044922 89.48793792724609 70.13102722167969
v 99.95626831054688 72.61907196044922 50.42494964599609
v 99.95626831054688 50.42494964599609 72.61907196044922
v 99.85773468017578 77.43196105957031 -77.43197631835938
v 99.95626831054688 72.61907196044922 -50.42494964599609
v 99.47845458984375 89.48793792724609 -70.13102722167969
v 98.70973205566406 89.53765869140625 -85.77521514892578
v 98.70973205566406 85.77521514892578 -89.53765106201172
v 99.47844696044922 70.13102722167969 -89.48793792724609
v 99.95626831054688 50.42494964599609 -72.61907196044922
v 77.43197631835938 -77.43197631835938 -99.85774230957031
v 72.61907196044922 -50.42494964599609 -99.95626831054688
v 50.42494964599609 -72.61907196044922 -99.95626831054688
v 70.13102722167969 -89.48793792724609 -99.47845458984375
v 85.77521514892578 -89.53765869140625 -98.70973205566406
v 89.53765106201172 -85.77521514892578 -98.70973205566406
v 89.48793792724609 -70.13102722167969 -99.47844696044922
v -77.43197631835938 -77.43197631835938 -99.85774230957031
v -50.42494964599609 -72.61907196044922 -99.95626831054688
v -72.61907196044922 -50.42494964599609 -99.95626831054688
v -89.48793792724609 -70.13102722167969 -99.47845458984375
v -89.53765869140625 -85.77521514892578 -98.70973205566406
v -85.77521514892578 -89.53765106201172 -98.70973205566406
v -70.13102722167969 -89.48793792724609 -99.47844696044922
v 77.43196105957031 77.43196868896484 -99.85773468017578
v 89.48793792724609 70.13102722167969 -99.47845458984375
v 89.53765869140625 85.77521514892578 -98.70973205566406
v 85.77521514892578 89.53765106201172 -98.70973205566406
v 70.13102722167969 89.48793792724609 -99.47844696044922
v 50.42494964599609 72.61907196044922 -99.95626831054688
v 72.61907196044922 50.42494964599609 -99.95626831054688
v -77.43197631835938 77.43196105957031 -99.85773468017578
v -50.42494964599609 72.61907196044922 -99.95626831054688
v -70.13102722167969 89.48793792724609 -99.47845458984375
v -85.77521514892578 89.53765869140625 -98.70973205566406
v -89.53765106201172 85.77521514892578 -98.70973205566406
v -89.48793792724609 70.13102722167969 -99.47844696044922
v -72.61907196044922 50.42494964599609 -99.95626831054688
v -99.85774230957031 -77.43197631835938 -77.43197631835938
v -99.95626831054688 -50.42494964599609 -72.61907196044922
v -99.95626831054688 -72.61907196044922 -50.42494964599609
v -99.47845458984375 -89.48793792724609 -70.13102722167969
v -98.70973205566406 -89.53765869140625 -85.77521514892578
v -98.70973205566406 -85.77521514892578 -89.53765106201172
v -99.47844696044922 -70.13102722167969 -89.48793792724609
v -99.85774230957031 -77.43197631835938 77.43197631835938
v -99.95626831054688 -72.61907196044922 50.42494964599609
v -99.95626831054688 -50.42494964599609 72.61907196044922
v -99.47845458984375 -70.13102722167969 89.48793792724609
v -98.70973205566406 -85.77521514892578 89.53765869140625
v -98.70973205566406 -89.53765106201172 85.77521514892578
v -99.47844696044922 -89.48793792724609 70.13102722167969
v -99.85773468017578 77.43196868896484 -77.43196105957031
v -99.47845458984375 70.13102722167969 -89.48793792724609
v -98.70973205566406 85.77521514892578 -89.53765869140625
v -98.70973205566406 89.53765106201172 -85.77521514892578
v -99.47844696044922 89.48793792724609 -70.13102722167969
v -99.95626831054688 72.61907196044922 -50.42494964599609
v -99.95626831054688 50.42494964599609 -72.61907196044922
v -99.85773468017578 77.43196105957031 77.43197631835938
v -99.95626831054688 72.61907196044922 50.42494964599609
v -99.47845458984375 89.48793792724609 70.13102722167969
v -98.70973205566406 89.53765869140625 85.77521514892578
v -98.70973205566406 85.77521514892578 89.53765106201172
v -99.47844696044922 70.13102722167969 89.48793792724609
v -99.95626831054688 50.42494964599609 72.61907196044922
v -77.43197631835938 99.85774230957031 77.43197631835938
v -72.61907196044922 99.95626831054688 50.42494964599609
v -50.42494964599609 99.95626831054688 72.61907196044922
v -70.13102722167969 99.47845458984375 89.48793792724609
v -85.77521514892578 98.70973205566406 89.53765869140625
v -89.53765106201172 98.70973205566406 85.77521514892578
v -89.48793792724609 99.47844696044922 70.13102722167969
v 77.43197631835938 99.85774230957031 77.43197631835938
v 50.42494964599609 99.95626831054688 72.61907196044922
v 72.61907196044922 99.95626831054688 50.42494964599609
v 89.48793792724609 99.47845458984375 70.13102722167969
v 89.53765869140625 98.70973205566406 85.77521514892578
v 85.77521514892578 98.70973205566406 89.53765106201172
v 70.13102722167969 99.47844696044922 89.48793792724609
v -77.43196105957031 99.85773468017578 -77.43196868896484
v -89.48793792724609 99.47845458984375 -70.13102722167969
v -89.53765869140625 98.70973205566406 -85.77521514892578
v -85.77521514892578 98.70973205566406 -89.53765106201172
v -70.13102722167969 99.47844696044922 -89.48793792724609
v -50.42494964599609 99.95626831054688 -72.61907196044922
v -72.61907196044922 99.95626831054688 -50.42494964599609
v 77.43197631835938 99.85773468017578 -77.43196105957031
v 50.42494964599609 99.95626831054688 -72.61907196044922
v 70.13102722167969 99.47845458984375 -89.48793792724609
v 85.77521514892578 98.70973205566406 -89.53765869140625
v 89.53765106201172 98.70973205566406 -85.77521514892578
v 89.48793792724609 99.47844696044922 -70.13102722167969
v 72.61907196044922 99.95626831054688 -50.42494964599609
v -77.43197631835938 -99.85774230957031 -77.43197631835938
v -72.61907196044922 -99.95626831054688 -50.42494964599609
v -50.42494964599609 -99.95626831054688 -72.61907196044922
v -70.13102722167969 -99.47845458984375 -89.48793792724609
v -85.77521514892578 -98.70973205566406 -89.53765869140625
v -89.53765106201172 -98.70973205566406 -85.77521514892578
v -89.48793792724609 -99.47844696044922 -70.13102722167969
v 77.43197631835938 -99.85774230957031 -77.43197631835938
v 50.42494964599609 -99.95626831054688 -72.61907196044922
v 72.61907196044922 -99.95626831054688 -50.42494964599609
v 89.48793792724609 -99.47845458984375 -70.13102722167969
v 89.53765869140625 -98.70973205566406 -85.77521514892578
v 85.77521514892578 -98.70973205566406 -89.53765106201172
v 70.13102722167969 -99.47844696044922 -89.48793792724609
v -77.43196105957031 -99.85773468017578 77.43196868896484
v -89.48793792724609 -99.47845458984375 70.13102722167969
v -89.53765869140625 -98.70973205566406 85.77521514892578
v -85.77521514892578 -98.70973205566406 89.53765106201172
v -70.13102722167969 -99.47844696044922 89.48793792724609
v -50.42494964599609 -99.95626831054688 72.61907196044922
v -72.61907196044922 -99.95626831054688 50.42494964599609
v 77.43197631835938 -99.85773468017578 77.43196105957031
v 50.42494964599609 -99.95626831054688 72.61907196044922
v 70.13102722167969 -99.47845458984375 89.48793792724609
v 85.77521514892578 -98.70973205566406 89.53765869140625
v 89.53765106201172 -98.70973205566406 85.77521514892578
v 89.48793792724609 -99.47844696044922 70.13102722167969
v 72.61907196044922 -99.95626831054688 50.42494964599609
v -95.74211883544922 -89.13618469238281 95.74212646484375
v -96.2674560546875 -92.544189453125 92.544189453125
v -97.80545043945312 -81.69779968261719 95.30375671386719
v -95.30376434326172 -81.69779968261719 97.80545043945312
v -92.544189453125 -92.544189453125 96.2674560546875
v -89.13618469238281 95.74211883544922 95.74212646484375
v -92.544189453125 96.2674560546875 92.544189453125
v -81.69779968261719 97.80545043945312 95.30375671386719
v -81.69779968261719 95.30376434326172 97.80545043945312
v -92.544189453125 92.544189453125 96.2674560546875
v 89.13618469238281 -95.74211883544922 95.74212646484375
v 92.544189453125 -96.2674560546875 92.544189453125
v 81.69779968261719 -97.80545043945312 95.30375671386719
v 81.69779968261719 -95.30376434326172 97.80545043945312
v 92.544189453125 -92.544189453125 96.2674560546875
v 95.74211883544922 89.13618469238281 95.74212646484375
v 96.2674560546875 92.544189453125 92.544189453125
v 97.80545043945312 81.69779968261719 95.30375671386719
v 95.30376434326172 81.69779968261719 97.80545043945312
v 92.544189453125 92.544189453125 96.2674560546875
v 95.74212646484375 -95.74211883544922 -89.13618469238281
v 92.544189453125 -96.2674560546875 -92.544189453125
v 95.30375671386719 -97.80545043945312 -81.69779968261719
v 97.80545043945312 -95.30376434326172 -81.69779968261719
v 96.2674560546875 -92.544189453125 -92.544189453125
v 95.74212646484375 89.13618469238281 -95.74211883544922
v 92.544189453125 92.544189453125 -96.2674560546875
v 95.30375671386719 81.69779968261719 -97.80545043945312
v 97.80545043945312 81.69779968261719 -95.30376434326172
v 96.2674560546875 92.544189453125 -92.544189453125
v -89.13618469238281 -95.74211883544922 -95.74212646484375
v -92.544189453125 -96.2674560546875 -92.544189453125
v -81.69779968261719 -97.80545043945312 -95.30375671386719
v -81.69779968261719 -95.30376434326172 -97.80545043945312
v -92.544189453125 -92.544189453125 -96.2674560546875
v -95.74211883544922 89.13618469238281 -95.74212646484375
v -96.2674560546875 92.544189453125 -92.544189453125
v -97.80545043945312 81.69779968261719 -95.30375671386719
v -95.30376434326172 81.69779968261719 -97.80545043945312
v -92.544189453125 92.544189453125 -96.2674560546875
v -89.13618469238281 -95.74212646484375 95.74211883544922
v -81.69779968261719 -95.30376434326172 97.80545043945312
v -81.69779968261719 -97.80545043945312 95.30375671386719
v -92.544189453125 -96.2674560546875 92.544189453125
v -95.74212646484375 -95.74211883544922 89.13618469238281
v -95.30375671386719 -97.80545043945312 81.69779968261719
v -97.80545043945312 -95.30376434326172 81.69779968261719
v -89.13618469238281 95.74212646484375 -95.74211883544922
v -81.69779968261719 95.30376434326172 -97.80545043945312
v -81.69779968261719 97.80545043945312 -95.30375671386719
v -92.544189453125 96.2674560546875 -92.544189453125
v -95.74212646484375 95.74211883544922 -89.13618469238281
v -95.30375671386719 97.80545043945312 -81.69779968261719
v -97.80545043945312 95.30376434326172 -81.69779968261719
v -95.74212646484375 89.13618469238281 95.74211883544922
v -95.30376434326172 81.69779968261719 97.80545043945312
v -97.80545043945312 81.69779968261719 95.30375671386719
v -96.2674560546875 92.544189453125 92.544189453125
v -95.74211883544922 95.74212646484375 89.13618469238281
v -97.80545043945312 95.30376434326172 81.69779968261719
v -95.30375671386719 97.80545043945312 81.69779968261719
v 95.74212646484375 -89.13618469238281 95.74211883544922
v 95.30376434326172 -81.69779968261719 97.80545043945312
v 97.80545043945312 -81.69779968261719 95.30375671386719
v 96.2674560546875 -92.544189453125 92.544189453125
v 95.74211883544922 -95.74212646484375 89.13618469238281
v 97.80545043945312 -95.30376434326172 81.69779968261719
v 95.30375671386719 -97.80545043945312 81.69779968261719
v 89.13618469238281 95.74212646484375 95.74211883544922
v 81.69779968261719 95.30376434326172 97.80545043945312
v 81.69779968261719 97.80545043945312 95.30375671386719
v 92.544189453125 96.2674560546875 92.544189453125
v 95.74212646484375 95.74211883544922 89.13618469238281
v 95.30375671386719 97.80545043945312 81.69779968261719
v 97.80545043945312 95.30376434326172 81.69779968261719
v 95.74211883544922 -89.13618469238281 -95.74212646484375
v 97.80545043945312 -81.69779968261719 -95.30376434326172
v 95.30375671386719 -81.69779968261719 -97.80545043945312
v 92.544189453125 -92.544189453125 -96.2674560546875
v 89.13618469238281 -95.74212646484375 -95.74211883544922
v 81.69779968261719 -95.30376434326172 -97.80545043945312
v 81.69779968261719 -97.80545043945312 -95.30375671386719
v 95.74211883544922 95.74212646484375 -89.13618469238281
v 97.80545043945312 95.30376434326172 -81.69779968261719
v 95.30375671386719 97.80545043945312 -81.69779968261719
v 92.544189453125 96.2674560546875 -92.544189453125
v 89.13618469238281 95.74211883544922 -95.74212646484375
v 81.69779968261719 97.80545043945312 -95.30375671386719
v 81.69779968261719 95.30376434326172 -97.80545043945312
v -95.74212646484375 -89.13618469238281 -95.74211883544922
v -95.30376434326172 -81.69779968261719 -97.80545043945312
v -97.80545043945312 -81.69779968261719 -95.30375671386719
v -96.2674560546875 -92.544189453125 -92.544189453125
v -95.74211883544922 -95.74212646484375 -89.13618469238281
v -97.80545043945312 -95.30376434326172 -81.69779968261719
v -95.30375671386719 -97.80545043945312 -81.69779968261719
v -25.04249572753906 -71.27321624755859 99.95646667480469
v -24.95908737182617 -49.07314682006836 100
v 0 -71.12367248535156 99.95649719238281
v -24.89536285400391 -87.47843933105469 99.56466674804688
v 25.04249572753906 -71.27322387695312 99.95646667480469
v 24.95908737182617 -49.07314682006836 100
v 24.89536285400391 -87.47843933105469 99.56466674804688
v -71.27322387695312 -25.04249572753906 99.95646667480469
v -87.47843933105469 -24.89536285400391 99.56466674804688
v -71.12368774414062 0 99.95649719238281
v -49.07314682006836 -24.95908737182617 100
v -24.90731430053711 -24.90731620788574 100
v -24.90156173706055 0 100
v 0 -24.90156173706055 100
v 24.90731430053711 -24.90731620788574 100
v 24.90156173706055 0 100
v 49.07315063476562 -24.95908737182617 100
v 71.27321624755859 -25.04249572753906 99.95646667480469
v 71.12368774414062 0 99.95649719238281
v 87.47843933105469 -24.89536285400391 99.56466674804688
v -71.27322387695312 25.04249572753906 99.95646667480469
v -87.47843933105469 24.89536285400391 99.56466674804688
v -49.07314682006836 24.95908737182617 100
v -24.90731430053711 24.90731620788574 100
v -24.95908737182617 49.07314682006836 100
v 0 24.90156173706055 100
v 24.90731430053711 24.90731620788574 100
v 24.95908737182617 49.07314682006836 100
v 49.07315063476562 24.95908737182617 100
v 71.27322387695312 25.04249572753906 99.95646667480469
v 87.47843933105469 24.89536285400391 99.56466674804688
v -25.04249572753906 71.27321624755859 99.95646667480469
v -24.89536285400391 87.47843933105469 99.56466674804688
v 0 71.12367248535156 99.95649719238281
v 25.04249572753906 71.27322387695312 99.95646667480469
v 24.89536285400391 87.47843933105469 99.56466674804688
v 99.95646667480469 -71.27321624755859 25.04249572753906
v 100 -49.07314682006836 24.95908737182617
v 99.95649719238281 -71.12367248535156 0
v 99.56466674804688 -87.47843933105469 24.89536285400391
v 99.95646667480469 -71.27322387695312 -25.04249572753906
v 100 -49.07314682006836 -24.95908737182617
v 99.56466674804688 -87.47843933105469 -24.89536285400391
v 99.95646667480469 -25.04249572753906 71.27322387695312
v 99.56466674804688 -24.89536285400391 87.47843170166016
v 99.95649719238281 0 71.12368774414062
v 100 -24.95908737182617 49.07314682006836
v 100 -24.90731620788574 24.90731430053711
v 100 0 24.90156173706055
v 100 -24.90156173706055 0
v 100 -24.90731620788574 -24.90731430053711
v 100 0 -24.90156173706055
v 100 -24.95908737182617 -49.07315063476562
v 99.95646667480469 -25.04249572753906 -71.27321624755859
v 99.95649719238281 0 -71.12368774414062
v 99.56466674804688 -24.89536285400391 -87.47843933105469
v 99.95646667480469 25.04249572753906 71.27322387695312
v 99.56466674804688 24.89536285400391 87.47843933105469
v 100 24.95908737182617 49.07314682006836
v 100 24.90731620788574 24.90731430053711
v 100 49.07314682006836 24.95908737182617
v 100 24.90156173706055 0
v 100 24.90731620788574 -24.90731430053711
v 100 49.07314682006836 -24.95908737182617
v 100 24.95908737182617 -49.07315063476562
v 99.95646667480469 25.04249572753906 -71.27322387695312
v 99.56466674804688 24.89536285400391 -87.47843933105469
v 99.95646667480469 71.27321624755859 25.04249572753906
v 99.56466674804688 87.47843933105469 24.89536285400391
v 99.95649719238281 71.12367248535156 0
v 99.95646667480469 71.27322387695312 -25.04249572753906
v 99.56466674804688 87.47843933105469 -24.89536285400391
v 25.04249572753906 -71.27321624755859 -99.95646667480469
v 24.95908737182617 -49.07314682006836 -100
v 0 -71.12367248535156 -99.95649719238281
v 24.89536285400391 -87.47843933105469 -99.56466674804688
v -25.04249572753906 -71.27322387695312 -99.95646667480469
v -24.95908737182617 -49.07314682006836 -100
v -24.89536285400391 -87.47843933105469 -99.56466674804688
v 71.27322387695312 -25.04249572753906 -99.95646667480469
v 87.47843170166016 -24.89536285400391 -99.56466674804688
v 71.12368774414062 0 -99.95649719238281
v 49.07314682006836 -24.95908737182617 -100
v 24.90731430053711 -24.90731620788574 -100
v 24.90156173706055 0 -100
v 0 -24.90156173706055 -100
v -24.90731430053711 -24.90731620788574 -100
v -24.90156173706055 0 -100
v -49.07315063476562 -24.95908737182617 -100
v -71.27321624755859 -25.04249572753906 -99.95646667480469
v -71.12368774414062 0 -99.95649719238281
v -87.47843933105469 -24.89536285400391 -99.56466674804688
v 71.27322387695312 25.04249572753906 -99.95646667480469
v 87.47843933105469 24.89536285400391 -99.56466674804688
v 49.07314682006836 24.95908737182617 -100
v 24.90731430053711 24.90731620788574 -100
v 24.95908737182617 49.07314682006836 -100
v 0 24.90156173706055 -100
v -24.90731430053711 24.90731620788574 -100
v -24.95908737182617 49.07314682006836 -100
v -49.07315063476562 24.95908737182617 -100
v -71.27322387695312 25.04249572753906 -99.95646667480469
v -87.47843933105469 24.89536285400391 -99.56466674804688
v 25.04249572753906 71.27321624755859 -99.95646667480469
v 24.89536285400391 87.47843933105469 -99.56466674804688
v 0 71.12367248535156 -99.95649719238281
v -25.04249572753906 71.27322387695312 -99.95646667480469
v -24.89536285400391 87.47843933105469 -99.56466674804688
v -99.95646667480469 -71.27321624755859 -25.04249572753906
v -100 -49.07314682006836 -24.95908737182617
v -99.95649719238281 -71.12367248535156 0
v -99.56466674804688 -87.47843933105469 -24.89536285400391
v -99.95646667480469 -71.27322387695312 25.04249572753906
v -100 -49.07314682006836 24.95908737182617
v -99.56466674804688 -87.47843933105469 24.89536285400391
v -99.95646667480469 -25.04249572753906 -71.27322387695312
v -99.56466674804688 -24.89536285400391 -87.47843170166016
v -99.95649719238281 0 -71.12368774414062
v -100 -24.95908737182617 -49.07314682006836
v -100 -24.90731620788574 -24.90731430053711
v -100 0 -24.90156173706055
v -100 -24.90156173706055 0
v -100 -24.90731620788574 24.90731430053711
v -100 0 24.90156173706055
v -100 -24.95908737182617 49.07315063476562
v -99.95646667480469 -25.04249572753906 71.27321624755859
v -99.95649719238281 0 71.12368774414062
v -99.56466674804688 -24.89536285400391 87.47843933105469
v -99.95646667480469 25.04249572753906 -71.27322387695312
v -99.56466674804688 24.89536285400391 -87.47843933105469
v -100 24.95908737182617 -49.07314682006836
v -100 24.90731620788574 -24.90731430053711
v -100 49.07314682006836 -24.95908737182617
v -100 24.90156173706055 0
v -100 24.90731620788574 24.90731430053711
v -100 49.07314682006836 24.95908737182617
v -100 24.95908737182617 49.07315063476562
v -99.95646667480469 25.04249572753906 71.27322387695312
v -99.56466674804688 24.89536285400391 87.47843170166016
v -99.95646667480469 71.27321624755859 -25.04249572753906
v -99.56466674804688 87.47843933105469 -24.89536285400391
v -99.95649719238281 71.12367248535156 0
v -99.95646667480469 71.27322387695312 25.04249572753906
v -99.56466674804688 87.47843933105469 24.89536285400391
v -25.04249572753906 99.95646667480469 71.27321624755859
v -24.95908737182617 100 49.07314682006836
v 0 99.95649719238281 71.12367248535156
v -24.89536285400391 99.56466674804688 87.47843933105469
v 25.04249572753906 99.95646667480469 71.27322387695312
v 24.95908737182617 100 49.07314682006836
v 24.89536285400391 99.56466674804688 87.47843170166016
v -71.27322387695312 99.95646667480469 25.04249572753906
v -87.47843170166016 99.56466674804688 24.89536285400391
v -71.12368774414062 99.95649719238281 0
v -49.07314682006836 100 24.95908737182617
v -24.90731430053711 100 24.90731620788574
v -24.90156173706055 100 0
v 0 100 24.90156173706055
v 24.90731430053711 100 24.90731620788574
v 24.90156173706055 100 0
v 49.07315063476562 100 24.95908737182617
v 71.27321624755859 99.95646667480469 25.04249572753906
v 71.12368774414062 99.95649719238281 0
v 87.47843933105469 99.56466674804688 24.89536285400391
v -71.27322387695312 99.95646667480469 -25.04249572753906
v -87.47843933105469 99.56466674804688 -24.89536285400391
v -49.07314682006836 100 -24.95908737182617
v -24.90731430053711 100 -24.90731620788574
v -24.95908737182617 100 -49.07314682006836
v 0 100 -24.90156173706055
v 24.90731430053711 100 -24.90731620788574
v 24.95908737182617 100 -49.07314682006836
v 49.07315063476562 100 -24.95908737182617
v 71.27322387695312 99.95646667480469 -25.04249572753906
v 87.47843170166016 99.56466674804688 -24.89536285400391
v -25.04249572753906 99.95646667480469 -71.27321624755859
v -24.89536285400391 99.56466674804688 -87.47843170166016
v 0 99.95649719238281 -71.12367248535156
v 25.04249572753906 99.95646667480469 -71.27322387695312
v 24.89536285400391 99.56466674804688 -87.47843933105469
v -25.04249572753906 -99.95646667480469 -71.27321624755859
v -24.95908737182617 -100 -49.07314682006836
v 0 -99.95649719238281 -71.12367248535156
v -24.89536285400391 -99.56466674804688 -87.47843933105469
v 25.04249572753906 -99.95646667480469 -71.27322387695312
v 24.95908737182617 -100 -49.07314682006836
v 24.89536285400391 -99.56466674804688 -87.47843170166016
v -71.27322387695312 -99.95646667480469 -25.04249572753906
v -87.47843170166016 -99.56466674804688 -24.89536285400391
v -71.12368774414062 -99.95649719238281 0
v -49.07314682006836 -100 -24.95908737182617
v -24.90731430053711 -100 -24.90731620788574
v -24.90156173706055 -100 0
v 0 -100 -24.90156173706055
v 24.90731430053711 -100 -24.90731620788574
v 24.90156173706055 -100 0
v 49.07315063476562 -100 -24.95908737182617
v 71.27321624755859 -99.95646667480469 -25.04249572753906
v 71.12368774414062 -99.95649719238281 0
v 87.47843933105469 -99.56466674804688 -24.89536285400391
v -71.27322387695312 -99.95646667480469 25.04249572753906
v -87.47843933105469 -99.56466674804688 24.89536285400391
v -49.07314682006836 -100 24.95908737182617
v -24.90731430053711 -100 24.90731620788574
v -24.95908737182617 -100 49.07314682006836
v 0 -100 24.90156173706055
v 24.90731430053711 -100 24.90731620788574
v 24.95908737182617 -100 49.07314682006836
v 49.07315063476562 -100 24.95908737182617
v 71.27322387695312 -99.95646667480469 25.04249572753906
v 87.47843170166016 -99.56466674804688 24.89536285400391
v -25.04249572753906 -99.95646667480469 71.27321624755859
v -24.89536285400391 -99.56466674804688 87.47843170166016
v 0 -99.95649719238281 71.12367248535156
v 25.04249572753906 -99.95646667480469 71.27322387695312
v 24.89536285400391 -99.56466674804688 87.47843933105469
v -98.45794677734375 -68.1988525390625 95.00940704345703
v -98.54560089111328 -48.1474609375 94.86875152587891
v -97.04725646972656 -67.65718078613281 97.04725646972656
v -68.19883728027344 -98.45794677734375 95.00939178466797
v -67.65718078613281 -97.04725646972656 97.04725646972656
v -48.1474609375 -98.54560089111328 94.86875915527344
v 98.45794677734375 -68.19883728027344 95.00939178466797
v 97.04725646972656 -67.65718078613281 97.04725646972656
v 98.54560089111328 -48.1474609375 94.86875915527344
v 68.1988525390625 -98.45794677734375 95.00940704345703
v 48.1474609375 -98.54560089111328 94.86875152587891
v 67.65718078613281 -97.04725646972656 97.04725646972656
v -98.45794677734375 68.19883728027344 95.00939178466797
v -97.04725646972656 67.65718078613281 97.04725646972656
v -98.54560089111328 48.1474609375 94.86875915527344
v -68.1988525390625 98.45794677734375 95.00940704345703
v -48.1474609375 98.54560089111328 94.86875152587891
v -67.65718078613281 97.04725646972656 97.04725646972656
v 68.19883728027344 98.45794677734375 95.00939178466797
v 67.65718078613281 97.04725646972656 97.04725646972656
v 48.1474609375 98.54560089111328 94.86875915527344
v 98.45794677734375 68.1988525390625 95.00940704345703
v 98.54560089111328 48.1474609375 94.86875152587891
v 97.04725646972656 67.65718078613281 97.04725646972656
v 95.00939178466797 -98.45794677734375 68.19883728027344
v 97.04725646972656 -97.04725646972656 67.65718078613281
v 94.86875915527344 -98.54560089111328 48.1474609375
v 95.00939178466797 -68.19883728027344 -98.45794677734375
v 97.04725646972656 -67.65718078613281 -97.04725646972656
v 94.86875915527344 -48.1474609375 -98.54560089111328
v 95.00940704345703 -98.45794677734375 -68.1988525390625
v 94.86875152587891 -98.54560089111328 -48.1474609375
v 97.04725646972656 -97.04725646972656 -67.65718078613281
v 95.00940704345703 98.45794677734375 68.1988525390625
v 94.86875152587891 98.54560089111328 48.1474609375
v 97.04725646972656 97.04725646972656 67.65718078613281
v 95.00939178466797 98.45794677734375 -68.19883728027344
v 97.04725646972656 97.04725646972656 -67.65718078613281
v 94.86875915527344 98.54560089111328 -48.1474609375
v 95.00940704345703 68.1988525390625 -98.45794677734375
v 94.86875152587891 48.1474609375 -98.54560089111328
v 97.04725646972656 67.65718078613281 -97.04725646972656
v 68.19883728027344 -98.45794677734375 -95.00939178466797
v 67.65718078613281 -97.04725646972656 -97.04725646972656
v 48.1474609375 -98.54560089111328 -94.86875915527344
v -98.45794677734375 -68.19883728027344 -95.00939178466797
v -97.04725646972656 -67.65718078613281 -97.04725646972656
v -98.54560089111328 -48.1474609375 -94.86875915527344
v -68.1988525390625 -98.45794677734375 -95.00940704345703
v -48.1474609375 -98.54560089111328 -94.86875152587891
v -67.65718078613281 -97.04725646972656 -97.04725646972656
v 68.1988525390625 98.45794677734375 -95.00940704345703
v 48.1474609375 98.54560089111328 -94.86875152587891
v 67.65718078613281 97.04725646972656 -97.04725646972656
v -68.19883728027344 98.45794677734375 -95.00939178466797
v -67.65718078613281 97.04725646972656 -97.04725646972656
v -48.1474609375 98.54560089111328 -94.86875915527344
v -98.45794677734375 68.1988525390625 -95.00940704345703
v -98.54560089111328 48.1474609375 -94.86875152587891
v -97.04725646972656 67.65718078613281 -97.04725646972656
v -95.00939178466797 -98.45794677734375 -68.19883728027344
v -97.04725646972656 -97.04725646972656 -67.65718078613281
v -94.86875915527344 -98.54560089111328 -48.1474609375
v -95.00940704345703 -98.45794677734375 68.1988525390625
v -94.86875152587891 -98.54560089111328 48.1474609375
v -97.04725646972656 -97.04725646972656 67.65718078613281
v -95.00940704345703 98.45794677734375 -68.1988525390625
v -94.86875152587891 98.54560089111328 -48.1474609375
v -97.04725646972656 97.04725646972656 -67.65718078613281
v -95.00939178466797 98.45794677734375 68.19883728027344
v -97.04725646972656 97.04725646972656 67.65718078613281
v -94.86875915527344 98.54560089111328 48.1474609375
v -24.81474685668945 -98.55202484130859 94.82341003417969
v -24.80403518676758 -97.10016632080078 97.10015869140625
v 0 -98.55274963378906 94.818359375
v 24.81474685668945 -98.55203247070312 94.82341003417969
v 24.80403518676758 -97.10016632080078 97.10017395019531
v -98.55203247070312 -24.81474685668945 94.82341003417969
v -98.55274963378906 0 94.818359375
v -97.10016632080078 -24.80403518676758 97.10017395019531
v 98.55202484130859 -24.81474685668945 94.82341003417969
v 97.10016632080078 -24.80403518676758 97.10015869140625
v 98.55274963378906 0 94.818359375
v -98.55202484130859 24.81474685668945 94.82341003417969
v -97.10016632080078 24.80403518676758 97.10015869140625
v 98.55203247070312 24.81474685668945 94.82341003417969
v 97.10016632080078 24.80403518676758 97.10017395019531
v -24.81474685668945 98.55203247070312 94.82341003417969
v 0 98.55274963378906 94.818359375
v -24.80403518676758 97.10016632080078 97.10017395019531
v 24.81474685668945 98.55202484130859 94.82341003417969
v 24.80403518676758 97.10016632080078 97.10015869140625
v 94.82341003417969 -98.55202484130859 24.81474685668945
v 97.10015869140625 -97.10016632080078 24.80403518676758
v 94.818359375 -98.55274963378906 0
v 94.82341003417969 -98.55203247070312 -24.81474685668945
v 97.10017395019531 -97.10016632080078 -24.80403518676758
v 94.82341003417969 -24.81474685668945 -98.55202484130859
v 97.10015869140625 -24.80403518676758 -97.10016632080078
v 94.818359375 0 -98.55274963378906
v 94.82341003417969 24.81474685668945 -98.55203247070312
v 97.10017395019531 24.80403518676758 -97.10016632080078
v 94.82341003417969 98.55203247070312 24.81474685668945
v 94.818359375 98.55274963378906 0
v 97.10017395019531 97.10016632080078 24.80403518676758
v 94.82341003417969 98.55202484130859 -24.81474685668945
v 97.10015869140625 97.10016632080078 -24.80403518676758
v 24.81474685668945 -98.55202484130859 -94.82341003417969
v 24.80403518676758 -97.10016632080078 -97.10015869140625
v 0 -98.55274963378906 -94.818359375
v -24.81474685668945 -98.55203247070312 -94.82341003417969
v -24.80403518676758 -97.10016632080078 -97.10017395019531
v -98.55202484130859 -24.81474685668945 -94.82341003417969
v -97.10016632080078 -24.80403518676758 -97.10015869140625
v -98.55274963378906 0 -94.818359375
v -98.55203247070312 24.81474685668945 -94.82341003417969
v -97.10016632080078 24.80403518676758 -97.10017395019531
v 24.81474685668945 98.55203247070312 -94.82341003417969
v 0 98.55274963378906 -94.818359375
v 24.80403518676758 97.10016632080078 -97.10017395019531
v -24.81474685668945 98.55202484130859 -94.82341003417969
v -24.80403518676758 97.10016632080078 -97.10015869140625
v -94.82341003417969 -98.55202484130859 -24.81474685668945
v -97.10015869140625 -97.10016632080078 -24.80403518676758
v -94.818359375 -98.55274963378906 0
v -94.82341003417969 -98.55203247070312 24.81474685668945
v -97.10017395019531 -97.10016632080078 24.80403518676758
v -94.82341003417969 98.55203247070312 -24.81474685668945
v -94.818359375 98.55274963378906 0
v -97.10017395019531 97.10016632080078 -24.80403518676758
v -94.82341003417969 98.55202484130859 24.81474685668945
v -97.10015869140625 97.10016632080078 24.80403518676758
v -95.00941467285156 -68.19883728027344 98.45794677734375
v -94.86875152587891 -48.1474609375 98.54560089111328
v -68.1988525390625 -95.0093994140625 98.45794677734375
v -48.1474609375 -94.86875152587891 98.54560089111328
v 95.0093994140625 -68.1988525390625 98.45794677734375
v 94.86875152587891 -48.1474609375 98.54560089111328
v 68.19883728027344 -95.00941467285156 98.45794677734375
v 48.1474609375 -94.86875152587891 98.54560089111328
v -95.0093994140625 68.1988525390625 98.45794677734375
v -94.86875152587891 48.1474609375 98.54560089111328
v -68.19883728027344 95.00941467285156 98.45794677734375
v -48.1474609375 94.86875152587891 98.54560089111328
v 68.1988525390625 95.0093994140625 98.45794677734375
v 48.1474609375 94.86875152587891 98.54560089111328
v 95.00941467285156 68.19883728027344 98.45794677734375
v 94.86875152587891 48.1474609375 98.54560089111328
v 98.45794677734375 -95.0093994140625 68.1988525390625
v 98.54560089111328 -94.86875152587891 48.1474609375
v 98.45794677734375 -68.1988525390625 -95.0093994140625
v 98.54560089111328 -48.1474609375 -94.86875152587891
v 98.45794677734375 -95.00941467285156 -68.19883728027344
v 98.54560089111328 -94.86875152587891 -48.1474609375
v 98.45794677734375 95.00941467285156 68.19883728027344
v 98.54560089111328 94.86875152587891 48.1474609375
v 98.45794677734375 95.0093994140625 -68.1988525390625
v 98.54560089111328 94.86875152587891 -48.1474609375
v 98.45794677734375 68.19883728027344 -95.00941467285156
v 98.54560089111328 48.1474609375 -94.86875152587891
v 68.1988525390625 -95.0093994140625 -98.45794677734375
v 48.1474609375 -94.86875152587891 -98.54560089111328
v -95.0093994140625 -68.1988525390625 -98.45794677734375
v -94.86875152587891 -48.1474609375 -98.54560089111328
v -68.19883728027344 -95.00941467285156 -98.45794677734375
v -48.1474609375 -94.86875152587891 -98.54560089111328
v 68.19883728027344 95.00941467285156 -98.45794677734375
v 48.1474609375 94.86875152587891 -98.54560089111328
v -68.1988525390625 95.0093994140625 -98.45794677734375
v -48.1474609375 94.86875152587891 -98.54560089111328
v -95.00941467285156 68.19883728027344 -98.45794677734375
v -94.86875152587891 48.1474609375 -98.54560089111328
v -98.45794677734375 -95.0093994140625 -68.1988525390625
v -98.54560089111328 -94.86875152587891 -48.1474609375
v -98.45794677734375 -95.00941467285156 68.19883728027344
v -98.54560089111328 -94.86875152587891 48.1474609375
v -98.45794677734375 95.00941467285156 -68.19883728027344
v -98.54560089111328 94.86875152587891 -48.1474609375
v -98.45794677734375 95.0093994140625 68.1988525390625
v -98.54560089111328 94.86875152587891 48.1474609375
v -24.81474685668945 -94.82340240478516 98.55203247070312
v 0 -94.818359375 98.552734375
v 24.81474685668945 -94.82340240478516 98.55202484130859
v -94.82340240478516 -24.81474685668945 98.55202484130859
v -94.818359375 0 98.55274963378906
v 94.82340240478516 -24.81474685668945 98.55203247070312
v 94.818359375 0 98.552734375
v -94.82340240478516 24.81474685668945 98.55203247070312
v 94.82340240478516 24.81474685668945 98.55202484130859
v -24.81474685668945 94.82340240478516 98.55202484130859
v 0 94.818359375 98.55274963378906
v 24.81474685668945 94.82340240478516 98.55203247070312
v 98.55203247070312 -94.82340240478516 24.81474685668945
v 98.552734375 -94.818359375 0
v 98.55202484130859 -94.82340240478516 -24.81474685668945
v 98.55203247070312 -24.81474685668945 -94.82340240478516
v 98.552734375 0 -94.818359375
v 98.55202484130859 24.81474685668945 -94.82340240478516
v 98.55202484130859 94.82340240478516 24.81474685668945
v 98.55274963378906 94.818359375 0
v 98.55203247070312 94.82340240478516 -24.81474685668945
v 24.81474685668945 -94.82340240478516 -98.55203247070312
v 0 -94.818359375 -98.552734375
v -24.81474685668945 -94.82340240478516 -98.55202484130859
v -94.82340240478516 -24.81474685668945 -98.55203247070312
v -94.818359375 0 -98.552734375
v -94.82340240478516 24.81474685668945 -98.55202484130859
v 24.81474685668945 94.82340240478516 -98.55202484130859
v 0 94.818359375 -98.55274963378906
v -24.81474685668945 94.82340240478516 -98.55203247070312
v -98.55203247070312 -94.82340240478516 -24.81474685668945
v -98.552734375 -94.818359375 0
v -98.55202484130859 -94.82340240478516 24.81474685668945
v -98.55202484130859 94.82340240478516 -24.81474685668945
v -98.55274963378906 94.818359375 0
v -98.55203247070312 94.82340240478516 24.81474685668945
v -61.68173217773438 -50.16610336303711 100
v -81.41301727294922 -49.82091903686523 99.82504272460938
v -49.82091903686523 -81.41301727294922 99.82504272460938
v -50.16610336303711 -61.68172836303711 100
v -76.81350708007812 -90.87565612792969 99.23843383789062
v -60.40727996826172 -88.5670166015625 99.56029510498047
v -88.21869659423828 -89.52821350097656 98.49119567871094
v -82.98917388916016 -90.74878692626953 98.87002563476562
v -90.748779296875 -82.98917388916016 98.87002563476562
v -89.52821350097656 -88.21869659423828 98.49119567871094
v -88.5670166015625 -60.40727996826172 99.56029510498047
v -90.87565612792969 -76.81350708007812 99.23843383789062
v 50.16610336303711 -61.68173217773438 100
v 49.82091903686523 -81.41301727294922 99.82504272460938
v 81.41301727294922 -49.82091903686523 99.82504272460938
v 61.68172836303711 -50.16610336303711 100
v 90.87565612792969 -76.81350708007812 99.23843383789062
v 88.5670166015625 -60.40727996826172 99.56029510498047
v 89.52821350097656 -88.21869659423828 98.49119567871094
v 90.74878692626953 -82.98917388916016 98.87002563476562
v 82.98917388916016 -90.748779296875 98.87002563476562
v 88.21869659423828 -89.52821350097656 98.49119567871094
v 60.40727996826172 -88.5670166015625 99.56029510498047
v 76.81350708007812 -90.87565612792969 99.23843383789062
v -90.87565612792969 76.81350708007812 99.23843383789062
v -88.5670166015625 60.40727996826172 99.56029510498047
v -89.52821350097656 88.21869659423828 98.49119567871094
v -90.74878692626953 82.98917388916016 98.87002563476562
v -82.98917388916016 90.748779296875 98.87002563476562
v -88.21869659423828 89.52821350097656 98.49119567871094
v -60.40727996826172 88.5670166015625 99.56029510498047
v -76.81350708007812 90.87565612792969 99.23843383789062
v -50.16610336303711 61.68173217773438 100
v -49.82091903686523 81.41301727294922 99.82504272460938
v -81.41301727294922 49.82091903686523 99.82504272460938
v -61.68172836303711 50.16610336303711 100
v 49.82091903686523 81.41301727294922 99.82504272460938
v 50.16610336303711 61.68173217773438 100
v 76.81350708007812 90.87565612792969 99.23843383789062
v 60.40727996826172 88.5670166015625 99.56029510498047
v 88.21869659423828 89.52821350097656 98.49119567871094
v 82.98917388916016 90.74878692626953 98.87002563476562
v 90.748779296875 82.98917388916016 98.87002563476562
v 89.52821350097656 88.21869659423828 98.49119567871094
v 88.5670166015625 60.40727996826172 99.56029510498047
v 90.87565612792969 76.81350708007812 99.23843383789062
v 61.68172836303711 50.16610336303711 100
v 81.41301727294922 49.82091903686523 99.82504272460938
v 100 -50.16610336303711 61.68173217773438
v 99.82504272460938 -49.82091903686523 81.41301727294922
v 99.82504272460938 -81.41301727294922 49.82091903686523
v 100 -61.68172836303711 50.16610336303711
v 99.23843383789062 -90.87565612792969 76.81350708007812
v 99.56029510498047 -88.5670166015625 60.40727996826172
v 98.49119567871094 -89.52821350097656 88.21869659423828
v 98.87002563476562 -90.74878692626953 82.98917388916016
v 98.87002563476562 -82.98917388916016 90.748779296875
v 98.49119567871094 -88.21869659423828 89.52821350097656
v 99.56029510498047 -60.40727996826172 88.5670166015625
v 99.23843383789062 -76.81350708007812 90.87565612792969
v 100 -61.68173217773438 -50.16610336303711
v 99.82504272460938 -81.41301727294922 -49.82091903686523
v 99.82504272460938 -49.82091903686523 -81.41301727294922
v 100 -50.16610336303711 -61.68172836303711
v 99.23843383789062 -76.81350708007812 -90.87565612792969
v 99.56029510498047 -60.40727996826172 -88.5670166015625
v 98.49119567871094 -88.21869659423828 -89.52821350097656
v 98.87002563476562 -82.98917388916016 -90.74878692626953
v 98.87002563476562 -90.748779296875 -82.98917388916016
v 98.49119567871094 -89.52821350097656 -88.21869659423828
v 99.56029510498047 -88.5670166015625 -60.40727996826172
v 99.23843383789062 -90.87565612792969 -76.81350708007812
v 99.23843383789062 76.81350708007812 90.87565612792969
v 99.56029510498047 60.40727996826172 88.5670166015625
v 98.49119567871094 88.21869659423828 89.52821350097656
v 98.87002563476562 82.98917388916016 90.74878692626953
v 98.87002563476562 90.748779296875 82.98917388916016
v 98.49119567871094 89.52821350097656 88.21869659423828
v 99.56029510498047 88.5670166015625 60.40727996826172
v 99.23843383789062 90.87565612792969 76.81350708007812
v 100 61.68173217773438 50.16610336303711
v 99.82504272460938 81.41301727294922 49.82091903686523
v 99.82504272460938 49.82091903686523 81.41301727294922
v 100 50.16610336303711 61.68172836303711
v 99.82504272460938 81.41301727294922 -49.82091903686523
v 100 61.68173217773438 -50.16610336303711
v 99.23843383789062 90.87565612792969 -76.81350708007812
v 99.56029510498047 88.5670166015625 -60.40727996826172
v 98.49119567871094 89.52821350097656 -88.21869659423828
v 98.87002563476562 90.74878692626953 -82.98917388916016
v 98.87002563476562 82.98917388916016 -90.748779296875
v 98.49119567871094 88.21869659423828 -89.52821350097656
v 99.56029510498047 60.40727996826172 -88.5670166015625
v 99.23843383789062 76.81350708007812 -90.87565612792969
v 100 50.16610336303711 -61.68172836303711
v 99.82504272460938 49.82091903686523 -81.41301727294922
v 61.68173217773438 -50.16610336303711 -100
v 81.41301727294922 -49.82091903686523 -99.82504272460938
v 49.82091903686523 -81.41301727294922 -99.82504272460938
v 50.16610336303711 -61.68172836303711 -100
v 76.81350708007812 -90.87565612792969 -99.23843383789062
v 60.40727996826172 -88.5670166015625 -99.56029510498047
v 88.21869659423828 -89.52821350097656 -98.49119567871094
v 82.98917388916016 -90.74878692626953 -98.87002563476562
v 90.748779296875 -82.98917388916016 -98.87002563476562
v 89.52821350097656 -88.21869659423828 -98.49119567871094
v 88.5670166015625 -60.40727996826172 -99.56029510498047
v 90.87565612792969 -76.81350708007812 -99.23843383789062
v -50.16610336303711 -61.68173217773438 -100
v -49.82091903686523 -81.41301727294922 -99.82504272460938
v -81.41301727294922 -49.82091903686523 -99.82504272460938
v -61.68172836303711 -50.16610336303711 -100
v -90.87565612792969 -76.81350708007812 -99.23843383789062
v -88.5670166015625 -60.40727996826172 -99.56029510498047
v -89.52821350097656 -88.21869659423828 -98.49119567871094
v -90.74878692626953 -82.98917388916016 -98.87002563476562
v -82.98917388916016 -90.748779296875 -98.87002563476562
v -88.21869659423828 -89.52821350097656 -98.49119567871094
v -60.40727996826172 -88.5670166015625 -99.56029510498047
v -76.81350708007812 -90.87565612792969 -99.23843383789062
v 90.87565612792969 76.81350708007812 -99.23843383789062
v 88.5670166015625 60.40727996826172 -99.56029510498047
v 89.52821350097656 88.21869659423828 -98.49119567871094
v 90.74878692626953 82.98917388916016 -98.87002563476562
v 82.98917388916016 90.748779296875 -98.87002563476562
v 88.21869659423828 89.52821350097656 -98.49119567871094
v 60.40727996826172 88.5670166015625 -99.56029510498047
v 76.81350708007812 90.87565612792969 -99.23843383789062
v 50.16610336303711 61.68173217773438 -100
v 49.82091903686523 81.41301727294922 -99.82504272460938
v 81.41301727294922 49.82091903686523 -99.82504272460938
v 61.68172836303711 50.16610336303711 -100
v -49.82091903686523 81.41301727294922 -99.82504272460938
v -50.16610336303711 61.68173217773438 -100
v -76.81350708007812 90.87565612792969 -99.23843383789062
v -60.40727996826172 88.5670166015625 -99.56029510498047
v -88.21869659423828 89.52821350097656 -98.49119567871094
v -82.98917388916016 90.74878692626953 -98.87002563476562
v -90.748779296875 82.98917388916016 -98.87002563476562
v -89.52821350097656 88.21869659423828 -98.49119567871094
v -88.5670166015625 60.40727996826172 -99.56029510498047
v -90.87565612792969 76.81350708007812 -99.23843383789062
v -61.68172836303711 50.16610336303711 -100
v -81.41301727294922 49.82091903686523 -99.82504272460938
v -100 -50.16610336303711 -61.68173217773438
v -99.82504272460938 -49.82091903686523 -81.41301727294922
v -99.82504272460938 -81.41301727294922 -49.82091903686523
v -100 -61.68172836303711 -50.16610336303711
v -99.23843383789062 -90.87565612792969 -76.81350708007812
v -99.56029510498047 -88.5670166015625 -60.40727996826172
v -98.49119567871094 -89.52821350097656 -88.21869659423828
v -98.87002563476562 -90.74878692626953 -82.98917388916016
v -98.87002563476562 -82.98917388916016 -90.748779296875
v -98.49119567871094 -88.21869659423828 -89.52821350097656
v -99.56029510498047 -60.40727996826172 -88.5670166015625
v -99.23843383789062 -76.81350708007812 -90.87565612792969
v -100 -61.68173217773438 50.16610336303711
v -99.82504272460938 -81.41301727294922 49.82091903686523
v -99.82504272460938 -49.82091903686523 81.41301727294922
v -100 -50.16610336303711 61.68172836303711
v -99.23843383789062 -76.81350708007812 90.87565612792969
v -99.56029510498047 -60.40727996826172 88.5670166015625
v -98.49119567871094 -88.21869659423828 89.52821350097656
v -98.87002563476562 -82.98917388916016 90.74878692626953
v -98.87002563476562 -90.748779296875 82.98917388916016
v -98.49119567871094 -89.52821350097656 88.21869659423828
v -99.56029510498047 -88.5670166015625 60.40727996826172
v -99.23843383789062 -90.87565612792969 76.81350708007812
v -99.23843383789062 76.81350708007812 -90.87565612792969
v -99.56029510498047 60.40727996826172 -88.5670166015625
v -98.49119567871094 88.21869659423828 -89.52821350097656
v -98.87002563476562 82.98917388916016 -90.74878692626953
v -98.87002563476562 90.748779296875 -82.98917388916016
v -98.49119567871094 89.52821350097656 -88.21869659423828
v -99.56029510498047 88.5670166015625 -60.40727996826172
v -99.23843383789062 90.87565612792969 -76.81350708007812
v -100 61.68173217773438 -50.16610336303711
v -99.82504272460938 81.41301727294922 -49.82091903686523
v -99.82504272460938 49.82091903686523 -81.41301727294922
v -100 50.16610336303711 -61.68172836303711
v -99.82504272460938 81.41301727294922 49.82091903686523
v -100 61.68173217773438 50.16610336303711
v -99.23843383789062 90.87565612792969 76.81350708007812
v -99.56029510498047 88.5670166015625 60.40727996826172
v -98.49119567871094 89.52821350097656 88.21869659423828
v -98.87002563476562 90.74878692626953 82.98917388916016
v -98.87002563476562 82.98917388916016 90.748779296875
v -98.49119567871094 88.21869659423828 89.52821350097656
v -99.56029510498047 60.40727996826172 88.5670166015625
v -99.23843383789062 76.81350708007812 90.87565612792969
v -100 50.16610336303711 61.68172836303711
v -99.82504272460938 49.82091903686523 81.41301727294922
v -61.68173217773438 100 50.16610336303711
v -81.41301727294922 99.82504272460938 49.82091903686523
v -49.82091903686523 99.82504272460938 81.41301727294922
v -50.16610336303711 100 61.68172836303711
v -76.81350708007812 99.23843383789062 90.87565612792969
v -60.40727996826172 99.56029510498047 88.5670166015625
v -88.21869659423828 98.49119567871094 89.52821350097656
v -82.98917388916016 98.87002563476562 90.74878692626953
v -90.748779296875 98.87002563476562 82.98917388916016
v -89.52821350097656 98.49119567871094 88.21869659423828
v -88.5670166015625 99.56029510498047 60.40727996826172
v -90.87565612792969 99.23843383789062 76.81350708007812
v 50.16610336303711 100 61.68173217773438
v 49.82091903686523 99.82504272460938 81.41301727294922
v 81.41301727294922 99.82504272460938 49.82091903686523
v 61.68172836303711 100 50.16610336303711
v 90.87565612792969 99.23843383789062 76.81350708007812
v 88.5670166015625 99.56029510498047 60.40727996826172
v 89.52821350097656 98.49119567871094 88.21869659423828
v 90.74878692626953 98.87002563476562 82.98917388916016
v 82.98917388916016 98.87002563476562 90.748779296875
v 88.21869659423828 98.49119567871094 89.52821350097656
v 60.40727996826172 99.56029510498047 88.5670166015625
v 76.81350708007812 99.23843383789062 90.87565612792969
v -90.87565612792969 99.23843383789062 -76.81350708007812
v -88.5670166015625 99.56029510498047 -60.40727996826172
v -89.52821350097656 98.49119567871094 -88.21869659423828
v -90.74878692626953 98.87002563476562 -82.98917388916016
v -82.98917388916016 98.87002563476562 -90.748779296875
v -88.21869659423828 98.49119567871094 -89.52821350097656
v -60.40727996826172 99.56029510498047 -88.5670166015625
v -76.81350708007812 99.23843383789062 -90.87565612792969
v -50.16610336303711 100 -61.68173217773438
v -49.82091903686523 99.82504272460938 -81.41301727294922
v -81.41301727294922 99.82504272460938 -49.82091903686523
v -61.68172836303711 100 -50.16610336303711
v 49.82091903686523 99.82504272460938 -81.41301727294922
v 50.16610336303711 100 -61.68173217773438
v 76.81350708007812 99.23843383789062 -90.87565612792969
v 60.40727996826172 99.56029510498047 -88.5670166015625
v 88.21869659423828 98.49119567871094 -89.52821350097656
v 82.98917388916016 98.87002563476562 -90.74878692626953
v 90.748779296875 98.87002563476562 -82.98917388916016
v 89.52821350097656 98.49119567871094 -88.21869659423828
v 88.5670166015625 99.56029510498047 -60.40727996826172
v 90.87565612792969 99.23843383789062 -76.81350708007812
v 61.68172836303711 100 -50.16610336303711
v 81.41301727294922 99.82504272460938 -49.82091903686523
v -61.68173217773438 -100 -50.16610336303711
v -81.41301727294922 -99.82504272460938 -49.82091903686523
v -49.82091903686523 -99.82504272460938 -81.41301727294922
v -50.16610336303711 -100 -61.68172836303711
v -76.81350708007812 -99.23843383789062 -90.87565612792969
v -60.40727996826172 -99.56029510498047 -88.5670166015625
v -88.21869659423828 -98.49119567871094 -89.52821350097656
v -82.98917388916016 -98.87002563476562 -90.74878692626953
v -90.748779296875 -98.87002563476562 -82.98917388916016
v -89.52821350097656 -98.49119567871094 -88.21869659423828
v -88.5670166015625 -99.56029510498047 -60.40727996826172
v -90.87565612792969 -99.23843383789062 -76.81350708007812
v 50.16610336303711 -100 -61.68173217773438
v 49.82091903686523 -99.82504272460938 -81.41301727294922
v 81.41301727294922 -99.82504272460938 -49.82091903686523
v 61.68172836303711 -100 -50.16610336303711
v 90.87565612792969 -99.23843383789062 -76.81350708007812
v 88.5670166015625 -99.56029510498047 -60.40727996826172
v 89.52821350097656 -98.49119567871094 -88.21869659423828
v 90.74878692626953 -98.87002563476562 -82.98917388916016
v 82.98917388916016 -98.87002563476562 -90.748779296875
v 88.21869659423828 -98.49119567871094 -89.52821350097656
v 60.40727996826172 -99.56029510498047 -88.5670166015625
v 76.81350708007812 -99.23843383789062 -90.87565612792969
v -90.87565612792969 -99.23843383789062 76.81350708007812
v -88.5670166015625 -99.56029510498047 60.40727996826172
v -89.52821350097656 -98.49119567871094 88.21869659423828
v -90.74878692626953 -98.87002563476562 82.98917388916016
v -82.98917388916016 -98.87002563476562 90.748779296875
v -88.21869659423828 -98.49119567871094 89.52821350097656
v -60.40727996826172 -99.56029510498047 88.5670166015625
v -76.81350708007812 -99.23843383789062 90.87565612792969
v -50.16610336303711 -100 61.68173217773438
v -49.82091903686523 -99.82504272460938 81.41301727294922
v -81.41301727294922 -99.82504272460938 49.82091903686523
v -61.68172836303711 -100 50.16610336303711
v 49.82091903686523 -99.82504272460938 81.41301727294922
v 50.16610336303711 -100 61.68173217773438
v 76.81350708007812 -99.23843383789062 90.87565612792969
v 60.40727996826172 -99.56029510498047 88.5670166015625
v 88.21869659423828 -98.49119567871094 89.52821350097656
v 82.98917388916016 -98.87002563476562 90.74878692626953
v 90.748779296875 -98.87002563476562 82.98917388916016
v 89.52821350097656 -98.49119567871094 88.21869659423828
v 88.5670166015625 -99.56029510498047 60.40727996826172
v 90.87565612792969 -99.23843383789062 76.81350708007812
v 61.68172836303711 -100 50.16610336303711
v 81.41301727294922 -99.82504272460938 49.82091903686523
v -97.44265747070312 -91.24407958984375 91.24407958984375
v -94.98068237304688 -93.42903137207031 93.42903137207031
v -97.2626953125 -80.51525115966797 96.32753753662109
v -98.44599151611328 -81.42820739746094 93.70565032958984
v -93.70565032958984 -81.42820739746094 98.44599151611328
v -96.32754516601562 -80.51525115966797 97.2626953125
v -93.42903137207031 -93.42903137207031 94.98068237304688
v -91.24407958984375 -91.24407958984375 97.44265747070312
v -91.24407958984375 97.44265747070312 91.24407958984375
v -93.42903137207031 94.98068237304688 93.42903137207031
v -80.51525115966797 97.2626953125 96.32753753662109
v -81.42820739746094 98.44599151611328 93.70565032958984
v -81.42820739746094 93.70565032958984 98.44599151611328
v -80.51525115966797 96.32754516601562 97.2626953125
v -93.42903137207031 93.42903137207031 94.98068237304688
v -91.24407958984375 91.24407958984375 97.44265747070312
v 91.24407958984375 -97.44265747070312 91.24407958984375
v 93.42903137207031 -94.98068237304688 93.42903137207031
v 80.51525115966797 -97.2626953125 96.32753753662109
v 81.42820739746094 -98.44599151611328 93.70565032958984
v 81.42820739746094 -93.70565032958984 98.44599151611328
v 80.51525115966797 -96.32754516601562 97.2626953125
v 93.42903137207031 -93.42903137207031 94.98068237304688
v 91.24407958984375 -91.24407958984375 97.44265747070312
v 97.44265747070312 91.24407958984375 91.24407958984375
v 94.98068237304688 93.42903137207031 93.42903137207031
v 97.2626953125 80.51525115966797 96.32753753662109
v 98.44599151611328 81.42820739746094 93.70565032958984
v 93.70565032958984 81.42820739746094 98.44599151611328
v 96.32754516601562 80.51525115966797 97.2626953125
v 93.42903137207031 93.42903137207031 94.98068237304688
v 91.24407958984375 91.24407958984375 97.44265747070312
v 91.24407958984375 -97.44265747070312 -91.24407958984375
v 93.42903137207031 -94.98068237304688 -93.42903137207031
v 96.32753753662109 -97.2626953125 -80.51525115966797
v 93.70565032958984 -98.44599151611328 -81.42820739746094
v 98.44599151611328 -93.70565032958984 -81.42820739746094
v 97.2626953125 -96.32754516601562 -80.51525115966797
v 94.98068237304688 -93.42903137207031 -93.42903137207031
v 97.44265747070312 -91.24407958984375 -91.24407958984375
v 91.24407958984375 91.24407958984375 -97.44265747070312
v 93.42903137207031 93.42903137207031 -94.98068237304688
v 96.32753753662109 80.51525115966797 -97.2626953125
v 93.70565032958984 81.42820739746094 -98.44599151611328
v 98.44599151611328 81.42820739746094 -93.70565032958984
v 97.2626953125 80.51525115966797 -96.32754516601562
v 94.98068237304688 93.42903137207031 -93.42903137207031
v 97.44265747070312 91.24407958984375 -91.24407958984375
v -91.24407958984375 -97.44265747070312 -91.24407958984375
v -93.42903137207031 -94.98068237304688 -93.42903137207031
v -80.51525115966797 -97.2626953125 -96.32753753662109
v -81.42820739746094 -98.44599151611328 -93.70565032958984
v -81.42820739746094 -93.70565032958984 -98.44599151611328
v -80.51525115966797 -96.32754516601562 -97.2626953125
v -93.42903137207031 -93.42903137207031 -94.98068237304688
v -91.24407958984375 -91.24407958984375 -97.44265747070312
v -97.44265747070312 91.24407958984375 -91.24407958984375
v -94.98068237304688 93.42903137207031 -93.42903137207031
v -97.2626953125 80.51525115966797 -96.32753753662109
v -98.44599151611328 81.42820739746094 -93.70565032958984
v -93.70565032958984 81.42820739746094 -98.44599151611328
v -96.32754516601562 80.51525115966797 -97.2626953125
v -93.42903137207031 93.42903137207031 -94.98068237304688
v -91.24407958984375 91.24407958984375 -97.44265747070312
v -80.51525115966797 -96.32753753662109 97.2626953125
v -81.42820739746094 -93.70565032958984 98.44599151611328
v -81.42820739746094 -98.44599151611328 93.70565032958984
v -80.51525115966797 -97.2626953125 96.32753753662109
v -93.42903137207031 -94.98068237304688 93.42903137207031
v -91.24407958984375 -97.44265747070312 91.24407958984375
v -96.32753753662109 -97.2626953125 80.51525115966797
v -93.70565032958984 -98.44599151611328 81.42820739746094
v -98.44599151611328 -93.70565032958984 81.42820739746094
v -97.2626953125 -96.32754516601562 80.51525115966797
v -80.51525115966797 96.32753753662109 -97.2626953125
v -81.42820739746094 93.70565032958984 -98.44599151611328
v -81.42820739746094 98.44599151611328 -93.70565032958984
v -80.51525115966797 97.2626953125 -96.32753753662109
v -93.42903137207031 94.98068237304688 -93.42903137207031
v -91.24407958984375 97.44265747070312 -91.24407958984375
v -96.32753753662109 97.2626953125 -80.51525115966797
v -93.70565032958984 98.44599151611328 -81.42820739746094
v -98.44599151611328 93.70565032958984 -81.42820739746094
v -97.2626953125 96.32754516601562 -80.51525115966797
v -96.32753753662109 80.51525115966797 97.2626953125
v -93.70565032958984 81.42820739746094 98.44599151611328
v -98.44599151611328 81.42820739746094 93.70565032958984
v -97.2626953125 80.51525115966797 96.32753753662109
v -94.98068237304688 93.42903137207031 93.42903137207031
v -97.44265747070312 91.24407958984375 91.24407958984375
v -97.2626953125 96.32753753662109 80.51525115966797
v -98.44599151611328 93.70565032958984 81.42820739746094
v -93.70565032958984 98.44599151611328 81.42820739746094
v -96.32753753662109 97.2626953125 80.51525115966797
v 96.32753753662109 -80.51525115966797 97.2626953125
v 93.70565032958984 -81.42820739746094 98.44599151611328
v 98.44599151611328 -81.42820739746094 93.70565032958984
v 97.2626953125 -80.51525115966797 96.32753753662109
v 94.98068237304688 -93.42903137207031 93.42903137207031
v 97.44265747070312 -91.24407958984375 91.24407958984375
v 97.2626953125 -96.32753753662109 80.51525115966797
v 98.44599151611328 -93.70565032958984 81.42820739746094
v 93.70565032958984 -98.44599151611328 81.42820739746094
v 96.32753753662109 -97.2626953125 80.51525115966797
v 80.51525115966797 96.32753753662109 97.2626953125
v 81.42820739746094 93.70565032958984 98.44599151611328
v 81.42820739746094 98.44599151611328 93.70565032958984
v 80.51525115966797 97.2626953125 96.32753753662109
v 93.42903137207031 94.98068237304688 93.42903137207031
v 91.24407958984375 97.44265747070312 91.24407958984375
v 96.32753753662109 97.2626953125 80.51525115966797
v 93.70565032958984 98.44599151611328 81.42820739746094
v 98.44599151611328 93.70565032958984 81.42820739746094
v 97.2626953125 96.32754516601562 80.51525115966797
v 97.2626953125 -80.51525115966797 -96.32753753662109
v 98.44599151611328 -81.42820739746094 -93.70565032958984
v 93.70565032958984 -81.42820739746094 -98.44599151611328
v 96.32753753662109 -80.51525115966797 -97.2626953125
v 93.42903137207031 -93.42903137207031 -94.98068237304688
v 91.24407958984375 -91.24407958984375 -97.44265747070312
v 80.51525115966797 -96.32753753662109 -97.2626953125
v 81.42820739746094 -93.70565032958984 -98.44599151611328
v 81.42820739746094 -98.44599151611328 -93.70565032958984
v 80.51525115966797 -97.2626953125 -96.32753753662109
v 97.2626953125 96.32753753662109 -80.51525115966797
v 98.44599151611328 93.70565032958984 -81.42820739746094
v 93.70565032958984 98.44599151611328 -81.42820739746094
v 96.32753753662109 97.2626953125 -80.51525115966797
v 93.42903137207031 94.98068237304688 -93.42903137207031
v 91.24407958984375 97.44265747070312 -91.24407958984375
v 80.51525115966797 97.2626953125 -96.32753753662109
v 81.42820739746094 98.44599151611328 -93.70565032958984
v 81.42820739746094 93.70565032958984 -98.44599151611328
v 80.51525115966797 96.32754516601562 -97.2626953125
v -96.32753753662109 -80.51525115966797 -97.2626953125
v -93.70565032958984 -81.42820739746094 -98.44599151611328
v -98.44599151611328 -81.42820739746094 -93.70565032958984
v -97.2626953125 -80.51525115966797 -96.32753753662109
v -94.98068237304688 -93.42903137207031 -93.42903137207031
v -97.44265747070312 -91.24407958984375 -91.24407958984375
v -97.2626953125 -96.32753753662109 -80.51525115966797
v -98.44599151611328 -93.70565032958984 -81.42820739746094
v -93.70565032958984 -98.44599151611328 -81.42820739746094
v -96.32753753662109 -97.2626953125 -80.51525115966797
v -12.5 -49.015625 100
v -37.33634567260742 -49.24571990966797 100
v 0 -80.26345825195312 99.82595825195312
v 0 -60.53125 100
v -37.08145523071289 -87.65032196044922 99.56398010253906
v -12.5 -87.421142578125 99.56489562988281
v 37.33634185791016 -49.24571990966797 100
v 12.5 -49.015625 100
v 12.5 -87.421142578125 99.56489562988281
v 37.08145523071289 -87.65032196044922 99.56398010253906
v -87.421142578125 -12.5 99.56489562988281
v -87.65032196044922 -37.08145523071289 99.56398010253906
v -60.53125 0 100
v -80.26345825195312 0 99.82595825195312
v -49.24571990966797 -37.33634185791016 100
v -49.015625 -12.5 100
v -12.5 0 100
v -37.10625076293945 0 100
v 0 -37.10625076293945 100
v 0 -12.5 100
v 37.10625076293945 0 100
v 12.5 0 100
v 49.24571990966797 -37.33634567260742 100
v 49.015625 -12.5 100
v 80.26345825195312 0 99.82595825195312
v 60.53125 0 100
v 87.65032196044922 -37.08145523071289 99.56398010253906
v 87.421142578125 -12.5 99.56489562988281
v -87.65032196044922 37.08145523071289 99.56398010253906
v -87.421142578125 12.5 99.56489562988281
v -49.015625 12.5 100
v -49.24571990966797 37.33634567260742 100
v -12.5 49.015625 100
v -37.33634185791016 49.24571990966797 100
v 0 12.5 100
v 0 37.10625076293945 100
v 37.33634185791016 49.24571990966797 100
v 12.5 49.015625 100
v 49.015625 12.5 100
v 49.24571990966797 37.33634948730469 100
v 87.421142578125 12.5 99.56489562988281
v 87.65032196044922 37.08145523071289 99.56398010253906
v -12.5 87.421142578125 99.56489562988281
v -37.08145523071289 87.65032196044922 99.56398010253906
v 0 60.53125 100
v 0 80.26345825195312 99.82595825195312
v 37.08145523071289 87.65032196044922 99.56398010253906
v 12.5 87.421142578125 99.56489562988281
v 100 -49.015625 12.5
v 100 -49.24571990966797 37.33634567260742
v 99.82595825195312 -80.26345825195312 0
v 100 -60.53125 0
v 99.56398010253906 -87.65032196044922 37.08145523071289
v 99.56489562988281 -87.421142578125 12.5
v 100 -49.24571990966797 -37.33634185791016
v 100 -49.015625 -12.5
v 99.56489562988281 -87.421142578125 -12.5
v 99.56398010253906 -87.65032196044922 -37.08145523071289
v 99.56489562988281 -12.5 87.421142578125
v 99.56398010253906 -37.08145523071289 87.65031433105469
v 100 0 60.53125
v 99.82595825195312 0 80.26345825195312
v 100 -37.33634185791016 49.24571990966797
v 100 -12.5 49.015625
v 100 0 12.5
v 100 0 37.10625076293945
v 100 -37.10625076293945 0
v 100 -12.5 0
v 100 0 -37.10625076293945
v 100 0 -12.5
v 100 -37.33634567260742 -49.24571990966797
v 100 -12.5 -49.015625
v 99.82595825195312 0 -80.26345825195312
v 100 0 -60.53125
v 99.56398010253906 -37.08145523071289 -87.65032196044922
v 99.56489562988281 -12.5 -87.421142578125
v 99.56398010253906 37.08145523071289 87.65031433105469
v 99.56489562988281 12.5 87.421142578125
v 100 12.5 49.015625
v 100 37.33634567260742 49.24571990966797
v 100 49.015625 12.5
v 100 49.24571990966797 37.33634185791016
v 100 12.5 0
v 100 37.10625076293945 0
v 100 49.24571990966797 -37.33634185791016
v 100 49.015625 -12.5
v 100 12.5 -49.015625
v 100 37.33634948730469 -49.24571990966797
v 99.56489562988281 12.5 -87.421142578125
v 99.56398010253906 37.08145523071289 -87.65032196044922
v 99.56489562988281 87.421142578125 12.5
v 99.56398010253906 87.65032196044922 37.08145523071289
v 100 60.53125 0
v 99.82595825195312 80.26345825195312 0
v 99.56398010253906 87.65032196044922 -37.08145523071289
v 99.56489562988281 87.421142578125 -12.5
v 12.5 -49.015625 -100
v 37.33634567260742 -49.24571990966797 -100
v 0 -80.26345825195312 -99.82595825195312
v 0 -60.53125 -100
v 37.08145523071289 -87.65032196044922 -99.56398010253906
v 12.5 -87.421142578125 -99.56489562988281
v -37.33634185791016 -49.24571990966797 -100
v -12.5 -49.015625 -100
v -12.5 -87.421142578125 -99.56489562988281
v -37.08145523071289 -87.65032196044922 -99.56398010253906
v 87.421142578125 -12.5 -99.56489562988281
v 87.65031433105469 -37.08145523071289 -99.56398010253906
v 60.53125 0 -100
v 80.26345825195312 0 -99.82595825195312
v 49.24571990966797 -37.33634185791016 -100
v 49.015625 -12.5 -100
v 12.5 0 -100
v 37.10625076293945 0 -100
v 0 -37.10625076293945 -100
v 0 -12.5 -100
v -37.10625076293945 0 -100
v -12.5 0 -100
v -49.24571990966797 -37.33634567260742 -100
v -49.015625 -12.5 -100
v -80.26345825195312 0 -99.82595825195312
v -60.53125 0 -100
v -87.65032196044922 -37.08145523071289 -99.56398010253906
v -87.421142578125 -12.5 -99.56489562988281
v 87.65031433105469 37.08145523071289 -99.56398010253906
v 87.421142578125 12.5 -99.56489562988281
v 49.015625 12.5 -100
v 49.24571990966797 37.33634567260742 -100
v 12.5 49.015625 -100
v 37.33634185791016 49.24571990966797 -100
v 0 12.5 -100
v 0 37.10625076293945 -100
v -37.33634185791016 49.24571990966797 -100
v -12.5 49.015625 -100
v -49.015625 12.5 -100
v -49.24571990966797 37.33634948730469 -100
v -87.421142578125 12.5 -99.56489562988281
v -87.65032196044922 37.08145523071289 -99.56398010253906
v 12.5 87.421142578125 -99.56489562988281
v 37.08145523071289 87.65032196044922 -99.56398010253906
v 0 60.53125 -100
v 0 80.26345825195312 -99.82595825195312
v -37.08145523071289 87.65032196044922 -99.56398010253906
v -12.5 87.421142578125 -99.56489562988281
v -100 -49.015625 -12.5
v -100 -49.24571990966797 -37.33634567260742
v -99.82595825195312 -80.26345825195312 0
v -100 -60.53125 0
v -99.56398010253906 -87.65032196044922 -37.08145523071289
v -99.56489562988281 -87.421142578125 -12.5
v -100 -49.24571990966797 37.33634185791016
v -100 -49.015625 12.5
v -99.56489562988281 -87.421142578125 12.5
v -99.56398010253906 -87.65032196044922 37.08145523071289
v -99.56489562988281 -12.5 -87.421142578125
v -99.56398010253906 -37.08145523071289 -87.65031433105469
v -100 0 -60.53125
v -99.82595825195312 0 -80.26345825195312
v -100 -37.33634185791016 -49.24571990966797
v -100 -12.5 -49.015625
v -100 0 -12.5
v -100 0 -37.10625076293945
v -100 -37.10625076293945 0
v -100 -12.5 0
v -100 0 37.10625076293945
v -100 0 12.5
v -100 -37.33634567260742 49.24571990966797
v -100 -12.5 49.015625
v -99.82595825195312 0 80.26345825195312
v -100 0 60.53125
v -99.56398010253906 -37.08145523071289 87.65031433105469
v -99.56489562988281 -12.5 87.421142578125
v -99.56398010253906 37.08145523071289 -87.65031433105469
v -99.56489562988281 12.5 -87.421142578125
v -100 12.5 -49.015625
v -100 37.33634567260742 -49.24571990966797
v -100 49.015625 -12.5
v -100 49.24571990966797 -37.33634185791016
v -100 12.5 0
v -100 37.10625076293945 0
v -100 49.24571990966797 37.33634185791016
v -100 49.015625 12.5
v -100 12.5 49.015625
v -100 37.33634948730469 49.24571990966797
v -99.56489562988281 12.5 87.421142578125
v -99.56398010253906 37.08145523071289 87.65031433105469
v -99.56489562988281 87.421142578125 -12.5
v -99.56398010253906 87.65032196044922 -37.08145523071289
v -100 60.53125 0
v -99.82595825195312 80.26345825195312 0
v -99.56398010253906 87.65032196044922 37.08145523071289
v -99.56489562988281 87.421142578125 12.5
v -12.5 100 49.015625
v -37.33634567260742 100 49.24571990966797
v 0 99.82595825195312 80.26345825195312
v 0 100 60.53125
v -37.08145523071289 99.56398010253906 87.65031433105469
v -12.5 99.56489562988281 87.421142578125
v 37.33634185791016 100 49.24571990966797
v 12.5 100 49.015625
v 12.5 99.56489562988281 87.421142578125
v 37.08145523071289 99.56398010253906 87.65031433105469
v -87.421142578125 99.56489562988281 12.5
v -87.65031433105469 99.56398010253906 37.08145523071289
v -60.53125 100 0
v -80.26345825195312 99.82595825195312 0
v -49.24571990966797 100 37.33634185791016
v -49.015625 100 12.5
v -12.5 100 0
v -37.10625076293945 100 0
v 0 100 37.10625076293945
v 0 100 12.5
v 37.10625076293945 100 0
v 12.5 100 0
v 49.24571990966797 100 37.33634567260742
v 49.015625 100 12.5
v 80.26345825195312 99.82595825195312 0
v 60.53125 100 0
v 87.65031433105469 99.56398010253906 37.08145523071289
v 87.421142578125 99.56489562988281 12.5
v -87.65031433105469 99.56398010253906 -37.08145523071289
v -87.421142578125 99.56489562988281 -12.5
v -49.015625 100 -12.5
v -49.24571990966797 100 -37.33634567260742
v -12.5 100 -49.015625
v -37.33634185791016 100 -49.24571990966797
v 0 100 -12.5
v 0 100 -37.10625076293945
v 37.33634185791016 100 -49.24571990966797
v 12.5 100 -49.015625
v 49.015625 100 -12.5
v 49.24571990966797 100 -37.33634948730469
v 87.421142578125 99.56489562988281 -12.5
v 87.65031433105469 99.56398010253906 -37.08145523071289
v -12.5 99.56489562988281 -87.421142578125
v -37.08145523071289 99.56398010253906 -87.65031433105469
v 0 100 -60.53125
v 0 99.82595825195312 -80.26345825195312
v 37.08145523071289 99.56398010253906 -87.65031433105469
v 12.5 99.56489562988281 -87.421142578125
v -12.5 -100 -49.015625
v -37.33634567260742 -100 -49.24571990966797
v 0 -99.82595825195312 -80.26345825195312
v 0 -100 -60.53125
v -37.08145523071289 -99.56398010253906 -87.65031433105469
v -12.5 -99.56489562988281 -87.421142578125
v 37.33634185791016 -100 -49.24571990966797
v 12.5 -100 -49.015625
v 12.5 -99.56489562988281 -87.421142578125
v 37.08145523071289 -99.56398010253906 -87.65031433105469
v -87.421142578125 -99.56489562988281 -12.5
v -87.65031433105469 -99.56398010253906 -37.08145523071289
v -60.53125 -100 0
v -80.26345825195312 -99.82595825195312 0
v -49.24571990966797 -100 -37.33634185791016
v -49.015625 -100 -12.5
v -12.5 -100 0
v -37.10625076293945 -100 0
v 0 -100 -37.10625076293945
v 0 -100 -12.5
v 37.10625076293945 -100 0
v 12.5 -100 0
v 49.24571990966797 -100 -37.33634567260742
v 49.015625 -100 -12.5
v 80.26345825195312 -99.82595825195312 0
v 60.53125 -100 0
v 87.65031433105469 -99.56398010253906 -37.08145523071289
v 87.421142578125 -99.56489562988281 -12.5
v -87.65031433105469 -99.56398010253906 37.08145523071289
v -87.421142578125 -99.56489562988281 12.5
v -49.015625 -100 12.5
v -49.24571990966797 -100 37.33634567260742
v -12.5 -100 49.015625
v -37.33634185791016 -100 49.24571990966797
v 0 -100 12.5
v 0 -100 37.10625076293945
v 37.33634185791016 -100 49.24571990966797
v 12.5 -100 49.015625
v 49.015625 -100 12.5
v 49.24571990966797 -100 37.33634948730469
v 87.421142578125 -99.56489562988281 12.5
v 87.65031433105469 -99.56398010253906 37.08145523071289
v -12.5 -99.56489562988281 87.421142578125
v -37.08145523071289 -99.56398010253906 87.65031433105469
v 0 -100 60.53125
v 0 -99.82595825195312 80.26345825195312
v 37.08145523071289 -99.56398010253906 87.65031433105469
v 12.5 -99.56489562988281 87.421142578125
v -97.85662841796875 -48.04693603515625 96.28162384033203
v -99.12519073486328 -48.42276000976562 92.29277801513672
v -96.97059631347656 -74.58964538574219 96.97058868408203
v -97.08090209960938 -58.58073043823242 97.08090209960938
v -58.58073043823242 -97.08090209960938 97.08090209960938
v -74.58964538574219 -96.9705810546875 96.9705810546875
v -48.42276000976562 -99.12519073486328 92.29277801513672
v -48.04693603515625 -97.85662841796875 96.28162384033203
v 97.08090209960938 -58.58073043823242 97.08090209960938
v 96.9705810546875 -74.58964538574219 96.9705810546875
v 99.12519073486328 -48.42276000976562 92.29277801513672
v 97.85662841796875 -48.04693603515625 96.28162384033203
v 48.04693603515625 -97.85662841796875 96.28162384033203
v 48.42276000976562 -99.12519073486328 92.29277801513672
v 74.58964538574219 -96.97059631347656 96.97058868408203
v 58.58073043823242 -97.08090209960938 97.08090209960938
v -97.08090209960938 58.58073043823242 97.08090209960938
v -96.9705810546875 74.58964538574219 96.9705810546875
v -99.12519073486328 48.42276000976562 92.29277801513672
v -97.85662841796875 48.04693603515625 96.28162384033203
v -48.04693603515625 97.85662841796875 96.28162384033203
v -48.42276000976562 99.12519073486328 92.29277801513672
v -74.58964538574219 96.97059631347656 96.97058868408203
v -58.58073043823242 97.08090209960938 97.08090209960938
v 58.58073043823242 97.08090209960938 97.08090209960938
v 74.58964538574219 96.9705810546875 96.9705810546875
v 48.42276000976562 99.12519073486328 92.29277801513672
v 48.04693603515625 97.85662841796875 96.28162384033203
v 97.85662841796875 48.04693603515625 96.28162384033203
v 99.12519073486328 48.42276000976562 92.29277801513672
v 96.97059631347656 74.58964538574219 96.97058868408203
v 97.08090209960938 58.58073043823242 97.08090209960938
v 97.08090209960938 -97.08090209960938 58.58073043823242
v 96.9705810546875 -96.9705810546875 74.58964538574219
v 92.29277801513672 -99.12519073486328 48.42276000976562
v 96.28162384033203 -97.85662841796875 48.04693603515625
v 97.08090209960938 -58.58073043823242 -97.08090209960938
v 96.9705810546875 -74.58964538574219 -96.9705810546875
v 92.29277801513672 -48.42276000976562 -99.12519073486328
v 96.28162384033203 -48.04693603515625 -97.85662841796875
v 96.28162384033203 -97.85662841796875 -48.04693603515625
v 92.29277801513672 -99.12519073486328 -48.42276000976562
v 96.97058868408203 -96.97059631347656 -74.58964538574219
v 97.08090209960938 -97.08090209960938 -58.58073043823242
v 96.28162384033203 97.85662841796875 48.04693603515625
v 92.29277801513672 99.12519073486328 48.42276000976562
v 96.97058868408203 96.97059631347656 74.58964538574219
v 97.08090209960938 97.08090209960938 58.58073043823242
v 97.08090209960938 97.08090209960938 -58.58073043823242
v 96.9705810546875 96.9705810546875 -74.58964538574219
v 92.29277801513672 99.12519073486328 -48.42276000976562
v 96.28162384033203 97.85662841796875 -48.04693603515625
v 96.28162384033203 48.04693603515625 -97.85662841796875
v 92.29277801513672 48.42276000976562 -99.12519073486328
v 96.97058868408203 74.58964538574219 -96.97059631347656
v 97.08090209960938 58.58073043823242 -97.08090209960938
v 58.58073043823242 -97.08090209960938 -97.08090209960938
v 74.58964538574219 -96.9705810546875 -96.9705810546875
v 48.42276000976562 -99.12519073486328 -92.29277801513672
v 48.04693603515625 -97.85662841796875 -96.28162384033203
v -97.08090209960938 -58.58073043823242 -97.08090209960938
v -96.9705810546875 -74.58964538574219 -96.9705810546875
v -99.12519073486328 -48.42276000976562 -92.29277801513672
v -97.85662841796875 -48.04693603515625 -96.28162384033203
v -48.04693603515625 -97.85662841796875 -96.28162384033203
v -48.42276000976562 -99.12519073486328 -92.29277801513672
v -74.58964538574219 -96.97059631347656 -96.97058868408203
v -58.58073043823242 -97.08090209960938 -97.08090209960938
v 48.04693603515625 97.85662841796875 -96.28162384033203
v 48.42276000976562 99.12519073486328 -92.29277801513672
v 74.58964538574219 96.97059631347656 -96.97058868408203
v 58.58073043823242 97.08090209960938 -97.08090209960938
v -58.58073043823242 97.08090209960938 -97.08090209960938
v -74.58964538574219 96.9705810546875 -96.9705810546875
v -48.42276000976562 99.12519073486328 -92.29277801513672
v -48.04693603515625 97.85662841796875 -96.28162384033203
v -97.85662841796875 48.04693603515625 -96.28162384033203
v -99.12519073486328 48.42276000976562 -92.29277801513672
v -96.97059631347656 74.58964538574219 -96.97058868408203
v -97.08090209960938 58.58073043823242 -97.08090209960938
v -97.08090209960938 -97.08090209960938 -58.58073043823242
v -96.9705810546875 -96.9705810546875 -74.58964538574219
v -92.29277801513672 -99.12519073486328 -48.42276000976562
v -96.28162384033203 -97.85662841796875 -48.04693603515625
v -96.28162384033203 -97.85662841796875 48.04693603515625
v -92.29277801513672 -99.12519073486328 48.42276000976562
v -96.97058868408203 -96.97059631347656 74.58964538574219
v -97.08090209960938 -97.08090209960938 58.58073043823242
v -96.28162384033203 97.85662841796875 -48.04693603515625
v -92.29277801513672 99.12519073486328 -48.42276000976562
v -96.97058868408203 96.97059631347656 -74.58964538574219
v -97.08090209960938 97.08090209960938 -58.58073043823242
v -97.08090209960938 97.08090209960938 58.58073043823242
v -96.9705810546875 96.9705810546875 74.58964538574219
v -92.29277801513672 99.12519073486328 48.42276000976562
v -96.28162384033203 97.85662841796875 48.04693603515625
v -12.5 -97.10117340087891 97.10117340087891
v -36.71614456176758 -97.09712219238281 97.09711456298828
v 0 -99.12979125976562 92.06729125976562
v 0 -97.86583709716797 96.29083251953125
v 36.71614456176758 -97.09712219238281 97.09712219238281
v 12.5 -97.10117340087891 97.10117340087891
v -97.86583709716797 0 96.29083251953125
v -99.12979125976562 0 92.06729125976562
v -97.09712219238281 -36.71614456176758 97.09712219238281
v -97.10117340087891 -12.5 97.10117340087891
v 97.10117340087891 -12.5 97.10117340087891
v 97.09712219238281 -36.71614456176758 97.09711456298828
v 99.12979125976562 0 92.06729125976562
v 97.86583709716797 0 96.29083251953125
v -97.10117340087891 12.5 97.10117340087891
v -97.09712219238281 36.71614456176758 97.09711456298828
v 97.09712219238281 36.71614456176758 97.09712219238281
v 97.10117340087891 12.5 97.10117340087891
v 0 97.86583709716797 96.29083251953125
v 0 99.12979125976562 92.06729125976562
v -36.71614456176758 97.09712219238281 97.09712219238281
v -12.5 97.10117340087891 97.10117340087891
v 12.5 97.10117340087891 97.10117340087891
v 36.71614456176758 97.09712219238281 97.09711456298828
v 97.10117340087891 -97.10117340087891 12.5
v 97.09711456298828 -97.09712219238281 36.71614456176758
v 92.06729125976562 -99.12979125976562 0
v 96.29083251953125 -97.86583709716797 0
v 97.09712219238281 -97.09712219238281 -36.71614456176758
v 97.10117340087891 -97.10117340087891 -12.5
v 97.10117340087891 -12.5 -97.10117340087891
v 97.09711456298828 -36.71614456176758 -97.09712219238281
v 92.06729125976562 0 -99.12979125976562
v 96.29083251953125 0 -97.86583709716797
v 97.09712219238281 36.71614456176758 -97.09712219238281
v 97.10117340087891 12.5 -97.10117340087891
v 96.29083251953125 97.86583709716797 0
v 92.06729125976562 99.12979125976562 0
v 97.09712219238281 97.09712219238281 36.71614456176758
v 97.10117340087891 97.10117340087891 12.5
v 97.10117340087891 97.10117340087891 -12.5
v 97.09711456298828 97.09712219238281 -36.71614456176758
v 12.5 -97.10117340087891 -97.10117340087891
v 36.71614456176758 -97.09712219238281 -97.09711456298828
v 0 -99.12979125976562 -92.06729125976562
v 0 -97.86583709716797 -96.29083251953125
v -36.71614456176758 -97.09712219238281 -97.09712219238281
v -12.5 -97.10117340087891 -97.10117340087891
v -97.10117340087891 -12.5 -97.10117340087891
v -97.09712219238281 -36.71614456176758 -97.09711456298828
v -99.12979125976562 0 -92.06729125976562
v -97.86583709716797 0 -96.29083251953125
v -97.09712219238281 36.71614456176758 -97.09712219238281
v -97.10117340087891 12.5 -97.10117340087891
v 0 97.86583709716797 -96.29083251953125
v 0 99.12979125976562 -92.06729125976562
v 36.71614456176758 97.09712219238281 -97.09712219238281
v 12.5 97.10117340087891 -97.10117340087891
v -12.5 97.10117340087891 -97.10117340087891
v -36.71614456176758 97.09712219238281 -97.09711456298828
v -97.10117340087891 -97.10117340087891 -12.5
v -97.09711456298828 -97.09712219238281 -36.71614456176758
v -92.06729125976562 -99.12979125976562 0
v -96.29083251953125 -97.86583709716797 0
v -97.09712219238281 -97.09712219238281 36.71614456176758
v -97.10117340087891 -97.10117340087891 12.5
v -96.29083251953125 97.86583709716797 0
v -92.06729125976562 99.12979125976562 0
v -97.09712219238281 97.09712219238281 -36.71614456176758
v -97.10117340087891 97.10117340087891 -12.5
v -97.10117340087891 97.10117340087891 12.5
v -97.09711456298828 97.09712219238281 36.71614456176758
v -92.29278564453125 -48.42276000976562 99.12519073486328
v -96.28163146972656 -48.04693603515625 97.85662841796875
v -48.04693603515625 -96.28162384033203 97.85662841796875
v -48.42276000976562 -92.29277801513672 99.12519073486328
v 96.28162384033203 -48.04693603515625 97.85662841796875
v 92.29277801513672 -48.42276000976562 99.12519073486328
v 48.42276000976562 -92.29278564453125 99.12519073486328
v 48.04693603515625 -96.28163146972656 97.85662841796875
v -96.28162384033203 48.04693603515625 97.85662841796875
v -92.29277801513672 48.42276000976562 99.12519073486328
v -48.42276000976562 92.29278564453125 99.12519073486328
v -48.04693603515625 96.28163146972656 97.85662841796875
v 48.04693603515625 96.28162384033203 97.85662841796875
v 48.42276000976562 92.29277801513672 99.12519073486328
v 92.29278564453125 48.42276000976562 99.12519073486328
v 96.28163146972656 48.04693603515625 97.85662841796875
v 97.85662841796875 -96.28162384033203 48.04693603515625
v 99.12519073486328 -92.29277801513672 48.42276000976562
v 97.85662841796875 -48.04693603515625 -96.28162384033203
v 99.12519073486328 -48.42276000976562 -92.29277801513672
v 99.12519073486328 -92.29278564453125 -48.42276000976562
v 97.85662841796875 -96.28163146972656 -48.04693603515625
v 99.12519073486328 92.29278564453125 48.42276000976562
v 97.85662841796875 96.28163146972656 48.04693603515625
v 97.85662841796875 96.28162384033203 -48.04693603515625
v 99.12519073486328 92.29277801513672 -48.42276000976562
v 99.12519073486328 48.42276000976562 -92.29278564453125
v 97.85662841796875 48.04693603515625 -96.28163146972656
v 48.04693603515625 -96.28162384033203 -97.85662841796875
v 48.42276000976562 -92.29277801513672 -99.12519073486328
v -96.28162384033203 -48.04693603515625 -97.85662841796875
v -92.29277801513672 -48.42276000976562 -99.12519073486328
v -48.42276000976562 -92.29278564453125 -99.12519073486328
v -48.04693603515625 -96.28163146972656 -97.85662841796875
v 48.42276000976562 92.29278564453125 -99.12519073486328
v 48.04693603515625 96.28163146972656 -97.85662841796875
v -48.04693603515625 96.28162384033203 -97.85662841796875
v -48.42276000976562 92.29277801513672 -99.12519073486328
v -92.29278564453125 48.42276000976562 -99.12519073486328
v -96.28163146972656 48.04693603515625 -97.85662841796875
v -97.85662841796875 -96.28162384033203 -48.04693603515625
v -99.12519073486328 -92.29277801513672 -48.42276000976562
v -99.12519073486328 -92.29278564453125 48.42276000976562
v -97.85662841796875 -96.28163146972656 48.04693603515625
v -99.12519073486328 92.29278564453125 -48.42276000976562
v -97.85662841796875 96.28163146972656 -48.04693603515625
v -97.85662841796875 96.28162384033203 48.04693603515625
v -99.12519073486328 92.29277801513672 48.42276000976562
v 0 -96.29084014892578 97.86582946777344
v 0 -92.06729125976562 99.12979125976562
v -92.06729125976562 0 99.12979125976562
v -96.29084014892578 0 97.86583709716797
v 96.29084014892578 0 97.86582946777344
v 92.06729125976562 0 99.12979125976562
v 0 92.06729125976562 99.12979125976562
v 0 96.29084014892578 97.86583709716797
v 97.86582946777344 -96.29084014892578 0
v 99.12979125976562 -92.06729125976562 0
v 97.86582946777344 0 -96.29084014892578
v 99.12979125976562 0 -92.06729125976562
v 99.12979125976562 92.06729125976562 0
v 97.86583709716797 96.29084014892578 0
v 0 -96.29084014892578 -97.86582946777344
v 0 -92.06729125976562 -99.12979125976562
v -96.29084014892578 0 -97.86582946777344
v -92.06729125976562 0 -99.12979125976562
v 0 92.06729125976562 -99.12979125976562
v 0 96.29084014892578 -97.86583709716797
v -97.86582946777344 -96.29084014892578 0
v -99.12979125976562 -92.06729125976562 0
v -99.12979125976562 92.06729125976562 0
v -97.86583709716797 96.29084014892578 0
v -62.83221054077148 -62.83220672607422 100
v -63.34989929199219 -74.11445617675781 99.95603179931641
v -62.1418342590332 -82.56257629394531 99.82411956787109
v -72.52785491943359 -84.48542785644531 99.72450256347656
v -79.11572265625 -87.49507904052734 99.42787170410156
v -82.39814758300781 -85.23552703857422 99.37980651855469
v -86.074951171875 -86.074951171875 99.10030364990234
v -85.23551940917969 -82.39814758300781 99.37980651855469
v -87.49507141113281 -79.11572265625 99.42787170410156
v -84.48542785644531 -72.52785491943359 99.72450256347656
v -82.56257629394531 -62.1418342590332 99.82411956787109
v -74.11446380615234 -63.34990310668945 99.95603179931641
v 62.83220672607422 -62.83221054077148 100
v 74.11445617675781 -63.34989929199219 99.95603179931641
v 82.56257629394531 -62.1418342590332 99.82411956787109
v 84.48542785644531 -72.52785491943359 99.72450256347656
v 87.49507904052734 -79.11572265625 99.42787170410156
v 85.23552703857422 -82.39814758300781 99.37980651855469
v 86.074951171875 -86.074951171875 99.10030364990234
v 82.39814758300781 -85.23551940917969 99.37980651855469
v 79.11572265625 -87.49507141113281 99.42787170410156
v 72.52785491943359 -84.48542785644531 99.72450256347656
v 62.1418342590332 -82.56257629394531 99.82411956787109
v 63.34990310668945 -74.11446380615234 99.95603179931641
v -87.49507904052734 79.11572265625 99.42787170410156
v -85.23552703857422 82.39814758300781 99.37980651855469
v -86.074951171875 86.074951171875 99.10030364990234
v -82.39814758300781 85.23551940917969 99.37980651855469
v -79.11572265625 87.49507141113281 99.42787170410156
v -72.52785491943359 84.48542785644531 99.72450256347656
v -62.1418342590332 82.56257629394531 99.82411956787109
v -63.34989929199219 74.11446380615234 99.95603179931641
v -62.83220672607422 62.83221054077148 100
v -74.11445617675781 63.34989929199219 99.95603179931641
v -82.56257629394531 62.1418342590332 99.82411956787109
v -84.48542785644531 72.52785491943359 99.72450256347656
v 62.1418342590332 82.56257629394531 99.82411956787109
v 72.52785491943359 84.48542785644531 99.72450256347656
v 79.11572265625 87.49507904052734 99.42787170410156
v 82.39814758300781 85.23552703857422 99.37980651855469
v 86.074951171875 86.074951171875 99.10030364990234
v 85.23551940917969 82.39814758300781 99.37980651855469
v 87.49507141113281 79.11572265625 99.42787170410156
v 84.48542785644531 72.52785491943359 99.72450256347656
v 82.56257629394531 62.1418342590332 99.82411956787109
v 74.11445617675781 63.34989929199219 99.95603179931641
v 62.83220672607422 62.83220672607422 100
v 63.34990310668945 74.11445617675781 99.95603179931641
v 100 -62.83220672607422 62.83221054077148
v 99.95603179931641 -74.11445617675781 63.34989929199219
v 99.82411956787109 -82.56257629394531 62.1418342590332
v 99.72450256347656 -84.48542785644531 72.52785491943359
v 99.42787170410156 -87.49507904052734 79.11572265625
v 99.37980651855469 -85.23552703857422 82.39814758300781
v 99.10030364990234 -86.074951171875 86.074951171875
v 99.37980651855469 -82.39814758300781 85.23551940917969
v 99.42787170410156 -79.11572265625 87.49507141113281
v 99.72450256347656 -72.52785491943359 84.48542785644531
v 99.82411956787109 -62.1418342590332 82.56257629394531
v 99.95603179931641 -63.34990310668945 74.11446380615234
v 100 -62.83221054077148 -62.83220672607422
v 99.95603179931641 -63.34989929199219 -74.11445617675781
v 99.82411956787109 -62.1418342590332 -82.56257629394531
v 99.72450256347656 -72.52785491943359 -84.48542785644531
v 99.42787170410156 -79.11572265625 -87.49507904052734
v 99.37980651855469 -82.39814758300781 -85.23552703857422
v 99.10030364990234 -86.074951171875 -86.074951171875
v 99.37980651855469 -85.23551940917969 -82.39814758300781
v 99.42787170410156 -87.49507141113281 -79.11572265625
v 99.72450256347656 -84.48542785644531 -72.52785491943359
v 99.82411956787109 -82.56257629394531 -62.1418342590332
v 99.95603179931641 -74.11446380615234 -63.34990310668945
v 99.42787170410156 79.11572265625 87.49507904052734
v 99.37980651855469 82.39814758300781 85.23552703857422
v 99.10030364990234 86.074951171875 86.074951171875
v 99.37980651855469 85.23551940917969 82.39814758300781
v 99.42787170410156 87.49507141113281 79.11572265625
v 99.72450256347656 84.48542785644531 72.52785491943359
v 99.82411956787109 82.56257629394531 62.1418342590332
v 99.95603179931641 74.11446380615234 63.34989929199219
v 100 62.83221054077148 62.83220672607422
v 99.95603179931641 63.34989929199219 74.11445617675781
v 99.82411956787109 62.1418342590332 82.56257629394531
v 99.72450256347656 72.52785491943359 84.48542785644531
v 99.82411956787109 82.56257629394531 -62.1418342590332
v 99.72450256347656 84.48542785644531 -72.52785491943359
v 99.42787170410156 87.49507904052734 -79.11572265625
v 99.37980651855469 85.23552703857422 -82.39814758300781
v 99.10030364990234 86.074951171875 -86.074951171875
v 99.37980651855469 82.39814758300781 -85.23551940917969
v 99.42787170410156 79.11572265625 -87.49507141113281
v 99.72450256347656 72.52785491943359 -84.48542785644531
v 99.82411956787109 62.1418342590332 -82.56257629394531
v 99.95603179931641 63.34989929199219 -74.11445617675781
v 100 62.83220672607422 -62.83220672607422
v 99.95603179931641 74.11445617675781 -63.34990310668945
v 62.83221054077148 -62.83220672607422 -100
v 63.34989929199219 -74.11445617675781 -99.95603179931641
v 62.1418342590332 -82.56257629394531 -99.82411956787109
v 72.52785491943359 -84.48542785644531 -99.72450256347656
v 79.11572265625 -87.49507904052734 -99.42787170410156
v 82.39814758300781 -85.23552703857422 -99.37980651855469
v 86.074951171875 -86.074951171875 -99.10030364990234
v 85.23551940917969 -82.39814758300781 -99.37980651855469
v 87.49507141113281 -79.11572265625 -99.42787170410156
v 84.48542785644531 -72.52785491943359 -99.72450256347656
v 82.56257629394531 -62.1418342590332 -99.82411956787109
v 74.11446380615234 -63.34990310668945 -99.95603179931641
v -62.83220672607422 -62.83221054077148 -100
v -74.11445617675781 -63.34989929199219 -99.95603179931641
v -82.56257629394531 -62.1418342590332 -99.82411956787109
v -84.48542785644531 -72.52785491943359 -99.72450256347656
v -87.49507904052734 -79.11572265625 -99.42787170410156
v -85.23552703857422 -82.39814758300781 -99.37980651855469
v -86.074951171875 -86.074951171875 -99.10030364990234
v -82.39814758300781 -85.23551940917969 -99.37980651855469
v -79.11572265625 -87.49507141113281 -99.42787170410156
v -72.52785491943359 -84.48542785644531 -99.72450256347656
v -62.1418342590332 -82.56257629394531 -99.82411956787109
v -63.34990310668945 -74.11446380615234 -99.95603179931641
v 87.49507904052734 79.11572265625 -99.42787170410156
v 85.23552703857422 82.39814758300781 -99.37980651855469
v 86.074951171875 86.074951171875 -99.10030364990234
v 82.39814758300781 85.23551940917969 -99.37980651855469
v 79.11572265625 87.49507141113281 -99.42787170410156
v 72.52785491943359 84.48542785644531 -99.72450256347656
v 62.1418342590332 82.56257629394531 -99.82411956787109
v 63.34989929199219 74.11446380615234 -99.95603179931641
v 62.83220672607422 62.83221054077148 -100
v 74.11445617675781 63.34989929199219 -99.95603179931641
v 82.56257629394531 62.1418342590332 -99.82411956787109
v 84.48542785644531 72.52785491943359 -99.72450256347656
v -62.1418342590332 82.56257629394531 -99.82411956787109
v -72.52785491943359 84.48542785644531 -99.72450256347656
v -79.11572265625 87.49507904052734 -99.42787170410156
v -82.39814758300781 85.23552703857422 -99.37980651855469
v -86.074951171875 86.074951171875 -99.10030364990234
v -85.23551940917969 82.39814758300781 -99.37980651855469
v -87.49507141113281 79.11572265625 -99.42787170410156
v -84.48542785644531 72.52785491943359 -99.72450256347656
v -82.56257629394531 62.1418342590332 -99.82411956787109
v -74.11445617675781 63.34989929199219 -99.95603179931641
v -62.83220672607422 62.83220672607422 -100
v -63.34990310668945 74.11445617675781 -99.95603179931641
v -100 -62.83220672607422 -62.83221054077148
v -99.95603179931641 -74.11445617675781 -63.34989929199219
v -99.82411956787109 -82.56257629394531 -62.1418342590332
v -99.72450256347656 -84.48542785644531 -72.52785491943359
v -99.42787170410156 -87.49507904052734 -79.11572265625
v -99.37980651855469 -85.23552703857422 -82.39814758300781
v -99.10030364990234 -86.074951171875 -86.074951171875
v -99.37980651855469 -82.39814758300781 -85.23551940917969
v -99.42787170410156 -79.11572265625 -87.49507141113281
v -99.72450256347656 -72.52785491943359 -84.48542785644531
v -99.82411956787109 -62.1418342590332 -82.56257629394531
v -99.95603179931641 -63.34990310668945 -74.11446380615234
v -100 -62.83221054077148 62.83220672607422
v -99.95603179931641 -63.34989929199219 74.11445617675781
v -99.82411956787109 -62.1418342590332 82.56257629394531
v -99.72450256347656 -72.52785491943359 84.48542785644531
v -99.42787170410156 -79.11572265625 87.49507904052734
v -99.37980651855469 -82.39814758300781 85.23552703857422
v -99.10030364990234 -86.074951171875 86.074951171875
v -99.37980651855469 -85.23551940917969 82.39814758300781
v -99.42787170410156 -87.49507141113281 79.11572265625
v -99.72450256347656 -84.48542785644531 72.52785491943359
v -99.82411956787109 -82.56257629394531 62.1418342590332
v -99.95603179931641 -74.11446380615234 63.34990310668945
v -99.42787170410156 79.11572265625 -87.49507904052734
v -99.37980651855469 82.39814758300781 -85.23552703857422
v -99.10030364990234 86.074951171875 -86.074951171875
v -99.37980651855469 85.23551940917969 -82.39814758300781
v -99.42787170410156 87.49507141113281 -79.11572265625
v -99.72450256347656 84.48542785644531 -72.52785491943359
v -99.82411956787109 82.56257629394531 -62.1418342590332
v -99.95603179931641 74.11446380615234 -63.34989929199219
v -100 62.83221054077148 -62.83220672607422
v -99.95603179931641 63.34989929199219 -74.11445617675781
v -99.82411956787109 62.1418342590332 -82.56257629394531
v -99.72450256347656 72.52785491943359 -84.48542785644531
v -99.82411956787109 82.56257629394531 62.1418342590332
v -99.72450256347656 84.48542785644531 72.52785491943359
v -99.42787170410156 87.49507904052734 79.11572265625
v -99.37980651855469 85.23552703857422 82.39814758300781
v -99.10030364990234 86.074951171875 86.074951171875
v -99.37980651855469 82.39814758300781 85.23551940917969
v -99.42787170410156 79.11572265625 87.49507141113281
v -99.72450256347656 72.52785491943359 84.48542785644531
v -99.82411956787109 62.1418342590332 82.56257629394531
v -99.95603179931641 63.34989929199219 74.11445617675781
v -100 62.83220672607422 62.83220672607422
v -99.95603179931641 74.11445617675781 63.34990310668945
v -62.83221054077148 100 62.83220672607422
v -63.34989929199219 99.95603179931641 74.11445617675781
v -62.1418342590332 99.82411956787109 82.56257629394531
v -72.52785491943359 99.72450256347656 84.48542785644531
v -79.11572265625 99.42787170410156 87.49507904052734
v -82.39814758300781 99.37980651855469 85.23552703857422
v -86.074951171875 99.10030364990234 86.074951171875
v -85.23551940917969 99.37980651855469 82.39814758300781
v -87.49507141113281 99.42787170410156 79.11572265625
v -84.48542785644531 99.72450256347656 72.52785491943359
v -82.56257629394531 99.82411956787109 62.1418342590332
v -74.11446380615234 99.95603179931641 63.34990310668945
v 62.83220672607422 100 62.83221054077148
v 74.11445617675781 99.95603179931641 63.34989929199219
v 82.56257629394531 99.82411956787109 62.1418342590332
v 84.48542785644531 99.72450256347656 72.52785491943359
v 87.49507904052734 99.42787170410156 79.11572265625
v 85.23552703857422 99.37980651855469 82.39814758300781
v 86.074951171875 99.10030364990234 86.074951171875
v 82.39814758300781 99.37980651855469 85.23551940917969
v 79.11572265625 99.42787170410156 87.49507141113281
v 72.52785491943359 99.72450256347656 84.48542785644531
v 62.1418342590332 99.82411956787109 82.56257629394531
v 63.34990310668945 99.95603179931641 74.11446380615234
v -87.49507904052734 99.42787170410156 -79.11572265625
v -85.23552703857422 99.37980651855469 -82.39814758300781
v -86.074951171875 99.10030364990234 -86.074951171875
v -82.39814758300781 99.37980651855469 -85.23551940917969
v -79.11572265625 99.42787170410156 -87.49507141113281
v -72.52785491943359 99.72450256347656 -84.48542785644531
v -62.1418342590332 99.82411956787109 -82.56257629394531
v -63.34989929199219 99.95603179931641 -74.11446380615234
v -62.83220672607422 100 -62.83221054077148
v -74.11445617675781 99.95603179931641 -63.34989929199219
v -82.56257629394531 99.82411956787109 -62.1418342590332
v -84.48542785644531 99.72450256347656 -72.52785491943359
v 62.1418342590332 99.82411956787109 -82.56257629394531
v 72.52785491943359 99.72450256347656 -84.48542785644531
v 79.11572265625 99.42787170410156 -87.49507904052734
v 82.39814758300781 99.37980651855469 -85.23552703857422
v 86.074951171875 99.10030364990234 -86.074951171875
v 85.23551940917969 99.37980651855469 -82.39814758300781
v 87.49507141113281 99.42787170410156 -79.11572265625
v 84.48542785644531 99.72450256347656 -72.52785491943359
v 82.56257629394531 99.82411956787109 -62.1418342590332
v 74.11445617675781 99.95603179931641 -63.34989929199219
v 62.83220672607422 100 -62.83220672607422
v 63.34990310668945 99.95603179931641 -74.11445617675781
v -62.83221054077148 -100 -62.83220672607422
v -63.34989929199219 -99.95603179931641 -74.11445617675781
v -62.1418342590332 -99.82411956787109 -82.56257629394531
v -72.52785491943359 -99.72450256347656 -84.48542785644531
v -79.11572265625 -99.42787170410156 -87.49507904052734
v -82.39814758300781 -99.37980651855469 -85.23552703857422
v -86.074951171875 -99.10030364990234 -86.074951171875
v -85.23551940917969 -99.37980651855469 -82.39814758300781
v -87.49507141113281 -99.42787170410156 -79.11572265625
v -84.48542785644531 -99.72450256347656 -72.52785491943359
v -82.56257629394531 -99.82411956787109 -62.1418342590332
v -74.11446380615234 -99.95603179931641 -63.34990310668945
v 62.83220672607422 -100 -62.83221054077148
v 74.11445617675781 -99.95603179931641 -63.34989929199219
v 82.56257629394531 -99.82411956787109 -62.1418342590332
v 84.48542785644531 -99.72450256347656 -72.52785491943359
v 87.49507904052734 -99.42787170410156 -79.11572265625
v 85.23552703857422 -99.37980651855469 -82.39814758300781
v 86.074951171875 -99.10030364990234 -86.074951171875
v 82.39814758300781 -99.37980651855469 -85.23551940917969
v 79.11572265625 -99.42787170410156 -87.49507141113281
v 72.52785491943359 -99.72450256347656 -84.48542785644531
v 62.1418342590332 -99.82411956787109 -82.56257629394531
v 63.34990310668945 -99.95603179931641 -74.11446380615234
v -87.49507904052734 -99.42787170410156 79.11572265625
v -85.23552703857422 -99.37980651855469 82.39814758300781
v -86.074951171875 -99.10030364990234 86.074951171875
v -82.39814758300781 -99.37980651855469 85.23551940917969
v -79.11572265625 -99.42787170410156 87.49507141113281
v -72.52785491943359 -99.72450256347656 84.48542785644531
v -62.1418342590332 -99.82411956787109 82.56257629394531
v -63.34989929199219 -99.95603179931641 74.11446380615234
v -62.83220672607422 -100 62.83221054077148
v -74.11445617675781 -99.95603179931641 63.34989929199219
v -82.56257629394531 -99.82411956787109 62.1418342590332
v -84.48542785644531 -99.72450256347656 72.52785491943359
v 62.1418342590332 -99.82411956787109 82.56257629394531
v 72.52785491943359 -99.72450256347656 84.48542785644531
v 79.11572265625 -99.42787170410156 87.49507904052734
v 82.39814758300781 -99.37980651855469 85.23552703857422
v 86.074951171875 -99.10030364990234 86.074951171875
v 85.23551940917969 -99.37980651855469 82.39814758300781
v 87.49507141113281 -99.42787170410156 79.11572265625
v 84.48542785644531 -99.72450256347656 72.52785491943359
v 82.56257629394531 -99.82411956787109 62.1418342590332
v 74.11445617675781 -99.95603179931641 63.34989929199219
v 62.83220672607422 -100 62.83220672607422
v 63.34990310668945 -99.95603179931641 74.11445617675781
v -97.45433044433594 -89.87210083007812 92.14002990722656
v -97.59912109375 -87.90705871582031 92.78494262695312
v -97.98677062988281 -85.23194122314453 93.40383911132812
v -97.11424255371094 -85.65159606933594 95.37789154052734
v -96.58859252929688 -84.05571746826172 96.58858489990234
v -95.37789154052734 -85.65159606933594 97.11424255371094
v -93.40383911132812 -85.23194122314453 97.98677062988281
v -92.78494262695312 -87.90705871582031 97.59912109375
v -92.14002990722656 -89.87210083007812 97.45433044433594
v -93.8916015625 -91.18382263183594 96.15641784667969
v -94.76415252685547 -92.30252838134766 94.76416015625
v -96.15641021728516 -91.18382263183594 93.8916015625
v -89.87210083007812 97.45433044433594 92.14002990722656
v -87.90705871582031 97.59912109375 92.78494262695312
v -85.23194122314453 97.98677062988281 93.40383911132812
v -85.65159606933594 97.11424255371094 95.37789154052734
v -84.05571746826172 96.58859252929688 96.58858489990234
v -85.65159606933594 95.37789154052734 97.11424255371094
v -85.23194122314453 93.40383911132812 97.98677062988281
v -87.90705871582031 92.78494262695312 97.59912109375
v -89.87210083007812 92.14002990722656 97.45433044433594
v -91.18382263183594 93.8916015625 96.15641784667969
v -92.30252838134766 94.76415252685547 94.76416015625
v -91.18382263183594 96.15641021728516 93.8916015625
v 89.87210083007812 -97.45433044433594 92.14002990722656
v 87.90705871582031 -97.59912109375 92.78494262695312
v 85.23194122314453 -97.98677062988281 93.40383911132812
v 85.65159606933594 -97.11424255371094 95.37789154052734
v 84.05571746826172 -96.58859252929688 96.58858489990234
v 85.65159606933594 -95.37789154052734 97.11424255371094
v 85.23194122314453 -93.40383911132812 97.98677062988281
v 87.90705871582031 -92.78494262695312 97.59912109375
v 89.87210083007812 -92.14002990722656 97.45433044433594
v 91.18382263183594 -93.8916015625 96.15641784667969
v 92.30252838134766 -94.76415252685547 94.76416015625
v 91.18382263183594 -96.15641021728516 93.8916015625
v 97.45433044433594 89.87210083007812 92.14002990722656
v 97.59912109375 87.90705871582031 92.78494262695312
v 97.98677062988281 85.23194122314453 93.40383911132812
v 97.11424255371094 85.65159606933594 95.37789154052734
v 96.58859252929688 84.05571746826172 96.58858489990234
v 95.37789154052734 85.65159606933594 97.11424255371094
v 93.40383911132812 85.23194122314453 97.98677062988281
v 92.78494262695312 87.90705871582031 97.59912109375
v 92.14002990722656 89.87210083007812 97.45433044433594
v 93.8916015625 91.18382263183594 96.15641784667969
v 94.76415252685547 92.30252838134766 94.76416015625
v 96.15641021728516 91.18382263183594 93.8916015625
v 92.14002990722656 -97.45433044433594 -89.87210083007812
v 92.78494262695312 -97.59912109375 -87.90705871582031
v 93.40383911132812 -97.98677062988281 -85.23194122314453
v 95.37789154052734 -97.11424255371094 -85.65159606933594
v 96.58858489990234 -96.58859252929688 -84.05571746826172
v 97.11424255371094 -95.37789154052734 -85.65159606933594
v 97.98677062988281 -93.40383911132812 -85.23194122314453
v 97.59912109375 -92.78494262695312 -87.90705871582031
v 97.45433044433594 -92.14002990722656 -89.87210083007812
v 96.15641784667969 -93.8916015625 -91.18382263183594
v 94.76416015625 -94.76415252685547 -92.30252838134766
v 93.8916015625 -96.15641021728516 -91.18382263183594
v 92.14002990722656 89.87210083007812 -97.45433044433594
v 92.78494262695312 87.90705871582031 -97.59912109375
v 93.40383911132812 85.23194122314453 -97.98677062988281
v 95.37789154052734 85.65159606933594 -97.11424255371094
v 96.58858489990234 84.05571746826172 -96.58859252929688
v 97.11424255371094 85.65159606933594 -95.37789154052734
v 97.98677062988281 85.23194122314453 -93.40383911132812
v 97.59912109375 87.90705871582031 -92.78494262695312
v 97.45433044433594 89.87210083007812 -92.14002990722656
v 96.15641784667969 91.18382263183594 -93.8916015625
v 94.76416015625 92.30252838134766 -94.76415252685547
v 93.8916015625 91.18382263183594 -96.15641021728516
v -89.87210083007812 -97.45433044433594 -92.14002990722656
v -87.90705871582031 -97.59912109375 -92.78494262695312
v -85.23194122314453 -97.98677062988281 -93.40383911132812
v -85.65159606933594 -97.11424255371094 -95.37789154052734
v -84.05571746826172 -96.58859252929688 -96.58858489990234
v -85.65159606933594 -95.37789154052734 -97.11424255371094
v -85.23194122314453 -93.40383911132812 -97.98677062988281
v -87.90705871582031 -92.78494262695312 -97.59912109375
v -89.87210083007812 -92.14002990722656 -97.45433044433594
v -91.18382263183594 -93.8916015625 -96.15641784667969
v -92.30252838134766 -94.76415252685547 -94.76416015625
v -91.18382263183594 -96.15641021728516 -93.8916015625
v -97.45433044433594 89.87210083007812 -92.14002990722656
v -97.59912109375 87.90705871582031 -92.78494262695312
v -97.98677062988281 85.23194122314453 -93.40383911132812
v -97.11424255371094 85.65159606933594 -95.37789154052734
v -96.58859252929688 84.05571746826172 -96.58858489990234
v -95.37789154052734 85.65159606933594 -97.11424255371094
v -93.40383911132812 85.23194122314453 -97.98677062988281
v -92.78494262695312 87.90705871582031 -97.59912109375
v -92.14002990722656 89.87210083007812 -97.45433044433594
v -93.8916015625 91.18382263183594 -96.15641784667969
v -94.76415252685547 92.30252838134766 -94.76416015625
v -96.15641021728516 91.18382263183594 -93.8916015625
v -89.87210083007812 -92.14002990722656 97.45433044433594
v -87.90705871582031 -92.78494262695312 97.59912109375
v -85.23194122314453 -93.40383911132812 97.98677062988281
v -85.65159606933594 -95.37789154052734 97.11424255371094
v -84.05571746826172 -96.58858489990234 96.58858489990234
v -85.65159606933594 -97.11424255371094 95.37789154052734
v -85.23194122314453 -97.98677062988281 93.40383911132812
v -87.90705871582031 -97.59912109375 92.78494262695312
v -89.87210083007812 -97.45433044433594 92.14002990722656
v -91.18382263183594 -96.15641784667969 93.8916015625
v -92.30252838134766 -94.76416015625 94.76415252685547
v -91.18382263183594 -93.8916015625 96.15641021728516
v -92.14002990722656 -97.45433044433594 89.87210083007812
v -92.78494262695312 -97.59912109375 87.90705871582031
v -93.40383911132812 -97.98677062988281 85.23194122314453
v -95.37789154052734 -97.11424255371094 85.65159606933594
v -96.58858489990234 -96.58859252929688 84.05571746826172
v -97.11424255371094 -95.37789154052734 85.65159606933594
v -97.98677062988281 -93.40383911132812 85.23194122314453
v -97.59912109375 -92.78494262695312 87.90705871582031
v -97.45433044433594 -92.14002990722656 89.87210083007812
v -96.15641784667969 -93.8916015625 91.18382263183594
v -94.76416015625 -94.76415252685547 92.30252838134766
v -93.8916015625 -96.15641021728516 91.18382263183594
v -89.87210083007812 92.14002990722656 -97.45433044433594
v -87.90705871582031 92.78494262695312 -97.59912109375
v -85.23194122314453 93.40383911132812 -97.98677062988281
v -85.65159606933594 95.37789154052734 -97.11424255371094
v -84.05571746826172 96.58858489990234 -96.58858489990234
v -85.65159606933594 97.11424255371094 -95.37789154052734
v -85.23194122314453 97.98677062988281 -93.40383911132812
v -87.90705871582031 97.59912109375 -92.78494262695312
v -89.87210083007812 97.45433044433594 -92.14002990722656
v -91.18382263183594 96.15641784667969 -93.8916015625
v -92.30252838134766 94.76416015625 -94.76415252685547
v -91.18382263183594 93.8916015625 -96.15641021728516
v -92.14002990722656 97.45433044433594 -89.87210083007812
v -92.78494262695312 97.59912109375 -87.90705871582031
v -93.40383911132812 97.98677062988281 -85.23194122314453
v -95.37789154052734 97.11424255371094 -85.65159606933594
v -96.58858489990234 96.58859252929688 -84.05571746826172
v -97.11424255371094 95.37789154052734 -85.65159606933594
v -97.98677062988281 93.40383911132812 -85.23194122314453
v -97.59912109375 92.78494262695312 -87.90705871582031
v -97.45433044433594 92.14002990722656 -89.87210083007812
v -96.15641784667969 93.8916015625 -91.18382263183594
v -94.76416015625 94.76415252685547 -92.30252838134766
v -93.8916015625 96.15641021728516 -91.18382263183594
v -92.14002990722656 89.87210083007812 97.45433044433594
v -92.78494262695312 87.90705871582031 97.59912109375
v -93.40383911132812 85.23194122314453 97.98677062988281
v -95.37789154052734 85.65159606933594 97.11424255371094
v -96.58858489990234 84.05571746826172 96.58858489990234
v -97.11424255371094 85.65159606933594 95.37789154052734
v -97.98677062988281 85.23194122314453 93.40383911132812
v -97.59912109375 87.90705871582031 92.78494262695312
v -97.45433044433594 89.87210083007812 92.14002990722656
v -96.15641784667969 91.18382263183594 93.8916015625
v -94.76416015625 92.30252838134766 94.76415252685547
v -93.8916015625 91.18382263183594 96.15641021728516
v -97.45433044433594 92.14002990722656 89.87210083007812
v -97.59912109375 92.78494262695312 87.90705871582031
v -97.98677062988281 93.40383911132812 85.23194122314453
v -97.11424255371094 95.37789154052734 85.65159606933594
v -96.58858489990234 96.58858489990234 84.05571746826172
v -95.37789154052734 97.11424255371094 85.65159606933594
v -93.40383911132812 97.98677062988281 85.23194122314453
v -92.78494262695312 97.59912109375 87.90705871582031
v -92.14002990722656 97.45433044433594 89.87210083007812
v -93.8916015625 96.15641784667969 91.18382263183594
v -94.76415252685547 94.76416015625 92.30252838134766
v -96.15641021728516 93.8916015625 91.18382263183594
v 92.14002990722656 -89.87210083007812 97.45433044433594
v 92.78494262695312 -87.90705871582031 97.59912109375
v 93.40383911132812 -85.23194122314453 97.98677062988281
v 95.37789154052734 -85.65159606933594 97.11424255371094
v 96.58858489990234 -84.05571746826172 96.58858489990234
v 97.11424255371094 -85.65159606933594 95.37789154052734
v 97.98677062988281 -85.23194122314453 93.40383911132812
v 97.59912109375 -87.90705871582031 92.78494262695312
v 97.45433044433594 -89.87210083007812 92.14002990722656
v 96.15641784667969 -91.18382263183594 93.8916015625
v 94.76416015625 -92.30252838134766 94.76415252685547
v 93.8916015625 -91.18382263183594 96.15641021728516
v 97.45433044433594 -92.14002990722656 89.87210083007812
v 97.59912109375 -92.78494262695312 87.90705871582031
v 97.98677062988281 -93.40383911132812 85.23194122314453
v 97.11424255371094 -95.37789154052734 85.65159606933594
v 96.58858489990234 -96.58858489990234 84.05571746826172
v 95.37789154052734 -97.11424255371094 85.65159606933594
v 93.40383911132812 -97.98677062988281 85.23194122314453
v 92.78494262695312 -97.59912109375 87.90705871582031
v 92.14002990722656 -97.45433044433594 89.87210083007812
v 93.8916015625 -96.15641784667969 91.18382263183594
v 94.76415252685547 -94.76416015625 92.30252838134766
v 96.15641021728516 -93.8916015625 91.18382263183594
v 89.87210083007812 92.14002990722656 97.45433044433594
v 87.90705871582031 92.78494262695312 97.59912109375
v 85.23194122314453 93.40383911132812 97.98677062988281
v 85.65159606933594 95.37789154052734 97.11424255371094
v 84.05571746826172 96.58858489990234 96.58858489990234
v 85.65159606933594 97.11424255371094 95.37789154052734
v 85.23194122314453 97.98677062988281 93.40383911132812
v 87.90705871582031 97.59912109375 92.78494262695312
v 89.87210083007812 97.45433044433594 92.14002990722656
v 91.18382263183594 96.15641784667969 93.8916015625
v 92.30252838134766 94.76416015625 94.76415252685547
v 91.18382263183594 93.8916015625 96.15641021728516
v 92.14002990722656 97.45433044433594 89.87210083007812
v 92.78494262695312 97.59912109375 87.90705871582031
v 93.40383911132812 97.98677062988281 85.23194122314453
v 95.37789154052734 97.11424255371094 85.65159606933594
v 96.58858489990234 96.58859252929688 84.05571746826172
v 97.11424255371094 95.37789154052734 85.65159606933594
v 97.98677062988281 93.40383911132812 85.23194122314453
v 97.59912109375 92.78494262695312 87.90705871582031
v 97.45433044433594 92.14002990722656 89.87210083007812
v 96.15641784667969 93.8916015625 91.18382263183594
v 94.76416015625 94.76415252685547 92.30252838134766
v 93.8916015625 96.15641021728516 91.18382263183594
v 97.45433044433594 -89.87210083007812 -92.14002990722656
v 97.59912109375 -87.90705871582031 -92.78494262695312
v 97.98677062988281 -85.23194122314453 -93.40383911132812
v 97.11424255371094 -85.65159606933594 -95.37789154052734
v 96.58858489990234 -84.05571746826172 -96.58858489990234
v 95.37789154052734 -85.65159606933594 -97.11424255371094
v 93.40383911132812 -85.23194122314453 -97.98677062988281
v 92.78494262695312 -87.90705871582031 -97.59912109375
v 92.14002990722656 -89.87210083007812 -97.45433044433594
v 93.8916015625 -91.18382263183594 -96.15641784667969
v 94.76415252685547 -92.30252838134766 -94.76416015625
v 96.15641021728516 -91.18382263183594 -93.8916015625
v 89.87210083007812 -92.14002990722656 -97.45433044433594
v 87.90705871582031 -92.78494262695312 -97.59912109375
v 85.23194122314453 -93.40383911132812 -97.98677062988281
v 85.65159606933594 -95.37789154052734 -97.11424255371094
v 84.05571746826172 -96.58858489990234 -96.58858489990234
v 85.65159606933594 -97.11424255371094 -95.37789154052734
v 85.23194122314453 -97.98677062988281 -93.40383911132812
v 87.90705871582031 -97.59912109375 -92.78494262695312
v 89.87210083007812 -97.45433044433594 -92.14002990722656
v 91.18382263183594 -96.15641784667969 -93.8916015625
v 92.30252838134766 -94.76416015625 -94.76415252685547
v 91.18382263183594 -93.8916015625 -96.15641021728516
v 97.45433044433594 92.14002990722656 -89.87210083007812
v 97.59912109375 92.78494262695312 -87.90705871582031
v 97.98677062988281 93.40383911132812 -85.23194122314453
v 97.11424255371094 95.37789154052734 -85.65159606933594
v 96.58858489990234 96.58858489990234 -84.05571746826172
v 95.37789154052734 97.11424255371094 -85.65159606933594
v 93.40383911132812 97.98677062988281 -85.23194122314453
v 92.78494262695312 97.59912109375 -87.90705871582031
v 92.14002990722656 97.45433044433594 -89.87210083007812
v 93.8916015625 96.15641784667969 -91.18382263183594
v 94.76415252685547 94.76416015625 -92.30252838134766
v 96.15641021728516 93.8916015625 -91.18382263183594
v 89.87210083007812 97.45433044433594 -92.14002990722656
v 87.90705871582031 97.59912109375 -92.78494262695312
v 85.23194122314453 97.98677062988281 -93.40383911132812
v 85.65159606933594 97.11424255371094 -95.37789154052734
v 84.05571746826172 96.58859252929688 -96.58858489990234
v 85.65159606933594 95.37789154052734 -97.11424255371094
v 85.23194122314453 93.40383911132812 -97.98677062988281
v 87.90705871582031 92.78494262695312 -97.59912109375
v 89.87210083007812 92.14002990722656 -97.45433044433594
v 91.18382263183594 93.8916015625 -96.15641784667969
v 92.30252838134766 94.76415252685547 -94.76416015625
v 91.18382263183594 96.15641021728516 -93.8916015625
v -92.14002990722656 -89.87210083007812 -97.45433044433594
v -92.78494262695312 -87.90705871582031 -97.59912109375
v -93.40383911132812 -85.23194122314453 -97.98677062988281
v -95.37789154052734 -85.65159606933594 -97.11424255371094
v -96.58858489990234 -84.05571746826172 -96.58858489990234
v -97.11424255371094 -85.65159606933594 -95.37789154052734
v -97.98677062988281 -85.23194122314453 -93.40383911132812
v -97.59912109375 -87.90705871582031 -92.78494262695312
v -97.45433044433594 -89.87210083007812 -92.14002990722656
v -96.15641784667969 -91.18382263183594 -93.8916015625
v -94.76416015625 -92.30252838134766 -94.76415252685547
v -93.8916015625 -91.18382263183594 -96.15641021728516
v -97.45433044433594 -92.14002990722656 -89.87210083007812
v -97.59912109375 -92.78494262695312 -87.90705871582031
v -97.98677062988281 -93.40383911132812 -85.23194122314453
v -97.11424255371094 -95.37789154052734 -85.65159606933594
v -96.58858489990234 -96.58858489990234 -84.05571746826172
v -95.37789154052734 -97.11424255371094 -85.65159606933594
v -93.40383911132812 -97.98677062988281 -85.23194122314453
v -92.78494262695312 -97.59912109375 -87.90705871582031
v -92.14002990722656 -97.45433044433594 -89.87210083007812
v -93.8916015625 -96.15641784667969 -91.18382263183594
v -94.76415252685547 -94.76416015625 -92.30252838134766
v -96.15641021728516 -93.8916015625 -91.18382263183594
v -37.56644058227539 -60.99143981933594 100
v -25.01660919189453 -60.64629364013672 100
v -12.5 -60.53125 100
v -12.5 -71.12368011474609 99.95648956298828
v -12.5 -80.26345825195312 99.82595825195312
v -24.98209190368652 -80.37841033935547 99.82586669921875
v -37.42836761474609 -80.72328186035156 99.82559204101562
v -37.66998291015625 -71.72183227539062 99.95639801025391
v 12.5 -60.53125 100
v 25.01660919189453 -60.64629364013672 100
v 37.56644058227539 -60.99143981933594 100
v 37.66998291015625 -71.72183227539062 99.95639801025391
v 37.42836761474609 -80.72328186035156 99.82559204101562
v 24.98209190368652 -80.37841033935547 99.82586669921875
v 12.5 -80.26345825195312 99.82595825195312
v 12.5 -71.12367248535156 99.95648956298828
v -80.26345825195312 -12.5 99.82595825195312
v -71.12368011474609 -12.5 99.95648956298828
v -60.53125 -12.5 100
v -60.64629364013672 -25.01660919189453 100
v -60.99143981933594 -37.56644058227539 100
v -71.72183227539062 -37.66998291015625 99.95639801025391
v -80.72328186035156 -37.42836761474609 99.82559204101562
v -80.37841796875 -24.98209190368652 99.82586669921875
v -37.10625076293945 -12.5 100
v -24.90156173706055 -12.5 100
v -12.5 -12.5 100
v -12.5 -24.90156173706055 100
v -12.5 -37.10625076293945 100
v -24.9245719909668 -37.12925720214844 100
v -37.19828796386719 -37.19828796386719 100
v -37.12925720214844 -24.9245719909668 100
v 12.5 -12.5 100
v 24.90156173706055 -12.5 100
v 37.10625076293945 -12.5 100
v 37.12925720214844 -24.9245719909668 100
v 37.19828796386719 -37.19828796386719 100
v 24.9245719909668 -37.12925720214844 100
v 12.5 -37.10625076293945 100
v 12.5 -24.90156173706055 100
v 60.53125 -12.5 100
v 71.12368011474609 -12.5 99.95648956298828
v 80.26345825195312 -12.5 99.82595825195312
v 80.37841033935547 -24.98209190368652 99.82586669921875
v 80.72328186035156 -37.42836761474609 99.82559204101562
v 71.72183227539062 -37.66998291015625 99.95639801025391
v 60.99143981933594 -37.56644058227539 100
v 60.64629745483398 -25.01660919189453 100
v -80.72328186035156 37.42836761474609 99.82559204101562
v -71.72183227539062 37.66998291015625 99.95639801025391
v -60.99143981933594 37.56644058227539 100
v -60.64629364013672 25.01660919189453 100
v -60.53125 12.5 100
v -71.12368011474609 12.5 99.95648956298828
v -80.26345825195312 12.5 99.82595825195312
v -80.37841796875 24.98209190368652 99.82586669921875
v -37.19828796386719 37.19828796386719 100
v -24.9245719909668 37.12925720214844 100
v -12.5 37.10625076293945 100
v -12.5 24.90156173706055 100
v -12.5 12.5 100
v -24.90156173706055 12.5 100
v -37.10625076293945 12.5 100
v -37.12925720214844 24.9245719909668 100
v 12.5 37.10625076293945 100
v 24.9245719909668 37.12925720214844 100
v 37.19828796386719 37.19828796386719 100
v 37.12925720214844 24.9245719909668 100
v 37.10625076293945 12.5 100
v 24.90156173706055 12.5 100
v 12.5 12.5 100
v 12.5 24.90156173706055 100
v 60.99143981933594 37.56644439697266 100
v 71.72183227539062 37.66998291015625 99.95639801025391
v 80.72328186035156 37.42836761474609 99.82559204101562
v 80.37841033935547 24.98209190368652 99.82586669921875
v 80.26345825195312 12.5 99.82595825195312
v 71.12368011474609 12.5 99.95648956298828
v 60.53125 12.5 100
v 60.64629745483398 25.01661109924316 100
v -37.42836761474609 80.72328186035156 99.82559204101562
v -24.98209190368652 80.37841033935547 99.82586669921875
v -12.5 80.26345825195312 99.82595825195312
v -12.5 71.12368011474609 99.95648956298828
v -12.5 60.53125 100
v -25.01660919189453 60.64629364013672 100
v -37.56644058227539 60.99143981933594 100
v -37.66998291015625 71.72183227539062 99.95639801025391
v 12.5 80.26345825195312 99.82595825195312
v 24.98209190368652 80.37841033935547 99.82586669921875
v 37.42836761474609 80.72328186035156 99.82559204101562
v 37.66998291015625 71.72183227539062 99.95639801025391
v 37.56644058227539 60.9914436340332 100
v 25.01660919189453 60.64629364013672 100
v 12.5 60.53125 100
v 12.5 71.12367248535156 99.95648956298828
v 100 -60.99143981933594 37.56644058227539
v 100 -60.64629364013672 25.01660919189453
v 100 -60.53125 12.5
v 99.95648956298828 -71.12368011474609 12.5
v 99.82595825195312 -80.26345825195312 12.5
v 99.82586669921875 -80.37841033935547 24.98209190368652
v 99.82559204101562 -80.72328186035156 37.42836761474609
v 99.95639801025391 -71.72183227539062 37.66998291015625
v 100 -60.53125 -12.5
v 100 -60.64629364013672 -25.01660919189453
v 100 -60.99143981933594 -37.56644058227539
v 99.95639801025391 -71.72183227539062 -37.66998291015625
v 99.82559204101562 -80.72328186035156 -37.42836761474609
v 99.82586669921875 -80.37841033935547 -24.98209190368652
v 99.82595825195312 -80.26345825195312 -12.5
v 99.95648956298828 -71.12367248535156 -12.5
v 99.82595825195312 -12.5 80.26345825195312
v 99.95648956298828 -12.5 71.12368011474609
v 100 -12.5 60.53125
v 100 -25.01660919189453 60.64629364013672
v 100 -37.56644058227539 60.99143981933594
v 99.95639801025391 -37.66998291015625 71.72183227539062
v 99.82559204101562 -37.42836761474609 80.72328186035156
v 99.82586669921875 -24.98209190368652 80.37841796875
v 100 -12.5 37.10625076293945
v 100 -12.5 24.90156173706055
v 100 -12.5 12.5
v 100 -24.90156173706055 12.5
v 100 -37.10625076293945 12.5
v 100 -37.12925720214844 24.9245719909668
v 100 -37.19828796386719 37.19828796386719
v 100 -24.9245719909668 37.12925720214844
v 100 -12.5 -12.5
v 100 -12.5 -24.90156173706055
v 100 -12.5 -37.10625076293945
v 100 -24.9245719909668 -37.12925720214844
v 100 -37.19828796386719 -37.19828796386719
v 100 -37.12925720214844 -24.9245719909668
v 100 -37.10625076293945 -12.5
v 100 -24.90156173706055 -12.5
v 100 -12.5 -60.53125
v 99.95648956298828 -12.5 -71.12368011474609
v 99.82595825195312 -12.5 -80.26345825195312
v 99.82586669921875 -24.98209190368652 -80.37841033935547
v 99.82559204101562 -37.42836761474609 -80.72328186035156
v 99.95639801025391 -37.66998291015625 -71.72183227539062
v 100 -37.56644058227539 -60.99143981933594
v 100 -25.01660919189453 -60.64629745483398
v 99.82559204101562 37.42836761474609 80.72328186035156
v 99.95639801025391 37.66998291015625 71.72183227539062
v 100 37.56644058227539 60.99143981933594
v 100 25.01660919189453 60.64629364013672
v 100 12.5 60.53125
v 99.95648956298828 12.5 71.12368011474609
v 99.82595825195312 12.5 80.26345825195312
v 99.82586669921875 24.98209190368652 80.37841796875
v 100 37.19828796386719 37.19828796386719
v 100 37.12925720214844 24.9245719909668
v 100 37.10625076293945 12.5
v 100 24.90156173706055 12.5
v 100 12.5 12.5
v 100 12.5 24.90156173706055
v 100 12.5 37.10625076293945
v 100 24.9245719909668 37.12925720214844
v 100 37.10625076293945 -12.5
v 100 37.12925720214844 -24.9245719909668
v 100 37.19828796386719 -37.19828796386719
v 100 24.9245719909668 -37.12925720214844
v 100 12.5 -37.10625076293945
v 100 12.5 -24.90156173706055
v 100 12.5 -12.5
v 100 24.90156173706055 -12.5
v 100 37.56644439697266 -60.99143981933594
v 99.95639801025391 37.66998291015625 -71.72183227539062
v 99.82559204101562 37.42836761474609 -80.72328186035156
v 99.82586669921875 24.98209190368652 -80.37841033935547
v 99.82595825195312 12.5 -80.26345825195312
v 99.95648956298828 12.5 -71.12368011474609
v 100 12.5 -60.53125
v 100 25.01661109924316 -60.64629745483398
v 99.82559204101562 80.72328186035156 37.42836761474609
v 99.82586669921875 80.37841033935547 24.98209190368652
v 99.82595825195312 80.26345825195312 12.5
v 99.95648956298828 71.12368011474609 12.5
v 100 60.53125 12.5
v 100 60.64629364013672 25.01660919189453
v 100 60.99143981933594 37.56644058227539
v 99.95639801025391 71.72183227539062 37.66998291015625
v 99.82595825195312 80.26345825195312 -12.5
v 99.82586669921875 80.37841033935547 -24.98209190368652
v 99.82559204101562 80.72328186035156 -37.42836761474609
v 99.95639801025391 71.72183227539062 -37.66998291015625
v 100 60.9914436340332 -37.56644058227539
v 100 60.64629364013672 -25.01660919189453
v 100 60.53125 -12.5
v 99.95648956298828 71.12367248535156 -12.5
v 37.56644058227539 -60.99143981933594 -100
v 25.01660919189453 -60.64629364013672 -100
v 12.5 -60.53125 -100
v 12.5 -71.12368011474609 -99.95648956298828
v 12.5 -80.26345825195312 -99.82595825195312
v 24.98209190368652 -80.37841033935547 -99.82586669921875
v 37.42836761474609 -80.72328186035156 -99.82559204101562
v 37.66998291015625 -71.72183227539062 -99.95639801025391
v -12.5 -60.53125 -100
v -25.01660919189453 -60.64629364013672 -100
v -37.56644058227539 -60.99143981933594 -100
v -37.66998291015625 -71.72183227539062 -99.95639801025391
v -37.42836761474609 -80.72328186035156 -99.82559204101562
v -24.98209190368652 -80.37841033935547 -99.82586669921875
v -12.5 -80.26345825195312 -99.82595825195312
v -12.5 -71.12367248535156 -99.95648956298828
v 80.26345825195312 -12.5 -99.82595825195312
v 71.12368011474609 -12.5 -99.95648956298828
v 60.53125 -12.5 -100
v 60.64629364013672 -25.01660919189453 -100
v 60.99143981933594 -37.56644058227539 -100
v 71.72183227539062 -37.66998291015625 -99.95639801025391
v 80.72328186035156 -37.42836761474609 -99.82559204101562
v 80.37841796875 -24.98209190368652 -99.82586669921875
v 37.10625076293945 -12.5 -100
v 24.90156173706055 -12.5 -100
v 12.5 -12.5 -100
v 12.5 -24.90156173706055 -100
v 12.5 -37.10625076293945 -100
v 24.9245719909668 -37.12925720214844 -100
v 37.19828796386719 -37.19828796386719 -100
v 37.12925720214844 -24.9245719909668 -100
v -12.5 -12.5 -100
v -24.90156173706055 -12.5 -100
v -37.10625076293945 -12.5 -100
v -37.12925720214844 -24.9245719909668 -100
v -37.19828796386719 -37.19828796386719 -100
v -24.9245719909668 -37.12925720214844 -100
v -12.5 -37.10625076293945 -100
v -12.5 -24.90156173706055 -100
v -60.53125 -12.5 -100
v -71.12368011474609 -12.5 -99.95648956298828
v -80.26345825195312 -12.5 -99.82595825195312
v -80.37841033935547 -24.98209190368652 -99.82586669921875
v -80.72328186035156 -37.42836761474609 -99.82559204101562
v -71.72183227539062 -37.66998291015625 -99.95639801025391
v -60.99143981933594 -37.56644058227539 -100
v -60.64629745483398 -25.01660919189453 -100
v 80.72328186035156 37.42836761474609 -99.82559204101562
v 71.72183227539062 37.66998291015625 -99.95639801025391
v 60.99143981933594 37.56644058227539 -100
v 60.64629364013672 25.01660919189453 -100
v 60.53125 12.5 -100
v 71.12368011474609 12.5 -99.95648956298828
v 80.26345825195312 12.5 -99.82595825195312
v 80.37841796875 24.98209190368652 -99.82586669921875
v 37.19828796386719 37.19828796386719 -100
v 24.9245719909668 37.12925720214844 -100
v 12.5 37.10625076293945 -100
v 12.5 24.90156173706055 -100
v 12.5 12.5 -100
v 24.90156173706055 12.5 -100
v 37.10625076293945 12.5 -100
v 37.12925720214844 24.9245719909668 -100
v -12.5 37.10625076293945 -100
v -24.9245719909668 37.12925720214844 -100
v -37.19828796386719 37.19828796386719 -100
v -37.12925720214844 24.9245719909668 -100
v -37.10625076293945 12.5 -100
v -24.90156173706055 12.5 -100
v -12.5 12.5 -100
v -12.5 24.90156173706055 -100
v -60.99143981933594 37.56644439697266 -100
v -71.72183227539062 37.66998291015625 -99.95639801025391
v -80.72328186035156 37.42836761474609 -99.82559204101562
v -80.37841033935547 24.98209190368652 -99.82586669921875
v -80.26345825195312 12.5 -99.82595825195312
v -71.12368011474609 12.5 -99.95648956298828
v -60.53125 12.5 -100
v -60.64629745483398 25.01661109924316 -100
v 37.42836761474609 80.72328186035156 -99.82559204101562
v 24.98209190368652 80.37841033935547 -99.82586669921875
v 12.5 80.26345825195312 -99.82595825195312
v 12.5 71.12368011474609 -99.95648956298828
v 12.5 60.53125 -100
v 25.01660919189453 60.64629364013672 -100
v 37.56644058227539 60.99143981933594 -100
v 37.66998291015625 71.72183227539062 -99.95639801025391
v -12.5 80.26345825195312 -99.82595825195312
v -24.98209190368652 80.37841033935547 -99.82586669921875
v -37.42836761474609 80.72328186035156 -99.82559204101562
v -37.66998291015625 71.72183227539062 -99.95639801025391
v -37.56644058227539 60.9914436340332 -100
v -25.01660919189453 60.64629364013672 -100
v -12.5 60.53125 -100
v -12.5 71.12367248535156 -99.95648956298828
v -100 -60.99143981933594 -37.56644058227539
v -100 -60.64629364013672 -25.01660919189453
v -100 -60.53125 -12.5
v -99.95648956298828 -71.12368011474609 -12.5
v -99.82595825195312 -80.26345825195312 -12.5
v -99.82586669921875 -80.37841033935547 -24.98209190368652
v -99.82559204101562 -80.72328186035156 -37.42836761474609
v -99.95639801025391 -71.72183227539062 -37.66998291015625
v -100 -60.53125 12.5
v -100 -60.64629364013672 25.01660919189453
v -100 -60.99143981933594 37.56644058227539
v -99.95639801025391 -71.72183227539062 37.66998291015625
v -99.82559204101562 -80.72328186035156 37.42836761474609
v -99.82586669921875 -80.37841033935547 24.98209190368652
v -99.82595825195312 -80.26345825195312 12.5
v -99.95648956298828 -71.12367248535156 12.5
v -99.82595825195312 -12.5 -80.26345825195312
v -99.95648956298828 -12.5 -71.12368011474609
v -100 -12.5 -60.53125
v -100 -25.01660919189453 -60.64629364013672
v -100 -37.56644058227539 -60.99143981933594
v -99.95639801025391 -37.66998291015625 -71.72183227539062
v -99.82559204101562 -37.42836761474609 -80.72328186035156
v -99.82586669921875 -24.98209190368652 -80.37841796875
v -100 -12.5 -37.10625076293945
v -100 -12.5 -24.90156173706055
v -100 -12.5 -12.5
v -100 -24.90156173706055 -12.5
v -100 -37.10625076293945 -12.5
v -100 -37.12925720214844 -24.9245719909668
v -100 -37.19828796386719 -37.19828796386719
v -100 -24.9245719909668 -37.12925720214844
v -100 -12.5 12.5
v -100 -12.5 24.90156173706055
v -100 -12.5 37.10625076293945
v -100 -24.9245719909668 37.12925720214844
v -100 -37.19828796386719 37.19828796386719
v -100 -37.12925720214844 24.9245719909668
v -100 -37.10625076293945 12.5
v -100 -24.90156173706055 12.5
v -100 -12.5 60.53125
v -99.95648956298828 -12.5 71.12368011474609
v -99.82595825195312 -12.5 80.26345825195312
v -99.82586669921875 -24.98209190368652 80.37841033935547
v -99.82559204101562 -37.42836761474609 80.72328186035156
v -99.95639801025391 -37.66998291015625 71.72183227539062
v -100 -37.56644058227539 60.99143981933594
v -100 -25.01660919189453 60.64629745483398
v -99.82559204101562 37.42836761474609 -80.72328186035156
v -99.95639801025391 37.66998291015625 -71.72183227539062
v -100 37.56644058227539 -60.99143981933594
v -100 25.01660919189453 -60.64629364013672
v -100 12.5 -60.53125
v -99.95648956298828 12.5 -71.12368011474609
v -99.82595825195312 12.5 -80.26345825195312
v -99.82586669921875 24.98209190368652 -80.37841796875
v -100 37.19828796386719 -37.19828796386719
v -100 37.12925720214844 -24.9245719909668
v -100 37.10625076293945 -12.5
v -100 24.90156173706055 -12.5
v -100 12.5 -12.5
v -100 12.5 -24.90156173706055
v -100 12.5 -37.10625076293945
v -100 24.9245719909668 -37.12925720214844
v -100 37.10625076293945 12.5
v -100 37.12925720214844 24.9245719909668
v -100 37.19828796386719 37.19828796386719
v -100 24.9245719909668 37.12925720214844
v -100 12.5 37.10625076293945
v -100 12.5 24.90156173706055
v -100 12.5 12.5
v -100 24.90156173706055 12.5
v -100 37.56644439697266 60.99143981933594
v -99.95639801025391 37.66998291015625 71.72183227539062
v -99.82559204101562 37.42836761474609 80.72328186035156
v -99.82586669921875 24.98209190368652 80.37841033935547
v -99.82595825195312 12.5 80.26345825195312
v -99.95648956298828 12.5 71.12368011474609
v -100 12.5 60.53125
v -100 25.01661109924316 60.64629745483398
v -99.82559204101562 80.72328186035156 -37.42836761474609
v -99.82586669921875 80.37841033935547 -24.98209190368652
v -99.82595825195312 80.26345825195312 -12.5
v -99.95648956298828 71.12368011474609 -12.5
v -100 60.53125 -12.5
v -100 60.64629364013672 -25.01660919189453
v -100 60.99143981933594 -37.56644058227539
v -99.95639801025391 71.72183227539062 -37.66998291015625
v -99.82595825195312 80.26345825195312 12.5
v -99.82586669921875 80.37841033935547 24.98209190368652
v -99.82559204101562 80.72328186035156 37.42836761474609
v -99.95639801025391 71.72183227539062 37.66998291015625
v -100 60.9914436340332 37.56644058227539
v -100 60.64629364013672 25.01660919189453
v -100 60.53125 12.5
v -99.95648956298828 71.12367248535156 12.5
v -37.56644058227539 100 60.99143981933594
v -25.01660919189453 100 60.64629364013672
v -12.5 100 60.53125
v -12.5 99.95648956298828 71.12368011474609
v -12.5 99.82595825195312 80.26345825195312
v -24.98209190368652 99.82586669921875 80.37841033935547
v -37.42836761474609 99.82559204101562 80.72328186035156
v -37.66998291015625 99.95639801025391 71.72183227539062
v 12.5 100 60.53125
v 25.01660919189453 100 60.64629364013672
v 37.56644058227539 100 60.99143981933594
v 37.66998291015625 99.95639801025391 71.72183227539062
v 37.42836761474609 99.82559204101562 80.72328186035156
v 24.98209190368652 99.82586669921875 80.37841033935547
v 12.5 99.82595825195312 80.26345825195312
v 12.5 99.95648956298828 71.12367248535156
v -80.26345825195312 99.82595825195312 12.5
v -71.12368011474609 99.95648956298828 12.5
v -60.53125 100 12.5
v -60.64629364013672 100 25.01660919189453
v -60.99143981933594 100 37.56644058227539
v -71.72183227539062 99.95639801025391 37.66998291015625
v -80.72328186035156 99.82559204101562 37.42836761474609
v -80.37841796875 99.82586669921875 24.98209190368652
v -37.10625076293945 100 12.5
v -24.90156173706055 100 12.5
v -12.5 100 12.5
v -12.5 100 24.90156173706055
v -12.5 100 37.10625076293945
v -24.9245719909668 100 37.12925720214844
v -37.19828796386719 100 37.19828796386719
v -37.12925720214844 100 24.9245719909668
v 12.5 100 12.5
v 24.90156173706055 100 12.5
v 37.10625076293945 100 12.5
v 37.12925720214844 100 24.9245719909668
v 37.19828796386719 100 37.19828796386719
v 24.9245719909668 100 37.12925720214844
v 12.5 100 37.10625076293945
v 12.5 100 24.90156173706055
v 60.53125 100 12.5
v 71.12368011474609 99.95648956298828 12.5
v 80.26345825195312 99.82595825195312 12.5
v 80.37841033935547 99.82586669921875 24.98209190368652
v 80.72328186035156 99.82559204101562 37.42836761474609
v 71.72183227539062 99.95639801025391 37.66998291015625
v 60.99143981933594 100 37.56644058227539
v 60.64629745483398 100 25.01660919189453
v -80.72328186035156 99.82559204101562 -37.42836761474609
v -71.72183227539062 99.95639801025391 -37.66998291015625
v -60.99143981933594 100 -37.56644058227539
v -60.64629364013672 100 -25.01660919189453
v -60.53125 100 -12.5
v -71.12368011474609 99.95648956298828 -12.5
v -80.26345825195312 99.82595825195312 -12.5
v -80.37841796875 99.82586669921875 -24.98209190368652
v -37.19828796386719 100 -37.19828796386719
v -24.9245719909668 100 -37.12925720214844
v -12.5 100 -37.10625076293945
v -12.5 100 -24.90156173706055
v -12.5 100 -12.5
v -24.90156173706055 100 -12.5
v -37.10625076293945 100 -12.5
v -37.12925720214844 100 -24.9245719909668
v 12.5 100 -37.10625076293945
v 24.9245719909668 100 -37.12925720214844
v 37.19828796386719 100 -37.19828796386719
v 37.12925720214844 100 -24.9245719909668
v 37.10625076293945 100 -12.5
v 24.90156173706055 100 -12.5
v 12.5 100 -12.5
v 12.5 100 -24.90156173706055
v 60.99143981933594 100 -37.56644439697266
v 71.72183227539062 99.95639801025391 -37.66998291015625
v 80.72328186035156 99.82559204101562 -37.42836761474609
v 80.37841033935547 99.82586669921875 -24.98209190368652
v 80.26345825195312 99.82595825195312 -12.5
v 71.12368011474609 99.95648956298828 -12.5
v 60.53125 100 -12.5
v 60.64629745483398 100 -25.01661109924316
v -37.42836761474609 99.82559204101562 -80.72328186035156
v -24.98209190368652 99.82586669921875 -80.37841033935547
v -12.5 99.82595825195312 -80.26345825195312
v -12.5 99.95648956298828 -71.12368011474609
v -12.5 100 -60.53125
v -25.01660919189453 100 -60.64629364013672
v -37.56644058227539 100 -60.99143981933594
v -37.66998291015625 99.95639801025391 -71.72183227539062
v 12.5 99.82595825195312 -80.26345825195312
v 24.98209190368652 99.82586669921875 -80.37841033935547
v 37.42836761474609 99.82559204101562 -80.72328186035156
v 37.66998291015625 99.95639801025391 -71.72183227539062
v 37.56644058227539 100 -60.9914436340332
v 25.01660919189453 100 -60.64629364013672
v 12.5 100 -60.53125
v 12.5 99.95648956298828 -71.12367248535156
v -37.56644058227539 -100 -60.99143981933594
v -25.01660919189453 -100 -60.64629364013672
v -12.5 -100 -60.53125
v -12.5 -99.95648956298828 -71.12368011474609
v -12.5 -99.82595825195312 -80.26345825195312
v -24.98209190368652 -99.82586669921875 -80.37841033935547
v -37.42836761474609 -99.82559204101562 -80.72328186035156
v -37.66998291015625 -99.95639801025391 -71.72183227539062
v 12.5 -100 -60.53125
v 25.01660919189453 -100 -60.64629364013672
v 37.56644058227539 -100 -60.99143981933594
v 37.66998291015625 -99.95639801025391 -71.72183227539062
v 37.42836761474609 -99.82559204101562 -80.72328186035156
v 24.98209190368652 -99.82586669921875 -80.37841033935547
v 12.5 -99.82595825195312 -80.26345825195312
v 12.5 -99.95648956298828 -71.12367248535156
v -80.26345825195312 -99.82595825195312 -12.5
v -71.12368011474609 -99.95648956298828 -12.5
v -60.53125 -100 -12.5
v -60.64629364013672 -100 -25.01660919189453
v -60.99143981933594 -100 -37.56644058227539
v -71.72183227539062 -99.95639801025391 -37.66998291015625
v -80.72328186035156 -99.82559204101562 -37.42836761474609
v -80.37841796875 -99.82586669921875 -24.98209190368652
v -37.10625076293945 -100 -12.5
v -24.90156173706055 -100 -12.5
v -12.5 -100 -12.5
v -12.5 -100 -24.90156173706055
v -12.5 -100 -37.10625076293945
v -24.9245719909668 -100 -37.12925720214844
v -37.19828796386719 -100 -37.19828796386719
v -37.12925720214844 -100 -24.9245719909668
v 12.5 -100 -12.5
v 24.90156173706055 -100 -12.5
v 37.10625076293945 -100 -12.5
v 37.12925720214844 -100 -24.9245719909668
v 37.19828796386719 -100 -37.19828796386719
v 24.9245719909668 -100 -37.12925720214844
v 12.5 -100 -37.10625076293945
v 12.5 -100 -24.90156173706055
v 60.53125 -100 -12.5
v 71.12368011474609 -99.95648956298828 -12.5
v 80.26345825195312 -99.82595825195312 -12.5
v 80.37841033935547 -99.82586669921875 -24.98209190368652
v 80.72328186035156 -99.82559204101562 -37.42836761474609
v 71.72183227539062 -99.95639801025391 -37.66998291015625
v 60.99143981933594 -100 -37.56644058227539
v 60.64629745483398 -100 -25.01660919189453
v -80.72328186035156 -99.82559204101562 37.42836761474609
v -71.72183227539062 -99.95639801025391 37.66998291015625
v -60.99143981933594 -100 37.56644058227539
v -60.64629364013672 -100 25.01660919189453
v -60.53125 -100 12.5
v -71.12368011474609 -99.95648956298828 12.5
v -80.26345825195312 -99.82595825195312 12.5
v -80.37841796875 -99.82586669921875 24.98209190368652
v -37.19828796386719 -100 37.19828796386719
v -24.9245719909668 -100 37.12925720214844
v -12.5 -100 37.10625076293945
v -12.5 -100 24.90156173706055
v -12.5 -100 12.5
v -24.90156173706055 -100 12.5
v -37.10625076293945 -100 12.5
v -37.12925720214844 -100 24.9245719909668
v 12.5 -100 37.10625076293945
v 24.9245719909668 -100 37.12925720214844
v 37.19828796386719 -100 37.19828796386719
v 37.12925720214844 -100 24.9245719909668
v 37.10625076293945 -100 12.5
v 24.90156173706055 -100 12.5
v 12.5 -100 12.5
v 12.5 -100 24.90156173706055
v 60.99143981933594 -100 37.56644439697266
v 71.72183227539062 -99.95639801025391 37.66998291015625
v 80.72328186035156 -99.82559204101562 37.42836761474609
v 80.37841033935547 -99.82586669921875 24.98209190368652
v 80.26345825195312 -99.82595825195312 12.5
v 71.12368011474609 -99.95648956298828 12.5
v 60.53125 -100 12.5
v 60.64629745483398 -100 25.01661109924316
v -37.42836761474609 -99.82559204101562 80.72328186035156
v -24.98209190368652 -99.82586669921875 80.37841033935547
v -12.5 -99.82595825195312 80.26345825195312
v -12.5 -99.95648956298828 71.12368011474609
v -12.5 -100 60.53125
v -25.01660919189453 -100 60.64629364013672
v -37.56644058227539 -100 60.99143981933594
v -37.66998291015625 -99.95639801025391 71.72183227539062
v 12.5 -99.82595825195312 80.26345825195312
v 24.98209190368652 -99.82586669921875 80.37841033935547
v 37.42836761474609 -99.82559204101562 80.72328186035156
v 37.66998291015625 -99.95639801025391 71.72183227539062
v 37.56644058227539 -100 60.9914436340332
v 25.01660919189453 -100 60.64629364013672
v 12.5 -100 60.53125
v 12.5 -99.95648956298828 71.12367248535156
v -99.12059020996094 -59.34552001953125 92.51827239990234
v -98.53846740722656 -58.79492568969727 94.91913604736328
v -97.847412109375 -58.5938720703125 96.27241516113281
v -97.78677368164062 -67.79885101318359 96.26100158691406
v -97.62698364257812 -75.10113525390625 96.24885559082031
v -98.23347473144531 -75.85667419433594 95.15926361083984
v -98.80546569824219 -76.07730865478516 93.3992919921875
v -99.03904724121094 -68.83212280273438 92.87382507324219
v -76.07731628417969 -98.80546569824219 93.3992919921875
v -75.85667419433594 -98.23347473144531 95.15926361083984
v -75.10113525390625 -97.62698364257812 96.24885559082031
v -67.79885101318359 -97.78677368164062 96.26100158691406
v -58.5938720703125 -97.847412109375 96.27241516113281
v -58.79492568969727 -98.53846740722656 94.91913604736328
v -59.34552001953125 -99.12059020996094 92.51826477050781
v -68.83212280273438 -99.03904724121094 92.87381744384766
v 98.80546569824219 -76.07731628417969 93.3992919921875
v 98.23347473144531 -75.85667419433594 95.15926361083984
v 97.62698364257812 -75.10113525390625 96.24885559082031
v 97.78677368164062 -67.79885101318359 96.26100158691406
v 97.847412109375 -58.5938720703125 96.27241516113281
v 98.53846740722656 -58.79492568969727 94.91913604736328
v 99.12059020996094 -59.34552001953125 92.51826477050781
v 99.03904724121094 -68.83212280273438 92.87381744384766
v 59.34552001953125 -99.12059020996094 92.51827239990234
v 58.79492568969727 -98.53846740722656 94.91913604736328
v 58.5938720703125 -97.847412109375 96.27241516113281
v 67.79885101318359 -97.78677368164062 96.26100158691406
v 75.10113525390625 -97.62698364257812 96.24885559082031
v 75.85667419433594 -98.23347473144531 95.15926361083984
v 76.07730865478516 -98.80546569824219 93.3992919921875
v 68.83212280273438 -99.03904724121094 92.87382507324219
v -98.80546569824219 76.07731628417969 93.3992919921875
v -98.23347473144531 75.85667419433594 95.15926361083984
v -97.62698364257812 75.10113525390625 96.24885559082031
v -97.78677368164062 67.79885101318359 96.26100158691406
v -97.847412109375 58.5938720703125 96.27241516113281
v -98.53846740722656 58.79492568969727 94.91913604736328
v -99.12059020996094 59.34552001953125 92.51826477050781
v -99.03904724121094 68.83212280273438 92.87381744384766
v -59.34552001953125 99.12059020996094 92.51827239990234
v -58.79492568969727 98.53846740722656 94.91913604736328
v -58.5938720703125 97.847412109375 96.27241516113281
v -67.79885101318359 97.78677368164062 96.26100158691406
v -75.10113525390625 97.62698364257812 96.24885559082031
v -75.85667419433594 98.23347473144531 95.15926361083984
v -76.07730865478516 98.80546569824219 93.3992919921875
v -68.83212280273438 99.03904724121094 92.87382507324219
v 76.07731628417969 98.80546569824219 93.3992919921875
v 75.85667419433594 98.23347473144531 95.15926361083984
v 75.10113525390625 97.62698364257812 96.24885559082031
v 67.79885101318359 97.78677368164062 96.26100158691406
v 58.5938720703125 97.847412109375 96.27241516113281
v 58.79492568969727 98.53846740722656 94.91913604736328
v 59.34552001953125 99.12059020996094 92.51826477050781
v 68.83212280273438 99.03904724121094 92.87381744384766
v 99.12059020996094 59.34552001953125 92.51827239990234
v 98.53846740722656 58.79492568969727 94.91913604736328
v 97.847412109375 58.5938720703125 96.27241516113281
v 97.78677368164062 67.79885101318359 96.26100158691406
v 97.62698364257812 75.10113525390625 96.24885559082031
v 98.23347473144531 75.85667419433594 95.15926361083984
v 98.80546569824219 76.07730865478516 93.3992919921875
v 99.03904724121094 68.83212280273438 92.87382507324219
v 93.3992919921875 -98.80546569824219 76.07731628417969
v 95.15926361083984 -98.23347473144531 75.85667419433594
v 96.24885559082031 -97.62698364257812 75.10113525390625
v 96.26100158691406 -97.78677368164062 67.79885101318359
v 96.27241516113281 -97.847412109375 58.5938720703125
v 94.91913604736328 -98.53846740722656 58.79492568969727
v 92.51826477050781 -99.12059020996094 59.34552001953125
v 92.87381744384766 -99.03904724121094 68.83212280273438
v 93.3992919921875 -76.07731628417969 -98.80546569824219
v 95.15926361083984 -75.85667419433594 -98.23347473144531
v 96.24885559082031 -75.10113525390625 -97.62698364257812
v 96.26100158691406 -67.79885101318359 -97.78677368164062
v 96.27241516113281 -58.5938720703125 -97.847412109375
v 94.91913604736328 -58.79492568969727 -98.53846740722656
v 92.51826477050781 -59.34552001953125 -99.12059020996094
v 92.87381744384766 -68.83212280273438 -99.03904724121094
v 92.51827239990234 -99.12059020996094 -59.34552001953125
v 94.91913604736328 -98.53846740722656 -58.79492568969727
v 96.27241516113281 -97.847412109375 -58.5938720703125
v 96.26100158691406 -97.78677368164062 -67.79885101318359
v 96.24885559082031 -97.62698364257812 -75.10113525390625
v 95.15926361083984 -98.23347473144531 -75.85667419433594
v 93.3992919921875 -98.80546569824219 -76.07730865478516
v 92.87382507324219 -99.03904724121094 -68.83212280273438
v 92.51827239990234 99.12059020996094 59.34552001953125
v 94.91913604736328 98.53846740722656 58.79492568969727
v 96.27241516113281 97.847412109375 58.5938720703125
v 96.26100158691406 97.78677368164062 67.79885101318359
v 96.24885559082031 97.62698364257812 75.10113525390625
v 95.15926361083984 98.23347473144531 75.85667419433594
v 93.3992919921875 98.80546569824219 76.07730865478516
v 92.87382507324219 99.03904724121094 68.83212280273438
v 93.3992919921875 98.80546569824219 -76.07731628417969
v 95.15926361083984 98.23347473144531 -75.85667419433594
v 96.24885559082031 97.62698364257812 -75.10113525390625
v 96.26100158691406 97.78677368164062 -67.79885101318359
v 96.27241516113281 97.847412109375 -58.5938720703125
v 94.91913604736328 98.53846740722656 -58.79492568969727
v 92.51826477050781 99.12059020996094 -59.34552001953125
v 92.87381744384766 99.03904724121094 -68.83212280273438
v 92.51827239990234 59.34552001953125 -99.12059020996094
v 94.91913604736328 58.79492568969727 -98.53846740722656
v 96.27241516113281 58.5938720703125 -97.847412109375
v 96.26100158691406 67.79885101318359 -97.78677368164062
v 96.24885559082031 75.10113525390625 -97.62698364257812
v 95.15926361083984 75.85667419433594 -98.23347473144531
v 93.3992919921875 76.07730865478516 -98.80546569824219
v 92.87382507324219 68.83212280273438 -99.03904724121094
v 76.07731628417969 -98.80546569824219 -93.3992919921875
v 75.85667419433594 -98.23347473144531 -95.15926361083984
v 75.10113525390625 -97.62698364257812 -96.24885559082031
v 67.79885101318359 -97.78677368164062 -96.26100158691406
v 58.5938720703125 -97.847412109375 -96.27241516113281
v 58.79492568969727 -98.53846740722656 -94.91913604736328
v 59.34552001953125 -99.12059020996094 -92.51826477050781
v 68.83212280273438 -99.03904724121094 -92.87381744384766
v -98.80546569824219 -76.07731628417969 -93.3992919921875
v -98.23347473144531 -75.85667419433594 -95.15926361083984
v -97.62698364257812 -75.10113525390625 -96.24885559082031
v -97.78677368164062 -67.79885101318359 -96.26100158691406
v -97.847412109375 -58.5938720703125 -96.27241516113281
v -98.53846740722656 -58.79492568969727 -94.91913604736328
v -99.12059020996094 -59.34552001953125 -92.51826477050781
v -99.03904724121094 -68.83212280273438 -92.87381744384766
v -59.34552001953125 -99.12059020996094 -92.51827239990234
v -58.79492568969727 -98.53846740722656 -94.91913604736328
v -58.5938720703125 -97.847412109375 -96.27241516113281
v -67.79885101318359 -97.78677368164062 -96.26100158691406
v -75.10113525390625 -97.62698364257812 -96.24885559082031
v -75.85667419433594 -98.23347473144531 -95.15926361083984
v -76.07730865478516 -98.80546569824219 -93.3992919921875
v -68.83212280273438 -99.03904724121094 -92.87382507324219
v 59.34552001953125 99.12059020996094 -92.51827239990234
v 58.79492568969727 98.53846740722656 -94.91913604736328
v 58.5938720703125 97.847412109375 -96.27241516113281
v 67.79885101318359 97.78677368164062 -96.26100158691406
v 75.10113525390625 97.62698364257812 -96.24885559082031
v 75.85667419433594 98.23347473144531 -95.15926361083984
v 76.07730865478516 98.80546569824219 -93.3992919921875
v 68.83212280273438 99.03904724121094 -92.87382507324219
v -76.07731628417969 98.80546569824219 -93.3992919921875
v -75.85667419433594 98.23347473144531 -95.15926361083984
v -75.10113525390625 97.62698364257812 -96.24885559082031
v -67.79885101318359 97.78677368164062 -96.26100158691406
v -58.5938720703125 97.847412109375 -96.27241516113281
v -58.79492568969727 98.53846740722656 -94.91913604736328
v -59.34552001953125 99.12059020996094 -92.51826477050781
v -68.83212280273438 99.03904724121094 -92.87381744384766
v -99.12059020996094 59.34552001953125 -92.51827239990234
v -98.53846740722656 58.79492568969727 -94.91913604736328
v -97.847412109375 58.5938720703125 -96.27241516113281
v -97.78677368164062 67.79885101318359 -96.26100158691406
v -97.62698364257812 75.10113525390625 -96.24885559082031
v -98.23347473144531 75.85667419433594 -95.15926361083984
v -98.80546569824219 76.07730865478516 -93.3992919921875
v -99.03904724121094 68.83212280273438 -92.87382507324219
v -93.3992919921875 -98.80546569824219 -76.07731628417969
v -95.15926361083984 -98.23347473144531 -75.85667419433594
v -96.24885559082031 -97.62698364257812 -75.10113525390625
v -96.26100158691406 -97.78677368164062 -67.79885101318359
v -96.27241516113281 -97.847412109375 -58.5938720703125
v -94.91913604736328 -98.53846740722656 -58.79492568969727
v -92.51826477050781 -99.12059020996094 -59.34552001953125
v -92.87381744384766 -99.03904724121094 -68.83212280273438
v -92.51827239990234 -99.12059020996094 59.34552001953125
v -94.91913604736328 -98.53846740722656 58.79492568969727
v -96.27241516113281 -97.847412109375 58.5938720703125
v -96.26100158691406 -97.78677368164062 67.79885101318359
v -96.24885559082031 -97.62698364257812 75.10113525390625
v -95.15926361083984 -98.23347473144531 75.85667419433594
v -93.3992919921875 -98.80546569824219 76.07730865478516
v -92.87382507324219 -99.03904724121094 68.83212280273438
v -92.51827239990234 99.12059020996094 -59.34552001953125
v -94.91913604736328 98.53846740722656 -58.79492568969727
v -96.27241516113281 97.847412109375 -58.5938720703125
v -96.26100158691406 97.78677368164062 -67.79885101318359
v -96.24885559082031 97.62698364257812 -75.10113525390625
v -95.15926361083984 98.23347473144531 -75.85667419433594
v -93.3992919921875 98.80546569824219 -76.07730865478516
v -92.87382507324219 99.03904724121094 -68.83212280273438
v -93.3992919921875 98.80546569824219 76.07731628417969
v -95.15926361083984 98.23347473144531 75.85667419433594
v -96.24885559082031 97.62698364257812 75.10113525390625
v -96.26100158691406 97.78677368164062 67.79885101318359
v -96.27241516113281 97.847412109375 58.5938720703125
v -94.91913604736328 98.53846740722656 58.79492568969727
v -92.51826477050781 99.12059020996094 59.34552001953125
v -92.87381744384766 99.03904724121094 68.83212280273438
v -36.86910247802734 -99.12795257568359 92.15748596191406
v -36.75898361206055 -98.54988861083984 94.83852386474609
v -36.71877288818359 -97.86215209960938 96.28714752197266
v -24.8046932220459 -97.86491394042969 96.2899169921875
v -12.5 -97.86583709716797 96.29084014892578
v -12.5 -98.55274200439453 94.81836700439453
v -12.5 -99.12979125976562 92.06729125976562
v -24.84227561950684 -99.12933349609375 92.08984375
v 12.5 -99.12979125976562 92.06729125976562
v 12.5 -98.55274200439453 94.81836700439453
v 12.5 -97.86583709716797 96.29083251953125
v 24.8046932220459 -97.86491394042969 96.2899169921875
v 36.71877288818359 -97.86215209960938 96.28715515136719
v 36.75898361206055 -98.54988861083984 94.83852386474609
v 36.86910247802734 -99.12795257568359 92.15748596191406
v 24.84227561950684 -99.12933349609375 92.08984375
v -99.12979125976562 -12.5 92.06729125976562
v -98.55274200439453 -12.5 94.81836700439453
v -97.86583709716797 -12.5 96.29083251953125
v -97.86491394042969 -24.8046932220459 96.2899169921875
v -97.86215209960938 -36.71877288818359 96.28715515136719
v -98.54988861083984 -36.75898361206055 94.83852386474609
v -99.12795257568359 -36.86910247802734 92.15748596191406
v -99.12933349609375 -24.84227561950684 92.08984375
v 99.12795257568359 -36.86910247802734 92.15748596191406
v 98.54988861083984 -36.75898361206055 94.83852386474609
v 97.86215209960938 -36.71877288818359 96.28714752197266
v 97.86491394042969 -24.8046932220459 96.2899169921875
v 97.86583709716797 -12.5 96.29084014892578
v 98.55274200439453 -12.5 94.81836700439453
v 99.12979125976562 -12.5 92.06729125976562
v 99.12933349609375 -24.84227561950684 92.08984375
v -99.12795257568359 36.86910247802734 92.15748596191406
v -98.54988861083984 36.75898361206055 94.83852386474609
v -97.86215209960938 36.71877288818359 96.28714752197266
v -97.86491394042969 24.8046932220459 96.2899169921875
v -97.86583709716797 12.5 96.29084014892578
v -98.55274200439453 12.5 94.81836700439453
v -99.12979125976562 12.5 92.06729125976562
v -99.12933349609375 24.84227561950684 92.08984375
v 99.12979125976562 12.5 92.06729125976562
v 98.55274200439453 12.5 94.81836700439453
v 97.86583709716797 12.5 96.29083251953125
v 97.86491394042969 24.8046932220459 96.2899169921875
v 97.86215209960938 36.71877288818359 96.28715515136719
v 98.54988861083984 36.75898361206055 94.83852386474609
v 99.12795257568359 36.86910247802734 92.15748596191406
v 99.12933349609375 24.84227561950684 92.08984375
v -12.5 99.12979125976562 92.06729125976562
v -12.5 98.55274200439453 94.81836700439453
v -12.5 97.86583709716797 96.29083251953125
v -24.8046932220459 97.86491394042969 96.2899169921875
v -36.71877288818359 97.86215209960938 96.28715515136719
v -36.75898361206055 98.54988861083984 94.83852386474609
v -36.86910247802734 99.12795257568359 92.15748596191406
v -24.84227561950684 99.12933349609375 92.08984375
v 36.86910247802734 99.12795257568359 92.15748596191406
v 36.75898361206055 98.54988861083984 94.83852386474609
v 36.71877288818359 97.86215209960938 96.28714752197266
v 24.8046932220459 97.86491394042969 96.2899169921875
v 12.5 97.86583709716797 96.29084014892578
v 12.5 98.55274200439453 94.81836700439453
v 12.5 99.12979125976562 92.06729125976562
v 24.84227561950684 99.12933349609375 92.08984375
v 92.15748596191406 -99.12795257568359 36.86910247802734
v 94.83852386474609 -98.54988861083984 36.75898361206055
v 96.28714752197266 -97.86215209960938 36.71877288818359
v 96.2899169921875 -97.86491394042969 24.8046932220459
v 96.29084014892578 -97.86583709716797 12.5
v 94.81836700439453 -98.55274200439453 12.5
v 92.06729125976562 -99.12979125976562 12.5
v 92.08984375 -99.12933349609375 24.84227561950684
v 92.06729125976562 -99.12979125976562 -12.5
v 94.81836700439453 -98.55274200439453 -12.5
v 96.29083251953125 -97.86583709716797 -12.5
v 96.2899169921875 -97.86491394042969 -24.8046932220459
v 96.28715515136719 -97.86215209960938 -36.71877288818359
v 94.83852386474609 -98.54988861083984 -36.75898361206055
v 92.15748596191406 -99.12795257568359 -36.86910247802734
v 92.08984375 -99.12933349609375 -24.84227561950684
v 92.15748596191406 -36.86910247802734 -99.12795257568359
v 94.83852386474609 -36.75898361206055 -98.54988861083984
v 96.28714752197266 -36.71877288818359 -97.86215209960938
v 96.2899169921875 -24.8046932220459 -97.86491394042969
v 96.29084014892578 -12.5 -97.86583709716797
v 94.81836700439453 -12.5 -98.55274200439453
v 92.06729125976562 -12.5 -99.12979125976562
v 92.08984375 -24.84227561950684 -99.12933349609375
v 92.06729125976562 12.5 -99.12979125976562
v 94.81836700439453 12.5 -98.55274200439453
v 96.29083251953125 12.5 -97.86583709716797
v 96.2899169921875 24.8046932220459 -97.86491394042969
v 96.28715515136719 36.71877288818359 -97.86215209960938
v 94.83852386474609 36.75898361206055 -98.54988861083984
v 92.15748596191406 36.86910247802734 -99.12795257568359
v 92.08984375 24.84227561950684 -99.12933349609375
v 92.06729125976562 99.12979125976562 12.5
v 94.81836700439453 98.55274200439453 12.5
v 96.29083251953125 97.86583709716797 12.5
v 96.2899169921875 97.86491394042969 24.8046932220459
v 96.28715515136719 97.86215209960938 36.71877288818359
v 94.83852386474609 98.54988861083984 36.75898361206055
v 92.15748596191406 99.12795257568359 36.86910247802734
v 92.08984375 99.12933349609375 24.84227561950684
v 92.15748596191406 99.12795257568359 -36.86910247802734
v 94.83852386474609 98.54988861083984 -36.75898361206055
v 96.28714752197266 97.86215209960938 -36.71877288818359
v 96.2899169921875 97.86491394042969 -24.8046932220459
v 96.29084014892578 97.86583709716797 -12.5
v 94.81836700439453 98.55274200439453 -12.5
v 92.06729125976562 99.12979125976562 -12.5
v 92.08984375 99.12933349609375 -24.84227561950684
v 36.86910247802734 -99.12795257568359 -92.15748596191406
v 36.75898361206055 -98.54988861083984 -94.83852386474609
v 36.71877288818359 -97.86215209960938 -96.28714752197266
v 24.8046932220459 -97.86491394042969 -96.2899169921875
v 12.5 -97.86583709716797 -96.29084014892578
v 12.5 -98.55274200439453 -94.81836700439453
v 12.5 -99.12979125976562 -92.06729125976562
v 24.84227561950684 -99.12933349609375 -92.08984375
v -12.5 -99.12979125976562 -92.06729125976562
v -12.5 -98.55274200439453 -94.81836700439453
v -12.5 -97.86583709716797 -96.29083251953125
v -24.8046932220459 -97.86491394042969 -96.2899169921875
v -36.71877288818359 -97.86215209960938 -96.28715515136719
v -36.75898361206055 -98.54988861083984 -94.83852386474609
v -36.86910247802734 -99.12795257568359 -92.15748596191406
v -24.84227561950684 -99.12933349609375 -92.08984375
v -99.12795257568359 -36.86910247802734 -92.15748596191406
v -98.54988861083984 -36.75898361206055 -94.83852386474609
v -97.86215209960938 -36.71877288818359 -96.28714752197266
v -97.86491394042969 -24.8046932220459 -96.2899169921875
v -97.86583709716797 -12.5 -96.29084014892578
v -98.55274200439453 -12.5 -94.81836700439453
v -99.12979125976562 -12.5 -92.06729125976562
v -99.12933349609375 -24.84227561950684 -92.08984375
v -99.12979125976562 12.5 -92.06729125976562
v -98.55274200439453 12.5 -94.81836700439453
v -97.86583709716797 12.5 -96.29083251953125
v -97.86491394042969 24.8046932220459 -96.2899169921875
v -97.86215209960938 36.71877288818359 -96.28715515136719
v -98.54988861083984 36.75898361206055 -94.83852386474609
v -99.12795257568359 36.86910247802734 -92.15748596191406
v -99.12933349609375 24.84227561950684 -92.08984375
v 12.5 99.12979125976562 -92.06729125976562
v 12.5 98.55274200439453 -94.81836700439453
v 12.5 97.86583709716797 -96.29083251953125
v 24.8046932220459 97.86491394042969 -96.2899169921875
v 36.71877288818359 97.86215209960938 -96.28715515136719
v 36.75898361206055 98.54988861083984 -94.83852386474609
v 36.86910247802734 99.12795257568359 -92.15748596191406
v 24.84227561950684 99.12933349609375 -92.08984375
v -36.86910247802734 99.12795257568359 -92.15748596191406
v -36.75898361206055 98.54988861083984 -94.83852386474609
v -36.71877288818359 97.86215209960938 -96.28714752197266
v -24.8046932220459 97.86491394042969 -96.2899169921875
v -12.5 97.86583709716797 -96.29084014892578
v -12.5 98.55274200439453 -94.81836700439453
v -12.5 99.12979125976562 -92.06729125976562
v -24.84227561950684 99.12933349609375 -92.08984375
v -92.15748596191406 -99.12795257568359 -36.86910247802734
v -94.83852386474609 -98.54988861083984 -36.75898361206055
v -96.28714752197266 -97.86215209960938 -36.71877288818359
v -96.2899169921875 -97.86491394042969 -24.8046932220459
v -96.29084014892578 -97.86583709716797 -12.5
v -94.81836700439453 -98.55274200439453 -12.5
v -92.06729125976562 -99.12979125976562 -12.5
v -92.08984375 -99.12933349609375 -24.84227561950684
v -92.06729125976562 -99.12979125976562 12.5
v -94.81836700439453 -98.55274200439453 12.5
v -96.29083251953125 -97.86583709716797 12.5
v -96.2899169921875 -97.86491394042969 24.8046932220459
v -96.28715515136719 -97.86215209960938 36.71877288818359
v -94.83852386474609 -98.54988861083984 36.75898361206055
v -92.15748596191406 -99.12795257568359 36.86910247802734
v -92.08984375 -99.12933349609375 24.84227561950684
v -92.06729125976562 99.12979125976562 -12.5
v -94.81836700439453 98.55274200439453 -12.5
v -96.29083251953125 97.86583709716797 -12.5
v -96.2899169921875 97.86491394042969 -24.8046932220459
v -96.28715515136719 97.86215209960938 -36.71877288818359
v -94.83852386474609 98.54988861083984 -36.75898361206055
v -92.15748596191406 99.12795257568359 -36.86910247802734
v -92.08984375 99.12933349609375 -24.84227561950684
v -92.15748596191406 99.12795257568359 36.86910247802734
v -94.83852386474609 98.54988861083984 36.75898361206055
v -96.28714752197266 97.86215209960938 36.71877288818359
v -96.2899169921875 97.86491394042969 24.8046932220459
v -96.29084014892578 97.86583709716797 12.5
v -94.81836700439453 98.55274200439453 12.5
v -92.06729125976562 99.12979125976562 12.5
v -92.08984375 99.12933349609375 24.84227561950684
v -92.51828002929688 -59.34552001953125 99.12059020996094
v -92.87382507324219 -68.83212280273438 99.03903961181641
v -93.39929962158203 -76.07731628417969 98.80546569824219
v -95.15927886962891 -75.85667419433594 98.23347473144531
v -96.24886322021484 -75.10113525390625 97.62698364257812
v -96.26100158691406 -67.79885101318359 97.78677368164062
v -96.27241516113281 -58.5938720703125 97.847412109375
v -94.91914367675781 -58.79492568969727 98.53846740722656
v -76.07730865478516 -93.3992919921875 98.80546569824219
v -68.83212280273438 -92.87382507324219 99.03903961181641
v -59.34552001953125 -92.51827239990234 99.12059020996094
v -58.79492568969727 -94.91913604736328 98.53846740722656
v -58.5938720703125 -96.27241516113281 97.847412109375
v -67.79885101318359 -96.26100158691406 97.78677368164062
v -75.10113525390625 -96.24885559082031 97.62698364257812
v -75.85667419433594 -95.15927124023438 98.23347473144531
v 93.3992919921875 -76.07730865478516 98.80546569824219
v 92.87382507324219 -68.83212280273438 99.03903961181641
v 92.51827239990234 -59.34552001953125 99.12059020996094
v 94.91913604736328 -58.79492568969727 98.53846740722656
v 96.27241516113281 -58.5938720703125 97.847412109375
v 96.26100158691406 -67.79885101318359 97.78677368164062
v 96.24885559082031 -75.10113525390625 97.62698364257812
v 95.15927124023438 -75.85667419433594 98.23347473144531
v 59.34552001953125 -92.51828002929688 99.12059020996094
v 68.83212280273438 -92.87382507324219 99.03903961181641
v 76.07731628417969 -93.39929962158203 98.80546569824219
v 75.85667419433594 -95.15927886962891 98.23347473144531
v 75.10113525390625 -96.24886322021484 97.62698364257812
v 67.79885101318359 -96.26100158691406 97.78677368164062
v 58.5938720703125 -96.27241516113281 97.847412109375
v 58.79492568969727 -94.91914367675781 98.53846740722656
v -93.3992919921875 76.07730865478516 98.80546569824219
v -92.87382507324219 68.83212280273438 99.03903961181641
v -92.51827239990234 59.34552001953125 99.12059020996094
v -94.91913604736328 58.79492568969727 98.53846740722656
v -96.27241516113281 58.5938720703125 97.847412109375
v -96.26100158691406 67.79885101318359 97.78677368164062
v -96.24885559082031 75.10113525390625 97.62698364257812
v -95.15927124023438 75.85667419433594 98.23347473144531
v -59.34552001953125 92.51828002929688 99.12059020996094
v -68.83212280273438 92.87382507324219 99.03903961181641
v -76.07731628417969 93.39929962158203 98.80546569824219
v -75.85667419433594 95.15927886962891 98.23347473144531
v -75.10113525390625 96.24886322021484 97.62698364257812
v -67.79885101318359 96.26100158691406 97.78677368164062
v -58.5938720703125 96.27241516113281 97.847412109375
v -58.79492568969727 94.91914367675781 98.53846740722656
v 76.07730865478516 93.3992919921875 98.80546569824219
v 68.83212280273438 92.87382507324219 99.03903961181641
v 59.34552001953125 92.51827239990234 99.12059020996094
v 58.79492568969727 94.91913604736328 98.53846740722656
v 58.5938720703125 96.27241516113281 97.847412109375
v 67.79885101318359 96.26100158691406 97.78677368164062
v 75.10113525390625 96.24885559082031 97.62698364257812
v 75.85667419433594 95.15927124023438 98.23347473144531
v 92.51828002929688 59.34552001953125 99.12059020996094
v 92.87382507324219 68.83212280273438 99.03903961181641
v 93.39929962158203 76.07731628417969 98.80546569824219
v 95.15927886962891 75.85667419433594 98.23347473144531
v 96.24886322021484 75.10113525390625 97.62698364257812
v 96.26100158691406 67.79885101318359 97.78677368164062
v 96.27241516113281 58.5938720703125 97.847412109375
v 94.91914367675781 58.79492568969727 98.53846740722656
v 98.80546569824219 -93.3992919921875 76.07730865478516
v 99.03903961181641 -92.87382507324219 68.83212280273438
v 99.12059020996094 -92.51827239990234 59.34552001953125
v 98.53846740722656 -94.91913604736328 58.79492568969727
v 97.847412109375 -96.27241516113281 58.5938720703125
v 97.78677368164062 -96.26100158691406 67.79885101318359
v 97.62698364257812 -96.24885559082031 75.10113525390625
v 98.23347473144531 -95.15927124023438 75.85667419433594
v 98.80546569824219 -76.07730865478516 -93.3992919921875
v 99.03903961181641 -68.83212280273438 -92.87382507324219
v 99.12059020996094 -59.34552001953125 -92.51827239990234
v 98.53846740722656 -58.79492568969727 -94.91913604736328
v 97.847412109375 -58.5938720703125 -96.27241516113281
v 97.78677368164062 -67.79885101318359 -96.26100158691406
v 97.62698364257812 -75.10113525390625 -96.24885559082031
v 98.23347473144531 -75.85667419433594 -95.15927124023438
v 99.12059020996094 -92.51828002929688 -59.34552001953125
v 99.03903961181641 -92.87382507324219 -68.83212280273438
v 98.80546569824219 -93.39929962158203 -76.07731628417969
v 98.23347473144531 -95.15927886962891 -75.85667419433594
v 97.62698364257812 -96.24886322021484 -75.10113525390625
v 97.78677368164062 -96.26100158691406 -67.79885101318359
v 97.847412109375 -96.27241516113281 -58.5938720703125
v 98.53846740722656 -94.91914367675781 -58.79492568969727
v 99.12059020996094 92.51828002929688 59.34552001953125
v 99.03903961181641 92.87382507324219 68.83212280273438
v 98.80546569824219 93.39929962158203 76.07731628417969
v 98.23347473144531 95.15927886962891 75.85667419433594
v 97.62698364257812 96.24886322021484 75.10113525390625
v 97.78677368164062 96.26100158691406 67.79885101318359
v 97.847412109375 96.27241516113281 58.5938720703125
v 98.53846740722656 94.91914367675781 58.79492568969727
v 98.80546569824219 93.3992919921875 -76.07730865478516
v 99.03903961181641 92.87382507324219 -68.83212280273438
v 99.12059020996094 92.51827239990234 -59.34552001953125
v 98.53846740722656 94.91913604736328 -58.79492568969727
v 97.847412109375 96.27241516113281 -58.5938720703125
v 97.78677368164062 96.26100158691406 -67.79885101318359
v 97.62698364257812 96.24885559082031 -75.10113525390625
v 98.23347473144531 95.15927124023438 -75.85667419433594
v 99.12059020996094 59.34552001953125 -92.51828002929688
v 99.03903961181641 68.83212280273438 -92.87382507324219
v 98.80546569824219 76.07731628417969 -93.39929962158203
v 98.23347473144531 75.85667419433594 -95.15927886962891
v 97.62698364257812 75.10113525390625 -96.24886322021484
v 97.78677368164062 67.79885101318359 -96.26100158691406
v 97.847412109375 58.5938720703125 -96.27241516113281
v 98.53846740722656 58.79492568969727 -94.91914367675781
v 76.07730865478516 -93.3992919921875 -98.80546569824219
v 68.83212280273438 -92.87382507324219 -99.03903961181641
v 59.34552001953125 -92.51827239990234 -99.12059020996094
v 58.79492568969727 -94.91913604736328 -98.53846740722656
v 58.5938720703125 -96.27241516113281 -97.847412109375
v 67.79885101318359 -96.26100158691406 -97.78677368164062
v 75.10113525390625 -96.24885559082031 -97.62698364257812
v 75.85667419433594 -95.15927124023438 -98.23347473144531
v -93.3992919921875 -76.07730865478516 -98.80546569824219
v -92.87382507324219 -68.83212280273438 -99.03903961181641
v -92.51827239990234 -59.34552001953125 -99.12059020996094
v -94.91913604736328 -58.79492568969727 -98.53846740722656
v -96.27241516113281 -58.5938720703125 -97.847412109375
v -96.26100158691406 -67.79885101318359 -97.78677368164062
v -96.24885559082031 -75.10113525390625 -97.62698364257812
v -95.15927124023438 -75.85667419433594 -98.23347473144531
v -59.34552001953125 -92.51828002929688 -99.12059020996094
v -68.83212280273438 -92.87382507324219 -99.03903961181641
v -76.07731628417969 -93.39929962158203 -98.80546569824219
v -75.85667419433594 -95.15927886962891 -98.23347473144531
v -75.10113525390625 -96.24886322021484 -97.62698364257812
v -67.79885101318359 -96.26100158691406 -97.78677368164062
v -58.5938720703125 -96.27241516113281 -97.847412109375
v -58.79492568969727 -94.91914367675781 -98.53846740722656
v 59.34552001953125 92.51828002929688 -99.12059020996094
v 68.83212280273438 92.87382507324219 -99.03903961181641
v 76.07731628417969 93.39929962158203 -98.80546569824219
v 75.85667419433594 95.15927886962891 -98.23347473144531
v 75.10113525390625 96.24886322021484 -97.62698364257812
v 67.79885101318359 96.26100158691406 -97.78677368164062
v 58.5938720703125 96.27241516113281 -97.847412109375
v 58.79492568969727 94.91914367675781 -98.53846740722656
v -76.07730865478516 93.3992919921875 -98.80546569824219
v -68.83212280273438 92.87382507324219 -99.03903961181641
v -59.34552001953125 92.51827239990234 -99.12059020996094
v -58.79492568969727 94.91913604736328 -98.53846740722656
v -58.5938720703125 96.27241516113281 -97.847412109375
v -67.79885101318359 96.26100158691406 -97.78677368164062
v -75.10113525390625 96.24885559082031 -97.62698364257812
v -75.85667419433594 95.15927124023438 -98.23347473144531
v -92.51828002929688 59.34552001953125 -99.12059020996094
v -92.87382507324219 68.83212280273438 -99.03903961181641
v -93.39929962158203 76.07731628417969 -98.80546569824219
v -95.15927886962891 75.85667419433594 -98.23347473144531
v -96.24886322021484 75.10113525390625 -97.62698364257812
v -96.26100158691406 67.79885101318359 -97.78677368164062
v -96.27241516113281 58.5938720703125 -97.847412109375
v -94.91914367675781 58.79492568969727 -98.53846740722656
v -98.80546569824219 -93.3992919921875 -76.07730865478516
v -99.03903961181641 -92.87382507324219 -68.83212280273438
v -99.12059020996094 -92.51827239990234 -59.34552001953125
v -98.53846740722656 -94.91913604736328 -58.79492568969727
v -97.847412109375 -96.27241516113281 -58.5938720703125
v -97.78677368164062 -96.26100158691406 -67.79885101318359
v -97.62698364257812 -96.24885559082031 -75.10113525390625
v -98.23347473144531 -95.15927124023438 -75.85667419433594
v -99.12059020996094 -92.51828002929688 59.34552001953125
v -99.03903961181641 -92.87382507324219 68.83212280273438
v -98.80546569824219 -93.39929962158203 76.07731628417969
v -98.23347473144531 -95.15927886962891 75.85667419433594
v -97.62698364257812 -96.24886322021484 75.10113525390625
v -97.78677368164062 -96.26100158691406 67.79885101318359
v -97.847412109375 -96.27241516113281 58.5938720703125
v -98.53846740722656 -94.91914367675781 58.79492568969727
v -99.12059020996094 92.51828002929688 -59.34552001953125
v -99.03903961181641 92.87382507324219 -68.83212280273438
v -98.80546569824219 93.39929962158203 -76.07731628417969
v -98.23347473144531 95.15927886962891 -75.85667419433594
v -97.62698364257812 96.24886322021484 -75.10113525390625
v -97.78677368164062 96.26100158691406 -67.79885101318359
v -97.847412109375 96.27241516113281 -58.5938720703125
v -98.53846740722656 94.91914367675781 -58.79492568969727
v -98.80546569824219 93.3992919921875 76.07730865478516
v -99.03903961181641 92.87382507324219 68.83212280273438
v -99.12059020996094 92.51827239990234 59.34552001953125
v -98.53846740722656 94.91913604736328 58.79492568969727
v -97.847412109375 96.27241516113281 58.5938720703125
v -97.78677368164062 96.26100158691406 67.79885101318359
v -97.62698364257812 96.24885559082031 75.10113525390625
v -98.23347473144531 95.15927124023438 75.85667419433594
v -36.86910247802734 -92.15748596191406 99.12795257568359
v -24.84227561950684 -92.08983612060547 99.12933349609375
v -12.5 -92.06729125976562 99.12979125976562
v -12.5 -94.81836700439453 98.552734375
v -12.5 -96.29084014892578 97.86582946777344
v -24.8046932220459 -96.2899169921875 97.86491394042969
v -36.71877288818359 -96.28715515136719 97.86215209960938
v -36.75898361206055 -94.83852386474609 98.54988861083984
v 12.5 -92.06729125976562 99.12979125976562
v 24.84227561950684 -92.08984375 99.12933349609375
v 36.86910247802734 -92.15749359130859 99.12795257568359
v 36.75898361206055 -94.83852386474609 98.54988861083984
v 36.71877288818359 -96.28715515136719 97.86215209960938
v 24.8046932220459 -96.2899169921875 97.86491394042969
v 12.5 -96.29084014892578 97.86583709716797
v 12.5 -94.81836700439453 98.55274200439453
v -92.06729125976562 -12.5 99.12979125976562
v -92.08984375 -24.84227561950684 99.12933349609375
v -92.15749359130859 -36.86910247802734 99.12795257568359
v -94.83852386474609 -36.75898361206055 98.54988861083984
v -96.28715515136719 -36.71877288818359 97.86215209960938
v -96.2899169921875 -24.8046932220459 97.86491394042969
v -96.29084014892578 -12.5 97.86583709716797
v -94.81836700439453 -12.5 98.55274200439453
v 92.15748596191406 -36.86910247802734 99.12795257568359
v 92.08983612060547 -24.84227561950684 99.12933349609375
v 92.06729125976562 -12.5 99.12979125976562
v 94.81836700439453 -12.5 98.552734375
v 96.29084014892578 -12.5 97.86582946777344
v 96.2899169921875 -24.8046932220459 97.86491394042969
v 96.28715515136719 -36.71877288818359 97.86215209960938
v 94.83852386474609 -36.75898361206055 98.54988861083984
v -92.15748596191406 36.86910247802734 99.12795257568359
v -92.08983612060547 24.84227561950684 99.12933349609375
v -92.06729125976562 12.5 99.12979125976562
v -94.81836700439453 12.5 98.55274200439453
v -96.29084014892578 12.5 97.86583709716797
v -96.2899169921875 24.8046932220459 97.86491394042969
v -96.28715515136719 36.71877288818359 97.86215209960938
v -94.83852386474609 36.75898361206055 98.54988861083984
v 92.06729125976562 12.5 99.12979125976562
v 92.08984375 24.84227561950684 99.12933349609375
v 92.15749359130859 36.86910247802734 99.12795257568359
v 94.83852386474609 36.75898361206055 98.54988861083984
v 96.28715515136719 36.71877288818359 97.86215209960938
v 96.2899169921875 24.8046932220459 97.86491394042969
v 96.29084014892578 12.5 97.86583709716797
v 94.81836700439453 12.5 98.55274200439453
v -12.5 92.06729125976562 99.12979125976562
v -24.84227561950684 92.08984375 99.12933349609375
v -36.86910247802734 92.15749359130859 99.12795257568359
v -36.75898361206055 94.83852386474609 98.54988861083984
v -36.71877288818359 96.28715515136719 97.86215209960938
v -24.8046932220459 96.2899169921875 97.86491394042969
v -12.5 96.29084014892578 97.86583709716797
v -12.5 94.81836700439453 98.55274200439453
v 36.86910247802734 92.15748596191406 99.12795257568359
v 24.84227561950684 92.08983612060547 99.12933349609375
v 12.5 92.06729125976562 99.12979125976562
v 12.5 94.81836700439453 98.55274200439453
v 12.5 96.29084014892578 97.86583709716797
v 24.8046932220459 96.2899169921875 97.86491394042969
v 36.71877288818359 96.28715515136719 97.86215209960938
v 36.75898361206055 94.83852386474609 98.54988861083984
v 99.12795257568359 -92.15748596191406 36.86910247802734
v 99.12933349609375 -92.08983612060547 24.84227561950684
v 99.12979125976562 -92.06729125976562 12.5
v 98.552734375 -94.81836700439453 12.5
v 97.86582946777344 -96.29084014892578 12.5
v 97.86491394042969 -96.2899169921875 24.8046932220459
v 97.86215209960938 -96.28715515136719 36.71877288818359
v 98.54988861083984 -94.83852386474609 36.75898361206055
v 99.12979125976562 -92.06729125976562 -12.5
v 99.12933349609375 -92.08984375 -24.84227561950684
v 99.12795257568359 -92.15749359130859 -36.86910247802734
v 98.54988861083984 -94.83852386474609 -36.75898361206055
v 97.86215209960938 -96.28715515136719 -36.71877288818359
v 97.86491394042969 -96.2899169921875 -24.8046932220459
v 97.86583709716797 -96.29084014892578 -12.5
v 98.55274200439453 -94.81836700439453 -12.5
v 99.12795257568359 -36.86910247802734 -92.15748596191406
v 99.12933349609375 -24.84227561950684 -92.08983612060547
v 99.12979125976562 -12.5 -92.06729125976562
v 98.552734375 -12.5 -94.81836700439453
v 97.86582946777344 -12.5 -96.29084014892578
v 97.86491394042969 -24.8046932220459 -96.2899169921875
v 97.86215209960938 -36.71877288818359 -96.28715515136719
v 98.54988861083984 -36.75898361206055 -94.83852386474609
v 99.12979125976562 12.5 -92.06729125976562
v 99.12933349609375 24.84227561950684 -92.08984375
v 99.12795257568359 36.86910247802734 -92.15749359130859
v 98.54988861083984 36.75898361206055 -94.83852386474609
v 97.86215209960938 36.71877288818359 -96.28715515136719
v 97.86491394042969 24.8046932220459 -96.2899169921875
v 97.86583709716797 12.5 -96.29084014892578
v 98.55274200439453 12.5 -94.81836700439453
v 99.12979125976562 92.06729125976562 12.5
v 99.12933349609375 92.08984375 24.84227561950684
v 99.12795257568359 92.15749359130859 36.86910247802734
v 98.54988861083984 94.83852386474609 36.75898361206055
v 97.86215209960938 96.28715515136719 36.71877288818359
v 97.86491394042969 96.2899169921875 24.8046932220459
v 97.86583709716797 96.29084014892578 12.5
v 98.55274200439453 94.81836700439453 12.5
v 99.12795257568359 92.15748596191406 -36.86910247802734
v 99.12933349609375 92.08983612060547 -24.84227561950684
v 99.12979125976562 92.06729125976562 -12.5
v 98.55274200439453 94.81836700439453 -12.5
v 97.86583709716797 96.29084014892578 -12.5
v 97.86491394042969 96.2899169921875 -24.8046932220459
v 97.86215209960938 96.28715515136719 -36.71877288818359
v 98.54988861083984 94.83852386474609 -36.75898361206055
v 36.86910247802734 -92.15748596191406 -99.12795257568359
v 24.84227561950684 -92.08983612060547 -99.12933349609375
v 12.5 -92.06729125976562 -99.12979125976562
v 12.5 -94.81836700439453 -98.552734375
v 12.5 -96.29084014892578 -97.86582946777344
v 24.8046932220459 -96.2899169921875 -97.86491394042969
v 36.71877288818359 -96.28715515136719 -97.86215209960938
v 36.75898361206055 -94.83852386474609 -98.54988861083984
v -12.5 -92.06729125976562 -99.12979125976562
v -24.84227561950684 -92.08984375 -99.12933349609375
v -36.86910247802734 -92.15749359130859 -99.12795257568359
v -36.75898361206055 -94.83852386474609 -98.54988861083984
v -36.71877288818359 -96.28715515136719 -97.86215209960938
v -24.8046932220459 -96.2899169921875 -97.86491394042969
v -12.5 -96.29084014892578 -97.86583709716797
v -12.5 -94.81836700439453 -98.55274200439453
v -92.15748596191406 -36.86910247802734 -99.12795257568359
v -92.08983612060547 -24.84227561950684 -99.12933349609375
v -92.06729125976562 -12.5 -99.12979125976562
v -94.81836700439453 -12.5 -98.552734375
v -96.29084014892578 -12.5 -97.86582946777344
v -96.2899169921875 -24.8046932220459 -97.86491394042969
v -96.28715515136719 -36.71877288818359 -97.86215209960938
v -94.83852386474609 -36.75898361206055 -98.54988861083984
v -92.06729125976562 12.5 -99.12979125976562
v -92.08984375 24.84227561950684 -99.12933349609375
v -92.15749359130859 36.86910247802734 -99.12795257568359
v -94.83852386474609 36.75898361206055 -98.54988861083984
v -96.28715515136719 36.71877288818359 -97.86215209960938
v -96.2899169921875 24.8046932220459 -97.86491394042969
v -96.29084014892578 12.5 -97.86583709716797
v -94.81836700439453 12.5 -98.55274200439453
v 12.5 92.06729125976562 -99.12979125976562
v 24.84227561950684 92.08984375 -99.12933349609375
v 36.86910247802734 92.15749359130859 -99.12795257568359
v 36.75898361206055 94.83852386474609 -98.54988861083984
v 36.71877288818359 96.28715515136719 -97.86215209960938
v 24.8046932220459 96.2899169921875 -97.86491394042969
v 12.5 96.29084014892578 -97.86583709716797
v 12.5 94.81836700439453 -98.55274200439453
v -36.86910247802734 92.15748596191406 -99.12795257568359
v -24.84227561950684 92.08983612060547 -99.12933349609375
v -12.5 92.06729125976562 -99.12979125976562
v -12.5 94.81836700439453 -98.55274200439453
v -12.5 96.29084014892578 -97.86583709716797
v -24.8046932220459 96.2899169921875 -97.86491394042969
v -36.71877288818359 96.28715515136719 -97.86215209960938
v -36.75898361206055 94.83852386474609 -98.54988861083984
v -99.12795257568359 -92.15748596191406 -36.86910247802734
v -99.12933349609375 -92.08983612060547 -24.84227561950684
v -99.12979125976562 -92.06729125976562 -12.5
v -98.552734375 -94.81836700439453 -12.5
v -97.86582946777344 -96.29084014892578 -12.5
v -97.86491394042969 -96.2899169921875 -24.8046932220459
v -97.86215209960938 -96.28715515136719 -36.71877288818359
v -98.54988861083984 -94.83852386474609 -36.75898361206055
v -99.12979125976562 -92.06729125976562 12.5
v -99.12933349609375 -92.08984375 24.84227561950684
v -99.12795257568359 -92.15749359130859 36.86910247802734
v -98.54988861083984 -94.83852386474609 36.75898361206055
v -97.86215209960938 -96.28715515136719 36.71877288818359
v -97.86491394042969 -96.2899169921875 24.8046932220459
v -97.86583709716797 -96.29084014892578 12.5
v -98.55274200439453 -94.81836700439453 12.5
v -99.12979125976562 92.06729125976562 -12.5
v -99.12933349609375 92.08984375 -24.84227561950684
v -99.12795257568359 92.15749359130859 -36.86910247802734
v -98.54988861083984 94.83852386474609 -36.75898361206055
v -97.86215209960938 96.28715515136719 -36.71877288818359
v -97.86491394042969 96.2899169921875 -24.8046932220459
v -97.86583709716797 96.29084014892578 -12.5
v -98.55274200439453 94.81836700439453 -12.5
v -99.12795257568359 92.15748596191406 36.86910247802734
v -99.12933349609375 92.08983612060547 24.84227561950684
v -99.12979125976562 92.06729125976562 12.5
v -98.55274200439453 94.81836700439453 12.5
v -97.86583709716797 96.29084014892578 12.5
v -97.86491394042969 96.2899169921875 24.8046932220459
v -97.86215209960938 96.28715515136719 36.71877288818359
v -98.54988861083984 94.83852386474609 36.75898361206055
# 3842 vertices

vn 0 0 -1
vn -0.00016190770839 0.00199907808565 -0.99999809265137
vn 0.00210812501609 0.00210812571459 -0.99999558925629
vn 0.00199907808565 -0.00016190811584 -0.99999803304672
vn -0.00076888571493 0.00944683421403 -0.99995517730713
vn 0.00180948991328 0.01082460489124 -0.99993985891342
vn 0.01082460675389 0.00180949026253 -0.99993979930878
vn 0.00944683607668 -0.00076888734475 -0.99995511770248
vn 0.02381055988371 0.02381054870784 -0.99943292140961
vn -0.00240642903373 0.07096803933382 -0.99747568368912
vn -0.0008600896108 0.07843828946352 -0.99691861867905
vn 0.00061753875343 0.0308489613235 -0.99952387809753
vn -0.00169434293639 0.02744433097541 -0.99962192773819
vn 0.00889019854367 0.09593844413757 -0.99534755945206
vn 0.01484205387533 0.04178262129426 -0.99901640415192
vn 0.07708302885294 0.1662392616272 -0.98306804895401
vn 0.10829252749681 0.14634364843369 -0.98328846693039
vn 0.04903236404061 0.0714852437377 -0.9962357878685
vn 0.03555302321911 0.12891857326031 -0.99101758003235
vn 0.10999826341867 0.16861246526241 -0.97952556610107
vn 0.05628727003932 0.07018592953682 -0.99594461917877
vn 0.19188715517521 0.19188715517521 -0.96247524023056
vn 0.1997195482254 0.11989550292492 -0.97249019145966
vn 0.08697136491537 0.08697121590376 -0.99240720272064
vn 0.11989568173885 0.19971950352192 -0.97249013185501
vn 0.16861239075661 0.10999803990126 -0.97952550649643
vn 0.07018600404263 0.05628719180822 -0.99594461917877
vn 0.16623888909817 0.07708320021629 -0.98306798934937
vn 0.12891814112663 0.03555288165808 -0.99101763963699
vn 0.07148528844118 0.04903224855661 -0.9962357878685
vn 0.14634338021278 0.1082925722003 -0.98328852653503
vn 0.09593814611435 0.0088901584968 -0.99534767866135
vn 0.04178295657039 0.01484198402613 -0.99901640415192
vn 0.07096794247627 -0.00240642647259 -0.99747562408447
vn 0.02744433283806 -0.00169434386771 -0.99962186813354
vn 0.03084918670356 0.00061761477264 -0.99952381849289
vn 0.07843820750713 -0.00085987953935 -0.9969185590744
vn -0.00199907808565 -0.00016190770839 -0.99999809265137
vn -0.00210812571459 0.00210812501609 -0.99999558925629
vn 0.00016190811584 0.00199907808565 -0.99999803304672
vn -0.00944683328271 -0.00076888571493 -0.99995511770248
vn -0.01082460489124 0.00180948991328 -0.99993985891342
vn -0.00180949026253 0.01082460675389 -0.99993979930878
vn 0.00076888734475 0.00944683607668 -0.99995511770248
vn -0.02381054870784 0.02381055988371 -0.99943292140961
vn -0.07096803933382 -0.00240642903373 -0.99747568368912
vn -0.07843828946352 -0.0008600896108 -0.99691861867905
vn -0.0308489613235 0.00061753875343 -0.99952387809753
vn -0.02744433097541 -0.00169434293639 -0.99962192773819
vn -0.09593844413757 0.00889019854367 -0.99534755945206
vn -0.04178262129426 0.01484205387533 -0.99901640415192
vn -0.1662392616272 0.07708302885294 -0.98306804895401
vn -0.14634364843369 0.10829252749681 -0.98328846693039
vn -0.0714852437377 0.04903236404061 -0.9962357878685
vn -0.12891857326031 0.03555302321911 -0.99101758003235
vn -0.16861246526241 0.10999826341867 -0.97952556610107
vn -0.07018592953682 0.05628727003932 -0.99594461917877
vn -0.19188715517521 0.19188715517521 -0.96247524023056
vn -0.11989550292492 0.1997195482254 -0.97249019145966
vn -0.08697121590376 0.08697136491537 -0.99240720272064
vn -0.19971950352192 0.11989568173885 -0.97249013185501
vn -0.10999803990126 0.16861239075661 -0.97952550649643
vn -0.05628719180822 0.07018600404263 -0.99594461917877
vn -0.07708320021629 0.16623888909817 -0.98306798934937
vn -0.03555288165808 0.12891814112663 -0.99101763963699
vn -0.04903224855661 0.07148528844118 -0.9962357878685
vn -0.1082925722003 0.14634338021278 -0.98328852653503
vn -0.0088901584968 0.09593814611435 -0.99534767866135
vn -0.01484198402613 0.04178295657039 -0.99901640415192
vn 0.00240642647259 0.07096794247627 -0.99747562408447
vn 0.00169434386771 0.02744433283806 -0.99962186813354
vn -0.00061761477264 0.03084918670356 -0.99952381849289
vn 0.00085987953935 0.07843820750713 -0.9969185590744
vn 0.1662392616272 -0.07708302885294 -0.98306804895401
vn 0.14634364843369 -0.10829252749681 -0.98328846693039
vn 0.07148503512144 -0.04903234913945 -0.9962357878685
vn 0.12891857326031 -0.03555302321911 -0.99101758003235
vn 0.16861246526241 -0.10999826341867 -0.97952556610107
vn 0.07018560916185 -0.05628713592887 -0.99594473838806
vn 0.04178230836987 -0.01484213210642 -0.99901652336121
vn 0.09593844413757 -0.00889019854367 -0.99534755945206
vn 0.0238103531301 -0.0238103531301 -0.99943292140961
vn 0.19188715517521 -0.19188715517521 -0.96247524023056
vn 0.11989550292492 -0.1997195482254 -0.97249019145966
vn 0.08697109669447 -0.0869712382555 -0.99240720272064
vn 0.19971950352192 -0.11989568173885 -0.97249013185501
vn 0.10999803990126 -0.16861239075661 -0.97952550649643
vn 0.05628705769777 -0.0701856687665 -0.99594467878342
vn 0.07708320021629 -0.16623888909817 -0.98306798934937
vn 0.03555288165808 -0.12891814112663 -0.99101763963699
vn 0.04903223365545 -0.07148507982492 -0.9962357878685
vn 0.1082925722003 -0.14634338021278 -0.98328852653503
vn 0.0088901584968 -0.09593814611435 -0.99534767866135
vn 0.01484206225723 -0.04178263619542 -0.99901640415192
vn -0.00240642647259 -0.07096794247627 -0.99747562408447
vn -0.00169434386771 -0.02744433283806 -0.99962186813354
vn 0.00061770458706 -0.0308490768075 -0.99952393770218
vn -0.00085987953935 -0.07843820750713 -0.9969185590744
vn -0.00076888740296 -0.00944683607668 -0.99995517730713
vn 0.00180964649189 -0.01082456018776 -0.99993985891342
vn 0.00199907808565 0.00016190770839 -0.99999809265137
vn 0.00210819207132 -0.00210819137283 -0.99999558925629
vn -0.00016190813039 -0.00199907808565 -0.99999803304672
vn 0.00944683328271 0.00076888571493 -0.99995511770248
vn 0.01082455553114 -0.00180964777246 -0.99993985891342
vn 0.07096803933382 0.00240642903373 -0.99747568368912
vn 0.07843828946352 0.0008600896108 -0.99691861867905
vn 0.0308488458395 -0.00061763002304 -0.99952387809753
vn 0.02744433097541 0.00169434293639 -0.99962192773819
vn 0.00240642903373 -0.07096803933382 -0.99747568368912
vn 0.0008600896108 -0.07843828946352 -0.99691861867905
vn -0.00061762984842 -0.0308488458395 -0.99952387809753
vn 0.00169434281997 -0.02744433097541 -0.99962192773819
vn -0.00889019854367 -0.09593844413757 -0.99534755945206
vn -0.01484213583171 -0.04178231209517 -0.99901652336121
vn -0.00180964777246 -0.01082455553114 -0.99993985891342
vn 0.00076888554031 -0.00944683514535 -0.99995517730713
vn -0.02381036058068 -0.02381036058068 -0.99943292140961
vn -0.07708302885294 -0.1662392616272 -0.98306804895401
vn -0.10829252749681 -0.14634364843369 -0.98328846693039
vn -0.04903234913945 -0.07148504257202 -0.9962357878685
vn -0.03555302321911 -0.12891857326031 -0.99101758003235
vn -0.10999826341867 -0.16861246526241 -0.97952556610107
vn -0.05628713592887 -0.07018562406301 -0.99594473838806
vn -0.19188715517521 -0.19188715517521 -0.96247524023056
vn -0.1997195482254 -0.11989550292492 -0.97249019145966
vn -0.0869712382555 -0.08697111159563 -0.99240720272064
vn -0.11989568173885 -0.19971950352192 -0.97249013185501
vn -0.16861239075661 -0.10999803990126 -0.97952550649643
vn -0.07018567621708 -0.05628707259893 -0.99594467878342
vn -0.16623888909817 -0.07708320021629 -0.98306798934937
vn -0.12891814112663 -0.03555288165808 -0.99101763963699
vn -0.07148509472609 -0.04903223365545 -0.9962357878685
vn -0.14634338021278 -0.1082925722003 -0.98328852653503
vn -0.09593814611435 -0.0088901584968 -0.99534767866135
vn -0.041782643646 -0.01484205853194 -0.99901640415192
vn -0.07096794247627 0.00240642647259 -0.99747562408447
vn -0.02744432911277 0.00169434270356 -0.99962186813354
vn -0.03084907494485 -0.00061770371394 -0.99952393770218
vn -0.07843820750713 0.00085987953935 -0.9969185590744
vn -0.00944683421403 0.00076888571493 -0.99995511770248
vn -0.01082456018776 -0.00180964486208 -0.99993985891342
vn 0.00016190756287 -0.00199907855131 -0.99999803304672
vn -0.00210819137283 -0.00210819114 -0.99999558925629
vn -0.00199907785282 0.00016190772294 -0.99999803304672
vn -1 0 0
vn -0.99999809265137 0.00199907808565 0.00016190770839
vn -0.99999558925629 0.00210812571459 -0.00210812501609
vn -0.99999803304672 -0.00016190811584 -0.00199907808565
vn -0.99995517730713 0.00944683421403 0.00076888571493
vn -0.99993985891342 0.01082460489124 -0.00180948991328
vn -0.99993979930878 0.00180949026253 -0.01082460675389
vn -0.99995511770248 -0.00076888734475 -0.00944683607668
vn -0.99943292140961 0.02381054870784 -0.02381055988371
vn -0.99747568368912 0.07096803933382 0.00240642903373
vn -0.99691861867905 0.07843827456236 0.0008600896108
vn -0.99952387809753 0.03084895946085 -0.00061753875343
vn -0.99962192773819 0.02744433097541 0.00169434293639
vn -0.99534755945206 0.09593844413757 -0.00889019854367
vn -0.99901652336121 0.04178262874484 -0.01484205573797
vn -0.98306798934937 0.1662392616272 -0.07708302140236
vn -0.98328846693039 0.14634364843369 -0.10829252749681
vn -0.9962357878685 0.0714852437377 -0.04903236404061
vn -0.99101758003235 0.12891857326031 -0.03555302321911
vn -0.97952556610107 0.16861246526241 -0.10999826341867
vn -0.99594461917877 0.07018592953682 -0.05628727003932
vn -0.9624752998352 0.19188717007637 -0.19188717007637
vn -0.97249019145966 0.11989550292492 -0.19971953332424
vn -0.99240720272064 0.08697121590376 -0.08697136491537
vn -0.97249013185501 0.19971948862076 -0.11989568173885
vn -0.97952550649643 0.10999803990126 -0.16861239075661
vn -0.99594461917877 0.05628719180822 -0.07018600404263
vn -0.98306798934937 0.07708312571049 -0.16623897850513
vn -0.99101763963699 0.03555299341679 -0.12891809642315
vn -0.9962357878685 0.04903224855661 -0.07148529589176
vn -0.98328852653503 0.1082925722003 -0.14634338021278
vn -0.99534767866135 0.00889023672789 -0.09593781083822
vn -0.99901640415192 0.01484198402613 -0.04178295657039
vn -0.99747562408447 -0.00240643136203 -0.0709680467844
vn -0.99962186813354 -0.00169434712734 -0.02744433656335
vn -0.99952393770218 0.00061761483084 -0.03084919042885
vn -0.99691867828369 -0.00085996394046 -0.0784380659461
vn -0.99999809265137 -0.00016190770839 0.00199907808565
vn -0.99999558925629 0.00210812501609 0.00210812571459
vn -0.99999803304672 0.00199907808565 -0.00016190811584
vn -0.99995511770248 -0.00076888571493 0.00944683328271
vn -0.99993985891342 0.00180948991328 0.01082460489124
vn -0.99993979930878 0.01082460675389 0.00180949026253
vn -0.99995511770248 0.00944683514535 -0.00076888734475
vn -0.99943292140961 0.02381055988371 0.02381054870784
vn -0.99747568368912 -0.00240642903373 0.07096803933382
vn -0.99691861867905 -0.0008600896108 0.07843827456236
vn -0.99952387809753 0.00061753875343 0.03084895946085
vn -0.99962192773819 -0.00169434293639 0.02744433097541
vn -0.99534755945206 0.00889019854367 0.09593844413757
vn -0.99901652336121 0.01484205573797 0.04178262874484
vn -0.98306798934937 0.07708302140236 0.1662392616272
vn -0.98328846693039 0.10829252749681 0.14634364843369
vn -0.9962357878685 0.04903236404061 0.0714852437377
vn -0.99101758003235 0.03555302321911 0.12891857326031
vn -0.97952556610107 0.10999826341867 0.16861246526241
vn -0.99594461917877 0.05628727003932 0.07018592953682
vn -0.9624752998352 0.19188717007637 0.19188717007637
vn -0.97249019145966 0.19971953332424 0.11989550292492
vn -0.99240720272064 0.08697136491537 0.08697121590376
vn -0.97249013185501 0.11989568173885 0.19971948862076
vn -0.97952550649643 0.16861239075661 0.10999803990126
vn -0.99594461917877 0.07018600404263 0.05628719180822
vn -0.98306798934937 0.16623888909817 0.07708320766687
vn -0.99101763963699 0.12891814112663 0.03555288165808
vn -0.9962357878685 0.07148529589176 0.04903224855661
vn -0.98328852653503 0.14634338021278 0.1082925722003
vn -0.9953476190567 0.09593815356493 0.0088901584968
vn -0.99901640415192 0.04178295657039 0.01484198402613
vn -0.99747568368912 0.07096794247627 -0.00240642647259
vn -0.99962186813354 0.02744433283806 -0.00169434386771
vn -0.99952393770218 0.03084919042885 0.00061761483084
vn -0.99691867828369 0.07843821495771 -0.00085987959756
vn -0.98306798934937 -0.07708302140236 -0.1662392616272
vn -0.98328846693039 -0.10829252749681 -0.14634364843369
vn -0.9962357878685 -0.04903234913945 -0.07148503512144
vn -0.99101763963699 -0.03555320575833 -0.12891833484173
vn -0.97952556610107 -0.10999826341867 -0.16861246526241
vn -0.99594461917877 -0.05628712847829 -0.07018560171127
vn -0.99901652336121 -0.01484213210642 -0.04178230836987
vn -0.9953476190567 -0.00889030657709 -0.09593793004751
vn -0.99943292140961 -0.0238103531301 -0.0238103531301
vn -0.9624752998352 -0.19188717007637 -0.19188717007637
vn -0.97249019145966 -0.19971953332424 -0.11989550292492
vn -0.99240720272064 -0.08697123080492 -0.08697109669447
vn -0.97249013185501 -0.11989568173885 -0.19971948862076
vn -0.97952550649643 -0.16861239075661 -0.10999803990126
vn -0.99594467878342 -0.0701856687665 -0.05628705769777
vn -0.98306798934937 -0.16623888909817 -0.07708320766687
vn -0.99101763963699 -0.12891814112663 -0.03555288165808
vn -0.9962357878685 -0.07148509472609 -0.04903223365545
vn -0.98328852653503 -0.14634338021278 -0.1082925722003
vn -0.9953476190567 -0.09593815356493 -0.0088901584968
vn -0.99901652336121 -0.041782643646 -0.01484206225723
vn -0.99747568368912 -0.07096794247627 0.00240642647259
vn -0.99962186813354 -0.02744433283806 0.00169434386771
vn -0.99952393770218 -0.0308490768075 -0.00061770458706
vn -0.99691867828369 -0.07843821495771 0.00085987959756
vn -0.99995517730713 -0.00944683793932 0.00076888751937
vn -0.99993985891342 -0.01082456018776 -0.00180964649189
vn -0.99999809265137 0.00016190770839 -0.00199907808565
vn -0.99999558925629 -0.00210819137283 -0.00210819207132
vn -0.99999803304672 -0.00199907808565 0.00016190811584
vn -0.99995511770248 0.00076888571493 -0.00944683328271
vn -0.99993985891342 -0.00180964777246 -0.01082455553114
vn -0.99747568368912 0.00240643951111 -0.07096802443266
vn -0.99691861867905 0.00086016277783 -0.0784379914403
vn -0.99952387809753 -0.00061763002304 -0.03084884397686
vn -0.99962192773819 0.00169434619602 -0.02744433656335
vn -0.99747568368912 -0.07096803933382 -0.00240642903373
vn -0.99691861867905 -0.07843827456236 -0.0008600896108
vn -0.99952387809753 -0.0308488458395 0.00061762984842
vn -0.99962192773819 -0.02744433097541 -0.00169434281997
vn -0.99534755945206 -0.09593844413757 0.00889019854367
vn -0.99901652336121 -0.04178230836987 0.01484213583171
vn -0.99993985891342 -0.01082455553114 0.00180964777246
vn -0.99995511770248 -0.00944683514535 -0.00076888554031
vn -0.99943292140961 -0.02381036058068 0.02381036058068
vn -0.98306798934937 -0.1662392616272 0.07708302140236
vn -0.98328846693039 -0.14634364843369 0.10829252749681
vn -0.9962357878685 -0.07148504257202 0.04903234913945
vn -0.99101758003235 -0.12891857326031 0.03555302321911
vn -0.97952556610107 -0.16861246526241 0.10999826341867
vn -0.99594461917877 -0.07018561661243 0.05628712847829
vn -0.9624752998352 -0.19188717007637 0.19188717007637
vn -0.97249019145966 -0.11989550292492 0.19971953332424
vn -0.99240720272064 -0.08697111159563 0.08697123080492
vn -0.97249013185501 -0.19971948862076 0.11989568173885
vn -0.97952550649643 -0.10999803990126 0.16861239075661
vn -0.99594467878342 -0.05628707259893 0.07018567621708
vn -0.98306798934937 -0.07708320766687 0.16623888909817
vn -0.99101763963699 -0.03555288165808 0.12891814112663
vn -0.9962357878685 -0.04903223365545 0.07148510217667
vn -0.98328852653503 -0.1082925722003 0.14634338021278
vn -0.9953476190567 -0.0088901584968 0.09593815356493
vn -0.99901652336121 -0.01484206039459 0.04178265109658
vn -0.99747568368912 0.00240642647259 0.07096794247627
vn -0.99962186813354 0.00169434270356 0.02744432911277
vn -0.99952393770218 -0.00061770371394 0.03084907494485
vn -0.99691867828369 0.00085987959756 0.07843821495771
vn -0.99995511770248 0.00076888571493 0.00944683421403
vn -0.99993985891342 -0.00180964486208 0.01082456018776
vn -0.99999809265137 -0.00199907855131 -0.00016190757742
vn -0.99999558925629 -0.00210819114 0.00210819137283
vn -0.99999803304672 0.00016190772294 0.00199907785282
vn 0 0 1
vn 0.00016190770839 0.00199907808565 0.99999809265137
vn -0.00210812501609 0.00210812571459 0.99999558925629
vn -0.00199907808565 -0.00016190811584 0.99999803304672
vn 0.00076888571493 0.00944683421403 0.99995517730713
vn -0.00180948991328 0.01082460489124 0.99993985891342
vn -0.01082460675389 0.00180949026253 0.99993979930878
vn -0.00944683607668 -0.00076888734475 0.99995511770248
vn -0.02381055988371 0.02381054870784 0.99943292140961
vn 0.00240642903373 0.07096803933382 0.99747568368912
vn 0.0008600896108 0.07843828946352 0.99691861867905
vn -0.00061753875343 0.0308489613235 0.99952387809753
vn 0.00169434293639 0.02744433097541 0.99962192773819
vn -0.00889019854367 0.09593844413757 0.99534755945206
vn -0.01484205387533 0.04178262129426 0.99901640415192
vn -0.07708302885294 0.1662392616272 0.98306804895401
vn -0.10829252749681 0.14634364843369 0.98328846693039
vn -0.04903236404061 0.0714852437377 0.9962357878685
vn -0.03555302321911 0.12891857326031 0.99101758003235
vn -0.10999826341867 0.16861246526241 0.97952556610107
vn -0.05628727003932 0.07018592953682 0.99594461917877
vn -0.19188715517521 0.19188715517521 0.96247524023056
vn -0.1997195482254 0.11989550292492 0.97249019145966
vn -0.08697136491537 0.08697121590376 0.99240720272064
vn -0.11989568173885 0.19971950352192 0.97249013185501
vn -0.16861239075661 0.10999803990126 0.97952550649643
vn -0.07018600404263 0.05628719180822 0.99594461917877
vn -0.16623897850513 0.07708312571049 0.98306798934937
vn -0.12891809642315 0.03555299341679 0.99101763963699
vn -0.07148528844118 0.04903224855661 0.9962357878685
vn -0.14634338021278 0.1082925722003 0.98328852653503
vn -0.09593781083822 0.00889023672789 0.99534767866135
vn -0.04178295657039 0.01484198402613 0.99901640415192
vn -0.0709680467844 -0.00240643136203 0.99747562408447
vn -0.02744433656335 -0.00169434712734 0.99962186813354
vn -0.03084918670356 0.00061761477264 0.99952381849289
vn -0.0784380659461 -0.00085996394046 0.99691867828369
vn 0.00199907808565 -0.00016190770839 0.99999809265137
vn 0.00210812571459 0.00210812501609 0.99999558925629
vn -0.00016190811584 0.00199907808565 0.99999803304672
vn 0.00944683328271 -0.00076888571493 0.99995511770248
vn 0.01082460489124 0.00180948991328 0.99993985891342
vn 0.00180949026253 0.01082460675389 0.99993979930878
vn -0.00076888734475 0.00944683607668 0.99995511770248
vn 0.02381054870784 0.02381055988371 0.99943292140961
vn 0.07096803933382 -0.00240642903373 0.99747568368912
vn 0.07843828946352 -0.0008600896108 0.99691861867905
vn 0.0308489613235 0.00061753875343 0.99952387809753
vn 0.02744433097541 -0.00169434293639 0.99962192773819
vn 0.09593844413757 0.00889019854367 0.99534755945206
vn 0.04178262129426 0.01484205387533 0.99901640415192
vn 0.1662392616272 0.07708302885294 0.98306804895401
vn 0.14634364843369 0.10829252749681 0.98328846693039
vn 0.0714852437377 0.04903236404061 0.9962357878685
vn 0.12891857326031 0.03555302321911 0.99101758003235
vn 0.16861246526241 0.10999826341867 0.97952556610107
vn 0.07018592953682 0.05628727003932 0.99594461917877
vn 0.19188715517521 0.19188715517521 0.96247524023056
vn 0.11989550292492 0.1997195482254 0.97249019145966
vn 0.08697121590376 0.08697136491537 0.99240720272064
vn 0.19971950352192 0.11989568173885 0.97249013185501
vn 0.10999803990126 0.16861239075661 0.97952550649643
vn 0.05628719180822 0.07018600404263 0.99594461917877
vn 0.07708320021629 0.16623888909817 0.98306798934937
vn 0.03555288165808 0.12891814112663 0.99101763963699
vn 0.04903224855661 0.07148528844118 0.9962357878685
vn 0.1082925722003 0.14634338021278 0.98328852653503
vn 0.0088901584968 0.09593814611435 0.99534767866135
vn 0.01484198402613 0.04178295657039 0.99901640415192
vn -0.00240642647259 0.07096794247627 0.99747562408447
vn -0.00169434386771 0.02744433283806 0.99962186813354
vn 0.00061761477264 0.03084918670356 0.99952381849289
vn -0.00085987953935 0.07843820750713 0.9969185590744
vn -0.1662392616272 -0.07708302885294 0.98306804895401
vn -0.14634364843369 -0.10829252749681 0.98328846693039
vn -0.07148503512144 -0.04903234913945 0.9962357878685
vn -0.12891833484173 -0.03555320575833 0.99101763963699
vn -0.16861246526241 -0.10999826341867 0.97952556610107
vn -0.07018560916185 -0.05628713592887 0.99594473838806
vn -0.04178230836987 -0.01484213210642 0.99901652336121
vn -0.09593793004751 -0.00889030657709 0.9953476190567
vn -0.0238103531301 -0.0238103531301 0.99943292140961
vn -0.19188715517521 -0.19188715517521 0.96247524023056
vn -0.11989550292492 -0.1997195482254 0.97249019145966
vn -0.08697109669447 -0.0869712382555 0.99240720272064
vn -0.19971950352192 -0.11989568173885 0.97249013185501
vn -0.10999803990126 -0.16861239075661 0.97952550649643
vn -0.05628705769777 -0.0701856687665 0.99594467878342
vn -0.07708320021629 -0.16623888909817 0.98306798934937
vn -0.03555288165808 -0.12891814112663 0.99101763963699
vn -0.04903223365545 -0.07148507982492 0.9962357878685
vn -0.1082925722003 -0.14634338021278 0.98328852653503
vn -0.0088901584968 -0.09593814611435 0.99534767866135
vn -0.01484206225723 -0.04178263619542 0.99901640415192
vn 0.00240642647259 -0.07096794247627 0.99747562408447
vn 0.00169434386771 -0.02744433283806 0.99962186813354
vn -0.00061770458706 -0.0308490768075 0.99952393770218
vn 0.00085987953935 -0.07843820750713 0.9969185590744
vn 0.00076888740296 -0.00944683607668 0.99995517730713
vn -0.00180964649189 -0.01082456018776 0.99993985891342
vn -0.00199907808565 0.00016190770839 0.99999809265137
vn -0.00210819207132 -0.00210819137283 0.99999558925629
vn 0.00016190813039 -0.00199907808565 0.99999803304672
vn -0.00944683328271 0.00076888571493 0.99995511770248
vn -0.01082455553114 -0.00180964777246 0.99993985891342
vn -0.07096801698208 0.00240643927827 0.99747562408447
vn -0.0784379914403 0.00086016277783 0.99691861867905
vn -0.0308488458395 -0.00061763002304 0.99952387809753
vn -0.02744433656335 0.00169434619602 0.99962192773819
vn -0.00240642903373 -0.07096803933382 0.99747568368912
vn -0.0008600896108 -0.07843828946352 0.99691861867905
vn 0.00061762984842 -0.0308488458395 0.99952387809753
vn -0.00169434281997 -0.02744433097541 0.99962192773819
vn 0.00889019854367 -0.09593844413757 0.99534755945206
vn 0.01484213583171 -0.04178231209517 0.99901652336121
vn 0.00180964777246 -0.01082455553114 0.99993985891342
vn -0.00076888554031 -0.00944683514535 0.99995517730713
vn 0.02381036058068 -0.02381036058068 0.99943292140961
vn 0.07708302885294 -0.1662392616272 0.98306804895401
vn 0.10829252749681 -0.14634364843369 0.98328846693039
vn 0.04903234913945 -0.07148504257202 0.9962357878685
vn 0.03555302321911 -0.12891857326031 0.99101758003235
vn 0.10999826341867 -0.16861246526241 0.97952556610107
vn 0.05628713592887 -0.07018562406301 0.99594473838806
vn 0.19188715517521 -0.19188715517521 0.96247524023056
vn 0.1997195482254 -0.11989550292492 0.97249019145966
vn 0.0869712382555 -0.08697111159563 0.99240720272064
vn 0.11989568173885 -0.19971950352192 0.97249013185501
vn 0.16861239075661 -0.10999803990126 0.97952550649643
vn 0.07018567621708 -0.05628707259893 0.99594467878342
vn 0.16623888909817 -0.07708320021629 0.98306798934937
vn 0.12891814112663 -0.03555288165808 0.99101763963699
vn 0.07148509472609 -0.04903223365545 0.9962357878685
vn 0.14634338021278 -0.1082925722003 0.98328852653503
vn 0.09593814611435 -0.0088901584968 0.99534767866135
vn 0.041782643646 -0.01484205853194 0.99901640415192
vn 0.07096794247627 0.00240642647259 0.99747562408447
vn 0.02744432911277 0.00169434270356 0.99962186813354
vn 0.03084907494485 -0.00061770371394 0.99952393770218
vn 0.07843820750713 0.00085987953935 0.9969185590744
vn 0.00944683421403 0.00076888571493 0.99995511770248
vn 0.01082456018776 -0.00180964486208 0.99993985891342
vn -0.00016190756287 -0.00199907855131 0.99999803304672
vn 0.00210819137283 -0.00210819114 0.99999558925629
vn 0.00199907785282 0.00016190772294 0.99999803304672
vn 1 0 0
vn 0.99999809265137 0.00199907808565 -0.00016190770839
vn 0.99999558925629 0.00210812571459 0.00210812501609
vn 0.99999803304672 -0.00016190811584 0.00199907808565
vn 0.99995517730713 0.00944683421403 -0.00076888571493
vn 0.99993985891342 0.01082460489124 0.00180948991328
vn 0.99993979930878 0.00180949026253 0.01082460675389
vn 0.99995511770248 -0.00076888734475 0.00944683607668
vn 0.99943292140961 0.02381054870784 0.02381055988371
vn 0.99747568368912 0.07096803933382 -0.00240642903373
vn 0.99691861867905 0.07843827456236 -0.0008600896108
vn 0.99952387809753 0.03084895946085 0.00061753875343
vn 0.99962192773819 0.02744433097541 -0.00169434293639
vn 0.99534755945206 0.09593844413757 0.00889019854367
vn 0.99901652336121 0.04178262874484 0.01484205573797
vn 0.98306798934937 0.1662392616272 0.07708302140236
vn 0.98328846693039 0.14634364843369 0.10829252749681
vn 0.9962357878685 0.0714852437377 0.04903236404061
vn 0.99101758003235 0.12891857326031 0.03555302321911
vn 0.97952556610107 0.16861246526241 0.10999826341867
vn 0.99594461917877 0.07018592953682 0.05628727003932
vn 0.9624752998352 0.19188717007637 0.19188717007637
vn 0.97249019145966 0.11989550292492 0.19971953332424
vn 0.99240720272064 0.08697121590376 0.08697136491537
vn 0.97249013185501 0.19971948862076 0.11989568173885
vn 0.97952550649643 0.10999803990126 0.16861239075661
vn 0.99594461917877 0.05628719180822 0.07018600404263
vn 0.98306798934937 0.07708312571049 0.16623897850513
vn 0.99101763963699 0.03555299341679 0.12891809642315
vn 0.9962357878685 0.04903224855661 0.07148529589176
vn 0.98328852653503 0.1082925722003 0.14634338021278
vn 0.99534767866135 0.00889023672789 0.09593781083822
vn 0.99901640415192 0.01484198402613 0.04178295657039
vn 0.99747562408447 -0.00240643136203 0.0709680467844
vn 0.99962186813354 -0.00169434712734 0.02744433656335
vn 0.99952393770218 0.00061761483084 0.03084919042885
vn 0.99691867828369 -0.00085996394046 0.0784380659461
vn 0.99999809265137 -0.00016190770839 -0.00199907808565
vn 0.99999558925629 0.00210812501609 -0.00210812571459
vn 0.99999803304672 0.00199907808565 0.00016190811584
vn 0.99995511770248 -0.00076888571493 -0.00944683328271
vn 0.99993985891342 0.00180948991328 -0.01082460489124
vn 0.99993979930878 0.01082460675389 -0.00180949026253
vn 0.99995511770248 0.00944683514535 0.00076888734475
vn 0.99943292140961 0.02381055988371 -0.02381054870784
vn 0.99747568368912 -0.00240643951111 -0.07096802443266
vn 0.99691861867905 -0.00086016277783 -0.0784379914403
vn 0.99952387809753 0.00061753875343 -0.03084895946085
vn 0.99962192773819 -0.00169434619602 -0.02744433656335
vn 0.9953476190567 0.00889030657709 -0.09593793004751
vn 0.99901652336121 0.01484205573797 -0.04178262874484
vn 0.98306798934937 0.07708302140236 -0.1662392616272
vn 0.98328846693039 0.10829252749681 -0.14634364843369
vn 0.9962357878685 0.04903236404061 -0.0714852437377
vn 0.99101763963699 0.03555320575833 -0.12891833484173
vn 0.97952556610107 0.10999826341867 -0.16861246526241
vn 0.99594461917877 0.05628727003932 -0.07018592953682
vn 0.9624752998352 0.19188717007637 -0.19188717007637
vn 0.97249019145966 0.19971953332424 -0.11989550292492
vn 0.99240720272064 0.08697136491537 -0.08697121590376
vn 0.97249013185501 0.11989568173885 -0.19971948862076
vn 0.97952550649643 0.16861239075661 -0.10999803990126
vn 0.99594461917877 0.07018600404263 -0.05628719180822
vn 0.98306798934937 0.16623888909817 -0.07708320766687
vn 0.99101763963699 0.12891814112663 -0.03555288165808
vn 0.9962357878685 0.07148529589176 -0.04903224855661
vn 0.98328852653503 0.14634338021278 -0.1082925722003
vn 0.9953476190567 0.09593815356493 -0.0088901584968
vn 0.99901640415192 0.04178295657039 -0.01484198402613
vn 0.99747568368912 0.07096794247627 0.00240642647259
vn 0.99962186813354 0.02744433283806 0.00169434386771
vn 0.99952393770218 0.03084919042885 -0.00061761483084
vn 0.99691867828369 0.07843821495771 0.00085987959756
vn 0.98306798934937 -0.07708302140236 0.1662392616272
vn 0.98328846693039 -0.10829252749681 0.14634364843369
vn 0.9962357878685 -0.04903234913945 0.07148503512144
vn 0.99101763963699 -0.03555320575833 0.12891833484173
vn 0.97952556610107 -0.10999826341867 0.16861246526241
vn 0.99594461917877 -0.05628712847829 0.07018560171127
vn 0.99901652336121 -0.01484213210642 0.04178230836987
vn 0.9953476190567 -0.00889030657709 0.09593793004751
vn 0.99943292140961 -0.0238103531301 0.0238103531301
vn 0.9624752998352 -0.19188717007637 0.19188717007637
vn 0.97249019145966 -0.19971953332424 0.11989550292492
vn 0.99240720272064 -0.08697123080492 0.08697109669447
vn 0.97249013185501 -0.11989568173885 0.19971948862076
vn 0.97952550649643 -0.16861239075661 0.10999803990126
vn 0.99594467878342 -0.0701856687665 0.05628705769777
vn 0.98306798934937 -0.16623888909817 0.07708320766687
vn 0.99101763963699 -0.12891814112663 0.03555288165808
vn 0.9962357878685 -0.07148509472609 0.04903223365545
vn 0.98328852653503 -0.14634338021278 0.1082925722003
vn 0.9953476190567 -0.09593815356493 0.0088901584968
vn 0.99901652336121 -0.041782643646 0.01484206225723
vn 0.99747568368912 -0.07096794247627 -0.00240642647259
vn 0.99962186813354 -0.02744433283806 -0.00169434386771
vn 0.99952393770218 -0.0308490768075 0.00061770458706
vn 0.99691867828369 -0.07843821495771 -0.00085987959756
vn 0.99995517730713 -0.00944683793932 -0.00076888751937
vn 0.99993985891342 -0.01082456018776 0.00180964649189
vn 0.99999809265137 0.00016190770839 0.00199907808565
vn 0.99999558925629 -0.00210819137283 0.00210819207132
vn 0.99999803304672 -0.00199907808565 -0.00016190811584
vn 0.99995511770248 0.00076888571493 0.00944683328271
vn 0.99993985891342 -0.00180964777246 0.01082455553114
vn 0.99747568368912 0.00240643951111 0.07096802443266
vn 0.99691861867905 0.00086016277783 0.0784379914403
vn 0.99952387809753 -0.00061763002304 0.03084884397686
vn 0.99962192773819 0.00169434619602 0.02744433656335
vn 0.99747568368912 -0.07096803933382 0.00240642903373
vn 0.99691861867905 -0.07843827456236 0.0008600896108
vn 0.99952387809753 -0.0308488458395 -0.00061762984842
vn 0.99962192773819 -0.02744433097541 0.00169434281997
vn 0.99534755945206 -0.09593844413757 -0.00889019854367
vn 0.99901652336121 -0.04178230836987 -0.01484213583171
vn 0.99993985891342 -0.01082455553114 -0.00180964777246
vn 0.99995511770248 -0.00944683514535 0.00076888554031
vn 0.99943292140961 -0.02381036058068 -0.02381036058068
vn 0.98306798934937 -0.1662392616272 -0.07708302140236
vn 0.98328846693039 -0.14634364843369 -0.10829252749681
vn 0.9962357878685 -0.07148504257202 -0.04903234913945
vn 0.99101758003235 -0.12891857326031 -0.03555302321911
vn 0.97952556610107 -0.16861246526241 -0.10999826341867
vn 0.99594461917877 -0.07018561661243 -0.05628712847829
vn 0.9624752998352 -0.19188717007637 -0.19188717007637
vn 0.97249019145966 -0.11989550292492 -0.19971953332424
vn 0.99240720272064 -0.08697111159563 -0.08697123080492
vn 0.97249013185501 -0.19971948862076 -0.11989568173885
vn 0.97952550649643 -0.10999803990126 -0.16861239075661
vn 0.99594467878342 -0.05628707259893 -0.07018567621708
vn 0.98306798934937 -0.07708312571049 -0.16623897850513
vn 0.99101763963699 -0.03555299341679 -0.12891809642315
vn 0.9962357878685 -0.04903223365545 -0.07148510217667
vn 0.98328852653503 -0.1082925722003 -0.14634338021278
vn 0.99534767866135 -0.00889023672789 -0.09593781083822
vn 0.99901652336121 -0.01484206039459 -0.04178265109658
vn 0.99747562408447 0.00240643136203 -0.0709680467844
vn 0.99962186813354 0.00169434596319 -0.02744433656335
vn 0.99952393770218 -0.00061770371394 -0.03084907494485
vn 0.99691867828369 0.00085996394046 -0.0784380659461
vn 0.99995511770248 0.00076888571493 -0.00944683421403
vn 0.99993985891342 -0.00180964486208 -0.01082456018776
vn 0.99999809265137 -0.00199907855131 0.00016190757742
vn 0.99999558925629 -0.00210819114 -0.00210819137283
vn 0.99999803304672 0.00016190772294 -0.00199907785282
vn 0 -1 0
vn -0.00016190770839 -0.99999809265137 -0.00199907808565
vn 0.00210812501609 -0.99999558925629 -0.00210812571459
vn 0.00199907808565 -0.99999803304672 0.00016190811584
vn -0.00076888571493 -0.99995517730713 -0.00944683421403
vn 0.00180948991328 -0.99993985891342 -0.01082460489124
vn 0.01082460675389 -0.99993979930878 -0.00180949026253
vn 0.00944683514535 -0.99995511770248 0.00076888734475
vn 0.02381055988371 -0.99943292140961 -0.02381054870784
vn -0.00240643951111 -0.99747568368912 -0.07096802443266
vn -0.00086016277783 -0.99691861867905 -0.0784379914403
vn 0.00061753875343 -0.99952387809753 -0.03084895946085
vn -0.00169434619602 -0.99962192773819 -0.02744433656335
vn 0.00889030657709 -0.9953476190567 -0.09593793004751
vn 0.01484205573797 -0.99901652336121 -0.04178262874484
vn 0.07708302140236 -0.98306798934937 -0.1662392616272
vn 0.10829252749681 -0.98328846693039 -0.14634364843369
vn 0.04903236404061 -0.9962357878685 -0.0714852437377
vn 0.03555320575833 -0.99101763963699 -0.12891833484173
vn 0.10999826341867 -0.97952556610107 -0.16861246526241
vn 0.05628727003932 -0.99594461917877 -0.07018592953682
vn 0.19188717007637 -0.9624752998352 -0.19188717007637
vn 0.19971953332424 -0.97249019145966 -0.11989550292492
vn 0.08697136491537 -0.99240720272064 -0.08697121590376
vn 0.11989568173885 -0.97249013185501 -0.19971948862076
vn 0.16861239075661 -0.97952550649643 -0.10999803990126
vn 0.07018600404263 -0.99594461917877 -0.05628719180822
vn 0.16623897850513 -0.98306798934937 -0.07708312571049
vn 0.12891809642315 -0.99101763963699 -0.03555299341679
vn 0.07148529589176 -0.9962357878685 -0.04903224855661
vn 0.14634338021278 -0.98328852653503 -0.1082925722003
vn 0.09593781083822 -0.99534767866135 -0.00889023672789
vn 0.04178295657039 -0.99901640415192 -0.01484198402613
vn 0.0709680467844 -0.99747562408447 0.00240643136203
vn 0.02744433656335 -0.99962186813354 0.00169434712734
vn 0.03084919042885 -0.99952393770218 -0.00061761483084
vn 0.0784380659461 -0.99691867828369 0.00085996394046
vn -0.00199907808565 -0.99999809265137 0.00016190770839
vn -0.00210812571459 -0.99999558925629 -0.00210812501609
vn 0.00016190811584 -0.99999803304672 -0.00199907808565
vn -0.00944683328271 -0.99995511770248 0.00076888571493
vn -0.01082460489124 -0.99993985891342 -0.00180948991328
vn -0.00180949026253 -0.99993979930878 -0.01082460675389
vn 0.00076888734475 -0.99995511770248 -0.00944683607668
vn -0.02381054870784 -0.99943292140961 -0.02381055988371
vn -0.07096802443266 -0.99747568368912 0.00240643951111
vn -0.0784379914403 -0.99691861867905 0.00086016277783
vn -0.03084895946085 -0.99952387809753 -0.00061753875343
vn -0.02744433656335 -0.99962192773819 0.00169434619602
vn -0.09593793004751 -0.9953476190567 -0.00889030657709
vn -0.04178262874484 -0.99901652336121 -0.01484205573797
vn -0.1662392616272 -0.98306798934937 -0.07708302140236
vn -0.14634364843369 -0.98328846693039 -0.10829252749681
vn -0.0714852437377 -0.9962357878685 -0.04903236404061
vn -0.12891833484173 -0.99101763963699 -0.03555320575833
vn -0.16861246526241 -0.97952556610107 -0.10999826341867
vn -0.07018592953682 -0.99594461917877 -0.05628727003932
vn -0.19188717007637 -0.9624752998352 -0.19188717007637
vn -0.11989550292492 -0.97249019145966 -0.19971953332424
vn -0.08697121590376 -0.99240720272064 -0.08697136491537
vn -0.19971948862076 -0.97249013185501 -0.11989568173885
vn -0.10999803990126 -0.97952550649643 -0.16861239075661
vn -0.05628719180822 -0.99594461917877 -0.07018600404263
vn -0.07708312571049 -0.98306798934937 -0.16623897850513
vn -0.03555299341679 -0.99101763963699 -0.12891809642315
vn -0.04903224855661 -0.9962357878685 -0.07148529589176
vn -0.1082925722003 -0.98328852653503 -0.14634338021278
vn -0.00889023672789 -0.99534767866135 -0.09593781083822
vn -0.01484198402613 -0.99901640415192 -0.04178295657039
vn 0.00240643136203 -0.99747562408447 -0.0709680467844
vn 0.00169434712734 -0.99962186813354 -0.02744433656335
vn -0.00061761483084 -0.99952393770218 -0.03084919042885
vn 0.00085996394046 -0.99691867828369 -0.0784380659461
vn 0.1662392616272 -0.98306798934937 0.07708302140236
vn 0.14634364843369 -0.98328846693039 0.10829252749681
vn 0.07148503512144 -0.9962357878685 0.04903234913945
vn 0.12891833484173 -0.99101763963699 0.03555320575833
vn 0.16861246526241 -0.97952556610107 0.10999826341867
vn 0.07018560171127 -0.99594461917877 0.05628712847829
vn 0.04178230836987 -0.99901652336121 0.01484213210642
vn 0.09593793004751 -0.9953476190567 0.00889030657709
vn 0.0238103531301 -0.99943292140961 0.0238103531301
vn 0.19188717007637 -0.9624752998352 0.19188717007637
vn 0.11989550292492 -0.97249019145966 0.19971953332424
vn 0.08697109669447 -0.99240720272064 0.08697123080492
vn 0.19971948862076 -0.97249013185501 0.11989568173885
vn 0.10999803990126 -0.97952550649643 0.16861239075661
vn 0.05628705769777 -0.99594467878342 0.0701856687665
vn 0.07708312571049 -0.98306798934937 0.16623897850513
vn 0.03555299341679 -0.99101763963699 0.12891809642315
vn 0.04903223365545 -0.9962357878685 0.07148509472609
vn 0.1082925722003 -0.98328852653503 0.14634338021278
vn 0.00889023672789 -0.99534767866135 0.09593781083822
vn 0.01484206225723 -0.99901652336121 0.041782643646
vn -0.00240643136203 -0.99747562408447 0.0709680467844
vn -0.00169434712734 -0.99962186813354 0.02744433656335
vn 0.00061770458706 -0.99952393770218 0.0308490768075
vn -0.00085996394046 -0.99691867828369 0.0784380659461
vn -0.00076888740296 -0.99995517730713 0.00944683607668
vn 0.00180964649189 -0.99993985891342 0.01082456018776
vn 0.00199907808565 -0.99999809265137 -0.00016190770839
vn 0.00210819207132 -0.99999558925629 0.00210819137283
vn -0.00016190813039 -0.99999803304672 0.00199907808565
vn 0.00944683328271 -0.99995511770248 -0.00076888571493
vn 0.01082455553114 -0.99993985891342 0.00180964777246
vn 0.07096802443266 -0.99747568368912 -0.00240643951111
vn 0.0784379914403 -0.99691861867905 -0.00086016277783
vn 0.03084884397686 -0.99952387809753 0.00061763002304
vn 0.02744433656335 -0.99962192773819 -0.00169434619602
vn 0.00240643951111 -0.99747568368912 0.07096802443266
vn 0.00086016277783 -0.99691861867905 0.0784379914403
vn -0.00061762984842 -0.99952387809753 0.0308488458395
vn 0.0016943460796 -0.99962192773819 0.02744433656335
vn -0.00889030657709 -0.9953476190567 0.09593793004751
vn -0.01484213583171 -0.99901652336121 0.04178230836987
vn -0.00180964777246 -0.99993985891342 0.01082455553114
vn 0.00076888554031 -0.99995517730713 0.00944683514535
vn -0.02381036058068 -0.99943292140961 0.02381036058068
vn -0.07708302140236 -0.98306798934937 0.1662392616272
vn -0.10829252749681 -0.98328846693039 0.14634364843369
vn -0.04903234913945 -0.9962357878685 0.07148504257202
vn -0.03555320575833 -0.99101763963699 0.12891833484173
vn -0.10999826341867 -0.97952556610107 0.16861246526241
vn -0.05628712847829 -0.99594461917877 0.07018561661243
vn -0.19188717007637 -0.9624752998352 0.19188717007637
vn -0.19971953332424 -0.97249019145966 0.11989550292492
vn -0.08697123080492 -0.99240720272064 0.08697111159563
vn -0.11989568173885 -0.97249013185501 0.19971948862076
vn -0.16861239075661 -0.97952550649643 0.10999803990126
vn -0.07018567621708 -0.99594467878342 0.05628707259893
vn -0.16623897850513 -0.98306798934937 0.07708312571049
vn -0.12891809642315 -0.99101763963699 0.03555299341679
vn -0.07148510217667 -0.9962357878685 0.04903223365545
vn -0.14634338021278 -0.98328852653503 0.1082925722003
vn -0.09593781083822 -0.99534767866135 0.00889023672789
vn -0.04178265109658 -0.99901652336121 0.01484206039459
vn -0.0709680467844 -0.99747562408447 -0.00240643136203
vn -0.02744433656335 -0.99962186813354 -0.00169434596319
vn -0.03084907494485 -0.99952393770218 0.00061770371394
vn -0.0784380659461 -0.99691867828369 -0.00085996394046
vn -0.00944683421403 -0.99995511770248 -0.00076888571493
vn -0.01082456018776 -0.99993985891342 0.00180964486208
vn 0.00016190756287 -0.99999803304672 0.00199907855131
vn -0.00210819137283 -0.99999558925629 0.00210819114
vn -0.00199907785282 -0.99999803304672 -0.00016190772294
vn 0 1 0
vn -0.00016190770839 0.99999809265137 0.00199907808565
vn 0.00210812501609 0.99999558925629 0.00210812571459
vn 0.00199907808565 0.99999803304672 -0.00016190811584
vn -0.00076888571493 0.99995517730713 0.00944683421403
vn 0.00180948991328 0.99993985891342 0.01082460489124
vn 0.01082460675389 0.99993979930878 0.00180949026253
vn 0.00944683514535 0.99995511770248 -0.00076888734475
vn 0.02381055988371 0.99943292140961 0.02381054870784
vn -0.00240643951111 0.99747568368912 0.07096802443266
vn -0.00086016277783 0.99691861867905 0.0784379914403
vn 0.00061753875343 0.99952387809753 0.03084895946085
vn -0.00169434619602 0.99962192773819 0.02744433656335
vn 0.00889030657709 0.9953476190567 0.09593793004751
vn 0.01484205573797 0.99901652336121 0.04178262874484
vn 0.07708302140236 0.98306798934937 0.1662392616272
vn 0.10829252749681 0.98328846693039 0.14634364843369
vn 0.04903236404061 0.9962357878685 0.0714852437377
vn 0.03555320575833 0.99101763963699 0.12891833484173
vn 0.10999826341867 0.97952556610107 0.16861246526241
vn 0.05628727003932 0.99594461917877 0.07018592953682
vn 0.19188717007637 0.9624752998352 0.19188717007637
vn 0.19971953332424 0.97249019145966 0.11989550292492
vn 0.08697136491537 0.99240720272064 0.08697121590376
vn 0.11989568173885 0.97249013185501 0.19971948862076
vn 0.16861239075661 0.97952550649643 0.10999803990126
vn 0.07018600404263 0.99594461917877 0.05628719180822
vn 0.16623897850513 0.98306798934937 0.07708312571049
vn 0.12891809642315 0.99101763963699 0.03555299341679
vn 0.07148529589176 0.9962357878685 0.04903224855661
vn 0.14634338021278 0.98328852653503 0.1082925722003
vn 0.09593781083822 0.99534767866135 0.00889023672789
vn 0.04178295657039 0.99901640415192 0.01484198402613
vn 0.0709680467844 0.99747562408447 -0.00240643136203
vn 0.02744433656335 0.99962186813354 -0.00169434712734
vn 0.03084919042885 0.99952393770218 0.00061761483084
vn 0.0784380659461 0.99691867828369 -0.00085996394046
vn -0.00199907808565 0.99999809265137 -0.00016190770839
vn -0.00210812571459 0.99999558925629 0.00210812501609
vn 0.00016190811584 0.99999803304672 0.00199907808565
vn -0.00944683328271 0.99995511770248 -0.00076888571493
vn -0.01082460489124 0.99993985891342 0.00180948991328
vn -0.00180949026253 0.99993979930878 0.01082460675389
vn 0.00076888734475 0.99995511770248 0.00944683607668
vn -0.02381054870784 0.99943292140961 0.02381055988371
vn -0.07096802443266 0.99747568368912 -0.00240643951111
vn -0.0784379914403 0.99691861867905 -0.00086016277783
vn -0.03084895946085 0.99952387809753 0.00061753875343
vn -0.02744433656335 0.99962192773819 -0.00169434619602
vn -0.09593793004751 0.9953476190567 0.00889030657709
vn -0.04178262874484 0.99901652336121 0.01484205573797
vn -0.1662392616272 0.98306798934937 0.07708302140236
vn -0.14634364843369 0.98328846693039 0.10829252749681
vn -0.0714852437377 0.9962357878685 0.04903236404061
vn -0.12891833484173 0.99101763963699 0.03555320575833
vn -0.16861246526241 0.97952556610107 0.10999826341867
vn -0.07018592953682 0.99594461917877 0.05628727003932
vn -0.19188717007637 0.9624752998352 0.19188717007637
vn -0.11989550292492 0.97249019145966 0.19971953332424
vn -0.08697121590376 0.99240720272064 0.08697136491537
vn -0.19971948862076 0.97249013185501 0.11989568173885
vn -0.10999803990126 0.97952550649643 0.16861239075661
vn -0.05628719180822 0.99594461917877 0.07018600404263
vn -0.07708312571049 0.98306798934937 0.16623897850513
vn -0.03555299341679 0.99101763963699 0.12891809642315
vn -0.04903224855661 0.9962357878685 0.07148529589176
vn -0.1082925722003 0.98328852653503 0.14634338021278
vn -0.00889023672789 0.99534767866135 0.09593781083822
vn -0.01484198402613 0.99901640415192 0.04178295657039
vn 0.00240643136203 0.99747562408447 0.0709680467844
vn 0.00169434712734 0.99962186813354 0.02744433656335
vn -0.00061761483084 0.99952393770218 0.03084919042885
vn 0.00085996394046 0.99691867828369 0.0784380659461
vn 0.1662392616272 0.98306798934937 -0.07708302140236
vn 0.14634364843369 0.98328846693039 -0.10829252749681
vn 0.07148503512144 0.9962357878685 -0.04903234913945
vn 0.12891833484173 0.99101763963699 -0.03555320575833
vn 0.16861246526241 0.97952556610107 -0.10999826341867
vn 0.07018560171127 0.99594461917877 -0.05628712847829
vn 0.04178230836987 0.99901652336121 -0.01484213210642
vn 0.09593793004751 0.9953476190567 -0.00889030657709
vn 0.0238103531301 0.99943292140961 -0.0238103531301
vn 0.19188717007637 0.9624752998352 -0.19188717007637
vn 0.11989550292492 0.97249019145966 -0.19971953332424
vn 0.08697109669447 0.99240720272064 -0.08697123080492
vn 0.19971948862076 0.97249013185501 -0.11989568173885
vn 0.10999803990126 0.97952550649643 -0.16861239075661
vn 0.05628705769777 0.99594467878342 -0.0701856687665
vn 0.07708312571049 0.98306798934937 -0.16623897850513
vn 0.03555299341679 0.99101763963699 -0.12891809642315
vn 0.04903223365545 0.9962357878685 -0.07148509472609
vn 0.1082925722003 0.98328852653503 -0.14634338021278
vn 0.00889023672789 0.99534767866135 -0.09593781083822
vn 0.01484206225723 0.99901652336121 -0.041782643646
vn -0.00240643136203 0.99747562408447 -0.0709680467844
vn -0.00169434712734 0.99962186813354 -0.02744433656335
vn 0.00061770458706 0.99952393770218 -0.0308490768075
vn -0.00085996394046 0.99691867828369 -0.0784380659461
vn -0.00076888740296 0.99995517730713 -0.00944683607668
vn 0.00180964649189 0.99993985891342 -0.01082456018776
vn 0.00199907808565 0.99999809265137 0.00016190770839
vn 0.00210819207132 0.99999558925629 -0.00210819137283
vn -0.00016190813039 0.99999803304672 -0.00199907808565
vn 0.00944683328271 0.99995511770248 0.00076888571493
vn 0.01082455553114 0.99993985891342 -0.00180964777246
vn 0.07096802443266 0.99747568368912 0.00240643951111
vn 0.0784379914403 0.99691861867905 0.00086016277783
vn 0.03084884397686 0.99952387809753 -0.00061763002304
vn 0.02744433656335 0.99962192773819 0.00169434619602
vn 0.00240643951111 0.99747568368912 -0.07096802443266
vn 0.00086016277783 0.99691861867905 -0.0784379914403
vn -0.00061762984842 0.99952387809753 -0.0308488458395
vn 0.0016943460796 0.99962192773819 -0.02744433656335
vn -0.00889030657709 0.9953476190567 -0.09593793004751
vn -0.01484213583171 0.99901652336121 -0.04178230836987
vn -0.00180964777246 0.99993985891342 -0.01082455553114
vn 0.00076888554031 0.99995517730713 -0.00944683514535
vn -0.02381036058068 0.99943292140961 -0.02381036058068
vn -0.07708302140236 0.98306798934937 -0.1662392616272
vn -0.10829252749681 0.98328846693039 -0.14634364843369
vn -0.04903234913945 0.9962357878685 -0.07148504257202
vn -0.03555320575833 0.99101763963699 -0.12891833484173
vn -0.10999826341867 0.97952556610107 -0.16861246526241
vn -0.05628712847829 0.99594461917877 -0.07018561661243
vn -0.19188717007637 0.9624752998352 -0.19188717007637
vn -0.19971953332424 0.97249019145966 -0.11989550292492
vn -0.08697123080492 0.99240720272064 -0.08697111159563
vn -0.11989568173885 0.97249013185501 -0.19971948862076
vn -0.16861239075661 0.97952550649643 -0.10999803990126
vn -0.07018567621708 0.99594467878342 -0.05628707259893
vn -0.16623897850513 0.98306798934937 -0.07708312571049
vn -0.12891809642315 0.99101763963699 -0.03555299341679
vn -0.07148510217667 0.9962357878685 -0.04903223365545
vn -0.14634338021278 0.98328852653503 -0.1082925722003
vn -0.09593781083822 0.99534767866135 -0.00889023672789
vn -0.04178265109658 0.99901652336121 -0.01484206039459
vn -0.0709680467844 0.99747562408447 0.00240643136203
vn -0.02744433656335 0.99962186813354 0.00169434596319
vn -0.03084907494485 0.99952393770218 -0.00061770371394
vn -0.0784380659461 0.99691867828369 0.00085996394046
vn -0.00944683421403 0.99995511770248 0.00076888571493
vn -0.01082456018776 0.99993985891342 -0.00180964486208
vn 0.00016190756287 0.99999803304672 -0.00199907855131
vn -0.00210819137283 0.99999558925629 -0.00210819114
vn -0.00199907785282 0.99999803304672 0.00016190772294
vn 0.90888631343842 0.20917803049088 -0.36079117655754
vn 0.90601944923401 0.29927268624306 -0.29927340149879
vn 0.9222252368927 0.1990383118391 -0.33148798346519
vn 0.7754619717598 0.35883119702339 -0.51951801776886
vn 0.78404867649078 0.43890008330345 -0.43890151381493
vn 0.67845433950424 0.28177911043167 -0.67845433950424
vn 0.95705354213715 0.09298222512007 -0.27459591627121
vn 0.94067943096161 0.17864927649498 -0.28845563530922
vn 0.89125913381577 0.09471205621958 -0.44349399209023
vn 0.84067785739899 0.19701939821243 -0.50442457199097
vn 0.70624047517776 0.04955687001348 -0.70623552799225
vn 0.61667895317078 0.07208522409201 -0.78390741348267
vn 0.70015048980713 0.13993528485298 -0.70014822483063
vn 0.78391033411026 0.07208492606878 -0.61667531728745
vn 0.44349434971809 0.09471265226603 -0.8912587761879
vn 0.50442481040955 0.19701960682869 -0.84067761898041
vn 0.28845515847206 0.17864920198917 -0.9406795501709
vn 0.27459514141083 0.09298256784678 -0.95705366134644
vn 0.331487596035 0.19903765618801 -0.92222553491592
vn 0.29927268624306 0.29927340149879 -0.90601944923401
vn 0.36079043149948 0.20917771756649 -0.90888667106628
vn 0.43890008330345 0.43890151381493 -0.78404867649078
vn 0.51951777935028 0.35883161425591 -0.77546191215515
vn 0.57735025882721 0.57735025882721 -0.57735025882721
vn 0.64304256439209 0.54152351617813 -0.54152417182922
vn 0.61826545000076 0.48527958989143 -0.61826503276825
vn 0.54152351617813 0.54152417182922 -0.64304256439209
vn 0.20917803049088 -0.90888631343842 -0.36079117655754
vn 0.29927268624306 -0.90601944923401 -0.29927340149879
vn 0.1990383118391 -0.9222252368927 -0.33148798346519
vn 0.35883119702339 -0.7754619717598 -0.51951801776886
vn 0.43890008330345 -0.78404867649078 -0.43890151381493
vn 0.28177911043167 -0.67845433950424 -0.67845433950424
vn 0.09298222512007 -0.95705354213715 -0.27459591627121
vn 0.17864927649498 -0.94067943096161 -0.28845563530922
vn 0.09471205621958 -0.89125913381577 -0.44349399209023
vn 0.19701939821243 -0.84067785739899 -0.50442457199097
vn 0.04955687001348 -0.70624047517776 -0.70623552799225
vn 0.07208522409201 -0.61667895317078 -0.78390741348267
vn 0.13993528485298 -0.70015048980713 -0.70014822483063
vn 0.07208492606878 -0.78391033411026 -0.61667531728745
vn 0.09471265226603 -0.44349434971809 -0.8912587761879
vn 0.19701960682869 -0.50442481040955 -0.84067761898041
vn 0.17864920198917 -0.28845515847206 -0.9406795501709
vn 0.09298256784678 -0.27459514141083 -0.95705366134644
vn 0.19903765618801 -0.331487596035 -0.92222553491592
vn 0.29927340149879 -0.29927268624306 -0.90601944923401
vn 0.20917771756649 -0.36079043149948 -0.90888667106628
vn 0.43890151381493 -0.43890008330345 -0.78404867649078
vn 0.35883161425591 -0.51951777935028 -0.77546191215515
vn 0.57735025882721 -0.57735025882721 -0.57735025882721
vn 0.54152351617813 -0.64304256439209 -0.54152417182922
vn 0.48527958989143 -0.61826545000076 -0.61826503276825
vn 0.54152417182922 -0.54152351617813 -0.64304256439209
vn -0.20917803049088 0.90888631343842 -0.36079117655754
vn -0.29927268624306 0.90601944923401 -0.29927340149879
vn -0.1990383118391 0.9222252368927 -0.33148798346519
vn -0.35883119702339 0.7754619717598 -0.51951801776886
vn -0.43890008330345 0.78404867649078 -0.43890151381493
vn -0.28177911043167 0.67845433950424 -0.67845433950424
vn -0.09298222512007 0.95705354213715 -0.27459591627121
vn -0.17864927649498 0.94067943096161 -0.28845563530922
vn -0.09471205621958 0.89125913381577 -0.44349399209023
vn -0.19701939821243 0.84067785739899 -0.50442457199097
vn -0.04955687001348 0.70624047517776 -0.70623552799225
vn -0.07208522409201 0.61667895317078 -0.78390741348267
vn -0.13993528485298 0.70015048980713 -0.70014822483063
vn -0.07208492606878 0.78391033411026 -0.61667531728745
vn -0.09471265226603 0.44349434971809 -0.8912587761879
vn -0.19701960682869 0.50442481040955 -0.84067761898041
vn -0.17864920198917 0.28845515847206 -0.9406795501709
vn -0.09298256784678 0.27459514141083 -0.95705366134644
vn -0.19903765618801 0.331487596035 -0.92222553491592
vn -0.29927340149879 0.29927268624306 -0.90601944923401
vn -0.20917771756649 0.36079043149948 -0.90888667106628
vn -0.43890151381493 0.43890008330345 -0.78404867649078
vn -0.35883161425591 0.51951777935028 -0.77546191215515
vn -0.57735025882721 0.57735025882721 -0.57735025882721
vn -0.54152351617813 0.64304256439209 -0.54152417182922
vn -0.48527958989143 0.61826545000076 -0.61826503276825
vn -0.54152417182922 0.54152351617813 -0.64304256439209
vn -0.90888631343842 -0.20917803049088 -0.36079117655754
vn -0.90601944923401 -0.29927268624306 -0.29927340149879
vn -0.9222252368927 -0.1990383118391 -0.33148798346519
vn -0.7754619717598 -0.35883119702339 -0.51951801776886
vn -0.78404867649078 -0.43890008330345 -0.43890151381493
vn -0.67845433950424 -0.28177911043167 -0.67845433950424
vn -0.95705354213715 -0.09298222512007 -0.27459591627121
vn -0.94067943096161 -0.17864927649498 -0.28845563530922
vn -0.89125913381577 -0.09471205621958 -0.44349399209023
vn -0.84067785739899 -0.19701939821243 -0.50442457199097
vn -0.70624047517776 -0.04955687001348 -0.70623552799225
vn -0.61667895317078 -0.07208522409201 -0.78390741348267
vn -0.70015048980713 -0.13993528485298 -0.70014822483063
vn -0.78391033411026 -0.07208492606878 -0.61667531728745
vn -0.44349434971809 -0.09471265226603 -0.8912587761879
vn -0.50442481040955 -0.19701960682869 -0.84067761898041
vn -0.28845515847206 -0.17864920198917 -0.9406795501709
vn -0.27459514141083 -0.09298256784678 -0.95705366134644
vn -0.331487596035 -0.19903765618801 -0.92222553491592
vn -0.29927268624306 -0.29927340149879 -0.90601944923401
vn -0.36079043149948 -0.20917771756649 -0.90888667106628
vn -0.43890008330345 -0.43890151381493 -0.78404867649078
vn -0.51951777935028 -0.35883161425591 -0.77546191215515
vn -0.57735025882721 -0.57735025882721 -0.57735025882721
vn -0.64304256439209 -0.54152351617813 -0.54152417182922
vn -0.61826545000076 -0.48527958989143 -0.61826503276825
vn -0.54152351617813 -0.54152417182922 -0.64304256439209
vn -0.36079117655754 0.90888631343842 0.20917803049088
vn -0.29927340149879 0.90601944923401 0.29927268624306
vn -0.33148798346519 0.9222252368927 0.1990383118391
vn -0.51951801776886 0.7754619717598 0.35883119702339
vn -0.43890151381493 0.78404867649078 0.43890008330345
vn -0.67845433950424 0.67845433950424 0.28177911043167
vn -0.27459591627121 0.95705354213715 0.09298222512007
vn -0.28845563530922 0.94067943096161 0.17864927649498
vn -0.4434939622879 0.89125913381577 0.09471205621958
vn -0.50442457199097 0.84067785739899 0.19701939821243
vn -0.7062354683876 0.70624041557312 0.04955686628819
vn -0.78390741348267 0.61667895317078 0.07208522409201
vn -0.70014822483063 0.70015048980713 0.13993526995182
vn -0.61667531728745 0.78391033411026 0.07208492606878
vn -0.8912587761879 0.44349434971809 0.09471265226603
vn -0.84067761898041 0.50442481040955 0.19701960682869
vn -0.9406795501709 0.28845515847206 0.17864920198917
vn -0.95705366134644 0.27459514141083 0.09298256784678
vn -0.92222559452057 0.331487596035 0.19903765618801
vn -0.90601944923401 0.29927268624306 0.29927340149879
vn -0.90888661146164 0.36079040169716 0.20917771756649
vn -0.78404867649078 0.43890008330345 0.43890151381493
vn -0.77546191215515 0.51951777935028 0.35883161425591
vn -0.57735025882721 0.57735025882721 0.57735025882721
vn -0.54152417182922 0.64304256439209 0.54152351617813
vn -0.61826503276825 0.61826545000076 0.48527958989143
vn -0.64304256439209 0.54152351617813 0.54152417182922
vn -0.36079117655754 -0.20917803049088 0.90888631343842
vn -0.29927340149879 -0.29927268624306 0.90601944923401
vn -0.33148798346519 -0.1990383118391 0.9222252368927
vn -0.51951801776886 -0.35883119702339 0.7754619717598
vn -0.43890151381493 -0.43890008330345 0.78404867649078
vn -0.67845433950424 -0.28177911043167 0.67845433950424
vn -0.27459591627121 -0.09298222512007 0.95705354213715
vn -0.28845563530922 -0.17864927649498 0.94067943096161
vn -0.44349399209023 -0.09471206367016 0.89125913381577
vn -0.50442457199097 -0.19701939821243 0.84067785739899
vn -0.70623552799225 -0.04955687001348 0.70624047517776
vn -0.78390741348267 -0.07208522409201 0.61667895317078
vn -0.70014816522598 -0.13993526995182 0.70015048980713
vn -0.61667531728745 -0.07208493351936 0.78391033411026
vn -0.89125883579254 -0.09471266716719 0.44349437952042
vn -0.84067767858505 -0.19701963663101 0.50442487001419
vn -0.9406795501709 -0.17864920198917 0.28845515847206
vn -0.95705366134644 -0.09298256784678 0.27459514141083
vn -0.92222559452057 -0.19903765618801 0.331487596035
vn -0.90601944923401 -0.29927340149879 0.29927268624306
vn -0.90888661146164 -0.20917771756649 0.36079040169716
vn -0.78404867649078 -0.43890151381493 0.43890008330345
vn -0.77546185255051 -0.35883158445358 0.51951777935028
vn -0.57735025882721 -0.57735025882721 0.57735025882721
vn -0.54152417182922 -0.54152351617813 0.64304256439209
vn -0.61826503276825 -0.48527953028679 0.61826545000076
vn -0.64304256439209 -0.54152417182922 0.54152351617813
vn 0.20917803049088 0.90888631343842 0.36079117655754
vn 0.29927268624306 0.90601944923401 0.29927340149879
vn 0.1990383118391 0.9222252368927 0.33148798346519
vn 0.35883119702339 0.7754619717598 0.51951801776886
vn 0.43890008330345 0.78404867649078 0.43890151381493
vn 0.28177911043167 0.67845433950424 0.67845433950424
vn 0.09298222512007 0.95705354213715 0.27459591627121
vn 0.17864927649498 0.94067943096161 0.28845563530922
vn 0.09471205621958 0.89125913381577 0.44349399209023
vn 0.19701939821243 0.84067785739899 0.50442457199097
vn 0.04955687001348 0.70624047517776 0.70623552799225
vn 0.07208522409201 0.61667895317078 0.78390741348267
vn 0.13993528485298 0.70015048980713 0.70014822483063
vn 0.07208492606878 0.78391033411026 0.61667531728745
vn 0.09471265226603 0.44349434971809 0.8912587761879
vn 0.19701960682869 0.50442481040955 0.84067761898041
vn 0.17864920198917 0.28845515847206 0.9406795501709
vn 0.09298256784678 0.27459514141083 0.95705366134644
vn 0.19903765618801 0.331487596035 0.92222553491592
vn 0.29927340149879 0.29927268624306 0.90601944923401
vn 0.20917771756649 0.36079043149948 0.90888667106628
vn 0.43890151381493 0.43890008330345 0.78404867649078
vn 0.35883161425591 0.51951777935028 0.77546191215515
vn 0.57735025882721 0.57735025882721 0.57735025882721
vn 0.54152351617813 0.64304256439209 0.54152417182922
vn 0.48527958989143 0.61826545000076 0.61826503276825
vn 0.54152417182922 0.54152351617813 0.64304256439209
vn 0.90888631343842 -0.20917803049088 0.36079117655754
vn 0.90601944923401 -0.29927268624306 0.29927340149879
vn 0.9222252368927 -0.1990383118391 0.33148798346519
vn 0.7754619717598 -0.35883119702339 0.51951801776886
vn 0.78404867649078 -0.43890008330345 0.43890151381493
vn 0.67845433950424 -0.28177911043167 0.67845433950424
vn 0.95705354213715 -0.09298222512007 0.27459591627121
vn 0.94067943096161 -0.17864927649498 0.28845563530922
vn 0.89125913381577 -0.09471205621958 0.44349399209023
vn 0.84067785739899 -0.19701939821243 0.50442457199097
vn 0.70624047517776 -0.04955687001348 0.70623552799225
vn 0.61667895317078 -0.07208522409201 0.78390741348267
vn 0.70015048980713 -0.13993528485298 0.70014822483063
vn 0.78391033411026 -0.07208492606878 0.61667531728745
vn 0.44349434971809 -0.09471265226603 0.8912587761879
vn 0.50442481040955 -0.19701960682869 0.84067761898041
vn 0.28845515847206 -0.17864920198917 0.9406795501709
vn 0.27459514141083 -0.09298256784678 0.95705366134644
vn 0.331487596035 -0.19903765618801 0.92222553491592
vn 0.29927268624306 -0.29927340149879 0.90601944923401
vn 0.36079043149948 -0.20917771756649 0.90888667106628
vn 0.43890008330345 -0.43890151381493 0.78404867649078
vn 0.51951777935028 -0.35883161425591 0.77546191215515
vn 0.57735025882721 -0.57735025882721 0.57735025882721
vn 0.64304256439209 -0.54152351617813 0.54152417182922
vn 0.61826545000076 -0.48527958989143 0.61826503276825
vn 0.54152351617813 -0.54152417182922 0.64304256439209
vn 0.20917803049088 0.36079117655754 -0.90888631343842
vn 0.1990383118391 0.33148798346519 -0.9222252368927
vn 0.35883119702339 0.51951801776886 -0.7754619717598
vn 0.28177893161774 0.67845439910889 -0.67845439910889
vn 0.0929823294282 0.27459532022476 -0.95705354213715
vn 0.17864939570427 0.28845542669296 -0.94067949056625
vn 0.09471234679222 0.44349533319473 -0.89125835895538
vn 0.19701942801476 0.50442552566528 -0.84067720174789
vn 0.04955598339438 0.70623803138733 -0.70623803138733
vn 0.0720849186182 0.78390866518021 -0.61667740345001
vn 0.13993547856808 0.7001496553421 -0.70014899969101
vn 0.07208495587111 0.61667841672897 -0.78390789031982
vn 0.09471217542887 0.89125871658325 -0.44349467754364
vn 0.19701908528805 0.84067749977112 -0.50442516803741
vn 0.17864911258221 0.94067949056625 -0.28845536708832
vn 0.09298228472471 0.95705354213715 -0.27459579706192
vn 0.19903765618801 0.92222559452057 -0.331487596035
vn 0.29927340149879 0.90601944923401 -0.29927268624306
vn 0.20917771756649 0.90888661146164 -0.36079040169716
vn 0.43890151381493 0.78404867649078 -0.43890008330345
vn 0.35883158445358 0.77546185255051 -0.51951777935028
vn 0.48527953028679 0.61826503276825 -0.61826545000076
vn 0.54152417182922 0.64304256439209 -0.54152351617813
vn 0.36079117655754 0.90888631343842 -0.20917803049088
vn 0.33148798346519 0.9222252368927 -0.1990383118391
vn 0.51951801776886 0.7754619717598 -0.35883119702339
vn 0.67845433950424 0.67845433950424 -0.28177911043167
vn 0.27459591627121 0.95705354213715 -0.09298222512007
vn 0.28845563530922 0.94067943096161 -0.17864927649498
vn 0.4434939622879 0.89125913381577 -0.09471205621958
vn 0.50442457199097 0.84067785739899 -0.19701939821243
vn 0.7062354683876 0.70624041557312 -0.04955686628819
vn 0.78390741348267 0.61667895317078 -0.07208522409201
vn 0.70014822483063 0.70015048980713 -0.13993526995182
vn 0.61667531728745 0.78391033411026 -0.07208492606878
vn 0.8912587761879 0.44349434971809 -0.09471265226603
vn 0.84067761898041 0.50442481040955 -0.19701960682869
vn 0.9406795501709 0.28845515847206 -0.17864920198917
vn 0.95705366134644 0.27459514141083 -0.09298256784678
vn 0.92222559452057 0.331487596035 -0.19903765618801
vn 0.90888661146164 0.36079040169716 -0.20917771756649
vn 0.77546191215515 0.51951777935028 -0.35883161425591
vn 0.61826503276825 0.61826545000076 -0.48527958989143
vn 0.20917803049088 -0.36079117655754 0.90888631343842
vn 0.1990383118391 -0.33148798346519 0.9222252368927
vn 0.35883119702339 -0.51951801776886 0.7754619717598
vn 0.28177893161774 -0.67845439910889 0.67845439910889
vn 0.0929823294282 -0.27459532022476 0.95705354213715
vn 0.17864939570427 -0.28845542669296 0.94067949056625
vn 0.09471234679222 -0.44349533319473 0.89125835895538
vn 0.19701942801476 -0.50442552566528 0.84067720174789
vn 0.04955598339438 -0.70623803138733 0.70623803138733
vn 0.0720849186182 -0.78390866518021 0.61667740345001
vn 0.13993547856808 -0.7001496553421 0.70014899969101
vn 0.07208495587111 -0.61667841672897 0.78390789031982
vn 0.09471217542887 -0.89125871658325 0.44349467754364
vn 0.19701908528805 -0.84067749977112 0.50442516803741
vn 0.17864911258221 -0.94067949056625 0.28845536708832
vn 0.09298228472471 -0.95705354213715 0.27459579706192
vn 0.19903765618801 -0.92222559452057 0.331487596035
vn 0.29927340149879 -0.90601944923401 0.29927268624306
vn 0.20917771756649 -0.90888661146164 0.36079040169716
vn 0.43890151381493 -0.78404867649078 0.43890008330345
vn 0.35883158445358 -0.77546185255051 0.51951777935028
vn 0.48527953028679 -0.61826503276825 0.61826545000076
vn 0.54152417182922 -0.64304256439209 0.54152351617813
vn 0.36079117655754 -0.90888631343842 0.20917803049088
vn 0.33148798346519 -0.9222252368927 0.1990383118391
vn 0.51951801776886 -0.7754619717598 0.35883119702339
vn 0.67845433950424 -0.67845433950424 0.28177911043167
vn 0.27459591627121 -0.95705354213715 0.09298222512007
vn 0.28845563530922 -0.94067943096161 0.17864927649498
vn 0.4434939622879 -0.89125913381577 0.09471205621958
vn 0.50442457199097 -0.84067785739899 0.19701939821243
vn 0.7062354683876 -0.70624041557312 0.04955686628819
vn 0.78390741348267 -0.61667895317078 0.07208522409201
vn 0.70014822483063 -0.70015048980713 0.13993526995182
vn 0.61667531728745 -0.78391033411026 0.07208492606878
vn 0.8912587761879 -0.44349434971809 0.09471265226603
vn 0.84067761898041 -0.50442481040955 0.19701960682869
vn 0.9406795501709 -0.28845515847206 0.17864920198917
vn 0.95705366134644 -0.27459514141083 0.09298256784678
vn 0.92222559452057 -0.331487596035 0.19903765618801
vn 0.90888661146164 -0.36079040169716 0.20917771756649
vn 0.77546191215515 -0.51951777935028 0.35883161425591
vn 0.61826503276825 -0.61826545000076 0.48527958989143
vn 0.36079117655754 -0.20917803049088 -0.90888631343842
vn 0.33148798346519 -0.1990383118391 -0.9222252368927
vn 0.51951801776886 -0.35883119702339 -0.7754619717598
vn 0.67845439910889 -0.28177893161774 -0.67845439910889
vn 0.27459532022476 -0.0929823294282 -0.95705354213715
vn 0.28845542669296 -0.17864939570427 -0.94067949056625
vn 0.44349533319473 -0.09471234679222 -0.89125835895538
vn 0.50442552566528 -0.19701942801476 -0.84067720174789
vn 0.70623803138733 -0.04955598339438 -0.70623803138733
vn 0.78390866518021 -0.0720849186182 -0.61667740345001
vn 0.7001496553421 -0.13993547856808 -0.70014899969101
vn 0.61667841672897 -0.07208495587111 -0.78390789031982
vn 0.89125871658325 -0.09471217542887 -0.44349467754364
vn 0.84067749977112 -0.19701908528805 -0.50442516803741
vn 0.94067949056625 -0.17864911258221 -0.28845536708832
vn 0.95705354213715 -0.09298228472471 -0.27459579706192
vn 0.92222559452057 -0.19903765618801 -0.331487596035
vn 0.90601944923401 -0.29927340149879 -0.29927268624306
vn 0.90888661146164 -0.20917771756649 -0.36079040169716
vn 0.78404867649078 -0.43890151381493 -0.43890008330345
vn 0.77546185255051 -0.35883158445358 -0.51951777935028
vn 0.61826503276825 -0.48527953028679 -0.61826545000076
vn 0.64304256439209 -0.54152417182922 -0.54152351617813
vn 0.90888631343842 -0.36079117655754 -0.20917803049088
vn 0.9222252368927 -0.33148798346519 -0.1990383118391
vn 0.7754619717598 -0.51951801776886 -0.35883119702339
vn 0.67845433950424 -0.67845439910889 -0.28177893161774
vn 0.95705366134644 -0.27459535002708 -0.09298233687878
vn 0.94067949056625 -0.28845542669296 -0.17864939570427
vn 0.89125835895538 -0.44349533319473 -0.09471234679222
vn 0.84067720174789 -0.50442552566528 -0.19701942801476
vn 0.70623803138733 -0.70623803138733 -0.04955598339438
vn 0.61667740345001 -0.78390866518021 -0.0720849186182
vn 0.70014899969101 -0.7001496553421 -0.13993546366692
vn 0.78390789031982 -0.61667841672897 -0.07208495587111
vn 0.44349467754364 -0.89125871658325 -0.09471217542887
vn 0.50442522764206 -0.84067761898041 -0.19701910018921
vn 0.28845536708832 -0.94067949056625 -0.17864911258221
vn 0.27459579706192 -0.95705354213715 -0.09298228472471
vn 0.331487596035 -0.92222559452057 -0.19903765618801
vn 0.36079040169716 -0.90888661146164 -0.20917771756649
vn 0.51951777935028 -0.77546191215515 -0.35883161425591
vn 0.61826545000076 -0.61826503276825 -0.48527958989143
vn -0.36079117655754 0.20917803049088 -0.90888631343842
vn -0.33148798346519 0.1990383118391 -0.9222252368927
vn -0.51951801776886 0.35883119702339 -0.7754619717598
vn -0.67845439910889 0.28177893161774 -0.67845439910889
vn -0.27459532022476 0.0929823294282 -0.95705354213715
vn -0.28845542669296 0.17864939570427 -0.94067949056625
vn -0.44349533319473 0.09471234679222 -0.89125835895538
vn -0.50442552566528 0.19701942801476 -0.84067720174789
vn -0.70623803138733 0.04955598339438 -0.70623803138733
vn -0.78390866518021 0.0720849186182 -0.61667740345001
vn -0.7001496553421 0.13993547856808 -0.70014899969101
vn -0.61667841672897 0.07208495587111 -0.78390789031982
vn -0.89125871658325 0.09471217542887 -0.44349467754364
vn -0.84067749977112 0.19701908528805 -0.50442516803741
vn -0.94067949056625 0.17864911258221 -0.28845536708832
vn -0.95705354213715 0.09298228472471 -0.27459579706192
vn -0.92222559452057 0.19903765618801 -0.331487596035
vn -0.90601944923401 0.29927340149879 -0.29927268624306
vn -0.90888661146164 0.20917771756649 -0.36079040169716
vn -0.78404867649078 0.43890151381493 -0.43890008330345
vn -0.77546185255051 0.35883158445358 -0.51951777935028
vn -0.61826503276825 0.48527953028679 -0.61826545000076
vn -0.64304256439209 0.54152417182922 -0.54152351617813
vn -0.90888631343842 0.36079117655754 -0.20917803049088
vn -0.9222252368927 0.33148798346519 -0.1990383118391
vn -0.7754619717598 0.51951801776886 -0.35883119702339
vn -0.67845433950424 0.67845439910889 -0.28177893161774
vn -0.95705366134644 0.27459535002708 -0.09298233687878
vn -0.94067949056625 0.28845542669296 -0.17864939570427
vn -0.89125835895538 0.44349533319473 -0.09471234679222
vn -0.84067720174789 0.50442552566528 -0.19701942801476
vn -0.70623803138733 0.70623803138733 -0.04955598339438
vn -0.61667740345001 0.78390866518021 -0.0720849186182
vn -0.70014899969101 0.7001496553421 -0.13993546366692
vn -0.78390789031982 0.61667841672897 -0.07208495587111
vn -0.44349467754364 0.89125871658325 -0.09471217542887
vn -0.50442522764206 0.84067761898041 -0.19701910018921
vn -0.28845536708832 0.94067949056625 -0.17864911258221
vn -0.27459579706192 0.95705354213715 -0.09298228472471
vn -0.331487596035 0.92222559452057 -0.19903765618801
vn -0.36079040169716 0.90888661146164 -0.20917771756649
vn -0.51951777935028 0.77546191215515 -0.35883161425591
vn -0.61826545000076 0.61826503276825 -0.48527958989143
vn -0.20917803049088 -0.36079117655754 -0.90888631343842
vn -0.1990383118391 -0.33148798346519 -0.9222252368927
vn -0.35883119702339 -0.51951801776886 -0.7754619717598
vn -0.28177893161774 -0.67845439910889 -0.67845439910889
vn -0.0929823294282 -0.27459532022476 -0.95705354213715
vn -0.17864939570427 -0.28845542669296 -0.94067949056625
vn -0.09471234679222 -0.44349533319473 -0.89125835895538
vn -0.19701942801476 -0.50442552566528 -0.84067720174789
vn -0.04955598339438 -0.70623803138733 -0.70623803138733
vn -0.0720849186182 -0.78390866518021 -0.61667740345001
vn -0.13993547856808 -0.7001496553421 -0.70014899969101
vn -0.07208495587111 -0.61667841672897 -0.78390789031982
vn -0.09471217542887 -0.89125871658325 -0.44349467754364
vn -0.19701908528805 -0.84067749977112 -0.50442516803741
vn -0.17864911258221 -0.94067949056625 -0.28845536708832
vn -0.09298228472471 -0.95705354213715 -0.27459579706192
vn -0.19903765618801 -0.92222559452057 -0.331487596035
vn -0.29927340149879 -0.90601944923401 -0.29927268624306
vn -0.20917771756649 -0.90888661146164 -0.36079040169716
vn -0.43890151381493 -0.78404867649078 -0.43890008330345
vn -0.35883158445358 -0.77546185255051 -0.51951777935028
vn -0.48527953028679 -0.61826503276825 -0.61826545000076
vn -0.54152417182922 -0.64304256439209 -0.54152351617813
vn -0.36079117655754 -0.90888631343842 -0.20917803049088
vn -0.33148798346519 -0.9222252368927 -0.1990383118391
vn -0.51951801776886 -0.7754619717598 -0.35883119702339
vn -0.67845433950424 -0.67845433950424 -0.28177911043167
vn -0.27459591627121 -0.95705354213715 -0.09298222512007
vn -0.28845563530922 -0.94067943096161 -0.17864927649498
vn -0.4434939622879 -0.89125913381577 -0.09471205621958
vn -0.50442457199097 -0.84067785739899 -0.19701939821243
vn -0.7062354683876 -0.70624041557312 -0.04955686628819
vn -0.78390741348267 -0.61667895317078 -0.07208522409201
vn -0.70014822483063 -0.70015048980713 -0.13993526995182
vn -0.61667531728745 -0.78391033411026 -0.07208492606878
vn -0.8912587761879 -0.44349434971809 -0.09471265226603
vn -0.84067761898041 -0.50442481040955 -0.19701960682869
vn -0.9406795501709 -0.28845515847206 -0.17864920198917
vn -0.95705366134644 -0.27459514141083 -0.09298256784678
vn -0.92222559452057 -0.331487596035 -0.19903765618801
vn -0.90888661146164 -0.36079040169716 -0.20917771756649
vn -0.77546191215515 -0.51951777935028 -0.35883161425591
vn -0.61826503276825 -0.61826545000076 -0.48527958989143
vn -0.90888631343842 0.20917803049088 0.36079117655754
vn -0.9222252368927 0.1990383118391 0.33148798346519
vn -0.7754619717598 0.35883119702339 0.51951801776886
vn -0.67845433950424 0.28177893161774 0.67845439910889
vn -0.95705366134644 0.09298233687878 0.27459535002708
vn -0.94067949056625 0.17864939570427 0.28845542669296
vn -0.89125835895538 0.09471234679222 0.44349533319473
vn -0.84067720174789 0.19701942801476 0.50442552566528
vn -0.70623803138733 0.04955598339438 0.70623803138733
vn -0.61667734384537 0.07208491116762 0.78390860557556
vn -0.70014899969101 0.13993547856808 0.7001496553421
vn -0.78390789031982 0.07208495587111 0.61667841672897
vn -0.44349467754364 0.09471218287945 0.89125871658325
vn -0.50442516803741 0.19701908528805 0.84067755937576
vn -0.28845536708832 0.17864911258221 0.94067949056625
vn -0.27459579706192 0.09298228472471 0.95705354213715
vn -0.331487596035 0.19903765618801 0.92222553491592
vn -0.29927268624306 0.29927340149879 0.90601944923401
vn -0.36079043149948 0.20917771756649 0.90888667106628
vn -0.43890008330345 0.43890151381493 0.78404867649078
vn -0.51951777935028 0.35883161425591 0.77546191215515
vn -0.61826545000076 0.48527958989143 0.61826503276825
vn -0.54152351617813 0.54152417182922 0.64304256439209
vn -0.20917803049088 0.36079117655754 0.90888631343842
vn -0.1990383118391 0.33148798346519 0.9222252368927
vn -0.35883119702339 0.51951801776886 0.7754619717598
vn -0.28177893161774 0.67845439910889 0.67845439910889
vn -0.0929823294282 0.27459532022476 0.95705354213715
vn -0.17864939570427 0.28845542669296 0.94067949056625
vn -0.09471234679222 0.44349533319473 0.89125835895538
vn -0.19701942801476 0.50442552566528 0.84067720174789
vn -0.04955598339438 0.70623803138733 0.70623803138733
vn -0.0720849186182 0.78390866518021 0.61667740345001
vn -0.13993547856808 0.7001496553421 0.70014899969101
vn -0.07208495587111 0.61667841672897 0.78390789031982
vn -0.09471217542887 0.89125871658325 0.44349467754364
vn -0.19701908528805 0.84067749977112 0.50442516803741
vn -0.17864911258221 0.94067949056625 0.28845536708832
vn -0.09298228472471 0.95705354213715 0.27459579706192
vn -0.19903765618801 0.92222559452057 0.331487596035
vn -0.20917771756649 0.90888661146164 0.36079040169716
vn -0.35883158445358 0.77546185255051 0.51951777935028
vn -0.48527953028679 0.61826503276825 0.61826545000076
vn -0.90888631343842 -0.36079117655754 0.20917803049088
vn -0.9222252368927 -0.33148798346519 0.1990383118391
vn -0.7754619717598 -0.51951801776886 0.35883119702339
vn -0.67845433950424 -0.67845439910889 0.28177893161774
vn -0.95705366134644 -0.27459535002708 0.09298233687878
vn -0.94067949056625 -0.28845542669296 0.17864939570427
vn -0.89125835895538 -0.44349533319473 0.09471234679222
vn -0.84067720174789 -0.50442552566528 0.19701942801476
vn -0.70623803138733 -0.70623803138733 0.04955598339438
vn -0.61667740345001 -0.78390866518021 0.0720849186182
vn -0.70014899969101 -0.7001496553421 0.13993546366692
vn -0.78390789031982 -0.61667841672897 0.07208495587111
vn -0.44349467754364 -0.89125871658325 0.09471217542887
vn -0.50442522764206 -0.84067761898041 0.19701910018921
vn -0.28845536708832 -0.94067949056625 0.17864911258221
vn -0.27459579706192 -0.95705354213715 0.09298228472471
vn -0.331487596035 -0.92222559452057 0.19903765618801
vn -0.29927268624306 -0.90601944923401 0.29927340149879
vn -0.36079040169716 -0.90888661146164 0.20917771756649
vn -0.43890008330345 -0.78404867649078 0.43890151381493
vn -0.51951777935028 -0.77546191215515 0.35883161425591
vn -0.61826545000076 -0.61826503276825 0.48527958989143
vn -0.54152351617813 -0.64304256439209 0.54152417182922
vn -0.20917803049088 -0.90888631343842 0.36079117655754
vn -0.1990383118391 -0.9222252368927 0.33148798346519
vn -0.35883119702339 -0.7754619717598 0.51951801776886
vn -0.28177911043167 -0.67845433950424 0.67845433950424
vn -0.09298222512007 -0.95705354213715 0.27459591627121
vn -0.17864927649498 -0.94067943096161 0.28845563530922
vn -0.09471205621958 -0.89125913381577 0.44349399209023
vn -0.19701939821243 -0.84067785739899 0.50442457199097
vn -0.04955687001348 -0.70624047517776 0.70623552799225
vn -0.07208522409201 -0.61667895317078 0.78390741348267
vn -0.13993528485298 -0.70015048980713 0.70014822483063
vn -0.07208492606878 -0.78391033411026 0.61667531728745
vn -0.09471265226603 -0.44349434971809 0.8912587761879
vn -0.19701960682869 -0.50442481040955 0.84067761898041
vn -0.17864920198917 -0.28845515847206 0.9406795501709
vn -0.09298256784678 -0.27459514141083 0.95705366134644
vn -0.19903765618801 -0.331487596035 0.92222553491592
vn -0.20917771756649 -0.36079043149948 0.90888667106628
vn -0.35883161425591 -0.51951777935028 0.77546191215515
vn -0.48527958989143 -0.61826545000076 0.61826503276825
vn 0.36079117655754 0.20917803049088 0.90888631343842
vn 0.33148798346519 0.1990383118391 0.9222252368927
vn 0.51951801776886 0.35883119702339 0.7754619717598
vn 0.67845439910889 0.28177893161774 0.67845439910889
vn 0.27459532022476 0.0929823294282 0.95705354213715
vn 0.28845542669296 0.17864939570427 0.94067949056625
vn 0.44349533319473 0.09471234679222 0.89125835895538
vn 0.50442552566528 0.19701942801476 0.84067720174789
vn 0.70623803138733 0.04955598339438 0.70623803138733
vn 0.78390866518021 0.0720849186182 0.61667740345001
vn 0.7001496553421 0.13993547856808 0.70014899969101
vn 0.61667841672897 0.07208495587111 0.78390789031982
vn 0.89125871658325 0.09471217542887 0.44349467754364
vn 0.84067749977112 0.19701908528805 0.50442516803741
vn 0.94067949056625 0.17864911258221 0.28845536708832
vn 0.95705354213715 0.09298228472471 0.27459579706192
vn 0.92222559452057 0.19903765618801 0.331487596035
vn 0.90601944923401 0.29927340149879 0.29927268624306
vn 0.90888661146164 0.20917771756649 0.36079040169716
vn 0.78404867649078 0.43890151381493 0.43890008330345
vn 0.77546185255051 0.35883158445358 0.51951777935028
vn 0.61826503276825 0.48527953028679 0.61826545000076
vn 0.64304256439209 0.54152417182922 0.54152351617813
vn 0.90888631343842 0.36079117655754 0.20917803049088
vn 0.9222252368927 0.33148798346519 0.1990383118391
vn 0.7754619717598 0.51951801776886 0.35883119702339
vn 0.67845433950424 0.67845439910889 0.28177893161774
vn 0.95705366134644 0.27459535002708 0.09298233687878
vn 0.94067949056625 0.28845542669296 0.17864939570427
vn 0.89125835895538 0.44349533319473 0.09471234679222
vn 0.84067720174789 0.50442552566528 0.19701942801476
vn 0.70623803138733 0.70623803138733 0.04955598339438
vn 0.61667740345001 0.78390866518021 0.0720849186182
vn 0.70014899969101 0.7001496553421 0.13993546366692
vn 0.78390789031982 0.61667841672897 0.07208495587111
vn 0.44349467754364 0.89125871658325 0.09471217542887
vn 0.50442522764206 0.84067761898041 0.19701910018921
vn 0.28845536708832 0.94067949056625 0.17864911258221
vn 0.27459579706192 0.95705354213715 0.09298228472471
vn 0.331487596035 0.92222559452057 0.19903765618801
vn 0.36079040169716 0.90888661146164 0.20917771756649
vn 0.51951777935028 0.77546191215515 0.35883161425591
vn 0.61826545000076 0.61826503276825 0.48527958989143
vn -0.00009324000712 0.00202897610143 -0.99999803304672
vn -0.0000420550241 0.00204571685754 -0.99999797344208
vn -0.00042864726856 0.00930599030107 -0.9999566078186
vn -0.00018939758593 0.00923049543053 -0.99995744228363
vn -0.00000000030948 0.00205365405418 -0.99999797344208
vn -0.00001052413609 0.00205235765316 -0.99999797344208
vn -0.00000000135283 0.00919407978654 -0.99995774030685
vn -0.00004709553104 0.00920030102134 -0.99995768070221
vn 0 0.06487091630697 -0.99789363145828
vn -0.00012869796774 0.06500277668238 -0.99788504838943
vn -0.0000965510626 0.02541293390095 -0.99967712163925
vn -0.00000000104339 0.02536627091467 -0.9996782541275
vn -0.00052649900317 0.06566748023033 -0.99784141778946
vn -0.00039289408596 0.02564347907901 -0.99967110157013
vn -0.0009126138757 0.02624129876494 -0.99965524673462
vn -0.0012416356476 0.06743280589581 -0.99772304296494
vn 0.00001052444441 0.00205235811882 -0.99999797344208
vn 0.00004205533332 0.00204571639188 -0.99999797344208
vn 0.00004709687346 0.00920030009001 -0.99995774030685
vn 0.00018939896836 0.00923049729317 -0.99995738267899
vn 0.00009323987615 0.00202897610143 -0.99999803304672
vn 0.00042864610441 0.0093059912324 -0.9999566078186
vn 0.00124163448345 0.06743272393942 -0.99772304296494
vn 0.00091261282796 0.02624130062759 -0.99965524673462
vn 0.00052650558064 0.06566742807627 -0.99784141778946
vn 0.0003928951628 0.02564348094165 -0.99967116117477
vn 0.00009655209578 0.02541293390095 -0.99967706203461
vn 0.00012870512728 0.06500275433064 -0.99788504838943
vn 0.06487091630697 0 -0.99789363145828
vn 0.0253662802279 0 -0.99967831373215
vn 0.02541294321418 -0.00009655384201 -0.99967706203461
vn 0.06500276178122 -0.00012870797946 -0.99788504838943
vn 0.00919408723712 0.00000000000001 -0.9999577999115
vn 0.00920030288398 -0.00004709513814 -0.99995774030685
vn 0.02564349025488 -0.00039289423148 -0.99967110157013
vn 0.06566744297743 -0.00052650569705 -0.99784141778946
vn 0.00923049543053 -0.00018939757138 -0.99995738267899
vn 0.00205235625617 -0.0000105238214 -0.99999797344208
vn 0.00205365219153 0 -0.99999797344208
vn 0.00204571592622 -0.00004205502046 -0.99999797344208
vn 0.00202897610143 -0.00009323987615 -0.99999803304672
vn 0.00930599030107 -0.00042864494026 -0.9999566078186
vn 0.06743273139 -0.0012416318059 -0.99772304296494
vn 0.02624130621552 -0.00091260904446 -0.99965524673462
vn -0.00205365219153 0 -0.99999797344208
vn -0.00205235695466 -0.00001052367406 -0.99999797344208
vn -0.0091940863058 0.00000000000001 -0.99995774030685
vn -0.00920030288398 -0.00004709285349 -0.99995768070221
vn -0.00204571709037 -0.00004205502773 -0.99999797344208
vn -0.00923049636185 -0.00018939758593 -0.99995738267899
vn -0.06487091630697 0 -0.99789363145828
vn -0.06500277668238 -0.00012869796774 -0.99788504838943
vn -0.02541293762624 -0.00009654885071 -0.99967712163925
vn -0.0253662802279 0 -0.9996782541275
vn -0.06566748023033 -0.00052649900317 -0.99784141778946
vn -0.02564347907901 -0.00039289408596 -0.99967110157013
vn -0.02624129876494 -0.0009126138757 -0.99965524673462
vn -0.06743280589581 -0.0012416356476 -0.99772304296494
vn -0.00930599030107 -0.00042864709394 -0.9999566078186
vn -0.00202897633426 -0.0000932398616 -0.99999803304672
vn 0.02624130435288 0.00091260898625 -0.99965524673462
vn 0.06743280589581 0.00124163285363 -0.99772304296494
vn 0.00930599030107 0.00042864476563 -0.9999566078186
vn 0.02564349025488 0.00039289426059 -0.99967110157013
vn 0.06566749513149 0.00052649917779 -0.99784141778946
vn 0.00923049449921 0.00018939757138 -0.99995744228363
vn 0.0020289758686 0.00009323970153 -0.99999803304672
vn 0.00204571592622 0.00004205502046 -0.99999797344208
vn 0.00205235625617 0.0000105238214 -0.99999797344208
vn 0.00920030288398 0.00004709513814 -0.99995768070221
vn 0.06500278413296 0.00012870081991 -0.99788504838943
vn 0.02541294321418 0.00009655384201 -0.99967712163925
vn -0.0020289758686 0.00009323955601 -0.99999803304672
vn -0.0093059912324 0.00042864578427 -0.9999566078186
vn -0.00204571639188 0.00004205502046 -0.99999797344208
vn -0.0092304982245 0.00018939762958 -0.99995744228363
vn -0.06743272393942 0.00124163448345 -0.99772304296494
vn -0.02624130062759 0.00091261282796 -0.99965524673462
vn -0.06566742807627 0.00052650558064 -0.99784141778946
vn -0.02564348094165 0.00039289414417 -0.99967116117477
vn -0.02541293762624 0.00009654990572 -0.99967706203461
vn -0.06500275433064 0.00012870512728 -0.99788504838943
vn -0.00920030474663 0.0000470942141 -0.99995774030685
vn -0.00205235672183 0.00001052397874 -0.99999797344208
vn -0.00124163448345 -0.06743272393942 -0.99772304296494
vn -0.00091261381749 -0.02624130062759 -0.99965524673462
vn -0.00052650558064 -0.06566742807627 -0.99784141778946
vn -0.00039289408596 -0.02564347907901 -0.99967116117477
vn -0.00042864741408 -0.00930599030107 -0.99995666742325
vn -0.00018939758593 -0.00923049636185 -0.99995738267899
vn 0 -0.06487091630697 -0.99789363145828
vn -0.00000000104339 -0.02536627277732 -0.99967831373215
vn -0.00009655106987 -0.02541293390095 -0.99967706203461
vn -0.00012870512728 -0.06500275433064 -0.99788504838943
vn -0.00000000135283 -0.00919408071786 -0.9999577999115
vn -0.00004709553104 -0.00920030102134 -0.99995774030685
vn -0.00001052413609 -0.00205235765316 -0.99999797344208
vn -0.00000000030948 -0.00205365405418 -0.99999797344208
vn -0.0000420550241 -0.00204571685754 -0.99999797344208
vn -0.00009324018174 -0.00202897633426 -0.99999803304672
vn 0.00012869796774 -0.06500277668238 -0.99788504838943
vn 0.00009655209578 -0.02541293390095 -0.99967712163925
vn 0.00052649900317 -0.06566748023033 -0.99784141778946
vn 0.0003928951628 -0.02564348094165 -0.99967110157013
vn 0.00004709687346 -0.00920029915869 -0.99995768070221
vn 0.00018939909933 -0.00923049729317 -0.99995738267899
vn 0.00091261282796 -0.02624130249023 -0.99965524673462
vn 0.0012416356476 -0.06743280589581 -0.99772304296494
vn 0.00042864607531 -0.0093059912324 -0.9999566078186
vn 0.0000932398616 -0.00202897633426 -0.99999803304672
vn 0.00004205546429 -0.00204571662471 -0.99999797344208
vn 0.00001052444441 -0.00205235811882 -0.99999797344208
vn -0.99999803304672 0.00202897610143 0.00009324000712
vn -0.99999797344208 0.00204571662471 0.0000420550241
vn -0.99995666742325 0.00930599030107 0.00042864726856
vn -0.99995744228363 0.00923049543053 0.00018939760048
vn -0.99999797344208 0.00205365405418 0.00000000030948
vn -0.99999797344208 0.00205235742033 0.00001052413518
vn -0.99995774030685 0.00919407978654 0.00000000135283
vn -0.99995768070221 0.00920030009001 0.00004709553104
vn -0.99789363145828 0.06487091630697 0
vn -0.99788504838943 0.06500277668238 0.00012869796774
vn -0.99967712163925 0.02541293390095 0.0000965510626
vn -0.9996782541275 0.02536627091467 0.00000000104339
vn -0.99784135818481 0.06566748023033 0.00052649894496
vn -0.99967116117477 0.02564347907901 0.00039289408596
vn -0.99965524673462 0.02624129876494 0.0009126138757
vn -0.99772304296494 0.06743280589581 0.0012416356476
vn -0.99999797344208 0.00205235788599 -0.00001052444441
vn -0.99999797344208 0.00204571639188 -0.00004205533332
vn -0.99995774030685 0.00920030009001 -0.00004709687346
vn -0.99995744228363 0.00923049729317 -0.00018939896836
vn -0.99999797344208 0.0020289758686 -0.00009323986887
vn -0.9999566078186 0.0093059912324 -0.00042864610441
vn -0.99772304296494 0.06743272393942 -0.00124163448345
vn -0.99965530633926 0.02624130249023 -0.00091261282796
vn -0.99784141778946 0.06566742807627 -0.00052650558064
vn -0.99967116117477 0.02564348094165 -0.0003928951628
vn -0.99967706203461 0.02541293390095 -0.00009655209578
vn -0.99788504838943 0.06500275433064 -0.00012870512728
vn -0.99789369106293 0 -0.06487088650465
vn -0.99967831373215 0 -0.02536629140377
vn -0.99967706203461 -0.00009655382019 -0.0254129525274
vn -0.99788510799408 -0.00012870774663 -0.06500273942947
vn -0.9999577999115 0.00000000000001 -0.00919408723712
vn -0.99995774030685 -0.00004709513814 -0.00920030288398
vn -0.99967110157013 -0.00039289164124 -0.02564350515604
vn -0.99784141778946 -0.00052648788551 -0.06566742062569
vn -0.99995744228363 -0.00018939757138 -0.00923049543053
vn -0.99999797344208 -0.0000105238214 -0.00205235625617
vn -0.99999797344208 0 -0.00205365219153
vn -0.99999797344208 -0.00004205502046 -0.00204571592622
vn -0.99999803304672 -0.00009323987615 -0.00202897610143
vn -0.9999566078186 -0.00042864494026 -0.00930599030107
vn -0.99772304296494 -0.00124163494911 -0.06743274629116
vn -0.99965530633926 -0.0009126123623 -0.02624132111669
vn -0.99999797344208 0 0.00205365219153
vn -0.99999797344208 -0.00001052367406 0.00205235695466
vn -0.99995774030685 0.00000000000001 0.0091940863058
vn -0.99995768070221 -0.00004709285349 0.00920030288398
vn -0.99999797344208 -0.00004205503137 0.0020457173232
vn -0.99995738267899 -0.00018939760048 0.00923049636185
vn -0.99789363145828 0 0.06487091630697
vn -0.99788504838943 -0.00012869796774 0.06500277668238
vn -0.99967712163925 -0.00009654885071 0.02541293762624
vn -0.9996782541275 0 0.0253662802279
vn -0.99784135818481 -0.00052649894496 0.06566748023033
vn -0.99967116117477 -0.00039289408596 0.02564347907901
vn -0.99965524673462 -0.0009126138757 0.02624129876494
vn -0.99772304296494 -0.0012416356476 0.06743280589581
vn -0.99995666742325 -0.00042864709394 0.00930599030107
vn -0.99999803304672 -0.0000932398616 0.00202897633426
vn -0.99965524673462 0.00091260945192 -0.02624131366611
vn -0.99772304296494 0.00124162493739 -0.06743276119232
vn -0.99995666742325 0.00042864476563 -0.00930599030107
vn -0.99967110157013 0.00039289149572 -0.02564349398017
vn -0.99784141778946 0.00052648794372 -0.06566744297743
vn -0.99995744228363 0.00018939757138 -0.00923049543053
vn -0.99999803304672 0.00009323970153 -0.0020289758686
vn -0.99999797344208 0.00004205502046 -0.00204571592622
vn -0.99999797344208 0.0000105238214 -0.00205235625617
vn -0.99995768070221 0.00004709513814 -0.00920030288398
vn -0.99788504838943 0.00012871787476 -0.06500275433064
vn -0.99967712163925 0.00009655662143 -0.02541294880211
vn -0.99999803304672 0.00009323955601 0.0020289758686
vn -0.9999566078186 0.00042864581337 0.0093059912324
vn -0.99999797344208 0.00004205502046 0.00204571639188
vn -0.99995744228363 0.00018939762958 0.0092304982245
vn -0.99772304296494 0.00124163448345 0.06743272393942
vn -0.99965530633926 0.00091261282796 0.02624130249023
vn -0.99784141778946 0.00052650558064 0.06566742807627
vn -0.99967116117477 0.00039289414417 0.02564348094165
vn -0.99967706203461 0.00009654990572 0.02541293762624
vn -0.99788504838943 0.00012870512728 0.06500275433064
vn -0.99995774030685 0.0000470942141 0.00920030474663
vn -0.99999797344208 0.00001052397874 0.002052356489
vn -0.99772304296494 -0.06743272393942 0.00124163448345
vn -0.99965530633926 -0.02624130062759 0.00091261381749
vn -0.99784141778946 -0.06566742807627 0.00052650558064
vn -0.99967116117477 -0.02564347907901 0.00039289408596
vn -0.99995666742325 -0.00930599030107 0.00042864741408
vn -0.99995744228363 -0.00923049636185 0.00018939760048
vn -0.99789363145828 -0.06487091630697 0
vn -0.99967831373215 -0.02536627277732 0.00000000104339
vn -0.99967706203461 -0.02541293390095 0.00009655106987
vn -0.99788504838943 -0.06500275433064 0.00012870512728
vn -0.9999577999115 -0.00919408071786 0.00000000135283
vn -0.99995774030685 -0.00920030102134 0.00004709553104
vn -0.99999797344208 -0.00205235742033 0.00001052413518
vn -0.99999797344208 -0.00205365405418 0.00000000030948
vn -0.99999797344208 -0.00204571662471 0.0000420550241
vn -0.99999797344208 -0.00202897633426 0.00009324018174
vn -0.99788504838943 -0.06500277668238 -0.00012869796774
vn -0.99967712163925 -0.02541293390095 -0.00009655209578
vn -0.99784135818481 -0.06566748023033 -0.00052649894496
vn -0.99967116117477 -0.02564348094165 -0.0003928951628
vn -0.99995768070221 -0.00920029915869 -0.00004709687346
vn -0.99995744228363 -0.00923049729317 -0.00018939909933
vn -0.99965524673462 -0.02624130249023 -0.00091261282796
vn -0.99772304296494 -0.06743280589581 -0.0012416356476
vn -0.9999566078186 -0.0093059912324 -0.00042864607531
vn -0.99999803304672 -0.00202897633426 -0.00009323985432
vn -0.99999797344208 -0.00204571639188 -0.00004205546429
vn -0.99999797344208 -0.00205235788599 -0.00001052444441
vn 0.00009324000712 0.00202897610143 0.99999803304672
vn 0.0000420550241 0.00204571685754 0.99999797344208
vn 0.00042864726856 0.00930599030107 0.9999566078186
vn 0.00018939758593 0.00923049543053 0.99995744228363
vn 0.00000000030948 0.00205365405418 0.99999797344208
vn 0.00001052413609 0.00205235765316 0.99999797344208
vn 0.00000000135283 0.00919407978654 0.99995774030685
vn 0.00004709553104 0.00920030102134 0.99995768070221
vn 0 0.06487091630697 0.99789363145828
vn 0.00012869796774 0.06500277668238 0.99788504838943
vn 0.0000965510626 0.02541293390095 0.99967712163925
vn 0.00000000104339 0.02536627091467 0.9996782541275
vn 0.00052649900317 0.06566748023033 0.99784141778946
vn 0.00039289408596 0.02564347907901 0.99967110157013
vn 0.0009126138757 0.02624129876494 0.99965524673462
vn 0.0012416356476 0.06743280589581 0.99772304296494
vn -0.00001052444441 0.00205235811882 0.99999797344208
vn -0.00004205533332 0.00204571639188 0.99999797344208
vn -0.00004709687346 0.00920030009001 0.99995774030685
vn -0.00018939896836 0.00923049729317 0.99995738267899
vn -0.00009323987615 0.00202897610143 0.99999803304672
vn -0.00042864610441 0.0093059912324 0.9999566078186
vn -0.00124163448345 0.06743272393942 0.99772304296494
vn -0.00091261282796 0.02624130062759 0.99965524673462
vn -0.00052650558064 0.06566742807627 0.99784141778946
vn -0.0003928951628 0.02564348094165 0.99967116117477
vn -0.00009655209578 0.02541293390095 0.99967706203461
vn -0.00012870512728 0.06500275433064 0.99788504838943
vn -0.06487088650465 0 0.99789369106293
vn -0.02536629140377 0 0.99967831373215
vn -0.0254129525274 -0.00009655382019 0.99967706203461
vn -0.06500273942947 -0.00012870774663 0.99788510799408
vn -0.00919408723712 0.00000000000001 0.9999577999115
vn -0.00920030288398 -0.00004709513814 0.99995774030685
vn -0.0256435032934 -0.00039289164124 0.99967110157013
vn -0.06566741317511 -0.00052648788551 0.99784141778946
vn -0.00923049543053 -0.00018939757138 0.99995738267899
vn -0.00205235625617 -0.0000105238214 0.99999797344208
vn -0.00205365219153 0 0.99999797344208
vn -0.00204571592622 -0.00004205502046 0.99999797344208
vn -0.00202897610143 -0.00009323987615 0.99999803304672
vn -0.00930599030107 -0.00042864494026 0.9999566078186
vn -0.06743274629116 -0.00124163494911 0.99772304296494
vn -0.02624132111669 -0.0009126123623 0.99965524673462
vn 0.00205365219153 0 0.99999797344208
vn 0.00205235695466 -0.00001052367406 0.99999797344208
vn 0.0091940863058 0.00000000000001 0.99995774030685
vn 0.00920030288398 -0.00004709285349 0.99995768070221
vn 0.00204571709037 -0.00004205502773 0.99999797344208
vn 0.00923049636185 -0.00018939758593 0.99995738267899
vn 0.06487091630697 0 0.99789363145828
vn 0.06500277668238 -0.00012869796774 0.99788504838943
vn 0.02541293762624 -0.00009654885071 0.99967712163925
vn 0.0253662802279 0 0.9996782541275
vn 0.06566748023033 -0.00052649900317 0.99784141778946
vn 0.02564347907901 -0.00039289408596 0.99967110157013
vn 0.02624129876494 -0.0009126138757 0.99965524673462
vn 0.06743280589581 -0.0012416356476 0.99772304296494
vn 0.00930599030107 -0.00042864709394 0.9999566078186
vn 0.00202897633426 -0.0000932398616 0.99999803304672
vn -0.02624131366611 0.00091260945192 0.99965524673462
vn -0.06743276119232 0.00124162493739 0.99772304296494
vn -0.00930599030107 0.00042864476563 0.9999566078186
vn -0.02564349398017 0.00039289149572 0.99967110157013
vn -0.06566744297743 0.00052648794372 0.99784141778946
vn -0.00923049449921 0.00018939757138 0.99995744228363
vn -0.0020289758686 0.00009323970153 0.99999803304672
vn -0.00204571592622 0.00004205502046 0.99999797344208
vn -0.00205235625617 0.0000105238214 0.99999797344208
vn -0.00920030288398 0.00004709513814 0.99995768070221
vn -0.06500275433064 0.00012871787476 0.99788504838943
vn -0.02541294880211 0.00009655662143 0.99967712163925
vn 0.0020289758686 0.00009323955601 0.99999803304672
vn 0.0093059912324 0.00042864578427 0.9999566078186
vn 0.00204571639188 0.00004205502046 0.99999797344208
vn 0.0092304982245 0.00018939762958 0.99995744228363
vn 0.06743272393942 0.00124163448345 0.99772304296494
vn 0.02624130062759 0.00091261282796 0.99965524673462
vn 0.06566742807627 0.00052650558064 0.99784141778946
vn 0.02564348094165 0.00039289414417 0.99967116117477
vn 0.02541293762624 0.00009654990572 0.99967706203461
vn 0.06500275433064 0.00012870512728 0.99788504838943
vn 0.00920030474663 0.0000470942141 0.99995774030685
vn 0.00205235672183 0.00001052397874 0.99999797344208
vn 0.00124163448345 -0.06743272393942 0.99772304296494
vn 0.00091261381749 -0.02624130062759 0.99965524673462
vn 0.00052650558064 -0.06566742807627 0.99784141778946
vn 0.00039289408596 -0.02564347907901 0.99967116117477
vn 0.00042864741408 -0.00930599030107 0.99995666742325
vn 0.00018939758593 -0.00923049636185 0.99995738267899
vn 0 -0.06487091630697 0.99789363145828
vn 0.00000000104339 -0.02536627277732 0.99967831373215
vn 0.00009655106987 -0.02541293390095 0.99967706203461
vn 0.00012870512728 -0.06500275433064 0.99788504838943
vn 0.00000000135283 -0.00919408071786 0.9999577999115
vn 0.00004709553104 -0.00920030102134 0.99995774030685
vn 0.00001052413609 -0.00205235765316 0.99999797344208
vn 0.00000000030948 -0.00205365405418 0.99999797344208
vn 0.0000420550241 -0.00204571685754 0.99999797344208
vn 0.00009324018174 -0.00202897633426 0.99999803304672
vn -0.00012869796774 -0.06500277668238 0.99788504838943
vn -0.00009655209578 -0.02541293390095 0.99967712163925
vn -0.00052649900317 -0.06566748023033 0.99784141778946
vn -0.0003928951628 -0.02564348094165 0.99967110157013
vn -0.00004709687346 -0.00920029915869 0.99995768070221
vn -0.00018939909933 -0.00923049729317 0.99995738267899
vn -0.00091261282796 -0.02624130249023 0.99965524673462
vn -0.0012416356476 -0.06743280589581 0.99772304296494
vn -0.00042864607531 -0.0093059912324 0.9999566078186
vn -0.0000932398616 -0.00202897633426 0.99999803304672
vn -0.00004205546429 -0.00204571662471 0.99999797344208
vn -0.00001052444441 -0.00205235811882 0.99999797344208
vn 0.99999803304672 0.00202897610143 -0.00009324000712
vn 0.99999797344208 0.00204571662471 -0.0000420550241
vn 0.99995666742325 0.00930599030107 -0.00042864726856
vn 0.99995744228363 0.00923049543053 -0.00018939760048
vn 0.99999797344208 0.00205365405418 -0.00000000030948
vn 0.99999797344208 0.00205235742033 -0.00001052413518
vn 0.99995774030685 0.00919407978654 -0.00000000135283
vn 0.99995768070221 0.00920030009001 -0.00004709553104
vn 0.99789363145828 0.06487091630697 0
vn 0.99788504838943 0.06500277668238 -0.00012869796774
vn 0.99967712163925 0.02541293390095 -0.0000965510626
vn 0.9996782541275 0.02536627091467 -0.00000000104339
vn 0.99784135818481 0.06566748023033 -0.00052649894496
vn 0.99967116117477 0.02564347907901 -0.00039289408596
vn 0.99965524673462 0.02624129876494 -0.0009126138757
vn 0.99772304296494 0.06743280589581 -0.0012416356476
vn 0.99999797344208 0.00205235788599 0.00001052444441
vn 0.99999797344208 0.00204571639188 0.00004205533332
vn 0.99995774030685 0.00920030009001 0.00004709687346
vn 0.99995744228363 0.00923049729317 0.00018939896836
vn 0.99999797344208 0.0020289758686 0.00009323986887
vn 0.9999566078186 0.0093059912324 0.00042864610441
vn 0.99772304296494 0.06743272393942 0.00124163448345
vn 0.99965530633926 0.02624130249023 0.00091261282796
vn 0.99784141778946 0.06566742807627 0.00052650558064
vn 0.99967116117477 0.02564348094165 0.0003928951628
vn 0.99967706203461 0.02541293390095 0.00009655209578
vn 0.99788504838943 0.06500275433064 0.00012870512728
vn 0.99789369106293 0 0.06487088650465
vn 0.99967831373215 0 0.02536629140377
vn 0.99967706203461 -0.00009655382019 0.0254129525274
vn 0.99788510799408 -0.00012870774663 0.06500273942947
vn 0.9999577999115 0.00000000000001 0.00919408723712
vn 0.99995774030685 -0.00004709513814 0.00920030288398
vn 0.99967110157013 -0.00039289164124 0.02564350515604
vn 0.99784141778946 -0.00052648788551 0.06566742062569
vn 0.99995744228363 -0.00018939757138 0.00923049543053
vn 0.99999797344208 -0.0000105238214 0.00205235625617
vn 0.99999797344208 0 0.00205365219153
vn 0.99999797344208 -0.00004205502046 0.00204571592622
vn 0.99999803304672 -0.00009323987615 0.00202897610143
vn 0.9999566078186 -0.00042864494026 0.00930599030107
vn 0.99772304296494 -0.00124163494911 0.06743274629116
vn 0.99965530633926 -0.0009126123623 0.02624132111669
vn 0.99999797344208 0 -0.00205365219153
vn 0.99999797344208 -0.00001052367406 -0.00205235695466
vn 0.99995774030685 0.00000000000001 -0.0091940863058
vn 0.99995768070221 -0.00004709285349 -0.00920030288398
vn 0.99999797344208 -0.00004205503137 -0.0020457173232
vn 0.99995738267899 -0.00018939760048 -0.00923049636185
vn 0.99789369106293 0 -0.06487088650465
vn 0.99788504838943 -0.00012871502258 -0.06500274688005
vn 0.99967712163925 -0.00009655163012 -0.02541294321418
vn 0.9996782541275 0 -0.02536628767848
vn 0.99784141778946 -0.00052648794372 -0.06566742807627
vn 0.99967116117477 -0.00039289152483 -0.0256434828043
vn 0.99965524673462 -0.00091261445777 -0.02624130994081
vn 0.99772304296494 -0.00124162773136 -0.06743275374174
vn 0.99995666742325 -0.00042864709394 -0.00930599030107
vn 0.99999803304672 -0.0000932398616 -0.00202897633426
vn 0.99965524673462 0.00091260945192 0.02624131366611
vn 0.99772304296494 0.00124162493739 0.06743276119232
vn 0.99995666742325 0.00042864476563 0.00930599030107
vn 0.99967110157013 0.00039289149572 0.02564349398017
vn 0.99784141778946 0.00052648794372 0.06566744297743
vn 0.99995744228363 0.00018939757138 0.00923049543053
vn 0.99999803304672 0.00009323970153 0.0020289758686
vn 0.99999797344208 0.00004205502046 0.00204571592622
vn 0.99999797344208 0.0000105238214 0.00205235625617
vn 0.99995768070221 0.00004709513814 0.00920030288398
vn 0.99788504838943 0.00012871787476 0.06500275433064
vn 0.99967712163925 0.00009655662143 0.02541294880211
vn 0.99999803304672 0.00009323955601 -0.0020289758686
vn 0.9999566078186 0.00042864581337 -0.0093059912324
vn 0.99999797344208 0.00004205502046 -0.00204571639188
vn 0.99995744228363 0.00018939762958 -0.0092304982245
vn 0.99772304296494 0.00124163774308 -0.06743273884058
vn 0.99965530633926 0.00091261643684 -0.0262413173914
vn 0.99784141778946 0.00052648788551 -0.06566740572453
vn 0.99967116117477 0.00039289172855 -0.02564349770546
vn 0.99967706203461 0.00009654987662 -0.02541294880211
vn 0.99788510799408 0.00012870489445 -0.06500273197889
vn 0.99995774030685 0.0000470942141 -0.00920030474663
vn 0.99999797344208 0.00001052397874 -0.002052356489
vn 0.99772304296494 -0.06743272393942 -0.00124163448345
vn 0.99965530633926 -0.02624130062759 -0.00091261381749
vn 0.99784141778946 -0.06566742807627 -0.00052650558064
vn 0.99967116117477 -0.02564347907901 -0.00039289408596
vn 0.99995666742325 -0.00930599030107 -0.00042864741408
vn 0.99995744228363 -0.00923049636185 -0.00018939760048
vn 0.99789363145828 -0.06487091630697 0
vn 0.99967831373215 -0.02536627277732 -0.00000000104339
vn 0.99967706203461 -0.02541293390095 -0.00009655106987
vn 0.99788504838943 -0.06500275433064 -0.00012870512728
vn 0.9999577999115 -0.00919408071786 -0.00000000135283
vn 0.99995774030685 -0.00920030102134 -0.00004709553104
vn 0.99999797344208 -0.00205235742033 -0.00001052413518
vn 0.99999797344208 -0.00205365405418 -0.00000000030948
vn 0.99999797344208 -0.00204571662471 -0.0000420550241
vn 0.99999797344208 -0.00202897633426 -0.00009324018174
vn 0.99788504838943 -0.06500277668238 0.00012869796774
vn 0.99967712163925 -0.02541293390095 0.00009655209578
vn 0.99784135818481 -0.06566748023033 0.00052649894496
vn 0.99967116117477 -0.02564348094165 0.0003928951628
vn 0.99995768070221 -0.00920029915869 0.00004709687346
vn 0.99995744228363 -0.00923049729317 0.00018939909933
vn 0.99965524673462 -0.02624130249023 0.00091261282796
vn 0.99772304296494 -0.06743280589581 0.0012416356476
vn 0.9999566078186 -0.0093059912324 0.00042864607531
vn 0.99999803304672 -0.00202897633426 0.00009323985432
vn 0.99999797344208 -0.00204571639188 0.00004205546429
vn 0.99999797344208 -0.00205235788599 0.00001052444441
vn -0.00009324000712 -0.99999803304672 -0.00202897610143
vn -0.0000420550241 -0.99999797344208 -0.00204571662471
vn -0.00042864726856 -0.99995666742325 -0.00930599030107
vn -0.00018939760048 -0.99995744228363 -0.00923049543053
vn -0.00000000030948 -0.99999797344208 -0.00205365405418
vn -0.00001052413518 -0.99999797344208 -0.00205235742033
vn -0.00000000135283 -0.99995774030685 -0.00919407978654
vn -0.00004709553104 -0.99995768070221 -0.00920030009001
vn 0 -0.99789369106293 -0.06487088650465
vn -0.00012871502258 -0.99788504838943 -0.06500274688005
vn -0.00009655384201 -0.99967712163925 -0.02541293948889
vn -0.00000000104339 -0.9996782541275 -0.02536627836525
vn -0.00052648794372 -0.99784141778946 -0.06566742807627
vn -0.00039289152483 -0.99967116117477 -0.0256434828043
vn -0.00091261445777 -0.99965524673462 -0.02624130994081
vn -0.00124162773136 -0.99772304296494 -0.06743275374174
vn 0.00001052444441 -0.99999797344208 -0.00205235788599
vn 0.00004205533332 -0.99999797344208 -0.00204571639188
vn 0.00004709687346 -0.99995774030685 -0.00920030009001
vn 0.00018939896836 -0.99995744228363 -0.00923049729317
vn 0.00009323987615 -0.99999803304672 -0.00202897610143
vn 0.00042864610441 -0.9999566078186 -0.0093059912324
vn 0.00124163774308 -0.99772304296494 -0.06743273884058
vn 0.00091261643684 -0.99965530633926 -0.0262413173914
vn 0.00052648788551 -0.99784141778946 -0.06566740572453
vn 0.00039289277629 -0.99967116117477 -0.02564349398017
vn 0.00009655206668 -0.99967706203461 -0.02541294507682
vn 0.00012870489445 -0.99788510799408 -0.06500273197889
vn 0.06487088650465 -0.99789369106293 0
vn 0.02536629140377 -0.99967831373215 0
vn 0.0254129525274 -0.99967706203461 0.00009655382019
vn 0.06500273942947 -0.99788510799408 0.00012870774663
vn 0.00919408723712 -0.9999577999115 -0.00000000000001
vn 0.00920030288398 -0.99995774030685 0.00004709513814
vn 0.02564350515604 -0.99967110157013 0.00039289164124
vn 0.06566742062569 -0.99784141778946 0.00052648788551
vn 0.00923049543053 -0.99995744228363 0.00018939757138
vn 0.00205235625617 -0.99999797344208 0.0000105238214
vn 0.00205365219153 -0.99999797344208 0
vn 0.00204571592622 -0.99999797344208 0.00004205502046
vn 0.0020289758686 -0.99999797344208 0.00009323986887
vn 0.00930599030107 -0.9999566078186 0.00042864494026
vn 0.06743274629116 -0.99772304296494 0.00124163494911
vn 0.02624132111669 -0.99965530633926 0.0009126123623
vn -0.00205365219153 -0.99999797344208 0
vn -0.00205235695466 -0.99999797344208 0.00001052367406
vn -0.0091940863058 -0.99995774030685 -0.00000000000001
vn -0.00920030288398 -0.99995768070221 0.00004709285349
vn -0.0020457173232 -0.99999797344208 0.00004205503137
vn -0.00923049636185 -0.99995738267899 0.00018939760048
vn -0.06487088650465 -0.99789369106293 0
vn -0.06500274688005 -0.99788504838943 0.00012871502258
vn -0.02541294321418 -0.99967712163925 0.00009655163012
vn -0.02536628767848 -0.9996782541275 0
vn -0.06566742807627 -0.99784141778946 0.00052648794372
vn -0.0256434828043 -0.99967116117477 0.00039289152483
vn -0.02624130994081 -0.99965524673462 0.00091261445777
vn -0.06743275374174 -0.99772304296494 0.00124162773136
vn -0.00930599030107 -0.99995666742325 0.00042864709394
vn -0.00202897633426 -0.99999803304672 0.0000932398616
vn 0.02624131366611 -0.99965524673462 -0.00091260945192
vn 0.06743276119232 -0.99772304296494 -0.00124162493739
vn 0.00930599030107 -0.99995666742325 -0.00042864476563
vn 0.02564349398017 -0.99967110157013 -0.00039289149572
vn 0.06566744297743 -0.99784141778946 -0.00052648794372
vn 0.00923049543053 -0.99995744228363 -0.00018939757138
vn 0.0020289758686 -0.99999803304672 -0.00009323970153
vn 0.00204571592622 -0.99999797344208 -0.00004205502046
vn 0.00205235625617 -0.99999797344208 -0.0000105238214
vn 0.00920030288398 -0.99995768070221 -0.00004709513814
vn 0.06500275433064 -0.99788504838943 -0.00012871787476
vn 0.02541294880211 -0.99967712163925 -0.00009655662143
vn -0.0020289758686 -0.99999803304672 -0.00009323955601
vn -0.0093059912324 -0.9999566078186 -0.00042864581337
vn -0.00204571639188 -0.99999797344208 -0.00004205502046
vn -0.0092304982245 -0.99995744228363 -0.00018939762958
vn -0.06743273884058 -0.99772304296494 -0.00124163774308
vn -0.0262413173914 -0.99965530633926 -0.00091261643684
vn -0.06566740572453 -0.99784141778946 -0.00052648788551
vn -0.02564349770546 -0.99967116117477 -0.00039289172855
vn -0.02541294880211 -0.99967706203461 -0.00009654987662
vn -0.06500273197889 -0.99788510799408 -0.00012870489445
vn -0.00920030474663 -0.99995774030685 -0.0000470942141
vn -0.002052356489 -0.99999797344208 -0.00001052397874
vn -0.00124163774308 -0.99772304296494 0.06743273884058
vn -0.00091261748457 -0.99965530633926 0.02624131552875
vn -0.00052648788551 -0.99784141778946 0.06566740572453
vn -0.00039289167034 -0.99967116117477 0.02564349398017
vn -0.00042864741408 -0.99995666742325 0.00930599030107
vn -0.00018939760048 -0.99995744228363 0.00923049636185
vn 0 -0.99789369106293 0.06487088650465
vn -0.00000000104339 -0.99967831373215 0.02536628395319
vn -0.00009655104077 -0.99967706203461 0.02541294507682
vn -0.00012870489445 -0.99788510799408 0.06500273197889
vn -0.00000000135283 -0.9999577999115 0.00919408071786
vn -0.00004709553104 -0.99995774030685 0.00920030102134
vn -0.00001052413518 -0.99999797344208 0.00205235742033
vn -0.00000000030948 -0.99999797344208 0.00205365405418
vn -0.0000420550241 -0.99999797344208 0.00204571662471
vn -0.00009324018174 -0.99999803304672 0.00202897633426
vn 0.00012871502258 -0.99788504838943 0.06500274688005
vn 0.0000965548752 -0.99967712163925 0.02541293762624
vn 0.00052648794372 -0.99784141778946 0.06566742807627
vn 0.00039289260167 -0.99967116117477 0.02564348466694
vn 0.00004709687346 -0.99995768070221 0.00920029915869
vn 0.00018939909933 -0.99995744228363 0.00923049729317
vn 0.00091261352645 -0.99965524673462 0.02624130994081
vn 0.00124162773136 -0.99772304296494 0.06743275374174
vn 0.00042864607531 -0.99995666742325 0.0093059912324
vn 0.0000932398616 -0.99999803304672 0.00202897633426
vn 0.00004205546429 -0.99999797344208 0.00204571639188
vn 0.00001052444441 -0.99999797344208 0.00205235788599
vn -0.00009324000712 0.99999803304672 0.00202897610143
vn -0.0000420550241 0.99999797344208 0.00204571662471
vn -0.00042864726856 0.99995666742325 0.00930599030107
vn -0.00018939760048 0.99995744228363 0.00923049543053
vn -0.00000000030948 0.99999797344208 0.00205365405418
vn -0.00001052413518 0.99999797344208 0.00205235742033
vn -0.00000000135283 0.99995774030685 0.00919407978654
vn -0.00004709553104 0.99995768070221 0.00920030009001
vn 0 0.99789369106293 0.06487088650465
vn -0.00012871502258 0.99788504838943 0.06500274688005
vn -0.00009655384201 0.99967712163925 0.02541293948889
vn -0.00000000104339 0.9996782541275 0.02536627836525
vn -0.00052648794372 0.99784141778946 0.06566742807627
vn -0.00039289152483 0.99967116117477 0.0256434828043
vn -0.00091261445777 0.99965524673462 0.02624130994081
vn -0.00124162773136 0.99772304296494 0.06743275374174
vn 0.00001052444441 0.99999797344208 0.00205235788599
vn 0.00004205533332 0.99999797344208 0.00204571639188
vn 0.00004709687346 0.99995774030685 0.00920030009001
vn 0.00018939896836 0.99995744228363 0.00923049729317
vn 0.00009323987615 0.99999803304672 0.00202897610143
vn 0.00042864610441 0.9999566078186 0.0093059912324
vn 0.00124163774308 0.99772304296494 0.06743273884058
vn 0.00091261643684 0.99965530633926 0.0262413173914
vn 0.00052648788551 0.99784141778946 0.06566740572453
vn 0.00039289277629 0.99967116117477 0.02564349398017
vn 0.00009655206668 0.99967706203461 0.02541294507682
vn 0.00012870489445 0.99788510799408 0.06500273197889
vn 0.06487088650465 0.99789369106293 0
vn 0.02536629140377 0.99967831373215 0
vn 0.0254129525274 0.99967706203461 -0.00009655382019
vn 0.06500273942947 0.99788510799408 -0.00012870774663
vn 0.00919408723712 0.9999577999115 0.00000000000001
vn 0.00920030288398 0.99995774030685 -0.00004709513814
vn 0.02564350515604 0.99967110157013 -0.00039289164124
vn 0.06566742062569 0.99784141778946 -0.00052648788551
vn 0.00923049543053 0.99995744228363 -0.00018939757138
vn 0.00205235625617 0.99999797344208 -0.0000105238214
vn 0.00205365219153 0.99999797344208 0
vn 0.00204571592622 0.99999797344208 -0.00004205502046
vn 0.0020289758686 0.99999797344208 -0.00009323986887
vn 0.00930599030107 0.9999566078186 -0.00042864494026
vn 0.06743274629116 0.99772304296494 -0.00124163494911
vn 0.02624132111669 0.99965530633926 -0.0009126123623
vn -0.00205365219153 0.99999797344208 0
vn -0.00205235695466 0.99999797344208 -0.00001052367406
vn -0.0091940863058 0.99995774030685 0.00000000000001
vn -0.00920030288398 0.99995768070221 -0.00004709285349
vn -0.0020457173232 0.99999797344208 -0.00004205503137
vn -0.00923049636185 0.99995738267899 -0.00018939760048
vn -0.06487088650465 0.99789369106293 0
vn -0.06500274688005 0.99788504838943 -0.00012871502258
vn -0.02541294321418 0.99967712163925 -0.00009655163012
vn -0.02536628767848 0.9996782541275 0
vn -0.06566742807627 0.99784141778946 -0.00052648794372
vn -0.0256434828043 0.99967116117477 -0.00039289152483
vn -0.02624130994081 0.99965524673462 -0.00091261445777
vn -0.06743275374174 0.99772304296494 -0.00124162773136
vn -0.00930599030107 0.99995666742325 -0.00042864709394
vn -0.00202897633426 0.99999803304672 -0.0000932398616
vn 0.02624131366611 0.99965524673462 0.00091260945192
vn 0.06743276119232 0.99772304296494 0.00124162493739
vn 0.00930599030107 0.99995666742325 0.00042864476563
vn 0.02564349398017 0.99967110157013 0.00039289149572
vn 0.06566744297743 0.99784141778946 0.00052648794372
vn 0.00923049543053 0.99995744228363 0.00018939757138
vn 0.0020289758686 0.99999803304672 0.00009323970153
vn 0.00204571592622 0.99999797344208 0.00004205502046
vn 0.00205235625617 0.99999797344208 0.0000105238214
vn 0.00920030288398 0.99995768070221 0.00004709513814
vn 0.06500275433064 0.99788504838943 0.00012871787476
vn 0.02541294880211 0.99967712163925 0.00009655662143
vn -0.0020289758686 0.99999803304672 0.00009323955601
vn -0.0093059912324 0.9999566078186 0.00042864581337
vn -0.00204571639188 0.99999797344208 0.00004205502046
vn -0.0092304982245 0.99995744228363 0.00018939762958
vn -0.06743273884058 0.99772304296494 0.00124163774308
vn -0.0262413173914 0.99965530633926 0.00091261643684
vn -0.06566740572453 0.99784141778946 0.00052648788551
vn -0.02564349770546 0.99967116117477 0.00039289172855
vn -0.02541294880211 0.99967706203461 0.00009654987662
vn -0.06500273197889 0.99788510799408 0.00012870489445
vn -0.00920030474663 0.99995774030685 0.0000470942141
vn -0.002052356489 0.99999797344208 0.00001052397874
vn -0.00124163774308 0.99772304296494 -0.06743273884058
vn -0.00091261748457 0.99965530633926 -0.02624131552875
vn -0.00052648788551 0.99784141778946 -0.06566740572453
vn -0.00039289167034 0.99967116117477 -0.02564349398017
vn -0.00042864741408 0.99995666742325 -0.00930599030107
vn -0.00018939760048 0.99995744228363 -0.00923049636185
vn 0 0.99789369106293 -0.06487088650465
vn -0.00000000104339 0.99967831373215 -0.02536628395319
vn -0.00009655104077 0.99967706203461 -0.02541294507682
vn -0.00012870489445 0.99788510799408 -0.06500273197889
vn -0.00000000135283 0.9999577999115 -0.00919408071786
vn -0.00004709553104 0.99995774030685 -0.00920030102134
vn -0.00001052413518 0.99999797344208 -0.00205235742033
vn -0.00000000030948 0.99999797344208 -0.00205365405418
vn -0.0000420550241 0.99999797344208 -0.00204571662471
vn -0.00009324018174 0.99999803304672 -0.00202897633426
vn 0.00012871502258 0.99788504838943 -0.06500274688005
vn 0.0000965548752 0.99967712163925 -0.02541293762624
vn 0.00052648794372 0.99784141778946 -0.06566742807627
vn 0.00039289260167 0.99967116117477 -0.02564348466694
vn 0.00004709687346 0.99995768070221 -0.00920029915869
vn 0.00018939909933 0.99995744228363 -0.00923049729317
vn 0.00091261352645 0.99965524673462 -0.02624130994081
vn 0.00124162773136 0.99772304296494 -0.06743275374174
vn 0.00042864607531 0.99995666742325 -0.0093059912324
vn 0.0000932398616 0.99999803304672 -0.00202897633426
vn 0.00004205546429 0.99999797344208 -0.00204571639188
vn 0.00001052444441 0.99999797344208 -0.00205235788599
vn 0.98682469129562 -0.00223075482063 -0.16177812218666
vn 0.9844451546669 -0.00082544406177 -0.17569030821323
vn 0.94298166036606 -0.00097411609022 -0.33284339308739
vn 0.93698751926422 0.00113790831529 -0.34936103224754
vn 0.97909069061279 0.00827670376748 -0.20325538516045
vn 0.92710769176483 0.01050815545022 -0.37464755773544
vn 0.70710718631744 0.00101127452217 -0.70710557699203
vn 0.70710325241089 0.00336812343448 -0.70710229873657
vn 0.816541492939 0.00288092833944 -0.57727956771851
vn 0.8215292096138 0.0004517097841 -0.57016634941101
vn 0.70706504583359 0.01092720683664 -0.70706409215927
vn 0.81090319156647 0.01123732235283 -0.58507245779037
vn 0.803187251091 0.03084555640817 -0.59492748975754
vn 0.7068458199501 0.027244085446 -0.70684272050858
vn 0.91203582286835 0.03453112766147 -0.40865412354469
vn 0.96900534629822 0.03293212503195 -0.24483531713486
vn 0.03293190523982 0.96900534629822 -0.24483513832092
vn 0.03453088924289 0.91203612089157 -0.40865358710289
vn 0.00827662833035 0.97909080982208 -0.20325508713722
vn 0.01050804834813 0.92710816860199 -0.37464645504951
vn 0.02724354341626 0.70684438943863 -0.70684427022934
vn 0.03084510192275 0.80318593978882 -0.59492933750153
vn 0.01092783082277 0.70706456899643 -0.70706456899643
vn 0.01123757194728 0.81090277433395 -0.58507305383682
vn 0.00101109361276 0.70710688829422 -0.70710605382919
vn 0.00045155663975 0.82152879238129 -0.5701670050621
vn 0.00288106221706 0.81654167175293 -0.57727932929993
vn 0.00336806173436 0.70710277557373 -0.70710271596909
vn -0.00097412813921 0.94298148155212 -0.33284389972687
vn 0.00113813090138 0.93698763847351 -0.34936055541039
vn -0.00082523241872 0.9844451546669 -0.17569003999233
vn -0.00223072292283 0.98682463169098 -0.16177789866924
vn -0.96900534629822 0.03293190523982 -0.24483513832092
vn -0.91203612089157 0.03453088924289 -0.40865358710289
vn -0.97909080982208 0.00827662833035 -0.20325508713722
vn -0.92710816860199 0.01050804834813 -0.37464645504951
vn -0.70684438943863 0.02724354341626 -0.70684427022934
vn -0.80318593978882 0.03084510192275 -0.59492933750153
vn -0.70706456899643 0.01092783082277 -0.70706456899643
vn -0.81090277433395 0.01123757194728 -0.58507305383682
vn -0.70710688829422 0.00101109361276 -0.70710605382919
vn -0.82152879238129 0.00045155663975 -0.5701670050621
vn -0.81654167175293 0.00288106221706 -0.57727932929993
vn -0.70710277557373 0.00336806173436 -0.70710271596909
vn -0.94298148155212 -0.00097412813921 -0.33284389972687
vn -0.93698763847351 0.00113813090138 -0.34936055541039
vn -0.9844451546669 -0.00082523241872 -0.17569003999233
vn -0.98682463169098 -0.00223072292283 -0.16177789866924
vn 0.00223075482063 0.98682469129562 -0.16177812218666
vn 0.00082544406177 0.9844451546669 -0.17569030821323
vn 0.00097411609022 0.94298166036606 -0.33284339308739
vn -0.00113790831529 0.93698751926422 -0.34936103224754
vn -0.00827670376748 0.97909069061279 -0.20325538516045
vn -0.01050815545022 0.92710769176483 -0.37464755773544
vn -0.00101127452217 0.70710718631744 -0.70710557699203
vn -0.00336812343448 0.70710325241089 -0.70710229873657
vn -0.00288092833944 0.816541492939 -0.57727956771851
vn -0.0004517097841 0.8215292096138 -0.57016634941101
vn -0.01092720683664 0.70706504583359 -0.70706409215927
vn -0.01123732235283 0.81090319156647 -0.58507245779037
vn -0.03084555640817 0.803187251091 -0.59492748975754
vn -0.027244085446 0.7068458199501 -0.70684272050858
vn -0.03453112766147 0.91203582286835 -0.40865412354469
vn -0.03293212503195 0.96900534629822 -0.24483531713486
vn 0.96900534629822 -0.03293190523982 -0.24483513832092
vn 0.91203612089157 -0.03453088924289 -0.40865358710289
vn 0.97909080982208 -0.00827662833035 -0.20325508713722
vn 0.92710816860199 -0.01050804834813 -0.37464645504951
vn 0.70684438943863 -0.02724354341626 -0.70684427022934
vn 0.80318593978882 -0.03084510192275 -0.59492933750153
vn 0.70706456899643 -0.01092783082277 -0.70706456899643
vn 0.81090277433395 -0.01123757194728 -0.58507305383682
vn 0.70710688829422 -0.00101109361276 -0.70710605382919
vn 0.82152879238129 -0.00045155663975 -0.5701670050621
vn 0.81654167175293 -0.00288106221706 -0.57727932929993
vn 0.70710277557373 -0.00336806173436 -0.70710271596909
vn 0.94298148155212 0.00097412813921 -0.33284389972687
vn 0.93698763847351 -0.00113813090138 -0.34936055541039
vn 0.9844451546669 0.00082523241872 -0.17569003999233
vn 0.98682463169098 0.00223072292283 -0.16177789866924
vn -0.00223075482063 -0.98682469129562 -0.16177812218666
vn -0.00082544406177 -0.9844451546669 -0.17569030821323
vn -0.00097411609022 -0.94298166036606 -0.33284339308739
vn 0.00113790831529 -0.93698751926422 -0.34936103224754
vn 0.00827670376748 -0.97909069061279 -0.20325538516045
vn 0.01050815545022 -0.92710769176483 -0.37464755773544
vn 0.00101127452217 -0.70710718631744 -0.70710557699203
vn 0.00336812343448 -0.70710325241089 -0.70710229873657
vn 0.00288092833944 -0.816541492939 -0.57727956771851
vn 0.0004517097841 -0.8215292096138 -0.57016634941101
vn 0.01092720683664 -0.70706504583359 -0.70706409215927
vn 0.01123732235283 -0.81090319156647 -0.58507245779037
vn 0.03084555640817 -0.803187251091 -0.59492748975754
vn 0.027244085446 -0.7068458199501 -0.70684272050858
vn 0.03453112766147 -0.91203582286835 -0.40865412354469
vn 0.03293212503195 -0.96900534629822 -0.24483531713486
vn -0.03293190523982 -0.96900534629822 -0.24483513832092
vn -0.03453088924289 -0.91203612089157 -0.40865358710289
vn -0.00827662833035 -0.97909080982208 -0.20325508713722
vn -0.01050804834813 -0.92710816860199 -0.37464645504951
vn -0.02724354341626 -0.70684438943863 -0.70684427022934
vn -0.03084510192275 -0.80318593978882 -0.59492933750153
vn -0.01092783082277 -0.70706456899643 -0.70706456899643
vn -0.01123757194728 -0.81090277433395 -0.58507305383682
vn -0.00101109361276 -0.70710688829422 -0.70710605382919
vn -0.00045155663975 -0.82152879238129 -0.5701670050621
vn -0.00288106221706 -0.81654167175293 -0.57727932929993
vn -0.00336806173436 -0.70710277557373 -0.70710271596909
vn 0.00097412813921 -0.94298148155212 -0.33284389972687
vn -0.00113813090138 -0.93698763847351 -0.34936055541039
vn 0.00082523241872 -0.9844451546669 -0.17569003999233
vn 0.00223072292283 -0.98682463169098 -0.16177789866924
vn -0.98682469129562 0.00223075482063 -0.16177812218666
vn -0.9844451546669 0.00082544406177 -0.17569030821323
vn -0.94298166036606 0.00097411609022 -0.33284339308739
vn -0.93698751926422 -0.00113790831529 -0.34936103224754
vn -0.97909069061279 -0.00827670376748 -0.20325538516045
vn -0.92710769176483 -0.01050815545022 -0.37464755773544
vn -0.70710718631744 -0.00101127452217 -0.70710557699203
vn -0.70710325241089 -0.00336812343448 -0.70710229873657
vn -0.816541492939 -0.00288092833944 -0.57727956771851
vn -0.8215292096138 -0.0004517097841 -0.57016634941101
vn -0.70706504583359 -0.01092720683664 -0.70706409215927
vn -0.81090319156647 -0.01123732235283 -0.58507245779037
vn -0.803187251091 -0.03084555640817 -0.59492748975754
vn -0.7068458199501 -0.027244085446 -0.70684272050858
vn -0.91203582286835 -0.03453112766147 -0.40865412354469
vn -0.96900534629822 -0.03293212503195 -0.24483531713486
vn -0.24483513832092 0.96900534629822 -0.03293190523982
vn -0.40865358710289 0.91203612089157 -0.03453088924289
vn -0.20325508713722 0.97909080982208 -0.00827662833035
vn -0.37464645504951 0.92710816860199 -0.01050804834813
vn -0.70684427022934 0.70684438943863 -0.02724354527891
vn -0.59492933750153 0.80318593978882 -0.03084510192275
vn -0.70706456899643 0.70706456899643 -0.01092783082277
vn -0.58507305383682 0.81090277433395 -0.01123757194728
vn -0.70710605382919 0.70710688829422 -0.00101109361276
vn -0.5701670050621 0.82152879238129 -0.00045155663975
vn -0.57727932929993 0.81654167175293 -0.00288106221706
vn -0.70710271596909 0.70710277557373 -0.00336806173436
vn -0.33284389972687 0.94298148155212 0.00097412813921
vn -0.34936055541039 0.93698763847351 -0.00113813090138
vn -0.17569003999233 0.9844451546669 0.00082523241872
vn -0.16177789866924 0.98682463169098 0.00223072292283
vn -0.24483513832092 0.03293190523982 0.96900534629822
vn -0.40865358710289 0.03453088924289 0.91203612089157
vn -0.20325508713722 0.00827662833035 0.97909080982208
vn -0.37464645504951 0.01050804834813 0.92710816860199
vn -0.70684427022934 0.02724354341626 0.70684438943863
vn -0.59492933750153 0.03084510192275 0.80318593978882
vn -0.70706456899643 0.01092783082277 0.70706456899643
vn -0.58507305383682 0.01123757194728 0.81090277433395
vn -0.70710605382919 0.00101109361276 0.70710688829422
vn -0.5701670050621 0.00045155663975 0.82152879238129
vn -0.57727932929993 0.00288106221706 0.81654167175293
vn -0.70710271596909 0.00336806173436 0.70710277557373
vn -0.33284389972687 -0.00097412813921 0.94298148155212
vn -0.34936055541039 0.00113813090138 0.93698763847351
vn -0.17569003999233 -0.00082523247693 0.9844451546669
vn -0.16177789866924 -0.00223072315566 0.98682463169098
vn -0.16177812218666 0.98682469129562 -0.00223075482063
vn -0.17569030821323 0.9844451546669 -0.00082544406177
vn -0.33284339308739 0.94298166036606 -0.00097411609022
vn -0.34936103224754 0.93698751926422 0.00113790831529
vn -0.20325538516045 0.97909069061279 0.00827670376748
vn -0.37464755773544 0.92710769176483 0.01050815545022
vn -0.70710557699203 0.70710718631744 0.00101127452217
vn -0.70710229873657 0.70710325241089 0.00336812343448
vn -0.57727956771851 0.816541492939 0.00288092833944
vn -0.57016623020172 0.82152915000916 0.00045170972589
vn -0.70706409215927 0.70706504583359 0.01092720776796
vn -0.58507245779037 0.81090319156647 0.01123732328415
vn -0.59492748975754 0.803187251091 0.03084555640817
vn -0.70684278011322 0.70684593915939 0.02724409103394
vn -0.40865412354469 0.91203582286835 0.03453112766147
vn -0.24483531713486 0.96900534629822 0.03293212503195
vn -0.16177812218666 -0.98682469129562 0.00223075482063
vn -0.17569030821323 -0.9844451546669 0.00082544406177
vn -0.33284339308739 -0.94298166036606 0.00097411609022
vn -0.34936103224754 -0.93698751926422 -0.00113790831529
vn -0.20325538516045 -0.97909069061279 -0.00827670376748
vn -0.37464755773544 -0.92710769176483 -0.01050815545022
vn -0.70710557699203 -0.70710718631744 -0.00101127452217
vn -0.70710229873657 -0.70710325241089 -0.00336812343448
vn -0.57727956771851 -0.816541492939 -0.00288092833944
vn -0.57016623020172 -0.82152915000916 -0.00045170972589
vn -0.70706409215927 -0.70706504583359 -0.01092720776796
vn -0.58507245779037 -0.81090319156647 -0.01123732328415
vn -0.59492748975754 -0.803187251091 -0.03084555640817
vn -0.70684278011322 -0.70684593915939 -0.02724409103394
vn -0.40865412354469 -0.91203582286835 -0.03453112766147
vn -0.24483531713486 -0.96900534629822 -0.03293212503195
vn -0.24483513832092 -0.96900534629822 0.03293190523982
vn -0.40865358710289 -0.91203612089157 0.03453088924289
vn -0.20325508713722 -0.97909080982208 0.00827662833035
vn -0.37464645504951 -0.92710816860199 0.01050804834813
vn -0.70684427022934 -0.70684438943863 0.02724354527891
vn -0.59492933750153 -0.80318593978882 0.03084510192275
vn -0.70706456899643 -0.70706456899643 0.01092783082277
vn -0.58507305383682 -0.81090277433395 0.01123757194728
vn -0.70710605382919 -0.70710688829422 0.00101109361276
vn -0.5701670050621 -0.82152879238129 0.00045155663975
vn -0.57727932929993 -0.81654167175293 0.00288106221706
vn -0.70710271596909 -0.70710277557373 0.00336806173436
vn -0.33284389972687 -0.94298148155212 -0.00097412813921
vn -0.34936055541039 -0.93698763847351 0.00113813090138
vn -0.17569003999233 -0.9844451546669 -0.00082523241872
vn -0.16177789866924 -0.98682463169098 -0.00223072292283
vn -0.16177812218666 0.00223075482063 0.98682469129562
vn -0.17569030821323 0.00082544406177 0.9844451546669
vn -0.33284339308739 0.00097411609022 0.94298166036606
vn -0.34936103224754 -0.00113790831529 0.93698751926422
vn -0.20325540006161 -0.0082767046988 0.97909080982208
vn -0.37464755773544 -0.01050815545022 0.92710769176483
vn -0.70710557699203 -0.00101127452217 0.70710718631744
vn -0.70710229873657 -0.00336812343448 0.70710325241089
vn -0.57727956771851 -0.00288092833944 0.816541492939
vn -0.57016623020172 -0.00045170972589 0.82152915000916
vn -0.70706409215927 -0.01092720683664 0.70706504583359
vn -0.58507245779037 -0.01123732235283 0.81090319156647
vn -0.59492748975754 -0.03084555640817 0.803187251091
vn -0.70684272050858 -0.027244085446 0.7068458199501
vn -0.40865415334702 -0.03453112766147 0.91203582286835
vn -0.2448353022337 -0.03293212503195 0.96900534629822
vn -0.03293190523982 0.96900534629822 0.24483513832092
vn -0.03453088924289 0.91203612089157 0.40865358710289
vn -0.00827662833035 0.97909080982208 0.20325508713722
vn -0.01050804834813 0.92710816860199 0.37464645504951
vn -0.02724354341626 0.70684438943863 0.70684427022934
vn -0.03084510192275 0.80318593978882 0.59492933750153
vn -0.01092783082277 0.70706456899643 0.70706456899643
vn -0.01123757194728 0.81090277433395 0.58507305383682
vn -0.00101109361276 0.70710688829422 0.70710605382919
vn -0.00045155663975 0.82152879238129 0.5701670050621
vn -0.00288106221706 0.81654167175293 0.57727932929993
vn -0.00336806173436 0.70710277557373 0.70710271596909
vn 0.00097412813921 0.94298148155212 0.33284389972687
vn -0.00113813090138 0.93698763847351 0.34936055541039
vn 0.00082523241872 0.9844451546669 0.17569003999233
vn 0.00223072292283 0.98682463169098 0.16177789866924
vn 0.96900534629822 0.03293190523982 0.24483513832092
vn 0.91203612089157 0.03453088924289 0.40865358710289
vn 0.97909080982208 0.00827662833035 0.20325508713722
vn 0.92710816860199 0.01050804834813 0.37464645504951
vn 0.70684438943863 0.02724354341626 0.70684427022934
vn 0.80318593978882 0.03084510192275 0.59492933750153
vn 0.70706456899643 0.01092783082277 0.70706456899643
vn 0.81090277433395 0.01123757194728 0.58507305383682
vn 0.70710688829422 0.00101109361276 0.70710605382919
vn 0.82152879238129 0.00045155663975 0.5701670050621
vn 0.81654167175293 0.00288106221706 0.57727932929993
vn 0.70710277557373 0.00336806173436 0.70710271596909
vn 0.94298148155212 -0.00097412813921 0.33284389972687
vn 0.93698763847351 0.00113813090138 0.34936055541039
vn 0.9844451546669 -0.00082523241872 0.17569003999233
vn 0.98682463169098 -0.00223072292283 0.16177789866924
vn -0.00223075482063 0.98682469129562 0.16177812218666
vn -0.00082544406177 0.9844451546669 0.17569030821323
vn -0.00097411609022 0.94298166036606 0.33284339308739
vn 0.00113790831529 0.93698751926422 0.34936103224754
vn 0.00827670376748 0.97909069061279 0.20325538516045
vn 0.01050815545022 0.92710769176483 0.37464755773544
vn 0.00101127452217 0.70710718631744 0.70710557699203
vn 0.00336812343448 0.70710325241089 0.70710229873657
vn 0.00288092833944 0.816541492939 0.57727956771851
vn 0.0004517097841 0.8215292096138 0.57016634941101
vn 0.01092720683664 0.70706504583359 0.70706409215927
vn 0.01123732235283 0.81090319156647 0.58507245779037
vn 0.03084555640817 0.803187251091 0.59492748975754
vn 0.027244085446 0.7068458199501 0.70684272050858
vn 0.03453112766147 0.91203582286835 0.40865412354469
vn 0.03293212503195 0.96900534629822 0.24483531713486
vn 0.00223075482063 -0.98682469129562 0.16177812218666
vn 0.00082544406177 -0.9844451546669 0.17569030821323
vn 0.00097411609022 -0.94298166036606 0.33284339308739
vn -0.00113790831529 -0.93698751926422 0.34936103224754
vn -0.00827670376748 -0.97909069061279 0.20325538516045
vn -0.01050815545022 -0.92710769176483 0.37464755773544
vn -0.00101127452217 -0.70710718631744 0.70710557699203
vn -0.00336812343448 -0.70710325241089 0.70710229873657
vn -0.00288092833944 -0.816541492939 0.57727956771851
vn -0.0004517097841 -0.8215292096138 0.57016634941101
vn -0.01092720683664 -0.70706504583359 0.70706409215927
vn -0.01123732235283 -0.81090319156647 0.58507245779037
vn -0.03084555640817 -0.803187251091 0.59492748975754
vn -0.027244085446 -0.7068458199501 0.70684272050858
vn -0.03453112766147 -0.91203582286835 0.40865412354469
vn -0.03293212503195 -0.96900534629822 0.24483531713486
vn 0.03293190523982 -0.96900534629822 0.24483513832092
vn 0.03453088924289 -0.91203612089157 0.40865358710289
vn 0.00827662833035 -0.97909080982208 0.20325508713722
vn 0.01050804834813 -0.92710816860199 0.37464645504951
vn 0.02724354341626 -0.70684438943863 0.70684427022934
vn 0.03084510192275 -0.80318593978882 0.59492933750153
vn 0.01092783082277 -0.70706456899643 0.70706456899643
vn 0.01123757194728 -0.81090277433395 0.58507305383682
vn 0.00101109361276 -0.70710688829422 0.70710605382919
vn 0.00045155663975 -0.82152879238129 0.5701670050621
vn 0.00288106221706 -0.81654167175293 0.57727932929993
vn 0.00336806173436 -0.70710277557373 0.70710271596909
vn -0.00097412813921 -0.94298148155212 0.33284389972687
vn 0.00113813090138 -0.93698763847351 0.34936055541039
vn -0.00082523241872 -0.9844451546669 0.17569003999233
vn -0.00223072292283 -0.98682463169098 0.16177789866924
vn 0.98682469129562 0.00223075482063 0.16177812218666
vn 0.9844451546669 0.00082544406177 0.17569030821323
vn 0.94298166036606 0.00097411609022 0.33284339308739
vn 0.93698751926422 -0.00113790831529 0.34936103224754
vn 0.97909069061279 -0.00827670376748 0.20325538516045
vn 0.92710769176483 -0.01050815545022 0.37464755773544
vn 0.70710718631744 -0.00101127452217 0.70710557699203
vn 0.70710325241089 -0.00336812343448 0.70710229873657
vn 0.816541492939 -0.00288092833944 0.57727956771851
vn 0.8215292096138 -0.0004517097841 0.57016634941101
vn 0.70706504583359 -0.01092720683664 0.70706409215927
vn 0.81090319156647 -0.01123732235283 0.58507245779037
vn 0.803187251091 -0.03084555640817 0.59492748975754
vn 0.7068458199501 -0.027244085446 0.70684272050858
vn 0.91203582286835 -0.03453112766147 0.40865412354469
vn 0.96900534629822 -0.03293212503195 0.24483531713486
vn 0.24483513832092 0.96900534629822 0.03293190523982
vn 0.40865358710289 0.91203612089157 0.03453088924289
vn 0.20325508713722 0.97909080982208 0.00827662833035
vn 0.37464645504951 0.92710816860199 0.01050804834813
vn 0.70684427022934 0.70684438943863 0.02724354527891
vn 0.59492933750153 0.80318593978882 0.03084510192275
vn 0.70706456899643 0.70706456899643 0.01092783082277
vn 0.58507305383682 0.81090277433395 0.01123757194728
vn 0.70710605382919 0.70710688829422 0.00101109361276
vn 0.5701670050621 0.82152879238129 0.00045155663975
vn 0.57727932929993 0.81654167175293 0.00288106221706
vn 0.70710271596909 0.70710277557373 0.00336806173436
vn 0.33284389972687 0.94298148155212 -0.00097412813921
vn 0.34936055541039 0.93698763847351 0.00113813090138
vn 0.17569003999233 0.9844451546669 -0.00082523241872
vn 0.16177789866924 0.98682463169098 -0.00223072292283
vn 0.16177812218666 0.98682469129562 0.00223075482063
vn 0.17569030821323 0.9844451546669 0.00082544406177
vn 0.33284339308739 0.94298166036606 0.00097411609022
vn 0.34936103224754 0.93698751926422 -0.00113790831529
vn 0.20325538516045 0.97909069061279 -0.00827670376748
vn 0.37464755773544 0.92710769176483 -0.01050815545022
vn 0.70710557699203 0.70710718631744 -0.00101127452217
vn 0.70710229873657 0.70710325241089 -0.00336812343448
vn 0.57727956771851 0.816541492939 -0.00288092833944
vn 0.57016623020172 0.82152915000916 -0.00045170972589
vn 0.70706409215927 0.70706504583359 -0.01092720776796
vn 0.58507245779037 0.81090319156647 -0.01123732328415
vn 0.59492748975754 0.803187251091 -0.03084555640817
vn 0.70684278011322 0.70684593915939 -0.02724409103394
vn 0.40865412354469 0.91203582286835 -0.03453112766147
vn 0.24483531713486 0.96900534629822 -0.03293212503195
vn 0.16177812218666 -0.98682469129562 -0.00223075482063
vn 0.17569030821323 -0.9844451546669 -0.00082544406177
vn 0.33284339308739 -0.94298166036606 -0.00097411609022
vn 0.34936103224754 -0.93698751926422 0.00113790831529
vn 0.20325538516045 -0.97909069061279 0.00827670376748
vn 0.37464755773544 -0.92710769176483 0.01050815545022
vn 0.70710557699203 -0.70710718631744 0.00101127452217
vn 0.70710229873657 -0.70710325241089 0.00336812343448
vn 0.57727956771851 -0.816541492939 0.00288092833944
vn 0.57016623020172 -0.82152915000916 0.00045170972589
vn 0.70706409215927 -0.70706504583359 0.01092720776796
vn 0.58507245779037 -0.81090319156647 0.01123732328415
vn 0.59492748975754 -0.803187251091 0.03084555640817
vn 0.70684278011322 -0.70684593915939 0.02724409103394
vn 0.40865412354469 -0.91203582286835 0.03453112766147
vn 0.24483531713486 -0.96900534629822 0.03293212503195
vn 0.24483513832092 -0.96900534629822 -0.03293190523982
vn 0.40865358710289 -0.91203612089157 -0.03453088924289
vn 0.20325508713722 -0.97909080982208 -0.00827662833035
vn 0.37464645504951 -0.92710816860199 -0.01050804834813
vn 0.70684427022934 -0.70684438943863 -0.02724354527891
vn 0.59492933750153 -0.80318593978882 -0.03084510192275
vn 0.70706456899643 -0.70706456899643 -0.01092783082277
vn 0.58507305383682 -0.81090277433395 -0.01123757194728
vn 0.70710605382919 -0.70710688829422 -0.00101109361276
vn 0.5701670050621 -0.82152879238129 -0.00045155663975
vn 0.57727932929993 -0.81654167175293 -0.00288106221706
vn 0.70710271596909 -0.70710277557373 -0.00336806173436
vn 0.33284389972687 -0.94298148155212 0.00097412813921
vn 0.34936055541039 -0.93698763847351 -0.00113813090138
vn 0.17569003999233 -0.9844451546669 0.00082523241872
vn 0.16177789866924 -0.98682463169098 0.00223072292283
vn -0.0011146387551 0.98796892166138 -0.15464876592159
vn -0.00048303641961 0.94635111093521 -0.32313963770866
vn -0.00047025977983 0.98851937055588 -0.15109343826771
vn -0.0002017255465 0.94799274206162 -0.31829184293747
vn 0.00053478009067 0.70710754394531 -0.70710575580597
vn 0.00023918550869 0.82489860057831 -0.56528061628342
vn 0.00022788024216 0.70710682868958 -0.70710664987564
vn 0.0001036075264 0.8265774846077 -0.56282287836075
vn 0.00000000321068 0.70710664987564 -0.70710676908493
vn -0.00000008577676 0.82733505964279 -0.56170868873596
vn 0.00002542498078 0.82720988988876 -0.56189304590225
vn 0.00005535568926 0.70710587501526 -0.7071076631546
vn -0.00000003246796 0.94872355461121 -0.31610691547394
vn -0.00004887426257 0.9486032128334 -0.31646779179573
vn -0.00011484825518 0.98872166872025 -0.14976520836353
vn 0 0.98876124620438 -0.14950320124626
vn 0.0001149308664 0.98872172832489 -0.14976489543915
vn 0.00004902106957 0.94860297441483 -0.31646844744682
vn 0.00047025547246 0.98851937055588 -0.15109281241894
vn 0.00020178582054 0.94799262285233 -0.31829226016998
vn -0.00005513692304 0.70710754394531 -0.7071059346199
vn -0.00002524523734 0.8272106051445 -0.561891913414
vn -0.0002277224994 0.70710706710815 -0.70710635185242
vn -0.00010338108405 0.8265785574913 -0.56282138824463
vn -0.00023941608379 0.82489943504334 -0.56527948379517
vn -0.00053495756583 0.70710700750351 -0.70710623264313
vn 0.00048282500939 0.94635128974915 -0.32313916087151
vn 0.00111453351565 0.98796898126602 -0.15464852750301
vn 0.98876124620438 0 -0.14950320124626
vn 0.98872172832489 -0.0001149308664 -0.14976489543915
vn 0.94872355461121 0.00000003246795 -0.31610691547394
vn 0.94860297441483 -0.00004902106957 -0.31646844744682
vn 0.98851937055588 -0.00047025547246 -0.15109281241894
vn 0.94799262285233 -0.00020178582054 -0.31829226016998
vn 0.70710796117783 0.00000005244925 -0.70710545778275
vn 0.70710796117783 0.00005530047929 -0.70710557699203
vn 0.82721084356308 0.00002529827179 -0.56189149618149
vn 0.82733571529388 0.00000008577622 -0.56170773506165
vn 0.70710706710815 0.0002277224994 -0.70710635185242
vn 0.8265785574913 0.00010338108405 -0.56282138824463
vn 0.82489943504334 0.00023941608379 -0.56527948379517
vn 0.70710700750351 0.00053495756583 -0.70710623264313
vn 0.94635128974915 -0.00048282500939 -0.32313916087151
vn 0.98796898126602 -0.00111453351565 -0.15464852750301
vn -0.98796892166138 -0.0011146387551 -0.15464876592159
vn -0.94635111093521 -0.00048303641961 -0.32313963770866
vn -0.98851937055588 -0.00047025977983 -0.15109343826771
vn -0.94799274206162 -0.0002017255465 -0.31829184293747
vn -0.70710754394531 0.00053478009067 -0.70710575580597
vn -0.82489860057831 0.00023918550869 -0.56528061628342
vn -0.70710682868958 0.00022788024216 -0.70710664987564
vn -0.8265774846077 0.0001036075264 -0.56282287836075
vn -0.70710664987564 0.00000000321068 -0.70710676908493
vn -0.82733505964279 -0.00000008577676 -0.56170868873596
vn -0.82720988988876 0.00002542498078 -0.56189304590225
vn -0.70710587501526 0.00005535568926 -0.7071076631546
vn -0.94872355461121 -0.00000003246796 -0.31610691547394
vn -0.9486032128334 -0.00004887426257 -0.31646779179573
vn -0.98872166872025 -0.00011484825518 -0.14976520836353
vn -0.98876124620438 0 -0.14950320124626
vn 0.98796892166138 0.0011146387551 -0.15464876592159
vn 0.94635111093521 0.00048303641961 -0.32313963770866
vn 0.98851937055588 0.00047025977983 -0.15109343826771
vn 0.94799274206162 0.0002017255465 -0.31829184293747
vn 0.70710754394531 -0.00053478009067 -0.70710575580597
vn 0.82489860057831 -0.00023918550869 -0.56528061628342
vn 0.70710718631744 -0.0002279367036 -0.70710623264313
vn 0.8265774846077 -0.0001036075264 -0.56282287836075
vn 0.82721018791199 -0.00002547801523 -0.56189256906509
vn 0.7071071267128 -0.00005552006405 -0.70710629224777
vn 0.9486032128334 0.00004887426257 -0.31646779179573
vn 0.98872166872025 0.00011484825518 -0.14976520836353
vn -0.98872172832489 0.0001149308664 -0.14976489543915
vn -0.94860297441483 0.00004902106957 -0.31646844744682
vn -0.98851937055588 0.00047025547246 -0.15109281241894
vn -0.94799262285233 0.00020178582054 -0.31829226016998
vn -0.70710754394531 -0.00005513692304 -0.7071059346199
vn -0.8272106051445 -0.00002524523734 -0.561891913414
vn -0.70710706710815 -0.0002277224994 -0.70710635185242
vn -0.8265785574913 -0.00010338108405 -0.56282138824463
vn -0.82489943504334 -0.00023941608379 -0.56527948379517
vn -0.70710700750351 -0.00053495756583 -0.70710623264313
vn -0.94635128974915 0.00048282500939 -0.32313916087151
vn -0.98796898126602 0.00111453351565 -0.15464852750301
vn 0 -0.98876124620438 -0.14950320124626
vn -0.0001149308664 -0.98872172832489 -0.14976489543915
vn 0.00000003246795 -0.94872355461121 -0.31610691547394
vn -0.00004902106957 -0.94860297441483 -0.31646844744682
vn -0.00047025547246 -0.98851937055588 -0.15109281241894
vn -0.00020178582054 -0.94799262285233 -0.31829226016998
vn 0.00000005244925 -0.70710796117783 -0.70710545778275
vn 0.00005530047929 -0.70710796117783 -0.70710557699203
vn 0.00002529827179 -0.82721084356308 -0.56189149618149
vn 0.00000008577622 -0.82733571529388 -0.56170773506165
vn 0.0002277224994 -0.70710706710815 -0.70710635185242
vn 0.00010338108405 -0.8265785574913 -0.56282138824463
vn 0.00023941608379 -0.82489943504334 -0.56527948379517
vn 0.00053495756583 -0.70710700750351 -0.70710623264313
vn -0.00048282500939 -0.94635128974915 -0.32313916087151
vn -0.00111453351565 -0.98796898126602 -0.15464852750301
vn 0.0011146387551 -0.98796892166138 -0.15464876592159
vn 0.00048303641961 -0.94635111093521 -0.32313963770866
vn 0.00047025977983 -0.98851937055588 -0.15109343826771
vn 0.0002017255465 -0.94799274206162 -0.31829184293747
vn -0.00053478009067 -0.70710754394531 -0.70710575580597
vn -0.00023918550869 -0.82489860057831 -0.56528061628342
vn -0.0002279367036 -0.70710718631744 -0.70710623264313
vn -0.0001036075264 -0.8265774846077 -0.56282287836075
vn -0.00002547801523 -0.82721018791199 -0.56189256906509
vn -0.00005552006405 -0.7071071267128 -0.70710629224777
vn 0.00004887426257 -0.9486032128334 -0.31646779179573
vn 0.00011484825518 -0.98872166872025 -0.14976520836353
vn -0.15464876592159 0.98796892166138 0.0011146387551
vn -0.32313963770866 0.94635111093521 0.00048303641961
vn -0.15109343826771 0.98851937055588 0.00047025977983
vn -0.31829184293747 0.94799274206162 0.0002017255465
vn -0.70710575580597 0.70710754394531 -0.00053478009067
vn -0.56528067588806 0.82489860057831 -0.00023918550869
vn -0.70710670948029 0.70710682868958 -0.00022788024216
vn -0.56282293796539 0.8265774846077 -0.0001036075264
vn -0.70710676908493 0.70710664987564 -0.00000000321068
vn -0.56170868873596 0.82733505964279 0.00000008577676
vn -0.56189304590225 0.82720988988876 -0.00002542498078
vn -0.7071076631546 0.70710587501526 -0.00005535568926
vn -0.31610691547394 0.94872355461121 0.00000003246796
vn -0.31646779179573 0.9486032128334 0.00004887426257
vn -0.14976520836353 0.98872166872025 0.00011484825518
vn -0.14950320124626 0.98876124620438 0
vn -0.14976489543915 0.98872172832489 -0.0001149308664
vn -0.31646844744682 0.94860297441483 -0.00004902106957
vn -0.15109281241894 0.98851943016052 -0.00047025547246
vn -0.31829226016998 0.94799262285233 -0.00020178582054
vn -0.7071059346199 0.70710754394531 0.00005513692304
vn -0.561891913414 0.8272106051445 0.00002524523734
vn -0.70710635185242 0.70710706710815 0.0002277224994
vn -0.56282138824463 0.8265785574913 0.00010338108405
vn -0.56527948379517 0.82489943504334 0.00023941608379
vn -0.70710629224777 0.70710706710815 0.00053495762404
vn -0.32313916087151 0.94635134935379 -0.00048282500939
vn -0.15464852750301 0.98796898126602 -0.00111453351565
vn -0.15464875102043 -0.0011146387551 0.98796892166138
vn -0.32313963770866 -0.00048303641961 0.94635111093521
vn -0.15109343826771 -0.00047025977983 0.98851937055588
vn -0.31829184293747 -0.0002017255465 0.94799274206162
vn -0.70710575580597 0.00053478009067 0.70710754394531
vn -0.56528061628342 0.00023918550869 0.82489860057831
vn -0.70710664987564 0.00022788024216 0.70710682868958
vn -0.56282287836075 0.0001036075264 0.8265774846077
vn -0.70710676908493 0.00000000321068 0.70710664987564
vn -0.56170868873596 -0.00000008577676 0.82733505964279
vn -0.56189304590225 0.00002542498078 0.82720988988876
vn -0.7071076631546 0.00005535568926 0.70710587501526
vn -0.31610691547394 -0.00000003246796 0.94872355461121
vn -0.31646779179573 -0.00004887426257 0.9486032128334
vn -0.14976520836353 -0.00011484825518 0.98872166872025
vn -0.14950320124626 0 0.98876124620438
vn -0.14976486563683 0.00011493085185 0.9887216091156
vn -0.31646844744682 0.00004902106957 0.94860297441483
vn -0.15109279751778 0.00047025547246 0.98851937055588
vn -0.31829223036766 0.00020178582054 0.94799262285233
vn -0.7071059346199 -0.00005513692304 0.70710754394531
vn -0.561891913414 -0.00002524523734 0.8272106051445
vn -0.70710635185242 -0.0002277224994 0.70710706710815
vn -0.56282138824463 -0.00010338108405 0.8265785574913
vn -0.56527948379517 -0.00023941608379 0.82489943504334
vn -0.70710623264313 -0.00053495756583 0.70710700750351
vn -0.32313919067383 0.00048282506759 0.94635140895844
vn -0.15464852750301 0.00111453351565 0.98796898126602
vn -0.14950320124626 -0.98876124620438 0
vn -0.14976489543915 -0.98872172832489 0.0001149308664
vn -0.31610691547394 -0.94872355461121 -0.00000003246795
vn -0.31646844744682 -0.94860297441483 0.00004902106957
vn -0.15109281241894 -0.98851943016052 0.00047025547246
vn -0.31829226016998 -0.94799262285233 0.00020178582054
vn -0.70710545778275 -0.70710796117783 -0.00000005244925
vn -0.70710557699203 -0.70710796117783 -0.00005530047929
vn -0.56189149618149 -0.82721084356308 -0.00002529827179
vn -0.56170773506165 -0.82733571529388 -0.00000008577622
vn -0.70710635185242 -0.70710706710815 -0.0002277224994
vn -0.56282138824463 -0.8265785574913 -0.00010338108405
vn -0.56527948379517 -0.82489943504334 -0.00023941608379
vn -0.70710629224777 -0.70710706710815 -0.00053495762404
vn -0.32313916087151 -0.94635134935379 0.00048282500939
vn -0.15464852750301 -0.98796898126602 0.00111453351565
vn -0.15464876592159 -0.98796892166138 -0.0011146387551
vn -0.32313963770866 -0.94635111093521 -0.00048303641961
vn -0.15109343826771 -0.98851937055588 -0.00047025977983
vn -0.31829184293747 -0.94799274206162 -0.0002017255465
vn -0.70710575580597 -0.70710754394531 0.00053478009067
vn -0.56528067588806 -0.82489860057831 0.00023918550869
vn -0.70710629224777 -0.70710724592209 0.0002279367327
vn -0.56282293796539 -0.8265774846077 0.0001036075264
vn -0.56189256906509 -0.82721018791199 0.00002547801523
vn -0.70710629224777 -0.7071071267128 0.00005552006405
vn -0.31646779179573 -0.9486032128334 -0.00004887426257
vn -0.14976520836353 -0.98872166872025 -0.00011484825518
vn 0.0011146387551 0.98796892166138 0.15464876592159
vn 0.00048303641961 0.94635111093521 0.32313963770866
vn 0.00047025977983 0.98851937055588 0.15109343826771
vn 0.0002017255465 0.94799274206162 0.31829184293747
vn -0.00053478009067 0.70710754394531 0.70710575580597
vn -0.00023918550869 0.82489860057831 0.56528061628342
vn -0.00022788024216 0.70710682868958 0.70710664987564
vn -0.0001036075264 0.8265774846077 0.56282287836075
vn -0.00000000321068 0.70710664987564 0.70710676908493
vn 0.00000008577676 0.82733505964279 0.56170868873596
vn -0.00002542498078 0.82720988988876 0.56189304590225
vn -0.00005535568926 0.70710587501526 0.7071076631546
vn 0.00000003246796 0.94872355461121 0.31610691547394
vn 0.00004887426257 0.9486032128334 0.31646779179573
vn 0.00011484825518 0.98872166872025 0.14976520836353
vn 0 0.98876124620438 0.14950320124626
vn -0.0001149308664 0.98872172832489 0.14976489543915
vn -0.00004902106957 0.94860297441483 0.31646844744682
vn -0.00047025547246 0.98851937055588 0.15109281241894
vn -0.00020178582054 0.94799262285233 0.31829226016998
vn 0.00005513692304 0.70710754394531 0.7071059346199
vn 0.00002524523734 0.8272106051445 0.561891913414
vn 0.0002277224994 0.70710706710815 0.70710635185242
vn 0.00010338108405 0.8265785574913 0.56282138824463
vn 0.00023941608379 0.82489943504334 0.56527948379517
vn 0.00053495756583 0.70710700750351 0.70710623264313
vn -0.00048282500939 0.94635128974915 0.32313916087151
vn -0.00111453351565 0.98796898126602 0.15464852750301
vn 0.98796892166138 -0.0011146387551 0.15464876592159
vn 0.94635111093521 -0.00048303641961 0.32313963770866
vn 0.98851937055588 -0.00047025977983 0.15109343826771
vn 0.94799274206162 -0.0002017255465 0.31829184293747
vn 0.70710754394531 0.00053478009067 0.70710575580597
vn 0.82489860057831 0.00023918550869 0.56528061628342
vn 0.70710682868958 0.00022788024216 0.70710664987564
vn 0.8265774846077 0.0001036075264 0.56282287836075
vn 0.70710664987564 0.00000000321068 0.70710676908493
vn 0.82733505964279 -0.00000008577676 0.56170868873596
vn 0.82720988988876 0.00002542498078 0.56189304590225
vn 0.70710587501526 0.00005535568926 0.7071076631546
vn 0.94872355461121 -0.00000003246796 0.31610691547394
vn 0.9486032128334 -0.00004887426257 0.31646779179573
vn 0.98872166872025 -0.00011484825518 0.14976520836353
vn 0.98876124620438 0 0.14950320124626
vn 0.98872172832489 0.0001149308664 0.14976489543915
vn 0.94860297441483 0.00004902106957 0.31646844744682
vn 0.98851937055588 0.00047025547246 0.15109281241894
vn 0.94799262285233 0.00020178582054 0.31829226016998
vn 0.70710754394531 -0.00005513692304 0.7071059346199
vn 0.8272106051445 -0.00002524523734 0.561891913414
vn 0.70710706710815 -0.0002277224994 0.70710635185242
vn 0.8265785574913 -0.00010338108405 0.56282138824463
vn 0.82489943504334 -0.00023941608379 0.56527948379517
vn 0.70710700750351 -0.00053495756583 0.70710623264313
vn 0.94635128974915 0.00048282500939 0.32313916087151
vn 0.98796898126602 0.00111453351565 0.15464852750301
vn 0 -0.98876124620438 0.14950320124626
vn 0.0001149308664 -0.98872172832489 0.14976489543915
vn -0.00000003246795 -0.94872355461121 0.31610691547394
vn 0.00004902106957 -0.94860297441483 0.31646844744682
vn 0.00047025547246 -0.98851937055588 0.15109281241894
vn 0.00020178582054 -0.94799262285233 0.31829226016998
vn -0.00000005244925 -0.70710796117783 0.70710545778275
vn -0.00005530047929 -0.70710796117783 0.70710557699203
vn -0.00002529827179 -0.82721084356308 0.56189149618149
vn -0.00000008577622 -0.82733571529388 0.56170773506165
vn -0.0002277224994 -0.70710706710815 0.70710635185242
vn -0.00010338108405 -0.8265785574913 0.56282138824463
vn -0.00023941608379 -0.82489943504334 0.56527948379517
vn -0.00053495756583 -0.70710700750351 0.70710623264313
vn 0.00048282500939 -0.94635128974915 0.32313916087151
vn 0.00111453351565 -0.98796898126602 0.15464852750301
vn -0.0011146387551 -0.98796892166138 0.15464876592159
vn -0.00048303641961 -0.94635111093521 0.32313963770866
vn -0.00047025977983 -0.98851937055588 0.15109343826771
vn -0.0002017255465 -0.94799274206162 0.31829184293747
vn 0.00053478009067 -0.70710754394531 0.70710575580597
vn 0.00023918550869 -0.82489860057831 0.56528061628342
vn 0.0002279367036 -0.70710718631744 0.70710623264313
vn 0.0001036075264 -0.8265774846077 0.56282287836075
vn 0.00002547801523 -0.82721018791199 0.56189256906509
vn 0.00005552006405 -0.7071071267128 0.70710629224777
vn -0.00004887426257 -0.9486032128334 0.31646779179573
vn -0.00011484825518 -0.98872166872025 0.14976520836353
vn 0.15464876592159 0.98796892166138 -0.0011146387551
vn 0.32313963770866 0.94635111093521 -0.00048303641961
vn 0.15109343826771 0.98851937055588 -0.00047025977983
vn 0.31829184293747 0.94799274206162 -0.0002017255465
vn 0.70710575580597 0.70710754394531 0.00053478009067
vn 0.56528067588806 0.82489860057831 0.00023918550869
vn 0.70710670948029 0.70710682868958 0.00022788024216
vn 0.56282293796539 0.8265774846077 0.0001036075264
vn 0.70710676908493 0.70710664987564 0.00000000321068
vn 0.56170868873596 0.82733505964279 -0.00000008577676
vn 0.56189304590225 0.82720988988876 0.00002542498078
vn 0.7071076631546 0.70710587501526 0.00005535568926
vn 0.31610691547394 0.94872355461121 -0.00000003246796
vn 0.31646779179573 0.9486032128334 -0.00004887426257
vn 0.14976520836353 0.98872166872025 -0.00011484825518
vn 0.14950320124626 0.98876124620438 0
vn 0.14976489543915 0.98872172832489 0.0001149308664
vn 0.31646844744682 0.94860297441483 0.00004902106957
vn 0.15109281241894 0.98851943016052 0.00047025547246
vn 0.31829226016998 0.94799262285233 0.00020178582054
vn 0.7071059346199 0.70710754394531 -0.00005513692304
vn 0.561891913414 0.8272106051445 -0.00002524523734
vn 0.70710635185242 0.70710706710815 -0.0002277224994
vn 0.56282138824463 0.8265785574913 -0.00010338108405
vn 0.56527948379517 0.82489943504334 -0.00023941608379
vn 0.70710629224777 0.70710706710815 -0.00053495762404
vn 0.32313916087151 0.94635134935379 0.00048282500939
vn 0.15464852750301 0.98796898126602 0.00111453351565
vn 0.14950320124626 -0.98876124620438 0
vn 0.14976489543915 -0.98872172832489 -0.0001149308664
vn 0.31610691547394 -0.94872355461121 0.00000003246795
vn 0.31646844744682 -0.94860297441483 -0.00004902106957
vn 0.15109281241894 -0.98851943016052 -0.00047025547246
vn 0.31829226016998 -0.94799262285233 -0.00020178582054
vn 0.70710545778275 -0.70710796117783 0.00000005244925
vn 0.70710557699203 -0.70710796117783 0.00005530047929
vn 0.56189149618149 -0.82721084356308 0.00002529827179
vn 0.56170773506165 -0.82733571529388 0.00000008577622
vn 0.70710635185242 -0.70710706710815 0.0002277224994
vn 0.56282138824463 -0.8265785574913 0.00010338108405
vn 0.56527948379517 -0.82489943504334 0.00023941608379
vn 0.70710629224777 -0.70710706710815 0.00053495762404
vn 0.32313916087151 -0.94635134935379 -0.00048282500939
vn 0.15464852750301 -0.98796898126602 -0.00111453351565
vn 0.15464876592159 -0.98796892166138 0.0011146387551
vn 0.32313963770866 -0.94635111093521 0.00048303641961
vn 0.15109343826771 -0.98851937055588 0.00047025977983
vn 0.31829184293747 -0.94799274206162 0.0002017255465
vn 0.70710575580597 -0.70710754394531 -0.00053478009067
vn 0.56528067588806 -0.82489860057831 -0.00023918550869
vn 0.70710629224777 -0.70710724592209 -0.0002279367327
vn 0.56282293796539 -0.8265774846077 -0.0001036075264
vn 0.56189256906509 -0.82721018791199 -0.00002547801523
vn 0.70710629224777 -0.7071071267128 -0.00005552006405
vn 0.31646779179573 -0.9486032128334 0.00004887426257
vn 0.14976520836353 -0.98872166872025 0.00011484825518
vn 0.17568989098072 -0.00082511355868 -0.9844451546669
vn 0.16177827119827 -0.00223076669499 -0.98682463169098
vn 0.20325408875942 0.00827661436051 -0.97909104824066
vn 0.3493612408638 0.00113803183194 -0.93698745965958
vn 0.33284333348274 -0.0009741698741 -0.94298160076141
vn 0.37464755773544 0.01050799712539 -0.92710769176483
vn 0.24483400583267 0.03293189778924 -0.9690055847168
vn 0.40865409374237 0.03453104197979 -0.91203588247299
vn 0.5949302315712 0.03084533475339 -0.80318534374237
vn 0.58507394790649 0.01123708300292 -0.81090205907822
vn 0.57016706466675 0.00045168140787 -0.821528673172
vn 0.57728058099747 0.00288098980673 -0.81654077768326
vn 0.03293178230524 0.24483466148376 -0.96900546550751
vn 0.00827655382454 0.20325516164303 -0.97909080982208
vn 0.03453081473708 0.40865397453308 -0.91203588247299
vn 0.01050803344697 0.37464660406113 -0.92710816860199
vn -0.00223074737005 0.16177813708782 -0.98682457208633
vn -0.00082523853052 0.1756903231144 -0.98444509506226
vn -0.00097411603201 0.33284330368042 -0.94298160076141
vn 0.00113808794413 0.34936049580574 -0.9369877576828
vn 0.00288097537123 0.57727932929993 -0.81654161214828
vn 0.00045164785115 0.57016676664352 -0.82152879238129
vn 0.01123751234263 0.58507388830185 -0.81090211868286
vn 0.03084505349398 0.59493058919907 -0.80318510532379
vn -0.24483466148376 0.03293178230524 -0.96900546550751
vn -0.20325516164303 0.00827655382454 -0.97909080982208
vn -0.40865397453308 0.03453081473708 -0.91203588247299
vn -0.37464660406113 0.01050803344697 -0.92710816860199
vn -0.16177813708782 -0.00223074737005 -0.98682457208633
vn -0.1756903231144 -0.00082523853052 -0.98444509506226
vn -0.33284330368042 -0.00097411603201 -0.94298160076141
vn -0.34936049580574 0.00113808794413 -0.9369877576828
vn -0.57727932929993 0.00288097537123 -0.81654161214828
vn -0.57016676664352 0.00045164785115 -0.82152879238129
vn -0.58507388830185 0.01123751234263 -0.81090211868286
vn -0.59493058919907 0.03084505349398 -0.80318510532379
vn 0.00082511355868 0.17568989098072 -0.9844451546669
vn 0.00223076669499 0.16177827119827 -0.98682463169098
vn -0.00827661436051 0.20325408875942 -0.97909104824066
vn -0.00113803183194 0.3493612408638 -0.93698745965958
vn 0.0009741698741 0.33284333348274 -0.94298160076141
vn -0.01050799712539 0.37464755773544 -0.92710769176483
vn -0.03293189778924 0.24483400583267 -0.9690055847168
vn -0.03453104197979 0.40865409374237 -0.91203588247299
vn -0.03084533475339 0.5949302315712 -0.80318534374237
vn -0.01123708300292 0.58507394790649 -0.81090205907822
vn -0.00045168140787 0.57016706466675 -0.821528673172
vn -0.00288098980673 0.57728058099747 -0.81654077768326
vn 0.24483466148376 -0.03293178230524 -0.96900546550751
vn 0.20325516164303 -0.00827655382454 -0.97909080982208
vn 0.40865397453308 -0.03453081473708 -0.91203588247299
vn 0.37464660406113 -0.01050803344697 -0.92710816860199
vn 0.16177813708782 0.00223074737005 -0.98682457208633
vn 0.1756903231144 0.00082523853052 -0.98444509506226
vn 0.33284330368042 0.00097411603201 -0.94298160076141
vn 0.34936049580574 -0.00113808794413 -0.9369877576828
vn 0.57727932929993 -0.00288097537123 -0.81654161214828
vn 0.57016676664352 -0.00045164785115 -0.82152879238129
vn 0.58507388830185 -0.01123751234263 -0.81090211868286
vn 0.59493058919907 -0.03084505349398 -0.80318510532379
vn -0.00082511355868 -0.17568989098072 -0.9844451546669
vn -0.00223076669499 -0.16177827119827 -0.98682463169098
vn 0.00827661436051 -0.20325408875942 -0.97909104824066
vn 0.00113803183194 -0.3493612408638 -0.93698745965958
vn -0.0009741698741 -0.33284333348274 -0.94298160076141
vn 0.01050799712539 -0.37464755773544 -0.92710769176483
vn 0.03293189778924 -0.24483400583267 -0.9690055847168
vn 0.03453104197979 -0.40865409374237 -0.91203588247299
vn 0.03084533475339 -0.5949302315712 -0.80318534374237
vn 0.01123708300292 -0.58507394790649 -0.81090205907822
vn 0.00045168140787 -0.57016706466675 -0.821528673172
vn 0.00288098980673 -0.57728058099747 -0.81654077768326
vn -0.03293178230524 -0.24483466148376 -0.96900546550751
vn -0.00827655382454 -0.20325516164303 -0.97909080982208
vn -0.03453081473708 -0.40865397453308 -0.91203588247299
vn -0.01050803344697 -0.37464660406113 -0.92710816860199
vn 0.00223074737005 -0.16177813708782 -0.98682457208633
vn 0.00082523853052 -0.1756903231144 -0.98444509506226
vn 0.00097411603201 -0.33284330368042 -0.94298160076141
vn -0.00113808794413 -0.34936049580574 -0.9369877576828
vn -0.00288097537123 -0.57727932929993 -0.81654161214828
vn -0.00045164785115 -0.57016676664352 -0.82152879238129
vn -0.01123751234263 -0.58507388830185 -0.81090211868286
vn -0.03084505349398 -0.59493058919907 -0.80318510532379
vn -0.17568989098072 0.00082511355868 -0.9844451546669
vn -0.16177827119827 0.00223076669499 -0.98682463169098
vn -0.20325408875942 -0.00827661436051 -0.97909104824066
vn -0.3493612408638 -0.00113803183194 -0.93698745965958
vn -0.33284333348274 0.0009741698741 -0.94298160076141
vn -0.37464755773544 -0.01050799712539 -0.92710769176483
vn -0.24483400583267 -0.03293189778924 -0.9690055847168
vn -0.40865409374237 -0.03453104197979 -0.91203588247299
vn -0.5949302315712 -0.03084533475339 -0.80318534374237
vn -0.58507394790649 -0.01123708300292 -0.81090205907822
vn -0.57016706466675 -0.00045168140787 -0.821528673172
vn -0.57728058099747 -0.00288098980673 -0.81654077768326
vn -0.96900546550751 0.24483466148376 -0.03293178230524
vn -0.97909080982208 0.20325516164303 -0.00827655382454
vn -0.91203588247299 0.40865397453308 -0.03453081473708
vn -0.92710816860199 0.37464660406113 -0.01050803344697
vn -0.98682469129562 0.16177815198898 0.00223074760288
vn -0.98444509506226 0.1756903231144 0.00082523853052
vn -0.94298160076141 0.33284330368042 0.00097411603201
vn -0.9369877576828 0.34936049580574 -0.00113808794413
vn -0.81654167175293 0.57727938890457 -0.00288097560406
vn -0.82152879238129 0.57016676664352 -0.00045164785115
vn -0.81090211868286 0.58507388830185 -0.01123751234263
vn -0.80318510532379 0.59493058919907 -0.03084505349398
vn -0.96900546550751 0.03293178230524 0.24483466148376
vn -0.97909080982208 0.00827655382454 0.20325516164303
vn -0.91203588247299 0.03453081473708 0.40865397453308
vn -0.92710816860199 0.01050803344697 0.37464660406113
vn -0.98682469129562 -0.00223074760288 0.16177815198898
vn -0.98444509506226 -0.00082523853052 0.1756903231144
vn -0.94298160076141 -0.00097411603201 0.33284330368042
vn -0.9369877576828 0.00113808794413 0.34936049580574
vn -0.81654167175293 0.00288097560406 0.57727938890457
vn -0.82152891159058 0.00045164790936 0.57016682624817
vn -0.81090211868286 0.01123751234263 0.58507388830185
vn -0.80318510532379 0.03084505349398 0.59493058919907
vn -0.98444527387619 0.17568990588188 -0.0008251137333
vn -0.98682463169098 0.16177827119827 -0.00223076692782
vn -0.97909104824066 0.20325408875942 0.00827661436051
vn -0.93698745965958 0.3493612408638 0.00113803183194
vn -0.94298160076141 0.33284333348274 -0.0009741698741
vn -0.92710769176483 0.37464755773544 0.01050799712539
vn -0.9690055847168 0.24483400583267 0.03293189778924
vn -0.91203588247299 0.40865409374237 0.03453104197979
vn -0.80318522453308 0.59493017196655 0.0308453310281
vn -0.81090211868286 0.58507400751114 0.01123708486557
vn -0.821528673172 0.57016706466675 0.00045168140787
vn -0.81654077768326 0.57728058099747 0.00288098980673
vn -0.98444527387619 -0.17568990588188 0.0008251137333
vn -0.98682463169098 -0.16177827119827 0.00223076692782
vn -0.97909104824066 -0.20325408875942 -0.00827661436051
vn -0.93698745965958 -0.3493612408638 -0.00113803183194
vn -0.94298160076141 -0.33284333348274 0.0009741698741
vn -0.92710769176483 -0.37464755773544 -0.01050799712539
vn -0.9690055847168 -0.24483400583267 -0.03293189778924
vn -0.91203588247299 -0.40865409374237 -0.03453104197979
vn -0.80318522453308 -0.59493017196655 -0.0308453310281
vn -0.81090211868286 -0.58507400751114 -0.01123708486557
vn -0.821528673172 -0.57016706466675 -0.00045168140787
vn -0.81654077768326 -0.57728058099747 -0.00288098980673
vn -0.96900546550751 -0.24483466148376 0.03293178230524
vn -0.97909080982208 -0.20325516164303 0.00827655382454
vn -0.91203588247299 -0.40865397453308 0.03453081473708
vn -0.92710816860199 -0.37464660406113 0.01050803344697
vn -0.98682469129562 -0.16177815198898 -0.00223074760288
vn -0.98444509506226 -0.1756903231144 -0.00082523853052
vn -0.94298160076141 -0.33284330368042 -0.00097411603201
vn -0.9369877576828 -0.34936049580574 0.00113808794413
vn -0.81654167175293 -0.57727938890457 0.00288097560406
vn -0.82152879238129 -0.57016676664352 0.00045164785115
vn -0.81090211868286 -0.58507388830185 0.01123751234263
vn -0.80318510532379 -0.59493058919907 0.03084505349398
vn -0.98444527387619 0.0008251137333 0.17568990588188
vn -0.98682463169098 0.00223076692782 0.16177827119827
vn -0.97909104824066 -0.00827661436051 0.20325408875942
vn -0.93698745965958 -0.00113803183194 0.3493612408638
vn -0.94298160076141 0.0009741698741 0.33284333348274
vn -0.92710769176483 -0.01050799712539 0.37464755773544
vn -0.9690055847168 -0.03293189778924 0.24483400583267
vn -0.91203588247299 -0.03453104197979 0.40865409374237
vn -0.80318522453308 -0.0308453310281 0.59493017196655
vn -0.81090205907822 -0.01123708300292 0.58507394790649
vn -0.821528673172 -0.00045168140787 0.57016706466675
vn -0.81654077768326 -0.00288098980673 0.57728058099747
vn -0.03293178230524 0.24483466148376 0.96900546550751
vn -0.00827655382454 0.20325516164303 0.97909080982208
vn -0.03453081473708 0.40865397453308 0.91203588247299
vn -0.01050803344697 0.37464660406113 0.92710816860199
vn 0.00223074737005 0.16177813708782 0.98682457208633
vn 0.00082523853052 0.1756903231144 0.98444509506226
vn 0.00097411603201 0.33284330368042 0.94298160076141
vn -0.00113808794413 0.34936049580574 0.9369877576828
vn -0.00288097537123 0.57727932929993 0.81654161214828
vn -0.00045164785115 0.57016676664352 0.82152879238129
vn -0.01123751234263 0.58507388830185 0.81090211868286
vn -0.03084505349398 0.59493058919907 0.80318510532379
vn 0.24483466148376 0.03293178230524 0.96900546550751
vn 0.20325516164303 0.00827655382454 0.97909080982208
vn 0.40865397453308 0.03453081473708 0.91203588247299
vn 0.37464660406113 0.01050803344697 0.92710816860199
vn 0.16177813708782 -0.00223074737005 0.98682457208633
vn 0.1756903231144 -0.00082523853052 0.98444509506226
vn 0.33284330368042 -0.00097411603201 0.94298160076141
vn 0.34936049580574 0.00113808794413 0.9369877576828
vn 0.57727932929993 0.00288097537123 0.81654161214828
vn 0.57016676664352 0.00045164785115 0.82152879238129
vn 0.58507388830185 0.01123751234263 0.81090211868286
vn 0.59493058919907 0.03084505349398 0.80318510532379
vn -0.00082511355868 0.17568989098072 0.9844451546669
vn -0.00223076669499 0.16177827119827 0.98682463169098
vn 0.00827661436051 0.20325408875942 0.97909104824066
vn 0.00113803183194 0.3493612408638 0.93698745965958
vn -0.0009741698741 0.33284333348274 0.94298160076141
vn 0.01050799712539 0.37464755773544 0.92710769176483
vn 0.03293189778924 0.24483400583267 0.9690055847168
vn 0.03453104197979 0.40865409374237 0.91203588247299
vn 0.03084533475339 0.5949302315712 0.80318534374237
vn 0.01123708300292 0.58507394790649 0.81090205907822
vn 0.00045168140787 0.57016706466675 0.821528673172
vn 0.00288098980673 0.57728058099747 0.81654077768326
vn 0.00082511355868 -0.17568989098072 0.9844451546669
vn 0.00223076669499 -0.16177827119827 0.98682463169098
vn -0.00827661436051 -0.20325408875942 0.97909104824066
vn -0.00113803183194 -0.3493612408638 0.93698745965958
vn 0.0009741698741 -0.33284333348274 0.94298160076141
vn -0.01050799712539 -0.37464755773544 0.92710769176483
vn -0.03293189778924 -0.24483400583267 0.9690055847168
vn -0.03453104197979 -0.40865409374237 0.91203588247299
vn -0.03084533475339 -0.5949302315712 0.80318534374237
vn -0.01123708300292 -0.58507394790649 0.81090205907822
vn -0.00045168140787 -0.57016706466675 0.821528673172
vn -0.00288098980673 -0.57728058099747 0.81654077768326
vn 0.03293178230524 -0.24483466148376 0.96900546550751
vn 0.00827655382454 -0.20325516164303 0.97909080982208
vn 0.03453081473708 -0.40865397453308 0.91203588247299
vn 0.01050803344697 -0.37464660406113 0.92710816860199
vn -0.00223074737005 -0.16177813708782 0.98682457208633
vn -0.00082523853052 -0.1756903231144 0.98444509506226
vn -0.00097411603201 -0.33284330368042 0.94298160076141
vn 0.00113808794413 -0.34936049580574 0.9369877576828
vn 0.00288097537123 -0.57727932929993 0.81654161214828
vn 0.00045164785115 -0.57016676664352 0.82152879238129
vn 0.01123751234263 -0.58507388830185 0.81090211868286
vn 0.03084505349398 -0.59493058919907 0.80318510532379
vn 0.17568989098072 0.00082511355868 0.9844451546669
vn 0.16177827119827 0.00223076669499 0.98682463169098
vn 0.20325408875942 -0.00827661436051 0.97909104824066
vn 0.3493612408638 -0.00113803183194 0.93698745965958
vn 0.33284333348274 0.0009741698741 0.94298160076141
vn 0.37464755773544 -0.01050799712539 0.92710769176483
vn 0.24483400583267 -0.03293189778924 0.9690055847168
vn 0.40865409374237 -0.03453104197979 0.91203588247299
vn 0.5949302315712 -0.03084533475339 0.80318534374237
vn 0.58507394790649 -0.01123708300292 0.81090205907822
vn 0.57016706466675 -0.00045168140787 0.821528673172
vn 0.57728058099747 -0.00288098980673 0.81654077768326
vn 0.96900546550751 0.24483466148376 0.03293178230524
vn 0.97909080982208 0.20325516164303 0.00827655382454
vn 0.91203588247299 0.40865397453308 0.03453081473708
vn 0.92710816860199 0.37464660406113 0.01050803344697
vn 0.98682469129562 0.16177815198898 -0.00223074760288
vn 0.98444509506226 0.1756903231144 -0.00082523853052
vn 0.94298160076141 0.33284330368042 -0.00097411603201
vn 0.9369877576828 0.34936049580574 0.00113808794413
vn 0.81654167175293 0.57727938890457 0.00288097560406
vn 0.82152879238129 0.57016676664352 0.00045164785115
vn 0.81090211868286 0.58507388830185 0.01123751234263
vn 0.80318510532379 0.59493058919907 0.03084505349398
vn 0.98444527387619 0.17568990588188 0.0008251137333
vn 0.98682463169098 0.16177827119827 0.00223076692782
vn 0.97909104824066 0.20325408875942 -0.00827661436051
vn 0.93698745965958 0.3493612408638 -0.00113803183194
vn 0.94298160076141 0.33284333348274 0.0009741698741
vn 0.92710769176483 0.37464755773544 -0.01050799712539
vn 0.9690055847168 0.24483400583267 -0.03293189778924
vn 0.91203588247299 0.40865409374237 -0.03453104197979
vn 0.80318522453308 0.59493017196655 -0.0308453310281
vn 0.81090211868286 0.58507400751114 -0.01123708486557
vn 0.821528673172 0.57016706466675 -0.00045168140787
vn 0.81654077768326 0.57728058099747 -0.00288098980673
vn 0.98444527387619 -0.17568990588188 -0.0008251137333
vn 0.98682463169098 -0.16177827119827 -0.00223076692782
vn 0.97909104824066 -0.20325408875942 0.00827661436051
vn 0.93698745965958 -0.3493612408638 0.00113803183194
vn 0.94298160076141 -0.33284333348274 -0.0009741698741
vn 0.92710769176483 -0.37464755773544 0.01050799712539
vn 0.9690055847168 -0.24483400583267 0.03293189778924
vn 0.91203588247299 -0.40865409374237 0.03453104197979
vn 0.80318522453308 -0.59493017196655 0.0308453310281
vn 0.81090211868286 -0.58507400751114 0.01123708486557
vn 0.821528673172 -0.57016706466675 0.00045168140787
vn 0.81654077768326 -0.57728058099747 0.00288098980673
vn 0.96900546550751 -0.24483466148376 -0.03293178230524
vn 0.97909080982208 -0.20325516164303 -0.00827655382454
vn 0.91203588247299 -0.40865397453308 -0.03453081473708
vn 0.92710816860199 -0.37464660406113 -0.01050803344697
vn 0.98682469129562 -0.16177815198898 0.00223074760288
vn 0.98444509506226 -0.1756903231144 0.00082523853052
vn 0.94298160076141 -0.33284330368042 0.00097411603201
vn 0.9369877576828 -0.34936049580574 -0.00113808794413
vn 0.81654167175293 -0.57727938890457 -0.00288097560406
vn 0.82152879238129 -0.57016676664352 -0.00045164785115
vn 0.81090211868286 -0.58507388830185 -0.01123751234263
vn 0.80318510532379 -0.59493058919907 -0.03084505349398
vn -0.00111457530875 0.15464858710766 -0.98796898126602
vn -0.00047034124145 0.15109318494797 -0.98851943016052
vn -0.00048289293773 0.32313892245293 -0.94635140895844
vn -0.00020197287085 0.31829187273979 -0.94799280166626
vn 0.0000000747601 0.14950487017632 -0.9887610077858
vn -0.00011503527639 0.14976623654366 -0.98872148990631
vn 0.00000021489618 0.31610676646233 -0.94872361421585
vn -0.00004928548879 0.31646826863289 -0.94860309362412
vn 0.00002520330418 0.56189167499542 -0.82721084356308
vn 0.00000019699205 0.5617071390152 -0.82733607292175
vn 0.00010332298552 0.56282317638397 -0.82657724618912
vn 0.00023926429276 0.56528133153915 -0.82489812374115
vn 0.00011498215463 0.14976596832275 -0.98872148990631
vn 0.00047029289999 0.15109367668629 -0.98851931095123
vn 0.00004915309182 0.31646752357483 -0.94860339164734
vn 0.00020177898114 0.31829136610031 -0.94799292087555
vn 0.00111465528607 0.15464912354946 -0.98796886205673
vn 0.00048308316036 0.32313880324364 -0.94635152816772
vn -0.00023921721731 0.56527906656265 -0.82489967346191
vn -0.00010346406634 0.56282037496567 -0.82657933235168
vn -0.00002516219865 0.56189125776291 -0.82721120119095
vn 0.14976528286934 -0.00011483262642 -0.98872154951096
vn 0.14950324594975 0 -0.98876130580902
vn 0.15109367668629 -0.00047029289999 -0.98851931095123
vn 0.31646740436554 -0.00004879290282 -0.94860339164734
vn 0.3161062002182 0 -0.94872373342514
vn 0.31829136610031 -0.00020177898114 -0.94799292087555
vn 0.15464912354946 -0.00111465528607 -0.98796886205673
vn 0.32313880324364 -0.00048308316036 -0.94635152816772
vn 0.56527906656265 0.00023921721731 -0.82489967346191
vn 0.56282037496567 0.00010346406634 -0.82657933235168
vn 0.56170850992203 0 -0.82733517885208
vn 0.56189167499542 0.00002548598241 -0.82721084356308
vn -0.15464858710766 -0.00111457530875 -0.98796898126602
vn -0.15109318494797 -0.00047034124145 -0.98851943016052
vn -0.32313892245293 -0.00048289293773 -0.94635140895844
vn -0.31829187273979 -0.00020197287085 -0.94799280166626
vn -0.14950487017632 0.0000000747601 -0.9887610077858
vn -0.14976623654366 -0.00011503527639 -0.98872148990631
vn -0.31610676646233 0.00000021489618 -0.94872361421585
vn -0.31646826863289 -0.00004928548879 -0.94860309362412
vn -0.56189167499542 0.00002520330418 -0.82721084356308
vn -0.5617071390152 0.00000019699205 -0.82733607292175
vn -0.56282317638397 0.00010332298552 -0.82657724618912
vn -0.56528133153915 0.00023926429276 -0.82489812374115
vn 0.15464858710766 0.00111457530875 -0.98796898126602
vn 0.15109284222126 0.00047026533866 -0.98851937055588
vn 0.32313892245293 0.00048289293773 -0.94635140895844
vn 0.3182914853096 0.0002017555089 -0.9479928612709
vn 0.14976489543915 0.00011488461314 -0.9887216091156
vn 0.31646755337715 0.00004892282595 -0.94860339164734
vn 0.5618931055069 -0.00002552928891 -0.82720983028412
vn 0.56282383203506 -0.00010352216486 -0.82657700777054
vn 0.56528133153915 -0.00023926429276 -0.82489812374115
vn -0.14976596832275 0.00011498215463 -0.98872148990631
vn -0.15109367668629 0.00047029289999 -0.98851931095123
vn -0.31646752357483 0.00004915309182 -0.94860339164734
vn -0.31829136610031 0.00020177898114 -0.94799292087555
vn -0.15464912354946 0.00111465528607 -0.98796886205673
vn -0.32313880324364 0.00048308316036 -0.94635152816772
vn -0.56527906656265 -0.00023921721731 -0.82489967346191
vn -0.56282037496567 -0.00010346406634 -0.82657933235168
vn -0.56189125776291 -0.00002516219865 -0.82721120119095
vn -0.00011483262642 -0.14976528286934 -0.98872154951096
vn 0 -0.14950324594975 -0.98876130580902
vn -0.00047029289999 -0.15109367668629 -0.98851931095123
vn -0.00004879290282 -0.31646740436554 -0.94860339164734
vn 0 -0.3161062002182 -0.94872373342514
vn -0.00020177898114 -0.31829136610031 -0.94799292087555
vn -0.00111465528607 -0.15464912354946 -0.98796886205673
vn -0.00048308316036 -0.32313880324364 -0.94635152816772
vn 0.00023921721731 -0.56527906656265 -0.82489967346191
vn 0.00010346406634 -0.56282037496567 -0.82657933235168
vn 0 -0.56170850992203 -0.82733517885208
vn 0.00002548598241 -0.56189167499542 -0.82721084356308
vn 0.00111457530875 -0.15464858710766 -0.98796898126602
vn 0.00047026533866 -0.15109284222126 -0.98851937055588
vn 0.00048289293773 -0.32313892245293 -0.94635140895844
vn 0.0002017555089 -0.3182914853096 -0.9479928612709
vn 0.00011488461314 -0.14976489543915 -0.9887216091156
vn 0.00004892282595 -0.31646755337715 -0.94860339164734
vn -0.00002552928891 -0.5618931055069 -0.82720983028412
vn -0.00010352216486 -0.56282383203506 -0.82657700777054
vn -0.00023926429276 -0.56528133153915 -0.82489812374115
vn -0.98796898126602 0.15464860200882 0.00111457530875
vn -0.98851931095123 0.15109318494797 0.00047034121235
vn -0.94635140895844 0.32313895225525 0.00048289293773
vn -0.94799280166626 0.31829181313515 0.00020197287085
vn -0.9887610077858 0.14950487017632 -0.0000000747601
vn -0.98872148990631 0.14976623654366 0.00011503528367
vn -0.94872361421585 0.31610676646233 -0.00000021489618
vn -0.9486032128334 0.31646826863289 0.00004928549242
vn -0.82721084356308 0.56189167499542 -0.00002520330418
vn -0.82733607292175 0.5617071390152 -0.00000019699205
vn -0.82657724618912 0.56282317638397 -0.0001033229928
vn -0.82489812374115 0.56528133153915 -0.00023926429276
vn -0.98872148990631 0.14976596832275 -0.00011498215463
vn -0.98851931095123 0.15109367668629 -0.00047029289999
vn -0.94860339164734 0.31646752357483 -0.00004915309182
vn -0.94799292087555 0.31829136610031 -0.00020177898114
vn -0.98796886205673 0.15464912354946 -0.00111465540249
vn -0.94635152816772 0.32313880324364 -0.00048308316036
vn -0.82489967346191 0.56527906656265 0.00023921721731
vn -0.82657933235168 0.56282037496567 0.00010346406634
vn -0.82721120119095 0.56189125776291 0.00002516219865
vn -0.98796898126602 -0.00111457530875 0.15464860200882
vn -0.98851931095123 -0.00047034121235 0.15109318494797
vn -0.94635140895844 -0.00048289293773 0.32313895225525
vn -0.94799280166626 -0.00020197287085 0.31829181313515
vn -0.9887610077858 0.0000000747601 0.14950487017632
vn -0.98872148990631 -0.00011503528367 0.14976623654366
vn -0.94872361421585 0.00000021489618 0.31610676646233
vn -0.9486032128334 -0.00004928549242 0.31646826863289
vn -0.82721084356308 0.00002520330418 0.56189167499542
vn -0.82733607292175 0.00000019699205 0.5617071390152
vn -0.82657724618912 0.00010332298552 0.56282317638397
vn -0.82489812374115 0.00023926429276 0.56528133153915
vn -0.98872148990631 0.00011498215463 0.14976596832275
vn -0.98851931095123 0.00047029289999 0.15109367668629
vn -0.94860339164734 0.00004915309182 0.31646752357483
vn -0.94799292087555 0.00020177898114 0.31829136610031
vn -0.98796886205673 0.00111465540249 0.15464912354946
vn -0.94635152816772 0.00048308316036 0.32313880324364
vn -0.82489967346191 -0.00023921721731 0.56527906656265
vn -0.82657933235168 -0.00010346406634 0.56282037496567
vn -0.82721120119095 -0.00002516219865 0.56189125776291
vn -0.98872154951096 -0.14976528286934 0.00011483262642
vn -0.98876130580902 -0.14950324594975 0
vn -0.98851931095123 -0.15109367668629 0.00047029289999
vn -0.94860339164734 -0.31646740436554 0.00004879290282
vn -0.94872373342514 -0.3161062002182 0
vn -0.94799292087555 -0.31829136610031 0.00020177898114
vn -0.98796886205673 -0.15464912354946 0.00111465540249
vn -0.94635152816772 -0.32313880324364 0.00048308316036
vn -0.82489967346191 -0.56527906656265 -0.00023921721731
vn -0.82657933235168 -0.56282037496567 -0.00010346406634
vn -0.82733517885208 -0.56170850992203 0
vn -0.82721084356308 -0.56189167499542 -0.00002548598241
vn -0.98796898126602 -0.15464860200882 -0.00111457530875
vn -0.98851937055588 -0.15109285712242 -0.00047026536777
vn -0.94635140895844 -0.32313895225525 -0.00048289293773
vn -0.9479928612709 -0.3182914853096 -0.00020175549434
vn -0.9887216091156 -0.14976489543915 -0.00011488461314
vn -0.94860339164734 -0.31646749377251 -0.00004892282595
vn -0.82720983028412 -0.5618931055069 0.00002552929072
vn -0.82657700777054 -0.56282383203506 0.00010352216486
vn -0.82489812374115 -0.56528133153915 0.00023926429276
vn 0.00111457530875 0.15464858710766 0.98796898126602
vn 0.00047034124145 0.15109318494797 0.98851943016052
vn 0.00048289293773 0.32313892245293 0.94635140895844
vn 0.00020197287085 0.31829187273979 0.94799280166626
vn -0.0000000747601 0.14950487017632 0.9887610077858
vn 0.00011503527639 0.14976623654366 0.98872148990631
vn -0.00000021489618 0.31610676646233 0.94872361421585
vn 0.00004928548879 0.31646826863289 0.94860309362412
vn -0.00002520330418 0.56189167499542 0.82721084356308
vn -0.00000019699205 0.5617071390152 0.82733607292175
vn -0.00010332298552 0.56282317638397 0.82657724618912
vn -0.00023926429276 0.56528133153915 0.82489812374115
vn -0.00011498215463 0.14976596832275 0.98872148990631
vn -0.00047029289999 0.15109367668629 0.98851931095123
vn -0.00004915309182 0.31646752357483 0.94860339164734
vn -0.00020177898114 0.31829136610031 0.94799292087555
vn -0.00111465528607 0.15464912354946 0.98796886205673
vn -0.00048308316036 0.32313880324364 0.94635152816772
vn 0.00023921721731 0.56527906656265 0.82489967346191
vn 0.00010346406634 0.56282037496567 0.82657933235168
vn 0.00002516219865 0.56189125776291 0.82721120119095
vn 0.15464858710766 -0.00111457530875 0.98796898126602
vn 0.15109318494797 -0.00047034124145 0.98851943016052
vn 0.32313892245293 -0.00048289293773 0.94635140895844
vn 0.31829187273979 -0.00020197287085 0.94799280166626
vn 0.14950487017632 0.0000000747601 0.9887610077858
vn 0.14976623654366 -0.00011503527639 0.98872148990631
vn 0.31610676646233 0.00000021489618 0.94872361421585
vn 0.31646826863289 -0.00004928548879 0.94860309362412
vn 0.56189167499542 0.00002520330418 0.82721084356308
vn 0.5617071390152 0.00000019699205 0.82733607292175
vn 0.56282317638397 0.00010332298552 0.82657724618912
vn 0.56528133153915 0.00023926429276 0.82489812374115
vn 0.14976596832275 0.00011498215463 0.98872148990631
vn 0.15109367668629 0.00047029289999 0.98851931095123
vn 0.31646752357483 0.00004915309182 0.94860339164734
vn 0.31829136610031 0.00020177898114 0.94799292087555
vn 0.15464912354946 0.00111465528607 0.98796886205673
vn 0.32313880324364 0.00048308316036 0.94635152816772
vn 0.56527906656265 -0.00023921721731 0.82489967346191
vn 0.56282037496567 -0.00010346406634 0.82657933235168
vn 0.56189125776291 -0.00002516219865 0.82721120119095
vn 0.00011483262642 -0.14976528286934 0.98872154951096
vn 0 -0.14950324594975 0.98876130580902
vn 0.00047029289999 -0.15109367668629 0.98851931095123
vn 0.00004879290282 -0.31646740436554 0.94860339164734
vn 0 -0.3161062002182 0.94872373342514
vn 0.00020177898114 -0.31829136610031 0.94799292087555
vn 0.00111465528607 -0.15464912354946 0.98796886205673
vn 0.00048308316036 -0.32313880324364 0.94635152816772
vn -0.00023921721731 -0.56527906656265 0.82489967346191
vn -0.00010346406634 -0.56282037496567 0.82657933235168
vn 0 -0.56170850992203 0.82733517885208
vn -0.00002548598241 -0.56189167499542 0.82721084356308
vn -0.00111457530875 -0.15464858710766 0.98796898126602
vn -0.00047026533866 -0.15109284222126 0.98851937055588
vn -0.00048289293773 -0.32313892245293 0.94635140895844
vn -0.0002017555089 -0.3182914853096 0.9479928612709
vn -0.00011488461314 -0.14976489543915 0.9887216091156
vn -0.00004892282595 -0.31646755337715 0.94860339164734
vn 0.00002552928891 -0.5618931055069 0.82720983028412
vn 0.00010352216486 -0.56282383203506 0.82657700777054
vn 0.00023926429276 -0.56528133153915 0.82489812374115
vn 0.98796898126602 0.15464860200882 -0.00111457530875
vn 0.98851931095123 0.15109318494797 -0.00047034121235
vn 0.94635140895844 0.32313895225525 -0.00048289293773
vn 0.94799280166626 0.31829181313515 -0.00020197287085
vn 0.9887610077858 0.14950487017632 0.0000000747601
vn 0.98872148990631 0.14976623654366 -0.00011503528367
vn 0.94872361421585 0.31610676646233 0.00000021489618
vn 0.9486032128334 0.31646826863289 -0.00004928549242
vn 0.82721084356308 0.56189167499542 0.00002520330418
vn 0.82733607292175 0.5617071390152 0.00000019699205
vn 0.82657724618912 0.56282317638397 0.0001033229928
vn 0.82489812374115 0.56528133153915 0.00023926429276
vn 0.98872148990631 0.14976596832275 0.00011498215463
vn 0.98851931095123 0.15109367668629 0.00047029289999
vn 0.94860339164734 0.31646752357483 0.00004915309182
vn 0.94799292087555 0.31829136610031 0.00020177898114
vn 0.98796886205673 0.15464912354946 0.00111465540249
vn 0.94635152816772 0.32313880324364 0.00048308316036
vn 0.82489967346191 0.56527906656265 -0.00023921721731
vn 0.82657933235168 0.56282037496567 -0.00010346406634
vn 0.82721120119095 0.56189125776291 -0.00002516219865
vn 0.98872154951096 -0.14976528286934 -0.00011483262642
vn 0.98876130580902 -0.14950324594975 0
vn 0.98851931095123 -0.15109367668629 -0.00047029289999
vn 0.94860339164734 -0.31646740436554 -0.00004879290282
vn 0.94872373342514 -0.3161062002182 0
vn 0.94799292087555 -0.31829136610031 -0.00020177898114
vn 0.98796886205673 -0.15464912354946 -0.00111465540249
vn 0.94635152816772 -0.32313880324364 -0.00048308316036
vn 0.82489967346191 -0.56527906656265 0.00023921721731
vn 0.82657933235168 -0.56282037496567 0.00010346406634
vn 0.82733517885208 -0.56170850992203 0
vn 0.82721084356308 -0.56189167499542 0.00002548598241
vn 0.98796898126602 -0.15464860200882 0.00111457530875
vn 0.98851937055588 -0.15109285712242 0.00047026536777
vn 0.94635140895844 -0.32313895225525 0.00048289293773
vn 0.9479928612709 -0.3182914853096 0.00020175549434
vn 0.9887216091156 -0.14976489543915 0.00011488461314
vn 0.94860339164734 -0.31646749377251 0.00004892282595
vn 0.82720983028412 -0.5618931055069 -0.00002552929072
vn 0.82657700777054 -0.56282383203506 -0.00010352216486
vn 0.82489812374115 -0.56528133153915 -0.00023926429276
# 3362 normals

vt 0.25225669145584 0.2522566318512 0
vt 0.24959146976471 0.19201326370239 0
vt 0.18668293952942 0.18668293952942 0
vt 0.19201335310936 0.24959146976471 0
vt 0.24846896529198 0.13728773593903 0
vt 0.18443846702576 0.1304122209549 0
vt 0.13041225075722 0.18443846702576 0
vt 0.1372878998518 0.2484689950943 0
vt 0.11344131082296 0.11344134807587 0
vt 0.25574573874474 0.05843865871429 0
vt 0.19899652898312 0.05616354942322 0
vt 0.19049802422524 0.08758056163788 0
vt 0.2514979839325 0.09269547462463 0
vt 0.14710128307343 0.05150282382965 0
vt 0.13620311021805 0.07752239704132 0
vt 0.06182486191392 0.03252267837524 0
vt 0.05963660404086 0.03780245780945 0
vt 0.09471751749516 0.0596227645874 0
vt 0.10261166840792 0.04297864437103 0
vt 0.05673652514815 0.04224824905396 0
vt 0.08270668983459 0.07032108306885 0
vt 0.04975000023842 0.0497499704361 0
vt 0.04613810032606 0.0533618927002 0
vt 0.06567708402872 0.06567704677582 0
vt 0.05336190015078 0.04613816738129 0
vt 0.04224822670221 0.05673658847809 0
vt 0.07032109051943 0.08270668983459 0
vt 0.03252266347408 0.06182491779327 0
vt 0.04297857731581 0.10261166095734 0
vt 0.05962274596095 0.09471750259399 0
vt 0.03780240565538 0.05963671207428 0
vt 0.05150278657675 0.14710128307343 0
vt 0.07752238214016 0.1362030506134 0
vt 0.05843863636255 0.25574576854706 0
vt 0.09269554167986 0.2514979839325 0
vt 0.08758060634136 0.19049799442291 0
vt 0.05616357177496 0.19899654388428 0
vt 0.74763286113739 0.252272605896 0
vt 0.80776572227478 0.24962341785431 0
vt 0.81287521123886 0.18674683570862 0
vt 0.75018763542175 0.19204533100128 0
vt 0.86238992214203 0.24851560592651 0
vt 0.86894446611404 0.1845315694809 0
vt 0.81491822004318 0.13050532341003 0
vt 0.75120878219604 0.13733458518982 0
vt 0.88539671897888 0.11360943317413 0
vt 0.94118934869766 0.25579953193665 0
vt 0.94310349225998 0.19910264015198 0
vt 0.9117020368576 0.19060182571411 0
vt 0.90694355964661 0.25155019760132 0
vt 0.94729840755463 0.14727485179901 0
vt 0.92129814624786 0.13637387752533 0
vt 0.96517187356949 0.06215882301331 0
vt 0.95991802215576 0.05996680259705 0
vt 0.93866533041 0.09496545791626 0
vt 0.95528674125671 0.10286283493042 0
vt 0.95548510551453 0.05706477165222 0
vt 0.92790764570236 0.08296310901642 0
vt 0.94798767566681 0.05007755756378 0
vt 0.94437575340271 0.04646575450897 0
vt 0.9323433637619 0.06596374511719 0
vt 0.95159959793091 0.05368947982788 0
vt 0.94099676609039 0.04257643222809 0
vt 0.91552209854126 0.07057750225067 0
vt 0.93586957454681 0.03285646438599 0
vt 0.89565366506577 0.04322981834412 0
vt 0.90357053279877 0.05987060070038 0
vt 0.93808376789093 0.03813254833221 0
vt 0.85169982910156 0.05167639255524 0
vt 0.86261749267578 0.07769310474396 0
vt 0.7438822388649 0.05849254131317 0
vt 0.74814110994339 0.09274780750275 0
vt 0.80878460407257 0.08768451213837 0
vt 0.80027055740356 0.05626976490021 0
vt 0.03372256457806 0.93743455410004 0
vt 0.03898884728551 0.9396311044693 0
vt 0.0605137348175 0.90473258495331 0
vt 0.04388139396906 0.89683109521866 0
vt 0.04342793673277 0.94253534078598 0
vt 0.07124296575785 0.91672432422638 0
vt 0.07813623547554 0.86341798305511 0
vt 0.05212672054768 0.85251361131668 0
vt 0.11404609680176 0.88618540763855 0
vt 0.05092746764421 0.94952327013016 0
vt 0.05453936755657 0.95313513278961 0
vt 0.06670737266541 0.93368703126907 0
vt 0.04731556773186 0.94591134786606 0
vt 0.057916238904 0.95702362060547 0
vt 0.08362855762243 0.92910993099213 0
vt 0.0630247592926 0.96673673391342 0
vt 0.10351447761059 0.95646417140961 0
vt 0.09560850262642 0.9398273229599 0
vt 0.06082304567099 0.96146529912949 0
vt 0.14772520959377 0.9481121301651 0
vt 0.13681694865227 0.92209875583649 0
vt 0.25593936443329 0.94144183397293 0
vt 0.25168585777283 0.90718853473663 0
vt 0.19087137281895 0.91218894720078 0
vt 0.19937798380852 0.94360101222992 0
vt 0.24863669276237 0.86260861158371 0
vt 0.18477329611778 0.86938107013702 0
vt 0.2523141503334 0.74770784378052 0
vt 0.19212833046913 0.75033754110336 0
vt 0.18691292405128 0.81317508220673 0
vt 0.24970644712448 0.80791568756104 0
vt 0.13745559751987 0.75142753124237 0
vt 0.13074705004692 0.81535488367081 0
vt 0.0586322657764 0.74413478374481 0
vt 0.05654504150152 0.80076801776886 0
vt 0.08795396983624 0.80927157402039 0
vt 0.09288338571787 0.74838608503342 0
vt 0.74388217926025 0.94161522388458 0
vt 0.80027055740356 0.94394254684448 0
vt 0.80878466367722 0.91252326965332 0
vt 0.74814110994339 0.90735673904419 0
vt 0.85169994831085 0.94867080450058 0
vt 0.86261749267578 0.92264842987061 0
vt 0.81491827964783 0.86968088150024 0
vt 0.75120878219604 0.8627587556839 0
vt 0.88539671897888 0.88672697544098 0
vt 0.93586957454681 0.96781116724014 0
vt 0.93808376789093 0.96252763271332 0
vt 0.90357053279877 0.94062513113022 0
vt 0.89565366506577 0.9572725892067 0
vt 0.94099676609039 0.95807999372482 0
vt 0.91552209854126 0.92993539571762 0
vt 0.94798767566681 0.95057755708694 0
vt 0.95159959793091 0.94696569442749 0
vt 0.9323433637619 0.93460953235626 0
vt 0.94437575340271 0.95418947935104 0
vt 0.95548510551453 0.94359165430069 0
vt 0.92790764570236 0.91754978895187 0
vt 0.96517187356949 0.93850892782211 0
vt 0.95528674125671 0.89763951301575 0
vt 0.93866539001465 0.90553033351898 0
vt 0.95991802215576 0.94069349765778 0
vt 0.94729840755463 0.85307228565216 0
vt 0.92129814624786 0.86396765708923 0
vt 0.94118934869766 0.74430811405182 0
vt 0.90694355964661 0.74855428934097 0
vt 0.9117020368576 0.80960583686829 0
vt 0.94310349225998 0.80110961198807 0
vt 0.86238992214203 0.75157767534256 0
vt 0.86894446611404 0.81565469503403 0
vt 0.74763286113739 0.7477593421936 0
vt 0.75018763542175 0.80801868438721 0
vt 0.81287521123886 0.81338107585907 0
vt 0.80776572227478 0.75044047832489 0
vt 0.25214618444443 0.252272605896 0
vt 0.24937054514885 0.19204533100128 0
vt 0.18624107539654 0.18674695491791 0
vt 0.19179241359234 0.24962341785431 0
vt 0.24767725169659 0.1345282793045 0
vt 0.18348215520382 0.12863457202911 0
vt 0.12742400169373 0.18538773059845 0
vt 0.13433310389519 0.24894392490387 0
vt 0.11256285011768 0.11456894874573 0
vt 0.24996773898602 0.02164936065674 0
vt 0.1959031522274 0.04501485824585 0
vt 0.18852858245373 0.08020126819611 0
vt 0.24925900995731 0.08152294158936 0
vt 0.14568975567818 0.04839086532593 0
vt 0.13567028939724 0.07587647438049 0
vt 0.06171914190054 0.02509140968323 0
vt 0.07193395495415 0.0402752161026 0
vt 0.09684418141842 0.06008696556091 0
vt 0.10238659381866 0.04134261608124 0
vt 0.0689140111208 0.04785513877869 0
vt 0.08711778372526 0.07295310497284 0
vt 0.05246055498719 0.04504060745239 0
vt 0.05361654609442 0.0544399023056 0
vt 0.07099378854036 0.06817209720612 0
vt 0.06031279265881 0.04774367809296 0
vt 0.05241633951664 0.06681859493256 0
vt 0.073401927948 0.08805012702942 0
vt 0.02998372539878 0.09075605869293 0
vt 0.03143250197172 0.12138628959656 0
vt 0.05709578841925 0.10536026954651 0
vt 0.04320325702429 0.07886934280396 0
vt 0.0319884493947 0.16089391708374 0
vt 0.06979411095381 0.1425678730011 0
vt 0.03174062818289 0.26008200645447 0
vt 0.08180424571037 0.25326323509216 0
vt 0.07748349010944 0.19402647018433 0
vt 0.03198125958443 0.20766413211823 0
vt 0.74776077270508 0.25224268436432 0
vt 0.8080216050148 0.24956357479095 0
vt 0.81338691711426 0.18662714958191 0
vt 0.75044345855713 0.19198536872864 0
vt 0.86276292800903 0.24842834472656 0
vt 0.86968946456909 0.18435716629028 0
vt 0.81566321849823 0.13033092021942 0
vt 0.75158190727234 0.13724720478058 0
vt 0.88674247264862 0.11329460144043 0
vt 0.94162011146545 0.25569880008698 0
vt 0.94395232200623 0.19890403747559 0
vt 0.91253280639648 0.19040739536285 0
vt 0.90736150741577 0.25145244598389 0
vt 0.94868671894073 0.1469498872757 0
vt 0.92266404628754 0.13605415821075 0
vt 0.96784174442291 0.06153380870819 0
vt 0.96255791187286 0.05934882164001 0
vt 0.94064790010452 0.09450137615204 0
vt 0.95729565620422 0.10239267349243 0
vt 0.95811009407043 0.05645036697388 0
vt 0.92995893955231 0.0824830532074 0
vt 0.95060765743256 0.04946434497833 0
vt 0.94699573516846 0.04585254192352 0
vt 0.93463587760925 0.06542718410492 0
vt 0.95421957969666 0.05307626724243 0
vt 0.9436217546463 0.04196202754974 0
vt 0.91757333278656 0.07009744644165 0
vt 0.93853950500488 0.03223156929016 0
vt 0.89766252040863 0.04275953769684 0
vt 0.90555310249329 0.05940663814545 0
vt 0.94072371721268 0.03751456737518 0
vt 0.85308831930161 0.05135142803192 0
vt 0.86398339271545 0.07737338542938 0
vt 0.74431306123734 0.05839169025421 0
vt 0.74855905771256 0.09264993667603 0
vt 0.80961537361145 0.08748996257782 0
vt 0.80111932754517 0.05607104301453 0
vt 0.0350568331778 0.90930461883545 0
vt 0.03745864704251 0.92901170253754 0
vt 0.0548786111176 0.89694845676422 0
vt 0.0334617421031 0.87886732816696 0
vt 0.04046550393105 0.94067120552063 0
vt 0.06779176741838 0.91540431976318 0
vt 0.06923981010914 0.85822427272797 0
vt 0.03249575942755 0.83938449621201 0
vt 0.11145523935556 0.8862960934639 0
vt 0.04748762398958 0.95057755708694 0
vt 0.05109952390194 0.95418947935104 0
vt 0.06369750201702 0.93460953235626 0
vt 0.04387572407722 0.94696569442749 0
vt 0.05446983873844 0.95807999372482 0
vt 0.08093541115522 0.92993539571762 0
vt 0.05951937288046 0.96781116724014 0
vt 0.1008770018816 0.9572725892067 0
vt 0.09300558269024 0.94062513113022 0
vt 0.05735698342323 0.96252763271332 0
vt 0.14531233906746 0.95147567987442 0
vt 0.13471062481403 0.92451411485672 0
vt 0.24996773898602 0.97835701704025 0
vt 0.24925900995731 0.91855108737946 0
vt 0.18852858245373 0.91998618841171 0
vt 0.19590316712856 0.95516204833984 0
vt 0.24767725169659 0.86555737257004 0
vt 0.18348214030266 0.871546626091 0
vt 0.25214618444443 0.7477593421936 0
vt 0.19179241359234 0.75044047832489 0
vt 0.18624107539654 0.81338107585907 0
vt 0.24937054514885 0.80801868438721 0
vt 0.13433310389519 0.75114887952805 0
vt 0.12742400169373 0.81479775905609 0
vt 0.03174062818289 0.74002033472061 0
vt 0.03198125958443 0.79254066944122 0
vt 0.07748349010944 0.80617827177048 0
vt 0.08180424571037 0.74683916568756 0
vt 0.74431306123734 0.94151437282562 0
vt 0.80111932754517 0.9437438249588 0
vt 0.80961537361145 0.91232872009277 0
vt 0.74855905771256 0.90725886821747 0
vt 0.85308831930161 0.94834572076797 0
vt 0.86398339271545 0.92232859134674 0
vt 0.81566321849823 0.86950647830963 0
vt 0.75158190727234 0.86267137527466 0
vt 0.88674247264862 0.88641184568405 0
vt 0.93853950500488 0.96718603372574 0
vt 0.94072371721268 0.961909532547 0
vt 0.90555310249329 0.94016093015671 0
vt 0.89766252040863 0.95680224895477 0
vt 0.9436217546463 0.9574653506279 0
vt 0.91757333278656 0.92945510149002 0
vt 0.95060765743256 0.94996416568756 0
vt 0.95421957969666 0.94635224342346 0
vt 0.93463587760925 0.93407279253006 0
vt 0.94699573516846 0.95357602834702 0
vt 0.95811009407043 0.94297707080841 0
vt 0.92995893955231 0.91706949472427 0
vt 0.96784174442291 0.93788385391235 0
vt 0.95729565620422 0.89716917276382 0
vt 0.94064784049988 0.90506619215012 0
vt 0.96255791187286 0.94007533788681 0
vt 0.94868671894073 0.8527472615242 0
vt 0.92266404628754 0.86364787817001 0
vt 0.94162011146545 0.74420726299286 0
vt 0.90736150741577 0.74845641851425 0
vt 0.91253280639648 0.80941134691238 0
vt 0.94395232200623 0.80091083049774 0
vt 0.86276298761368 0.75149029493332 0
vt 0.86968946456909 0.81548023223877 0
vt 0.74776083230972 0.74772936105728 0
vt 0.75044345855713 0.80795872211456 0
vt 0.81338691711426 0.81326127052307 0
vt 0.8080216050148 0.75038063526154 0
vt 0.25227415561676 0.25224268436432 0
vt 0.24962639808655 0.19198548793793 0
vt 0.1867527961731 0.18662714958191 0
vt 0.19204826653004 0.24956357479095 0
vt 0.2485199123621 0.13724720478058 0
vt 0.1845401674509 0.13033103942871 0
vt 0.12816599011421 0.18521404266357 0
vt 0.13470408320427 0.24885702133179 0
vt 0.11392474919558 0.11446619033813 0
vt 0.25580453872681 0.05839169025421 0
vt 0.1991123855114 0.05607104301453 0
vt 0.19061140716076 0.08749008178711 0
vt 0.25155502557755 0.09264993667603 0
vt 0.14767020940781 0.05087912082672 0
vt 0.13734063506126 0.07742953300476 0
vt 0.06445583701134 0.02445089817047 0
vt 0.07440332323313 0.03969717025757 0
vt 0.09879247844219 0.05963099002838 0
vt 0.10440359264612 0.04087054729462 0
vt 0.07135818898678 0.04728305339813 0
vt 0.0890931636095 0.07249081134796 0
vt 0.05511762201786 0.0444188117981 0
vt 0.05615989863873 0.05384469032288 0
vt 0.07320746779442 0.06765401363373 0
vt 0.06285614520311 0.04714846611023 0
vt 0.05482558906078 0.06625473499298 0
vt 0.07535246014595 0.08759367465973 0
vt 0.03226112574339 0.09022295475006 0
vt 0.03326045721769 0.12095844745636 0
vt 0.05894465744495 0.10492753982544 0
vt 0.04553294181824 0.07832407951355 0
vt 0.03330511599779 0.16058576107025 0
vt 0.07111600786448 0.14225852489471 0
vt 0.03215000033379 0.25998628139496 0
vt 0.08221361041069 0.25316739082336 0
vt 0.07830223441124 0.19383490085602 0
vt 0.03280000388622 0.20747256278992 0
vt 0.74772089719772 0.25217771530151 0
vt 0.80794179439545 0.24943363666534 0
vt 0.81322735548019 0.1863671541214 0
vt 0.75036370754242 0.19185543060303 0
vt 0.86545443534851 0.24776172637939 0
vt 0.87132894992828 0.18366074562073 0
vt 0.81576502323151 0.12809681892395 0
vt 0.75196671485901 0.13427412509918 0
vt 0.88656789064407 0.11236941814423 0
vt 0.97834932804108 0.24997413158417 0
vt 0.95494961738586 0.19607746601105 0
vt 0.9197610616684 0.18871331214905 0
vt 0.91846215724945 0.24933207035065 0
vt 0.95106935501099 0.1456458568573 0
vt 0.92410999536514 0.13504230976105 0
vt 0.96700930595398 0.06017756462097 0
vt 0.96173477172852 0.05800771713257 0
vt 0.94002974033356 0.09349429607391 0
vt 0.95666933059692 0.10137224197388 0
vt 0.95729160308838 0.05511689186096 0
vt 0.92931932210922 0.08144104480743 0
vt 0.94979071617126 0.04813349246979 0
vt 0.94617879390717 0.04452157020569 0
vt 0.93392103910446 0.0642626285553 0
vt 0.95340263843536 0.05174541473389 0
vt 0.94280326366425 0.04062867164612 0
vt 0.91693371534348 0.06905555725098 0
vt 0.93770706653595 0.03087544441223 0
vt 0.89703607559204 0.04173922538757 0
vt 0.90493488311768 0.05839955806732 0
vt 0.93990051746368 0.03617358207703 0
vt 0.85328215360641 0.04785883426666 0
vt 0.86389154195786 0.07482397556305 0
vt 0.75000560283661 0.02163028717041 0
vt 0.75043332576752 0.08130323886871 0
vt 0.81069278717041 0.07964503765106 0
vt 0.80336219072342 0.04449009895325 0
vt 0.03726744651794 0.90878701210022 0
vt 0.03991488739848 0.92843663692474 0
vt 0.0567617341876 0.89650756120682 0
vt 0.03526298329234 0.87844562530518 0
vt 0.04304455593228 0.94006741046906 0
vt 0.06981816887856 0.91492986679077 0
vt 0.07057028263807 0.85791277885437 0
vt 0.03380575031042 0.83907777070999 0
vt 0.11283182352781 0.88577461242676 0
vt 0.05010761320591 0.94996416568756 0
vt 0.05371951311827 0.95357602834702 0
vt 0.06599000096321 0.93407279253006 0
vt 0.04649571329355 0.94635224342346 0
vt 0.05709481984377 0.9574653506279 0
vt 0.08298667520285 0.92945510149002 0
vt 0.06218928843737 0.96718603372574 0
vt 0.10288587212563 0.95680224895477 0
vt 0.09498813003302 0.94016093015671 0
vt 0.05999694392085 0.961909532547 0
vt 0.14729078114033 0.94834572076797 0
vt 0.13638955354691 0.92232859134674 0
vt 0.25580456852913 0.94151437282562 0
vt 0.25155505537987 0.90725886821747 0
vt 0.19061142206192 0.91232872009277 0
vt 0.1991123855114 0.9437438249588 0
vt 0.24851994216442 0.86267137527466 0
vt 0.1845401674509 0.86950647830963 0
vt 0.25227412581444 0.74772936105728 0
vt 0.19204825162888 0.75038063526154 0
vt 0.1867527961731 0.81326127052307 0
vt 0.24962639808655 0.80795872211456 0
vt 0.13470406830311 0.75106203556061 0
vt 0.12816599011421 0.81462407112122 0
vt 0.03215000033379 0.73992449045181 0
vt 0.03280000388622 0.79234892129898 0
vt 0.07830223441124 0.80598652362823 0
vt 0.08221361041069 0.74674326181412 0
vt 0.75003576278687 0.97834777832031 0
vt 0.80419337749481 0.95490801334381 0
vt 0.81157374382019 0.91971695423126 0
vt 0.75078141689301 0.91844469308853 0
vt 0.85487228631973 0.95098972320557 0
vt 0.86547303199768 0.92403084039688 0
vt 0.81661677360535 0.87128639221191 0
vt 0.75236946344376 0.86543428897858 0
vt 0.8881441950798 0.88648897409439 0
vt 0.9408450126648 0.96685218811035 0
vt 0.94300329685211 0.96157950162888 0
vt 0.90726500749588 0.93991309404373 0
vt 0.89939719438553 0.95655107498169 0
vt 0.94588840007782 0.95713716745377 0
vt 0.91934454441071 0.92919862270355 0
vt 0.95287001132965 0.94963657855988 0
vt 0.95648193359375 0.94602465629578 0
vt 0.93661540746689 0.93378615379334 0
vt 0.94925808906555 0.95324844121933 0
vt 0.96037673950195 0.94264888763428 0
vt 0.93173015117645 0.91681301593781 0
vt 0.97014725208282 0.93755000829697 0
vt 0.95903027057648 0.89691799879074 0
vt 0.94235980510712 0.9048182964325 0
vt 0.96483755111694 0.93974530696869 0
vt 0.9526594877243 0.85320258140564 0
vt 0.92569148540497 0.86381238698959 0
vt 0.97837948799133 0.75000405311584 0
vt 0.91881018877029 0.75041592121124 0
vt 0.92064201831818 0.81064867973328 0
vt 0.95578080415726 0.80332052707672 0
vt 0.86585712432861 0.75194662809372 0
vt 0.87218075990677 0.81572240591049 0
vt 0.74787127971649 0.74771338701248 0
vt 0.75066441297531 0.80792677402496 0
vt 0.81382882595062 0.81319725513458 0
vt 0.80824255943298 0.75034862756729 0
vt 0.25223422050476 0.25217771530151 0
vt 0.24954661726952 0.19185543060303 0
vt 0.18659323453903 0.18636727333069 0
vt 0.19196850061417 0.24943363666534 0
vt 0.2479130923748 0.13427412509918 0
vt 0.18398088216782 0.12809681892395 0
vt 0.12793463468552 0.1848372220993 0
vt 0.13458840548992 0.2486686706543 0
vt 0.11347462236881 0.11358594894409 0
vt 0.24998542666435 0.02163028717041 0
vt 0.19638988375664 0.04449009895325 0
vt 0.1890444457531 0.07964503765106 0
vt 0.24946284294128 0.08130323886871 0
vt 0.14662224054337 0.04738557338715 0
vt 0.1365904211998 0.07488441467285 0
vt 0.06360254436731 0.02306067943573 0
vt 0.07363338023424 0.03844285011292 0
vt 0.0981850028038 0.05864143371582 0
vt 0.10377468913794 0.03984594345093 0
vt 0.07059609144926 0.04604160785675 0
vt 0.08847723901272 0.07148742675781 0
vt 0.0542891472578 0.0430691242218 0
vt 0.05536688119173 0.05255270004272 0
vt 0.07251723855734 0.0665295124054 0
vt 0.06206312775612 0.04585647583008 0
vt 0.05407439172268 0.06503093242645 0
vt 0.07474428415298 0.08660292625427 0
vt 0.03155103325844 0.08906614780426 0
vt 0.0326904989779 0.12002980709076 0
vt 0.05836817622185 0.10398828983307 0
vt 0.04480654746294 0.07714068889618 0
vt 0.03289457783103 0.15991687774658 0
vt 0.07070383429527 0.14158689975739 0
vt 0.03202236071229 0.25977838039398 0
vt 0.08208597451448 0.25295948982239 0
vt 0.07804694771767 0.19341897964478 0
vt 0.03254471719265 0.20705664157867 0
vt 0.7477433681488 0.2522566318512 0
vt 0.80798667669296 0.24959146976471 0
vt 0.81331706047058 0.18668293952942 0
vt 0.75040853023529 0.19201326370239 0
vt 0.86534655094147 0.24889755249023 0
vt 0.87193530797958 0.18529498577118 0
vt 0.81556153297424 0.1304122209549 0
vt 0.7515310049057 0.13728785514832 0
vt 0.88735139369965 0.11407887935638 0
vt 0.96790587902069 0.26003086566925 0
vt 0.96731173992157 0.2075617313385 0
vt 0.92180955410004 0.1939240694046 0
vt 0.91784226894379 0.25321209430695 0
vt 0.96637308597565 0.16077935695648 0
vt 0.92961138486862 0.14194202423096 0
vt 0.96303433179855 0.09097182750702 0
vt 0.96042037010193 0.07129538059235 0
vt 0.94349533319473 0.10328698158264 0
vt 0.96498286724091 0.12135791778564 0
vt 0.95730745792389 0.0596512556076 0
vt 0.93045842647552 0.08484899997711 0
vt 0.9502500295639 0.0497499704361 0
vt 0.9466381072998 0.04613816738129 0
vt 0.93432295322418 0.06567704677582 0
vt 0.95386189222336 0.0533618927002 0
vt 0.94326347112656 0.04224824905396 0
vt 0.91729331016541 0.07032108306885 0
vt 0.93817508220673 0.03252267837524 0
vt 0.89738833904266 0.04297864437103 0
vt 0.90528249740601 0.0596227645874 0
vt 0.94036334753036 0.03780245780945 0
vt 0.85289877653122 0.05150282382965 0
vt 0.8637969493866 0.07752239704132 0
vt 0.74425423145294 0.05843865871429 0
vt 0.7485020160675 0.09269547462463 0
vt 0.80950200557709 0.08758056163788 0
vt 0.80100345611572 0.05616354942322 0
vt 0.03917632997036 0.9085106253624 0
vt 0.04203586652875 0.92812955379486 0
vt 0.0583878159523 0.89627212285995 0
vt 0.03681837022305 0.87822037935257 0
vt 0.04527158290148 0.93974494934082 0
vt 0.07156797498465 0.91467654705048 0
vt 0.07171913981438 0.85774648189545 0
vt 0.03493694216013 0.83891397714615 0
vt 0.11395147442818 0.88581502437592 0
vt 0.05236998945475 0.94963657855988 0
vt 0.0559818893671 0.95324850082397 0
vt 0.06796957552433 0.93378615379334 0
vt 0.04875808954239 0.94602465629578 0
vt 0.05936150252819 0.95713716745377 0
vt 0.08475793898106 0.92919862270355 0
vt 0.06449477374554 0.96685218811035 0
vt 0.1046205163002 0.95655107498169 0
vt 0.09670004993677 0.93991309404373 0
vt 0.0622765570879 0.96157950162888 0
vt 0.14783354103565 0.95098972320557 0
vt 0.13721814751625 0.92403084039688 0
vt 0.25001564621925 0.97834777832031 0
vt 0.24981091916561 0.91844469308853 0
vt 0.18992541730404 0.91971695423126 0
vt 0.19722107052803 0.95490801334381 0
vt 0.24831585586071 0.86543428897858 0
vt 0.1848326176405 0.87128639221191 0
vt 0.25238460302353 0.74771338701248 0
vt 0.19226920604706 0.75034862756729 0
vt 0.18719466030598 0.81319725513458 0
vt 0.24984732270241 0.80792677402496 0
vt 0.13502444326878 0.75101566314697 0
vt 0.12880669534206 0.81453132629395 0
vt 0.03250350058079 0.73987329006195 0
vt 0.03350699692965 0.7922465801239 0
vt 0.07900922000408 0.8058842420578 0
vt 0.08256711065769 0.7466921210289 0
vt 0.75002163648605 0.97834670543671 0
vt 0.80380392074585 0.95487743616104 0
vt 0.81116104125977 0.9196845293045 0
vt 0.7506183385849 0.9184318780899 0
vt 0.85374915599823 0.95140272378922 0
vt 0.86377608776093 0.92391985654831 0
vt 0.81621778011322 0.87125504016876 0
vt 0.75218087434769 0.86541944742203 0
vt 0.88688850402832 0.88522911071777 0
vt 0.93714755773544 0.97449165582657 0
vt 0.92704343795776 0.95934861898422 0
vt 0.90234905481338 0.93961614370346 0
vt 0.8967781662941 0.95835012197494 0
vt 0.93007385730743 0.95177245140076 0
vt 0.9120642542839 0.92674589157104 0
vt 0.94643920660019 0.954554438591 0
vt 0.94533026218414 0.94517254829407 0
vt 0.92808955907822 0.93149065971375 0
vt 0.9386340379715 0.95186877250671 0
vt 0.94658607244492 0.93281424045563 0
vt 0.92579036951065 0.91165256500244 0
vt 0.96907317638397 0.90889704227448 0
vt 0.96781051158905 0.8783352971077 0
vt 0.94213855266571 0.89435803890228 0
vt 0.95583200454712 0.92077571153641 0
vt 0.96746629476547 0.83890551328659 0
vt 0.92965853214264 0.85723078250885 0
vt 0.96808981895447 0.73985558748245 0
vt 0.91802620887756 0.7466744184494 0
vt 0.92217743396759 0.80584877729416 0
vt 0.96767967939377 0.7922111749649 0
vt 0.86551332473755 0.75099956989288 0
vt 0.8722687959671 0.81449919939041 0
vt 0.74780082702637 0.74770784378052 0
vt 0.75052350759506 0.80791568756104 0
vt 0.81354701519012 0.81317508220673 0
vt 0.80810165405273 0.75033754110336 0
vt 0.2523141503334 0.2522212266922 0
vt 0.24970644712448 0.19194233417511 0
vt 0.18691292405128 0.18654096126556 0
vt 0.19212833046913 0.24952054023743 0
vt 0.24906423687935 0.13455057144165 0
vt 0.18562845885754 0.12785887718201 0
vt 0.12839818000793 0.18508911132812 0
vt 0.13482019305229 0.24879467487335 0
vt 0.11388759315014 0.11291527748108 0
vt 0.26021486520767 0.03198063373566 0
vt 0.20792970061302 0.03246116638184 0
vt 0.19429206848145 0.07796335220337 0
vt 0.25339603424072 0.08204424381256 0
vt 0.16136804223061 0.0332635641098 0
vt 0.1425399929285 0.07001972198486 0
vt 0.09196527302265 0.03635251522064 0
vt 0.07239925116301 0.03889834880829 0
vt 0.10413327813148 0.0559823513031 0
vt 0.12216737866402 0.03451752662659 0
vt 0.06081028655171 0.04197716712952 0
vt 0.0857597514987 0.06897950172424 0
vt 0.05092746764421 0.04902327060699 0
vt 0.04731556773186 0.05263519287109 0
vt 0.06670737266541 0.06504118442535 0
vt 0.05453936755657 0.04541146755219 0
vt 0.04385159909725 0.05893588066101 0
vt 0.07045228034258 0.08428704738617 0
vt 0.03795919939876 0.09035873413086 0
vt 0.03582663461566 0.12085831165314 0
vt 0.0573510043323 0.10276472568512 0
vt 0.04068350046873 0.07061409950256 0
vt 0.03421568125486 0.16041600704193 0
vt 0.07098661363125 0.14157295227051 0
vt 0.03227810561657 0.2599173784256 0
vt 0.08234172314405 0.253098487854 0
vt 0.07855844497681 0.19369697570801 0
vt 0.0330562107265 0.20733463764191 0
vt 0.86502623558044 0.24894380569458 0
vt 0.87129461765289 0.18538773059845 0
vt 0.81406432390213 0.12815749645233 0
vt 0.75078219175339 0.13469982147217 0
vt 0.88503909111023 0.11454665660858 0
vt 0.96755236387253 0.26008200645447 0
vt 0.96660476922989 0.20766413211823 0
vt 0.92110252380371 0.19402647018433 0
vt 0.91748881340027 0.25326323509216 0
vt 0.96601343154907 0.16116976737976 0
vt 0.92841470241547 0.1430596113205 0
vt 0.96884119510651 0.09351408481598 0
vt 0.9576907157898 0.08378672599792 0
vt 0.94167816638947 0.1073272228241 0
vt 0.96651381254196 0.12248945236206 0
vt 0.95028722286224 0.07368302345276 0
vt 0.92638903856277 0.09120976924896 0
vt 0.95299708843231 0.05508720874786 0
vt 0.94368183612823 0.05613076686859 0
vt 0.93019318580627 0.07318210601807 0
vt 0.95037811994553 0.06282699108124 0
vt 0.93140214681625 0.05479788780212 0
vt 0.91050934791565 0.07533001899719 0
vt 0.90756219625473 0.03223502635956 0
vt 0.87726390361786 0.03323948383331 0
vt 0.89327442646027 0.0589234828949 0
vt 0.91941022872925 0.04550623893738 0
vt 0.83813381195068 0.03329002857208 0
vt 0.85645592212677 0.0711008310318 0
vt 0.73961567878723 0.03214538097382 0
vt 0.74643445014954 0.08220887184143 0
vt 0.80536890029907 0.07829284667969 0
vt 0.79173129796982 0.03279066085815 0
vt 0.0314696803689 0.90623760223389 0
vt 0.04262735694647 0.9159591794014 0
vt 0.05857425183058 0.89247113466263 0
vt 0.03373570740223 0.87731117010117 0
vt 0.05004162341356 0.92605406045914 0
vt 0.07387720793486 0.90857744216919 0
vt 0.07176575064659 0.85679620504379 0
vt 0.03416627645493 0.83868670463562 0
vt 0.1151414886117 0.88530892133713 0
vt 0.04736557602882 0.94462293386459 0
vt 0.05666529759765 0.94359177350998 0
vt 0.07010899484158 0.9265763759613 0
vt 0.04996905475855 0.93689554929733 0
vt 0.06892672181129 0.94493919610977 0
vt 0.0897568911314 0.92445707321167 0
vt 0.09274861961603 0.96751654148102 0
vt 0.12298560142517 0.96656107902527 0
vt 0.10697795450687 0.94087481498718 0
vt 0.08090776205063 0.9542396068573 0
vt 0.16204592585564 0.96656632423401 0
vt 0.14372447133064 0.92875492572784 0
vt 0.26044023036957 0.96781003475189 0
vt 0.25362142920494 0.91774642467499 0
vt 0.19474284350872 0.92161786556244 0
vt 0.20838049054146 0.96712005138397 0
vt 0.24926847219467 0.86525964736938 0
vt 0.18603697419167 0.87176156044006 0
vt 0.7400249838829 0.96786123514175 0
vt 0.79255002737045 0.9672224521637 0
vt 0.80618768930435 0.92172020673752 0
vt 0.74684381484985 0.9177975654602 0
vt 0.83917379379272 0.96645587682724 0
vt 0.85728454589844 0.92842978239059 0
vt 0.81480634212494 0.87185430526733 0
vt 0.75115317106247 0.86530607938766 0
vt 0.885797560215 0.88491290807724 0
vt 0.9070725440979 0.96505051851273 0
vt 0.91680634021759 0.94962656497955 0
vt 0.89314985275269 0.93914425373077 0
vt 0.87798500061035 0.96568930149078 0
vt 0.9269243478775 0.93839418888092 0
vt 0.90928989648819 0.92154979705811 0
vt 0.94557452201843 0.93493527173996 0
vt 0.94450676441193 0.92884862422943 0
vt 0.92738032341003 0.92185640335083 0
vt 0.93781048059464 0.93554484844208 0
vt 0.94580936431885 0.91950905323029 0
vt 0.92516958713532 0.90567010641098 0
vt 0.96835148334503 0.90377157926559 0
vt 0.9672349691391 0.87643945217133 0
vt 0.94155359268188 0.89074057340622 0
vt 0.95508682727814 0.91134613752365 0
vt 0.96705341339111 0.83857619762421 0
vt 0.92924326658249 0.85647106170654 0
vt 0.96796178817749 0.73992449045181 0
vt 0.91789811849594 0.74674326181412 0
vt 0.92192125320435 0.80598658323288 0
vt 0.96742349863052 0.79234892129898 0
vt 0.86539709568024 0.75106203556061 0
vt 0.87203657627106 0.81462407112122 0
vt 0.24883246421814 0.13442444801331 0
vt 0.18516491353512 0.1276068687439 0
vt 0.11305178701878 0.11246085166931 0
vt 0.25995910167694 0.03184151649475 0
vt 0.20741821825504 0.0321831703186 0
vt 0.19378057122231 0.07768535614014 0
vt 0.25314027070999 0.08190512657166 0
vt 0.16054965555668 0.0328186750412 0
vt 0.14170882105827 0.06956779956818 0
vt 0.09058424830437 0.03560173511505 0
vt 0.07086478173733 0.03806412220001 0
vt 0.10295684635639 0.05534279346466 0
vt 0.1210421025753 0.03390574455261 0
vt 0.05919909477234 0.04110133647919 0
vt 0.08449380099773 0.06829130649567 0
vt 0.04929070547223 0.04813349246979 0
vt 0.04567880555987 0.05174541473389 0
vt 0.06527519226074 0.0642626285553 0
vt 0.0529026016593 0.04452157020569 0
vt 0.04224041104317 0.05805993080139 0
vt 0.06918633729219 0.0835987329483 0
vt 0.03657818213105 0.08960783481598 0
vt 0.03470136225224 0.12024652957916 0
vt 0.0561745762825 0.10212504863739 0
vt 0.03914903849363 0.06977987289429 0
vt 0.03339729458094 0.15997111797333 0
vt 0.07015544176102 0.14112114906311 0
vt 0.03254472091794 0.20705664157867 0
vt 0.86539709568024 0.24885702133179 0
vt 0.87203657627106 0.18521404266357 0
vt 0.81480634212494 0.12798380851746 0
vt 0.75115317106247 0.13461291790009 0
vt 0.88689637184143 0.11314046382904 0
vt 0.96796178817749 0.25998628139496 0
vt 0.96742349863052 0.20747256278992 0
vt 0.92192131280899 0.19383478164673 0
vt 0.91789817810059 0.25316739082336 0
vt 0.96655189990997 0.1606365442276 0
vt 0.92979294061661 0.14179694652557 0
vt 0.96333611011505 0.09073078632355 0
vt 0.96075570583344 0.07102763652802 0
vt 0.94375240802765 0.10308170318604 0
vt 0.96522879600525 0.12116158008575 0
vt 0.95765954256058 0.05937004089355 0
vt 0.93073505163193 0.08462810516357 0
vt 0.94070082902908 0.04241132736206 0
vt 0.91542756557465 0.06932067871094 0
vt 0.90932995080948 0.03672480583191 0
vt 0.8788880109787 0.0348207950592 0
vt 0.89697009325027 0.05629944801331 0
vt 0.92903989553452 0.03931188583374 0
vt 0.83939951658249 0.03348410129547 0
vt 0.85823959112167 0.07024359703064 0
vt 0.7400249838829 0.03204953670502 0
vt 0.74684381484985 0.08211314678192 0
vt 0.80618768930435 0.07810115814209 0
vt 0.79255002737045 0.03259897232056 0
vt 0.029192276299 0.9067707657814 0
vt 0.04029766470194 0.91650462150574 0
vt 0.05672538280487 0.89290398359299 0
vt 0.03190774843097 0.87773913145065 0
vt 0.04763237386942 0.92661815881729 0
vt 0.07192668318748 0.90903413295746 0
vt 0.07044384628534 0.85710573196411 0
vt 0.03284959867597 0.8389949798584 0
vt 0.11381832510233 0.88561874628067 0
vt 0.04470851272345 0.94524502754211 0
vt 0.05412195622921 0.94418728351593 0
vt 0.0678953230381 0.92709469795227 0
vt 0.04742570966482 0.93749099969864 0
vt 0.06651746481657 0.94550323486328 0
vt 0.08780635893345 0.92491376399994 0
vt 0.09047122299671 0.96804970502853 0
vt 0.1211576461792 0.96698904037476 0
vt 0.10512908548117 0.94130772352219 0
vt 0.07857807725668 0.95478504896164 0
vt 0.16072924435139 0.96687459945679 0
vt 0.14240258932114 0.92906439304352 0
vt 0.26003086566925 0.96790587902069 0
vt 0.2532120347023 0.91784226894379 0
vt 0.19392409920692 0.92180955410004 0
vt 0.20756174623966 0.96731173992157 0
vt 0.24889747798443 0.86534655094147 0
vt 0.18529498577118 0.87193530797958 0
vt 0.25225669145584 0.74774330854416 0
vt 0.19201335310936 0.75040853023529 0
vt 0.18668293952942 0.81331706047058 0
vt 0.24959146976471 0.80798661708832 0
vt 0.13465344905853 0.75110256671906 0
vt 0.12806470692158 0.81470501422882 0
vt 0.0320941247046 0.73996913433075 0
vt 0.03268824890256 0.7924382686615 0
vt 0.07819047570229 0.8060759305954 0
vt 0.08215773105621 0.7467879652977 0
vt 0.73961567878723 0.96795707941055 0
vt 0.79173129796982 0.96741414070129 0
vt 0.80536890029907 0.92191189527512 0
vt 0.74643445014954 0.91789346933365 0
vt 0.83808952569962 0.96653681993484 0
vt 0.85690915584564 0.92977768182755 0
vt 0.81406432390213 0.8720281124115 0
vt 0.75078219175339 0.8653929233551 0
vt 0.8855584859848 0.88688093423843 0
vt 0.9071192741394 0.96331065893173 0
vt 0.92658364772797 0.96072745323181 0
vt 0.89508700370789 0.9437307715416 0
vt 0.87708675861359 0.96520805358887 0
vt 0.9381217956543 0.95762991905212 0
vt 0.91340124607086 0.93071180582047 0
vt 0.95508050918579 0.94067120552063 0
vt 0.92870861291885 0.91540431976318 0
vt 0.96112543344498 0.90930461883545 0
vt 0.96342754364014 0.87886732816696 0
vt 0.94186925888062 0.89694845676422 0
vt 0.95829939842224 0.92901170253754 0
vt 0.9652419090271 0.83938449621201 0
vt 0.92846250534058 0.85822427272797 0
vt 0.96755236387253 0.74002033472061 0
vt 0.91748881340027 0.74683916568756 0
vt 0.92110252380371 0.80617827177048 0
vt 0.96660476922989 0.79254066944122 0
vt 0.86502623558044 0.75114887952805 0
vt 0.87129461765289 0.81479775905609 0
vt -0.04975000023842 0.9502500295639 0
vt -0.05336190015078 0.95386189222336 0
vt -0.0396543443203 0.96128398180008 0
vt -0.03447107225657 0.95534300804138 0
vt -0.05647225677967 0.95752388238907 0
vt -0.04480424895883 0.96611881256104 0
vt -0.02613033168018 0.96746343374252 0
vt -0.02029522508383 0.9600682258606 0
vt -0.03133781626821 0.97727924585342 0
vt -0.05918215960264 0.96519815921783 0
vt -0.05777862668037 0.96931064128876 0
vt -0.05102398246527 0.96836251020432 0
vt -0.05857952684164 0.96128594875336 0
vt -0.05487045645714 0.97357326745987 0
vt -0.04519046843052 0.97508525848389 0
vt -0.04654639959335 0.98234879970551 0
vt -0.04213359951973 0.98676156997681 0
vt -0.04280101507902 0.98110032081604 0
vt -0.05095919966698 0.9779360294342 0
vt -0.03754511103034 0.99089860916138 0
vt -0.03497310727835 0.98530262708664 0
vt -0.02713832259178 0.99724197387695 0
vt -0.02096864767373 0.99889677762985 0
vt -0.02780574187636 0.99158072471619 0
vt -0.03260524943471 0.99448400735855 0
vt -0.01427191123366 0.99972420930862 0
vt -0.02133033238351 0.98959273099899 0
vt 0 1 0
vt 0 0.98981404304504 0
vt -0.01150311715901 0.98943519592285 0
vt -0.00722379935905 1 0
vt 0 0.98036348819733 0
vt -0.01401034556329 0.97958344221115 0
vt 0 0.9668333530426 0
vt -0.00832552835345 0.96405816078186 0
vt -0.01297339610755 0.97115778923035 0
vt 0 0.97238367795944 0
vt 0.95196878910065 1.04868912696838 0
vt 0.95561999082565 1.05227673053741 0
vt 0.96300786733627 1.03859031200409 0
vt 0.95700633525848 1.03344440460205 0
vt 0.95931875705719 1.05536437034607 0
vt 0.96789699792862 1.04370665550232 0
vt 0.96914744377136 1.02509093284607 0
vt 0.96168029308319 1.01930022239685 0
vt 0.97904497385025 1.03024792671204 0
vt 0.96704959869385 1.0580393075943 0
vt 0.97117674350739 1.05662667751312 0
vt 0.97018671035767 1.04989790916443 0
vt 0.96311277151108 1.05745184421539 0
vt 0.97544682025909 1.05371403694153 0
vt 0.97691434621811 1.04406142234802 0
vt 0.98422479629517 1.0453884601593 0
vt 0.98863756656647 1.04097557067871 0
vt 0.98294919729233 1.04165983200073 0
vt 0.97981202602386 1.0498012304306 0
vt 0.99277210235596 1.03638863563538 0
vt 0.98713165521622 1.03384411334991 0
vt 0.99909347295761 1.02599549293518 0
vt 1.00072371959686 1.01984095573425 0
vt 0.99340498447418 1.0266797542572 0
vt 0.99635016918182 1.03145337104797 0
vt 1.00151920318604 1.01316404342651 0
vt 0.99137097597122 1.02023267745972 0
vt 1.00171875953674 0.99893909692764 0
vt 0.99147742986679 0.99897330999374 0
vt 0.99115908145905 1.01043903827667 0
vt 1.00175809860229 1.00613856315613 0
vt 0.98197549581528 0.99900501966476 0
vt 0.98126739263535 1.01297092437744 0
vt 0.96837174892426 0.99905049800873 0
vt 0.96562671661377 1.0073573589325 0
vt 0.97279024124146 1.01196575164795 0
vt 0.97395223379135 0.99903184175491 0
vt 0.04644734784961 -0.04927182197571 0
vt 0.04275992140174 -0.05287265777588 0
vt 0.03540357202291 -0.03917455673218 0
vt 0.04146086424589 -0.03400826454163 0
vt 0.03902716189623 -0.05597281455994 0
vt 0.03046434186399 -0.04430937767029 0
vt 0.02930087037385 -0.02566170692444 0
vt 0.03683438897133 -0.01984667778015 0
vt 0.01932798326015 -0.03084659576416 0
vt 0.03124428726733 -0.05866694450378 0
vt 0.02710350230336 -0.05725932121277 0
vt 0.0281321592629 -0.05051636695862 0
vt 0.03520372882485 -0.05807113647461 0
vt 0.02282670885324 -0.05434918403625 0
vt 0.02140011452138 -0.04468154907227 0
vt 0.01404644735157 -0.04602432250977 0
vt 0.00963364727795 -0.04161143302917 0
vt 0.01534711755812 -0.04228639602661 0
vt 0.01845924556255 -0.05043721199036 0
vt 0.0055013676174 -0.03702354431152 0
vt 0.01118275523186 -0.03446412086487 0
vt -0.00079954962712 -0.02662301063538 0
vt -0.00240714661777 -0.02046012878418 0
vt 0.00491392193362 -0.02729797363281 0
vt 0.00193012843374 -0.03208589553833 0
vt -0.00317318271846 -0.0137722492218 0
vt 0.00699042482302 -0.02083539962769 0
vt -0.00330265285447 0.00047826766968 0
vt 0.00698979338631 0.00046277046204 0
vt 0.00725234532729 -0.01102352142334 0
vt -0.003378177993 -0.00673460960388 0
vt 0.01653916575015 0.00044846534729 0
vt 0.0171808861196 -0.01354169845581 0
vt 0.03021077439189 0.00042808055878 0
vt 0.0329279191792 -0.00788903236389 0
vt 0.0257054567337 -0.01251912117004 0
vt 0.02460239082575 0.00043642520905 0
vt 1.04644739627838 0.05022823810577 0
vt 1.04998373985291 0.04662728309631 0
vt 1.03634202480316 0.03919577598572 0
vt 1.03127503395081 0.04511988162994 0
vt 1.05302333831787 0.04297566413879 0
vt 1.0413875579834 0.03437602519989 0
vt 1.02289474010468 0.03300511837006 0
vt 1.01719784736633 0.04038023948669 0
vt 1.02794516086578 0.02321195602417 0
vt 1.05562472343445 0.0353170633316 0
vt 1.05419278144836 0.03120863437653 0
vt 1.04751873016357 0.03214514255524 0
vt 1.05506920814514 0.03922247886658 0
vt 1.05127048492432 0.02694809436798 0
vt 1.04167592525482 0.0254237651825 0
vt 1.04294168949127 0.01817321777344 0
vt 1.03852891921997 0.01376044750214 0
vt 1.0392484664917 0.01941406726837 0
vt 1.04735445976257 0.02258598804474 0
vt 1.03394508361816 0.00962269306183 0
vt 1.03145861625671 0.0152063369751 0
vt 1.02358078956604 0.0032731294632 0
vt 1.017458319664 0.00161159038544 0
vt 1.02430045604706 0.00892686843872 0
vt 1.02901935577393 0.00603532791138 0
vt 1.01082301139832 0.00077521800995 0
vt 1.0179135799408 0.01090204715729 0
vt 0.99669742584229 0.00047826766968 0
vt 0.99680387973785 0.01064884662628 0
vt 1.00819075107574 0.0110445022583 0
vt 1.00384569168091 0.00048923492432 0
vt 0.99690270423889 0.02008509635925 0
vt 1.01077473163605 0.02088510990143 0
vt 0.99704414606094 0.03359472751617 0
vt 1.0053117275238 0.03637826442719 0
vt 1.00983667373657 0.02929639816284 0
vt 0.99698615074158 0.02805268764496 0
vt 0.05027205124497 -0.05016684532166 0
vt 0.04667209088802 -0.05378818511963 0
vt 0.03923963755369 -0.04007244110107 0
vt 0.04516223818064 -0.0348744392395 0
vt 0.04302132502198 -0.05690741539001 0
vt 0.0344212949276 -0.04523539543152 0
vt 0.03304801136255 -0.02653861045837 0
vt 0.04042134061456 -0.02068614959717 0
vt 0.02325702086091 -0.03176593780518 0
vt 0.0353641808033 -0.05963110923767 0
vt 0.03125619515777 -0.05823111534119 0
vt 0.03219158947468 -0.05146622657776 0
vt 0.03926895558834 -0.05902242660522 0
vt 0.02699580416083 -0.05532479286194 0
vt 0.02547031268477 -0.04563403129578 0
vt 0.01822100579739 -0.04700136184692 0
vt 0.01380820572376 -0.04258847236633 0
vt 0.01946121454239 -0.0432493686676 0
vt 0.02263380587101 -0.05141401290894 0
vt 0.00967045966536 -0.03799939155579 0
vt 0.01525295246392 -0.03541660308838 0
vt 0.00332034355961 -0.02758717536926 0
vt 0.00165808200836 -0.02141165733337 0
vt 0.00897335167974 -0.02824807167053 0
vt 0.00608282070607 -0.03305768966675 0
vt 0.00082098215353 -0.01470708847046 0
vt 0.01094738207757 -0.02176141738892 0
vt 0.00052205170505 -0.00041675567627 0
vt 0.01069116871804 -0.00040340423584 0
vt 0.0110884103924 -0.01192116737366 0
vt 0.00053398997989 -0.00765013694763 0
vt 0.02012611553073 -0.00039100646973 0
vt 0.02092802524567 -0.01441860198975 0
vt 0.03363390266895 -0.00037312507629 0
vt 0.03641825169325 -0.00870585441589 0
vt 0.02933802641928 -0.01336932182312 0
vt 0.02809272520244 -0.00038051605225 0
vt 0.96164160966873 0.93893015384674 0
vt 0.95570063591003 0.94487118721008 0
vt 0.95788151025772 0.94269025325775 0
vt 0.96647644042969 0.93409532308578 0
vt 0.96782112121582 0.9327507019043 0
vt 0.96042591333389 0.94014585018158 0
vt 0.97763693332672 0.9229348897934 0
vt 0.96555578708649 0.93501597642899 0
vt 0.96966826915741 0.93090349435806 0
vt 0.96872013807297 0.9318516254425 0
vt 0.96164357662201 0.93892818689346 0
vt 0.97393089532852 0.92664086818695 0
vt 0.97544288635254 0.92512887716293 0
vt 0.98270642757416 0.91786533594131 0
vt 0.98711919784546 0.91345250606537 0
vt 0.98145800828934 0.91911381483078 0
vt 0.97829365730286 0.92227816581726 0
vt 0.99125623703003 0.90931552648544 0
vt 0.98566025495529 0.91491150856018 0
vt 0.99759960174561 0.90297216176987 0
vt 0.99925446510315 0.90131735801697 0
vt 0.99193835258484 0.90863341093063 0
vt 0.9948416352272 0.90573012828827 0
vt 1.00008177757263 0.9004899263382 0
vt 0.98995035886765 0.91062140464783 0
vt 1.00035762786865 0.90021413564682 0
vt 0.9901716709137 0.91040009260178 0
vt 0.9897928237915 0.91077893972397 0
vt 0.98072111606598 0.91985064744949 0
vt 0.9799410700798 0.92063069343567 0
vt 0.9671910405159 0.93338084220886 0
vt 0.96441578865051 0.93615597486496 0
vt 0.971515417099 0.92905634641647 0
vt 0.97274130582809 0.92783045768738 0
vt 0.04907951503992 -0.05210971832275 0
vt 0.0454522818327 -0.05577564239502 0
vt 0.03804355859756 -0.04202103614807 0
vt 0.04400815814734 -0.0367546081543 0
vt 0.04177594929934 -0.05893659591675 0
vt 0.03318752348423 -0.04724550247192 0
vt 0.03187965601683 -0.02844214439392 0
vt 0.03930293396115 -0.02250814437866 0
vt 0.02203195169568 -0.03376197814941 0
vt 0.03407960385084 -0.06172394752502 0
vt 0.02996139042079 -0.06034064292908 0
vt 0.03092586435378 -0.05352854728699 0
vt 0.03800142556429 -0.0610876083374 0
vt 0.02569588460028 -0.0574426651001 0
vt 0.02420122735202 -0.04770159721375 0
vt 0.01691938191652 -0.04912185668945 0
vt 0.0125065818429 -0.04470896720886 0
vt 0.01817844249308 -0.04533910751343 0
vt 0.02133218199015 -0.05353474617004 0
vt 0.00837054103613 -0.04011726379395 0
vt 0.01398386899382 -0.03748440742493 0
vt 0.00203576683998 -0.0296802520752 0
vt 0.00039054994704 -0.02347683906555 0
vt 0.00770762655884 -0.03031039237976 0
vt 0.00478801643476 -0.03516721725464 0
vt -0.00042439217214 -0.01673626899719 0
vt 0.00971360690892 -0.0237717628479 0
vt -0.00067048514029 -0.00235986709595 0
vt 0.00953708589077 -0.00228357315063 0
vt 0.00989233050495 -0.01386976242065 0
vt -0.00068581779487 -0.00963759422302 0
vt 0.01900770887733 -0.00221300125122 0
vt 0.01975967176259 -0.01632213592529 0
vt 0.03256657719612 -0.00211191177368 0
vt 0.03532997146249 -0.01047897338867 0
vt 0.02820539660752 -0.01521444320679 0
vt 0.02700444310904 -0.00215339660645 0
vt -0.04592529311776 0.9493545293808 0
vt -0.0494497269392 0.95294594764709 0
vt -0.03581827878952 0.96038579940796 0
vt -0.03076969645917 0.95447635650635 0
vt -0.05247808620334 0.95658868551254 0
vt -0.04084728658199 0.96519231796265 0
vt -0.02238318882883 0.96658611297607 0
vt -0.01670827157795 0.95922839641571 0
vt -0.02740877494216 0.97635936737061 0
vt -0.05506226792932 0.96423357725143 0
vt -0.05362593010068 0.96833831071854 0
vt -0.04696454852819 0.96741205453873 0
vt -0.05451429262757 0.96033412218094 0
vt -0.05070136114955 0.97259712219238 0
vt -0.04112026840448 0.97413229942322 0
vt -0.0423718392849 0.98137140274048 0
vt -0.03795903921127 0.98578417301178 0
vt -0.0386869199574 0.98013710975647 0
vt -0.04678463935852 0.97695857286453 0
vt -0.03337601572275 0.98992246389389 0
vt -0.03090290725231 0.98434960842133 0
vt -0.02301842905581 0.99627739191055 0
vt -0.01690341904759 0.99794501066208 0
vt -0.02374630980194 0.9906302690506 0
vt -0.02845255471766 0.99351173639297 0
vt -0.01027774624527 0.9987890124321 0
vt -0.01737337186933 0.9886662364006 0
vt 0.00382470339537 0.99910449981689 0
vt 0.00370137533173 0.98894745111465 0
vt -0.00766705116257 0.98853701353073 0
vt -0.00331163220108 0.99908399581909 0
vt 0.0035869514104 0.97952365875244 0
vt -0.01026320457458 0.9787061214447 0
vt 0.00342313246801 0.96603184938431 0
vt -0.00483519304544 0.96324092149734 0
vt -0.00934082455933 0.97030729055405 0
vt 0.00349033484235 0.97156649827957 0
vt 0.00722379935905 1 0
vt 0.01150311715901 0.98943519592285 0
vt 0.01427191123366 0.99972420930862 0
vt 0.02133033238351 0.98959273099899 0
vt 0.01401034556329 0.97958344221115 0
vt 0.03179369866848 0.97674441337585 0
vt 0.02713832259178 0.99724197387695 0
vt 0.03260524943471 0.99448400735855 0
vt 0.02780574187636 0.99158072471619 0
vt 0.02096864767373 0.99889677762985 0
vt 0.03754511103034 0.99089860916138 0
vt 0.03497310727835 0.98530262708664 0
vt 0.04654639959335 0.98234879970551 0
vt 0.05095919966698 0.9779360294342 0
vt 0.04280101507902 0.98110032081604 0
vt 0.04213359951973 0.98676156997681 0
vt 0.05799936130643 0.97385841608047 0
vt 0.04724047333002 0.97443014383316 0
vt 0.05922401696444 0.96574211120605 0
vt 0.07029424607754 0.97045123577118 0
vt 0.04890720173717 0.96130537986755 0
vt 0.0331514403224 0.95268595218658 0
vt 0.04009721428156 0.95741325616837 0
vt 0.01996531710029 0.95940399169922 0
vt 0.02624104917049 0.96649575233459 0
vt 0.01297339610755 0.97115778923035 0
vt 0.00832552835345 0.96405816078186 0
vt 0.02842724509537 0.94574332237244 0
vt 0.02561955526471 0.93801772594452 0
vt 0.01218899060041 0.95244371891022 0
vt 0.00023840409995 0.94518911838532 0
vt 0.02403274923563 0.92418974637985 0
vt 0.024423295632 0.93094140291214 0
vt 0.01704018749297 0.93289923667908 0
vt 0.01051862351596 0.93770831823349 0
vt 0 0.93580240011215 0
vt -0.00882560014725 0.93580240011215 0
vt 0 0.93829929828644 0
vt 0.00882560014725 0.93580240011215 0
vt -0.01732534356415 0.93602812290192 0
vt -0.01021735928953 0.94011211395264 0
vt -0.03204383701086 0.93805980682373 0
vt -0.03761087357998 0.94031727313995 0
vt -0.02321823686361 0.94055676460266 0
vt -0.02517337538302 0.93670535087585 0
vt -0.04220034182072 0.94325196743011 0
vt -0.02347391657531 0.94478845596313 0
vt -0.02815122902393 0.94978082180023 0
vt -0.04613810032606 0.9466381072998 0
vt -0.01211998611689 0.95345312356949 0
vt 0 0.95818442106247 0
vt 0.01096103899181 0.9991250038147 0
vt 0.01506062783301 0.98860228061676 0
vt 0.01792047545314 0.9988699555397 0
vt 0.02477076277137 0.98878717422485 0
vt 0.01741821877658 0.97878551483154 0
vt 0.03495412319899 0.97600448131561 0
vt 0.03060104884207 0.99643123149872 0
vt 0.0359683893621 0.99369657039642 0
vt 0.03119184076786 0.99078792333603 0
vt 0.0245261117816 0.99806386232376 0
vt 0.04080502688885 0.99013531208038 0
vt 0.0381964109838 0.98454791307449 0
vt 0.04959381371737 0.9816352725029 0
vt 0.05389975756407 0.9772475361824 0
vt 0.0458786636591 0.98037976026535 0
vt 0.04528786987066 0.98602306842804 0
vt 0.06079880148172 0.97320294380188 0
vt 0.0501839928329 0.97374099493027 0
vt 0.06191840022802 0.96511125564575 0
vt 0.07288405299187 0.96984487771988 0
vt 0.05169142410159 0.96065348386765 0
vt 0.03601886332035 0.95201456546783 0
vt 0.04294181615114 0.95674723386765 0
vt 0.02306100353599 0.95867919921875 0
vt 0.02934762835503 0.96576845645905 0
vt 0.01629181019962 0.9703808426857 0
vt 0.01161425746977 0.96328812837601 0
vt 0.0312718488276 0.94507730007172 0
vt 0.02840378694236 0.93736582994461 0
vt 0.01529557071626 0.95171636343002 0
vt 0.00339883356355 0.94444918632507 0
vt 0.02662256360054 0.92358338832855 0
vt 0.02711768448353 0.93031054735184 0
vt 0.01983963511884 0.93224382400513 0
vt 0.01346214860678 0.93701910972595 0
vt 0.00304742157459 0.93508887290955 0
vt -0.00567132048309 0.93506389856338 0
vt 0.00307765346952 0.93757873773575 0
vt 0.01176616363227 0.93511390686035 0
vt -0.01406541839242 0.93526488542557 0
vt -0.00699404813349 0.93935745954514 0
vt -0.02858110517263 0.9372490644455 0
vt -0.03405340760946 0.93948435783386 0
vt -0.01983213238418 0.9397639632225 0
vt -0.02181022800505 0.93591797351837 0
vt -0.03855177760124 0.94239771366119 0
vt -0.02003348059952 0.94398295879364 0
vt -0.02459371648729 0.94894790649414 0
vt -0.04240085929632 0.9457631111145 0
vt -0.00871211197227 0.95265519618988 0
vt 0.00331841455773 0.95740747451782 0
vt 1.00167942047119 0.99173957109451 0
vt 0.99103391170502 0.9875100851059 0
vt 1.00136375427246 0.9847160577774 0
vt 0.99113881587982 0.97771537303925 0
vt 0.98111498355865 0.98504436016083 0
vt 0.97816473245621 0.967329621315 0
vt 0.99879801273346 0.97190117835999 0
vt 0.99599528312683 0.96646189689636 0
vt 0.9931024312973 0.97125500440598 0
vt 1.00049543380737 0.97804456949234 0
vt 0.99236357212067 0.9615506529808 0
vt 0.98675119876862 0.96413278579712 0
vt 0.98371827602386 0.95260828733444 0
vt 0.97925746440887 0.94822514057159 0
vt 0.98248338699341 0.95634531974792 0
vt 0.98817908763886 0.95699143409729 0
vt 0.97511649131775 0.94122409820557 0
vt 0.97575294971466 0.9519430398941 0
vt 0.96695297956467 0.94002860784531 0
vt 0.97161507606506 0.92898738384247 0
vt 0.96255660057068 0.95032048225403 0
vt 0.95397460460663 0.96605318784714 0
vt 0.95869165658951 0.95911371707916 0
vt 0.96079522371292 0.97917598485947 0
vt 0.96789187192917 0.97289723157883 0
vt 0.97264915704727 0.98610609769821 0
vt 0.96553617715836 0.99076223373413 0
vt 0.94702172279358 0.97078371047974 0
vt 0.94073665142059 0.97382390499115 0
vt 0.95383989810944 0.9869492650032 0
vt 0.94677251577377 0.99890893697739 0
vt 0.93709492683411 0.97697514295578 0
vt 0.93802291154861 0.97569245100021 0
vt 0.93709254264832 0.98261487483978 0
vt 0.94049876928329 0.98888063430786 0
vt 0.93717181682587 0.9991546869278 0
vt 0.93721985816956 1.00795066356659 0
vt 0.93968236446381 0.99914628267288 0
vt 0.93712377548218 0.990358710289 0
vt 0.93749308586121 1.01642107963562 0
vt 0.94156062602997 1.00932323932648 0
vt 0.93961590528488 1.03108334541321 0
vt 0.94191598892212 1.03662407398224 0
vt 0.94207847118378 1.02227902412415 0
vt 0.93821668624878 1.02424049377441 0
vt 0.9448915719986 1.04118824005127 0
vt 0.94633460044861 1.02251958847046 0
vt 0.95137959718704 1.02716445922852 0
vt 0.94831758737564 1.04510140419006 0
vt 0.95498460531235 1.01117467880249 0
vt 0.95967578887939 0.99907952547073 0
vt -0.00322712771595 0.00769114494324 0
vt 0.00749287661165 0.01194798946381 0
vt -0.00287475576624 0.01472818851471 0
vt 0.00743644312024 0.02176058292389 0
vt 0.01747384294868 0.01443648338318 0
vt 0.02052650973201 0.03218877315521 0
vt -0.0002320856438 0.02757132053375 0
vt 0.0026119062677 0.03302586078644 0
vt 0.005495342426 0.02822923660278 0
vt -0.00196869065985 0.02141356468201 0
vt 0.00628643808886 0.03795289993286 0
vt 0.01191404554993 0.03537619113922 0
vt 0.0150197353214 0.04692757129669 0
vt 0.01952480897307 0.05132699012756 0
vt 0.01624209061265 0.04318594932556 0
vt 0.01051466353238 0.04252815246582 0
vt 0.02372425049543 0.05834949016571 0
vt 0.02302809618413 0.0476086139679 0
vt 0.03193125501275 0.05956089496613 0
vt 0.02731243334711 0.07061815261841 0
vt 0.03629044815898 0.04925525188446 0
vt 0.04483804106712 0.0335099697113 0
vt 0.04013039171696 0.04045283794403 0
vt 0.03792285919189 0.02035248279572 0
vt 0.03082166984677 0.02662944793701 0
vt 0.02597673237324 0.01338827610016 0
vt 0.03310200572014 0.00873672962189 0
vt 0.0518003590405 0.02878296375275 0
vt 0.05810090899467 0.02574849128723 0
vt 0.04487372562289 0.01257753372192 0
vt 0.051917668432 0.00060927867889 0
vt 0.06175652146339 0.02260231971741 0
vt 0.06082326546311 0.02388310432434 0
vt 0.06172907352448 0.01695168018341 0
vt 0.05827276781201 0.01066744327545 0
vt 0.06156613305211 0.00038111209869 0
vt 0.06147386133671 -0.00843119621277 0
vt 0.05904310196638 0.00038492679596 0
vt 0.06165840476751 0.00919330120087 0
vt 0.06115689128637 -0.01691770553589 0
vt 0.05710450559855 -0.00981426239014 0
vt 0.05895007401705 -0.03161072731018 0
vt 0.05661083012819 -0.03716588020325 0
vt 0.05651931464672 -0.02279472351074 0
vt 0.06039052456617 -0.02475261688232 0
vt 0.05359749868512 -0.04174399375916 0
vt 0.05224068462849 -0.02304363250732 0
vt 0.04714722186327 -0.02770638465881 0
vt 0.05013477057219 -0.04567074775696 0
vt 0.04360417276621 -0.01169371604919 0
vt 0.03895012661815 0.00041496753693 0
vt 0.98954916000366 0.00046730041504 0
vt 0.98542499542236 0.01100969314575 0
vt 0.9825776219368 0.00073206424713 0
vt 0.97569894790649 0.01083755493164 0
vt 0.9830470085144 0.02084267139435 0
vt 0.96547734737396 0.02365076541901 0
vt 0.96987164020538 0.00319111347198 0
vt 0.964490711689 0.00593662261963 0
vt 0.96927040815353 0.0088427066803 0
vt 0.97595953941345 0.00154805183411 0
vt 0.95963996648788 0.00950908660889 0
vt 0.96224355697632 0.01510047912598 0
vt 0.9508221745491 0.01803231239319 0
vt 0.94650161266327 0.02243173122406 0
vt 0.95454144477844 0.01928460597992 0
vt 0.95514273643494 0.01363289356232 0
vt 0.93958330154419 0.02649164199829 0
vt 0.95021784305573 0.02593791484833 0
vt 0.93844938278198 0.03459477424622 0
vt 0.92746943235397 0.02987265586853 0
vt 0.94868862628937 0.03904271125793 0
vt 0.96437251567841 0.04767262935638 0
vt 0.95744645595551 0.04294240474701 0
vt 0.9773616194725 0.04098308086395 0
vt 0.97107648849487 0.03389275074005 0
vt 0.98416119813919 0.02925717830658 0
vt 0.98883473873138 0.03635311126709 0
vt 0.96911644935608 0.05461239814758 0
vt 0.9719762802124 0.06233048439026 0
vt 0.98512852191925 0.04794478416443 0
vt 0.99703252315521 0.05520606040955 0
vt 0.9737309217453 0.07613408565521 0
vt 0.97325015068054 0.06939554214478 0
vt 0.98054248094559 0.06745088100433 0
vt 0.9869396686554 0.062659740448 0
vt 0.99736857414246 0.0645786523819 0
vt 1.00610184669495 0.06459212303162 0
vt 0.99734246730804 0.06208550930023 0
vt 0.98863524198532 0.06456530094147 0
vt 1.0145103931427 0.06437957286835 0
vt 1.00743401050568 0.06029093265533 0
vt 1.02905368804932 0.06237316131592 0
vt 1.03453898429871 0.06012761592865 0
vt 1.02029430866241 0.05986666679382 0
vt 1.0222692489624 0.06371521949768 0
vt 1.03904986381531 0.05720436573029 0
vt 1.02050304412842 0.05564177036285 0
vt 1.02507936954498 0.05066406726837 0
vt 1.04291105270386 0.05382931232452 0
vt 1.00917732715607 0.04697299003601 0
vt 0.99713462591171 0.04223048686981 0
vt 0.000510113372 0.00681662559509 0
vt 0.01105038914829 0.01111543178558 0
vt 0.00077380955918 0.01387441158295 0
vt 0.01087687909603 0.02095544338226 0
vt 0.02088171616197 0.01363885402679 0
vt 0.0236869379878 0.03144919872284 0
vt 0.00323064392433 0.02676105499268 0
vt 0.00597505131736 0.03223884105682 0
vt 0.00888144597411 0.02743673324585 0
vt 0.001588774845 0.02058100700378 0
vt 0.00954636186361 0.03718996047974 0
vt 0.01513735577464 0.03462183475494 0
vt 0.018067156896 0.04621434211731 0
vt 0.02246537059546 0.05063879489899 0
vt 0.01931974478066 0.0424656867981 0
vt 0.01366894226521 0.04178988933563 0
vt 0.02652369812131 0.05769431591034 0
vt 0.02597162127495 0.04691970348358 0
vt 0.03462564200163 0.0589302778244 0
vt 0.02990224584937 0.07001197338104 0
vt 0.03907467797399 0.04860365390778 0
vt 0.04770546779037 0.03283882141113 0
vt 0.04297499731183 0.03978705406189 0
vt 0.04101855307817 0.01962780952454 0
vt 0.03392824903131 0.02590239048004 0
vt 0.0292951464653 0.01261162757874 0
vt 0.0363907366991 0.00796699523926 0
vt 0.05464496463537 0.02811706066132 0
vt 0.06090810894966 0.02509129047394 0
vt 0.04798030480742 0.01185023784637 0
vt 0.05508064851165 -0.00013113021851 0
vt 0.06453004479408 0.0219532251358 0
vt 0.06360951066017 0.02323091030121 0
vt 0.06457444280386 0.01628577709198 0
vt 0.06123925745487 0.00997316837311 0
vt 0.06461355090141 -0.00033211708069 0
vt 0.06462813913822 -0.00916934013367 0
vt 0.06212075799704 -0.0003354549408 0
vt 0.0645989626646 0.00850510597229 0
vt 0.06441681832075 -0.01768064498901 0
vt 0.06032782047987 -0.01056861877441 0
vt 0.06241279840469 -0.03242111206055 0
vt 0.06016829609871 -0.03799843788147 0
vt 0.05990542471409 -0.02358722686768 0
vt 0.06375367194414 -0.02553987503052 0
vt 0.05724606662989 -0.0425980091095 0
vt 0.05568112805486 -0.02384877204895 0
vt 0.05070473253727 -0.02853894233704 0
vt 0.05387201160192 -0.0465452671051 0
vt 0.0470120459795 -0.01249146461487 0
vt 0.04226854071021 -0.0003616809845 0
vt 0.97709977626801 0.92188799381256 0
vt 0.99193841218948 0.90863341093063 0
vt 0.98145794868469 0.91911381483078 0
vt 0.97421050071716 0.92351645231247 0
vt 0.97478222846985 0.92237567901611 0
vt 0.96607744693756 0.92083883285522 0
vt 0.97078657150269 0.91840577125549 0
vt 0.96164220571518 0.92467337846756 0
vt 0.95303052663803 0.938247859478 0
vt 0.95775479078293 0.9313108921051 0
vt 0.95975840091705 0.93849003314972 0
vt 0.96684944629669 0.93084585666656 0
vt 0.946084856987 0.94298082590103 0
vt 0.93835455179214 0.94796103239059 0
vt 0.95279741287231 0.94489789009094 0
vt 0.94554460048676 0.9534432888031 0
vt 0.92452502250671 0.96466726064682 0
vt 0.931276679039 0.95563954114914 0
vt 0.93325126171112 0.96447563171387 0
vt 0.93806040287018 0.95909756422043 0
vt 0.9361600279808 0.96441173553467 0
vt 0.93865692615509 0.96191483736038 0
vt 0.93638575077057 0.9641860127449 0
vt 0.94046980142593 0.96010202169418 0
vt 0.93841749429703 0.96215432882309 0
vt 0.94067490100861 0.95989686250687 0
vt 0.94091439247131 0.95965737104416 0
vt 0.93706297874451 0.96350878477097 0
vt 0.94360959529877 0.95696222782135 0
vt 0.94514608383179 0.95542567968369 0
vt 0.95013850927353 0.95043331384659 0
vt 0.95381081104279 0.94676101207733 0
vt 0.95854210853577 0.94202971458435 0
vt -0.00065515248571 0.00491797924042 0
vt 0.00994116254151 0.00930821895599 0
vt -0.00036380742677 0.01202082633972 0
vt 0.0098041575402 0.01920759677887 0
vt 0.0198191460222 0.01190769672394 0
vt 0.02270152233541 0.02984368801117 0
vt 0.00215097004548 0.02500188350677 0
vt 0.00492642726749 0.03053021430969 0
vt 0.00782566424459 0.02571654319763 0
vt 0.00047956261551 0.01877379417419 0
vt 0.00852992199361 0.03553378582001 0
vt 0.01413233205676 0.03298437595367 0
vt 0.0171169731766 0.04466617107391 0
vt 0.02154850587249 0.04914486408234 0
vt 0.01836013421416 0.04090213775635 0
vt 0.01268544141203 0.04018747806549 0
vt 0.02565083093941 0.056272149086 0
vt 0.02505383267999 0.04542434215546 0
vt 0.03378553315997 0.05756163597107 0
vt 0.02909474261105 0.06869637966156 0
vt 0.03820655867457 0.04718935489655 0
vt 0.04681140556931 0.0313823223114 0
vt 0.04208805039525 0.03834211826324 0
vt 0.04005331546068 0.01805531978607 0
vt 0.03295962139964 0.02432429790497 0
vt 0.02826046943665 0.01092600822449 0
vt 0.03536531329155 0.00629651546478 0
vt 0.05375801771879 0.02667212486267 0
vt 0.06003282591701 0.02366542816162 0
vt 0.04701167717576 0.01027226448059 0
vt 0.05409443750978 -0.00173783302307 0
vt 0.06366527080536 0.0205442905426 0
vt 0.06274076551199 0.02181565761566 0
vt 0.06368726491928 0.01484036445618 0
vt 0.06031430885196 0.0084662437439 0
vt 0.06366337090731 -0.00188016891479 0
vt 0.06364463269711 -0.01077175140381 0
vt 0.06116115301847 -0.00189876556396 0
vt 0.06368210911751 0.00701141357422 0
vt 0.06340037286282 -0.01933670043945 0
vt 0.05932279676199 -0.01220607757568 0
vt 0.06133312731981 -0.03418016433716 0
vt 0.05905908346176 -0.03980565071106 0
vt 0.0588496401906 -0.02530741691589 0
vt 0.06270504742861 -0.02724838256836 0
vt 0.05610844492912 -0.04445123672485 0
vt 0.05460840091109 -0.02559661865234 0
vt 0.04959550872445 -0.03034591674805 0
vt 0.05270674824715 -0.04844379425049 0
vt 0.04594947770238 -0.01422238349915 0
vt 0.04123386368155 -0.00204730033875 0
vt 0.31340265274048 0.25385582447052 0
vt 0.31233659386635 0.19521152973175 0
vt 0.37522566318512 0.25465536117554 0
vt 0.37495914101601 0.19681072235107 0
vt 0.31188750267029 0.14141345024109 0
vt 0.37484687566757 0.14347636699677 0
vt 0.5 0.25492191314697 0
vt 0.5 0.19734370708466 0
vt 0.4375 0.19734370708466 0
vt 0.4375 0.25492191314697 0
vt 0.5 0.14416396617889 0
vt 0.4375 0.14416396617889 0
vt 0.5 0.06071877479553 0
vt 0.4375 0.06071877479553 0
vt 0.4375 0.09781241416931 0
vt 0.5 0.09781241416931 0
vt 0.37557432055473 0.06049048900604 0
vt 0.37514969706535 0.09730064868927 0
vt 0.31309878826141 0.09576535224915 0
vt 0.31479728221893 0.05980575084686 0
vt 0.5625 0.25492191314697 0
vt 0.5625 0.19734370708466 0
vt 0.6247633099556 0.2546569108963 0
vt 0.6250187754631 0.19681394100189 0
vt 0.5625 0.14416408538818 0
vt 0.6251208782196 0.14348113536835 0
vt 0.68757504224777 0.19522440433502 0
vt 0.68655318021774 0.25386214256287 0
vt 0.68798339366913 0.14143216609955 0
vt 0.68505167961121 0.05982756614685 0
vt 0.68675595521927 0.09578633308411 0
vt 0.6243879199028 0.06049597263336 0
vt 0.62481397390366 0.09730589389801 0
vt 0.5625 0.0978125333786 0
vt 0.5625 0.06071877479553 0
vt 0.06071874499321 0.5 0
vt 0.09781248867512 0.5 0
vt 0.0978124961257 0.4375 0
vt 0.06071874499321 0.4375 0
vt 0.14416405558586 0.5 0
vt 0.14416405558586 0.4375 0
vt 0.09730069339275 0.37514972686768 0
vt 0.06049048155546 0.37557435035706 0
vt 0.14347639679909 0.37484693527222 0
vt 0.25492185354233 0.5 0
vt 0.25492185354233 0.4375 0
vt 0.19734373688698 0.4375 0
vt 0.19734373688698 0.5 0
vt 0.25465530157089 0.37522566318512 0
vt 0.19681069254875 0.37495911121368 0
vt 0.1952115893364 0.31233656406403 0
vt 0.2538557946682 0.31340265274048 0
vt 0.14141348004341 0.31188750267029 0
vt 0.05980569496751 0.31479728221893 0
vt 0.09576530754566 0.31309878826141 0
vt 0.31446874141693 0.5 0
vt 0.31446874141693 0.4375 0
vt 0.37549215555191 0.5 0
vt 0.37549218535423 0.4375 0
vt 0.31436213850975 0.3753856420517 0
vt 0.37546557188034 0.3754655122757 0
vt 0.5 0.5 0
vt 0.5 0.4375 0
vt 0.4375 0.4375 0
vt 0.4375 0.5 0
vt 0.5 0.37549221515656 0
vt 0.4375 0.37549221515656 0
vt 0.4375 0.31446874141693 0
vt 0.5 0.31446874141693 0
vt 0.37538558244705 0.31436216831207 0
vt 0.31404232978821 0.31404232978821 0
vt 0.5625 0.5 0
vt 0.5625 0.4375 0
vt 0.62450784444809 0.5 0
vt 0.62450778484344 0.4375 0
vt 0.5625 0.37549221515656 0
vt 0.62453335523605 0.37546575069427 0
vt 0.74507808685303 0.5 0
vt 0.74507814645767 0.4375 0
vt 0.68553125858307 0.4375 0
vt 0.68553125858307 0.5 0
vt 0.74533361196518 0.37522733211517 0
vt 0.68563342094421 0.37538623809814 0
vt 0.68594002723694 0.31404483318329 0
vt 0.74610006809235 0.31340909004211 0
vt 0.62461000680923 0.31436276435852 0
vt 0.5625 0.31446874141693 0
vt 0.80265629291534 0.5 0
vt 0.80265629291534 0.4375 0
vt 0.85583603382111 0.5 0
vt 0.85583597421646 0.4375 0
vt 0.80316722393036 0.3749623298645 0
vt 0.85649132728577 0.37485158443451 0
vt 0.93928122520447 0.5 0
vt 0.93928122520447 0.4375 0
vt 0.9021874666214 0.4375 0
vt 0.9021874666214 0.5 0
vt 0.93947178125381 0.37557983398438 0
vt 0.90266299247742 0.37515497207642 0
vt 0.90408945083618 0.31311976909637 0
vt 0.94004327058792 0.31481909751892 0
vt 0.85845744609833 0.31190621852875 0
vt 0.80470007658005 0.3123494386673 0
vt 0.09584091603756 0.68685454130173 0
vt 0.05988430604339 0.68515419960022 0
vt 0.1414806842804 0.68807101249695 0
vt 0.09731960296631 0.62483865022659 0
vt 0.06051013618708 0.62441354990005 0
vt 0.14349320530891 0.62514275312424 0
vt 0.25387877225876 0.68658316135406 0
vt 0.19525757431984 0.68763500452042 0
vt 0.25466108322144 0.62477082014084 0
vt 0.19682219624519 0.62503373622894 0
vt 0.19734373688698 0.5625 0
vt 0.25492185354233 0.5625 0
vt 0.14416405558586 0.5625 0
vt 0.06071874499321 0.5625 0
vt 0.09781248867512 0.5625 0
vt 0.31342566013336 0.74613004922867 0
vt 0.3140515089035 0.68595200777054 0
vt 0.37523138523102 0.74534112215042 0
vt 0.37538787722588 0.6856364607811 0
vt 0.31436443328857 0.62461298704147 0
vt 0.37546610832214 0.62453413009644 0
vt 0.5 0.74507814645767 0
vt 0.5 0.68553125858307 0
vt 0.4375 0.68553125858307 0
vt 0.4375 0.74507814645767 0
vt 0.5 0.62450784444809 0
vt 0.4375 0.62450784444809 0
vt 0.4375 0.5625 0
vt 0.5 0.5625 0
vt 0.37549218535423 0.5625 0
vt 0.31446874141693 0.5625 0
vt 0.5625 0.74507814645767 0
vt 0.5625 0.68553125858307 0
vt 0.6247633099556 0.74534624814987 0
vt 0.62461000680923 0.68563848733902 0
vt 0.5625 0.62450784444809 0
vt 0.62453329563141 0.62453466653824 0
vt 0.74610006809235 0.68660372495651 0
vt 0.68594002723694 0.68596023321152 0
vt 0.68655318021774 0.74615061283112 0
vt 0.74533361196518 0.62477594614029 0
vt 0.68563342094421 0.62461507320404 0
vt 0.68553125858307 0.5625 0
vt 0.74507814645767 0.5625 0
vt 0.62450778484344 0.5625 0
vt 0.5625 0.5625 0
vt 0.80470007658005 0.68767619132996 0
vt 0.85845744609833 0.68813121318817 0
vt 0.80316722393036 0.62504404783249 0
vt 0.85649132728577 0.62515783309937 0
vt 0.94004327058792 0.6852245926857 0
vt 0.90408945083618 0.68692225217819 0
vt 0.93947178125381 0.62443113327026 0
vt 0.90266299247742 0.62485557794571 0
vt 0.9021874666214 0.5625 0
vt 0.93928122520447 0.5625 0
vt 0.85583597421646 0.5625 0
vt 0.80265629291534 0.5625 0
vt 0.31487590074539 0.94014579057693 0
vt 0.31317439675331 0.90418803691864 0
vt 0.37559396028519 0.93949741125107 0
vt 0.37516859173775 0.90268766880035 0
vt 0.31195467710495 0.85854506492615 0
vt 0.3748636841774 0.85651326179504 0
vt 0.5 0.93928122520447 0
vt 0.5 0.90218752622604 0
vt 0.4375 0.90218752622604 0
vt 0.4375 0.93928128480911 0
vt 0.5 0.85583591461182 0
vt 0.4375 0.85583591461182 0
vt 0.4375 0.80265629291534 0
vt 0.5 0.80265629291534 0
vt 0.37497064471245 0.80318224430084 0
vt 0.31238257884979 0.80476003885269 0
vt 0.5625 0.93928128480911 0
vt 0.5625 0.90218752622604 0
vt 0.6243879199028 0.93951499462128 0
vt 0.62481397390366 0.90270459651947 0
vt 0.5625 0.85583591461182 0
vt 0.6251208782196 0.85652828216553 0
vt 0.68675595521927 0.9042557477951 0
vt 0.68505167961121 0.94021618366241 0
vt 0.68798339366913 0.85860520601273 0
vt 0.68757504224777 0.80480122566223 0
vt 0.6250187754631 0.80319249629974 0
vt 0.5625 0.80265629291534 0
vt 0.3133584856987 0.25386214256287 0
vt 0.31224822998047 0.19522440433502 0
vt 0.37521463632584 0.2546569108963 0
vt 0.37493705749512 0.19681394100189 0
vt 0.31144535541534 0.13956129550934 0
vt 0.37473636865616 0.14301335811615 0
vt 0.3749480843544 0.05768263339996 0
vt 0.37480038404465 0.09543514251709 0
vt 0.31170147657394 0.08830308914185 0
vt 0.31229230761528 0.04857409000397 0
vt 0.62477606534958 0.25465393066406 0
vt 0.62504434585571 0.19680786132812 0
vt 0.62515825033188 0.14347231388092 0
vt 0.68767738342285 0.19520044326782 0
vt 0.68660432100296 0.25385022163391 0
vt 0.68813294172287 0.14139723777771 0
vt 0.68522655963898 0.05978667736053 0
vt 0.68692415952682 0.09574699401855 0
vt 0.62443161010742 0.06048583984375 0
vt 0.62485605478287 0.09729611873627 0
vt 0.03150000050664 0.5 0
vt 0.08612499386072 0.5 0
vt 0.08612499386072 0.4375 0
vt 0.03150000050664 0.4375 0
vt 0.14124217629433 0.5 0
vt 0.14124217629433 0.4375 0
vt 0.08569291234016 0.37532639503479 0
vt 0.03152406215668 0.37600827217102 0
vt 0.14055126905441 0.37489438056946 0
vt 0.25464430451393 0.37522733211517 0
vt 0.19678860902786 0.3749623298645 0
vt 0.19512321054935 0.3123494386673 0
vt 0.2538115978241 0.31340909004211 0
vt 0.13847854733467 0.31207752227783 0
vt 0.03159625083208 0.3165328502655 0
vt 0.08439669013023 0.31380534172058 0
vt 0.31435769796371 0.37538623809814 0
vt 0.37546443939209 0.37546575069427 0
vt 0.37538117170334 0.31436276435852 0
vt 0.31402462720871 0.31404483318329 0
vt 0.62453466653824 0.3754655122757 0
vt 0.74534642696381 0.37522423267364 0
vt 0.68563854694366 0.37538504600525 0
vt 0.6859604716301 0.31404006481171 0
vt 0.74615120887756 0.31339704990387 0
vt 0.62461513280869 0.31436157226562 0
vt 0.80319285392761 0.37495636940002 0
vt 0.85652875900269 0.37484276294708 0
vt 0.93951553106308 0.37556958198547 0
vt 0.90270507335663 0.37514507770538 0
vt 0.90425765514374 0.31308043003082 0
vt 0.94021821022034 0.3147782087326 0
vt 0.85860693454742 0.31187117099762 0
vt 0.80480241775513 0.3123254776001 0
vt 0.08439669013023 0.68623566627502 0
vt 0.03159625083208 0.6835081577301 0
vt 0.13847854733467 0.68795955181122 0
vt 0.08569291234016 0.62468391656876 0
vt 0.03152406215668 0.62400203943253 0
vt 0.14055126905441 0.62511485815048 0
vt 0.2538115978241 0.68660372495651 0
vt 0.19512321054935 0.68767619132996 0
vt 0.25464430451393 0.62477594614029 0
vt 0.19678860902786 0.62504404783249 0
vt 0.14124217629433 0.5625 0
vt 0.03150000050664 0.5625 0
vt 0.08612499386072 0.5625 0
vt 0.3133584856987 0.74615061283112 0
vt 0.31402462720871 0.68596023321152 0
vt 0.37521463632584 0.74534624814987 0
vt 0.37538117170334 0.68563848733902 0
vt 0.31435769796371 0.62461507320404 0
vt 0.37546443939209 0.62453466653824 0
vt 0.62477606534958 0.74534326791763 0
vt 0.62461513280869 0.68563729524612 0
vt 0.62453460693359 0.62453436851501 0
vt 0.74615120887756 0.68659174442291 0
vt 0.6859604716301 0.68595546483994 0
vt 0.68660432100296 0.74613863229752 0
vt 0.74534636735916 0.62477296590805 0
vt 0.68563854694366 0.62461388111114 0
vt 0.80480235815048 0.68765223026276 0
vt 0.85860693454742 0.68809622526169 0
vt 0.80319279432297 0.62503808736801 0
vt 0.85652875900269 0.62514907121658 0
vt 0.94021821022034 0.68518364429474 0
vt 0.90425765514374 0.686882853508 0
vt 0.93951559066772 0.62442094087601 0
vt 0.90270507335663 0.62484574317932 0
vt 0.31229230761528 0.95143300294876 0
vt 0.31170147657394 0.91171860694885 0
vt 0.3749480843544 0.94231921434402 0
vt 0.37480038404465 0.90457028150558 0
vt 0.31144535541534 0.86047095060349 0
vt 0.37473636865616 0.85699468851089 0
vt 0.37493705749512 0.80319249629974 0
vt 0.31224822998047 0.80480122566223 0
vt 0.62443161010742 0.93950474262238 0
vt 0.62485605478287 0.90269470214844 0
vt 0.62515825033188 0.85651952028275 0
vt 0.68692415952682 0.90421634912491 0
vt 0.68522655963898 0.94017523527145 0
vt 0.68813294172287 0.85857021808624 0
vt 0.68767738342285 0.80477726459503 0
vt 0.62504434585571 0.80318653583527 0
vt 0.31340965628624 0.25385022163391 0
vt 0.31235057115555 0.19520044326782 0
vt 0.37522742152214 0.25465393066406 0
vt 0.37496262788773 0.19680786132812 0
vt 0.3119078874588 0.14139711856842 0
vt 0.37485194206238 0.14347231388092 0
vt 0.37558028101921 0.06048572063446 0
vt 0.37515544891357 0.09729611873627 0
vt 0.31312173604965 0.09574699401855 0
vt 0.31482115387917 0.05978667736053 0
vt 0.62477207183838 0.25464749336243 0
vt 0.62503635883331 0.19679486751556 0
vt 0.62523013353348 0.14298939704895 0
vt 0.68764543533325 0.19514846801758 0
vt 0.68658834695816 0.25382423400879 0
vt 0.68842041492462 0.13946545124054 0
vt 0.68767845630646 0.0485532283783 0
vt 0.68820810317993 0.0882385969162 0
vt 0.62504458427429 0.05767738819122 0
vt 0.62517702579498 0.095419049263 0
vt 0.08573386073112 0.37531673908234 0
vt 0.03156500309706 0.37599861621857 0
vt 0.14058837294579 0.37488567829132 0
vt 0.25465708971024 0.37522423267364 0
vt 0.19681417942047 0.37495636940002 0
vt 0.19522553682327 0.3123254776001 0
vt 0.25386276841164 0.31339704990387 0
vt 0.13862693309784 0.31204283237457 0
vt 0.03175999969244 0.31649446487427 0
vt 0.08456043899059 0.31376695632935 0
vt 0.31436282396317 0.37538504600525 0
vt 0.37546572089195 0.3754655122757 0
vt 0.37538626790047 0.31436157226562 0
vt 0.31404510140419 0.31404006481171 0
vt 0.62453424930573 0.37546479701996 0
vt 0.74534237384796 0.37521779537201 0
vt 0.6856369972229 0.37538242340088 0
vt 0.68595409393311 0.31402969360352 0
vt 0.74613523483276 0.31337118148804 0
vt 0.62461352348328 0.31435894966125 0
vt 0.80318486690521 0.37494337558746 0
vt 0.85698509216309 0.37474429607391 0
vt 0.94231712818146 0.3749498128891 0
vt 0.9045637845993 0.37480580806732 0
vt 0.91169250011444 0.31172299385071 0
vt 0.9514245390892 0.3122992515564 0
vt 0.86043214797974 0.31147718429565 0
vt 0.80477046966553 0.31227350234985 0
vt 0.08456043899059 0.68619734048843 0
vt 0.03175999969244 0.68346977233887 0
vt 0.13862693309784 0.68792480230331 0
vt 0.08573386073112 0.62467432022095 0
vt 0.03156500309706 0.62399244308472 0
vt 0.14058837294579 0.62510621547699 0
vt 0.25386276841164 0.68659174442291 0
vt 0.19522553682327 0.68765223026276 0
vt 0.25465708971024 0.62477296590805 0
vt 0.19681417942047 0.62503808736801 0
vt 0.31340965628624 0.74613863229752 0
vt 0.31404510140419 0.68595546483994 0
vt 0.37522742152214 0.74534326791763 0
vt 0.37538626790047 0.68563729524612 0
vt 0.31436282396317 0.62461388111114 0
vt 0.37546572089195 0.62453436851501 0
vt 0.62478715181351 0.74534165859222 0
vt 0.6246195435524 0.68563669919968 0
vt 0.6245356798172 0.62453418970108 0
vt 0.74619543552399 0.68658536672592 0
vt 0.68597817420959 0.68595290184021 0
vt 0.68664854764938 0.74613225460052 0
vt 0.74535745382309 0.62477135658264 0
vt 0.68564295768738 0.62461322546005 0
vt 0.80489075183868 0.68763947486877 0
vt 0.86058402061462 0.68841278553009 0
vt 0.80321490764618 0.62503486871719 0
vt 0.85702300071716 0.62522822618484 0
vt 0.95145761966705 0.6876767873764 0
vt 0.91179472208023 0.68820297718048 0
vt 0.94232535362244 0.62504422664642 0
vt 0.90458929538727 0.62517577409744 0
vt 0.31482118368149 0.94017523527145 0
vt 0.31312176585197 0.90421634912491 0
vt 0.37558031082153 0.93950474262238 0
vt 0.37515544891357 0.90269470214844 0
vt 0.3119078874588 0.85857021808624 0
vt 0.37485194206238 0.85651952028275 0
vt 0.37496262788773 0.80318653583527 0
vt 0.31235057115555 0.80477726459503 0
vt 0.62505286931992 0.9423166513443 0
vt 0.62520259618759 0.90456247329712 0
vt 0.6252681016922 0.85698306560516 0
vt 0.68831038475037 0.91168737411499 0
vt 0.68771153688431 0.95142287015915 0
vt 0.68857228755951 0.8604245185852 0
vt 0.68776577711105 0.8047644495964 0
vt 0.62506645917892 0.80318331718445 0
vt 0.31339371204376 0.25382423400879 0
vt 0.31231865286827 0.19514846801758 0
vt 0.37522342801094 0.25464749336243 0
vt 0.37495467066765 0.19679486751556 0
vt 0.31153431534767 0.13946545124054 0
vt 0.37475857138634 0.14298939704895 0
vt 0.37495291233063 0.05767738819122 0
vt 0.37481534481049 0.09541893005371 0
vt 0.31176137924194 0.0882385969162 0
vt 0.31231170892715 0.0485532283783 0
vt 0.62477433681488 0.25465536117554 0
vt 0.62504088878632 0.19681072235107 0
vt 0.62515306472778 0.14347648620605 0
vt 0.68766343593597 0.19521152973175 0
vt 0.68659734725952 0.25385582447052 0
vt 0.68811249732971 0.14141345024109 0
vt 0.68520271778107 0.05980575084686 0
vt 0.68690121173859 0.09576535224915 0
vt 0.62442564964294 0.06049048900604 0
vt 0.62485027313232 0.09730064868927 0
vt 0.08572109043598 0.37529599666595 0
vt 0.0315522365272 0.37597787380219 0
vt 0.1405768096447 0.37486684322357 0
vt 0.25465309619904 0.37521779537201 0
vt 0.19680622220039 0.37494337558746 0
vt 0.19519364833832 0.31227350234985 0
vt 0.25384682416916 0.31337118148804 0
vt 0.13858067989349 0.31196749210358 0
vt 0.0317089445889 0.31641137599945 0
vt 0.08450938761234 0.31368374824524 0
vt 0.31436124444008 0.37538242340088 0
vt 0.37546530365944 0.37546479701996 0
vt 0.37538468837738 0.31435894966125 0
vt 0.3140387237072 0.31402969360352 0
vt 0.6245344877243 0.3754655122757 0
vt 0.74534469842911 0.37522566318512 0
vt 0.68563783168793 0.3753856420517 0
vt 0.68595767021179 0.31404232978821 0
vt 0.74614423513412 0.31340265274048 0
vt 0.62461441755295 0.31436216831207 0
vt 0.85875779390335 0.5 0
vt 0.858757853508 0.4375 0
vt 0.80318933725357 0.37495911121368 0
vt 0.8594166636467 0.37488973140717 0
vt 0.96850001811981 0.5 0
vt 0.96850001811981 0.4375 0
vt 0.91387498378754 0.4375 0
vt 0.91387498378754 0.5 0
vt 0.96844059228897 0.37600314617157 0
vt 0.91427171230316 0.37532126903534 0
vt 0.91546189785004 0.31378483772278 0
vt 0.96826231479645 0.3165123462677 0
vt 0.86139333248138 0.31205904483795 0
vt 0.80478847026825 0.31233656406403 0
vt 0.08470184355974 0.68617683649063 0
vt 0.0319014005363 0.68344932794571 0
vt 0.13875508308411 0.68790626525879 0
vt 0.08576920628548 0.6246691942215 0
vt 0.03160034865141 0.62398731708527 0
vt 0.14062041044235 0.6251015663147 0
vt 0.25390696525574 0.68658536672592 0
vt 0.19531393051147 0.68763947486877 0
vt 0.25466814637184 0.62477135658264 0
vt 0.19683629274368 0.62503486871719 0
vt 0.31345382332802 0.74613225460052 0
vt 0.31406277418137 0.68595290184021 0
vt 0.37523844838142 0.74534165859222 0
vt 0.3753907084465 0.68563669919968 0
vt 0.31436723470688 0.62461322546005 0
vt 0.37546682357788 0.62453418970108 0
vt 0.62478005886078 0.74534112215042 0
vt 0.62461674213409 0.6856364607811 0
vt 0.62453508377075 0.62453413009644 0
vt 0.74616718292236 0.68658316135406 0
vt 0.68596684932709 0.68595200777054 0
vt 0.6866203546524 0.74613004922867 0
vt 0.74535042047501 0.62477082014084 0
vt 0.68564015626907 0.62461298704147 0
vt 0.80483436584473 0.68763500452042 0
vt 0.86145997047424 0.68789982795715 0
vt 0.80320084095001 0.62503373622894 0
vt 0.85943341255188 0.62509995698929 0
vt 0.96833592653275 0.68344223499298 0
vt 0.91553544998169 0.6861697435379 0
vt 0.96845901012421 0.62398558855057 0
vt 0.91429007053375 0.6246674656868 0
vt 0.91387498378754 0.5625 0
vt 0.96850001811981 0.5625 0
vt 0.858757853508 0.5625 0
vt 0.31234481930733 0.95142287015915 0
vt 0.31186366081238 0.91168737411499 0
vt 0.37496119737625 0.9423166513443 0
vt 0.37484091520309 0.90456247329712 0
vt 0.31168615818024 0.8604245185852 0
vt 0.37479656934738 0.85698306560516 0
vt 0.37498474121094 0.80318331718445 0
vt 0.31243890523911 0.80476450920105 0
vt 0.62504899501801 0.94231635332108 0
vt 0.62519061565399 0.9045615196228 0
vt 0.62525027990341 0.85698169469833 0
vt 0.68826246261597 0.91168361902237 0
vt 0.68769598007202 0.95142161846161 0
vt 0.68850111961365 0.8604189157486 0
vt 0.6877093911171 0.80476003885269 0
vt 0.62505233287811 0.80318224430084 0
vt 0.31342566013336 0.25384163856506 0
vt 0.31238257884979 0.19518315792084 0
vt 0.37523138523102 0.25465178489685 0
vt 0.37497064471245 0.1968035697937 0
vt 0.31212568283081 0.13856554031372 0
vt 0.3749064207077 0.14057302474976 0
vt 0.5 0.14124226570129 0
vt 0.4375 0.141242146492 0
vt 0.5 0.03149998188019 0
vt 0.4375 0.03149998188019 0
vt 0.4375 0.08612501621246 0
vt 0.5 0.08612501621246 0
vt 0.37602150440216 0.03154802322388 0
vt 0.37533959746361 0.08571684360504 0
vt 0.31385841965675 0.08449268341064 0
vt 0.316585958004 0.03169226646423 0
vt 0.5625 0.141242146492 0
vt 0.62507826089859 0.14058780670166 0
vt 0.68781286478043 0.1386251449585 0
vt 0.68334627151489 0.03175818920135 0
vt 0.68607378005981 0.08455860614777 0
vt 0.62396156787872 0.03156459331512 0
vt 0.62464344501495 0.085733294487 0
vt 0.5625 0.08612501621246 0
vt 0.5625 0.03149998188019 0
vt 0.08574666082859 0.37530982494354 0
vt 0.0315778106451 0.37599170207977 0
vt 0.14059996604919 0.37487947940826 0
vt 0.25466108322144 0.37522208690643 0
vt 0.19682219624519 0.3749520778656 0
vt 0.19525757431984 0.31230819225311 0
vt 0.25387877225876 0.31338846683502 0
vt 0.13867338001728 0.31201779842377 0
vt 0.03181124478579 0.31646692752838 0
vt 0.08461168408394 0.31373941898346 0
vt 0.31436443328857 0.37538421154022 0
vt 0.37546610832214 0.37546515464783 0
vt 0.37538787722588 0.3143607378006 0
vt 0.3140515089035 0.31403660774231 0
vt 0.85938465595245 0.37489438056946 0
vt 0.96840524673462 0.37600827217102 0
vt 0.91423642635345 0.37532639503479 0
vt 0.91532051563263 0.31380534172058 0
vt 0.96812093257904 0.3165328502655 0
vt 0.86126518249512 0.31207752227783 0
vt 0.86141359806061 0.68792480230331 0
vt 0.85942184925079 0.62510621547699 0
vt 0.96828472614288 0.68346977233887 0
vt 0.91548424959183 0.68619734048843 0
vt 0.96844619512558 0.62399244308472 0
vt 0.91427731513977 0.62467432022095 0
vt 0.3166760802269 0.96822398900986 0
vt 0.31394857168198 0.91542357206345 0
vt 0.37604403495789 0.96843099594116 0
vt 0.37536215782166 0.91426217556 0
vt 0.3122074007988 0.86135858297348 0
vt 0.37492686510086 0.85940802097321 0
vt 0.5 0.96850001811981 0
vt 0.5 0.91387498378754 0
vt 0.4375 0.91387498378754 0
vt 0.4375 0.96850001811981 0
vt 0.5 0.858757853508 0
vt 0.4375 0.858757853508 0
vt 0.5625 0.96850001811981 0
vt 0.5625 0.91387498378754 0
vt 0.62400251626968 0.96843612194061 0
vt 0.62468439340591 0.91426730155945 0
vt 0.5625 0.858757853508 0
vt 0.62511533498764 0.8594126701355 0
vt 0.68623757362366 0.9154440164566 0
vt 0.68351000547409 0.96824449300766 0
vt 0.68796128034592 0.86137712001801 0
vt 0.31203299760818 0.13851511478424 0
vt 0.37488323450088 0.14056038856506 0
vt 0.37599590420723 0.03153419494629 0
vt 0.375314027071 0.08570301532745 0
vt 0.313756108284 0.08443701267242 0
vt 0.31648364663124 0.03163659572601 0
vt 0.62511533498764 0.14057922363281 0
vt 0.68796128034592 0.13859045505524 0
vt 0.68351000547409 0.03171980381012 0
vt 0.68623757362366 0.08452022075653 0
vt 0.62400251626968 0.03155493736267 0
vt 0.62468439340591 0.08572375774384 0
vt 0.85942178964615 0.37488567829132 0
vt 0.96844619512558 0.37599861621857 0
vt 0.91427731513977 0.37531673908234 0
vt 0.91548424959183 0.31376695632935 0
vt 0.96828472614288 0.31649446487427 0
vt 0.86141359806061 0.31204283237457 0
vt 0.0845380872488 0.68621516227722 0
vt 0.03173764795065 0.6834876537323 0
vt 0.13860669732094 0.68794101476669 0
vt 0.08572827279568 0.62467879056931 0
vt 0.03155941516161 0.62399691343307 0
vt 0.14058330655098 0.62511026859283 0
vt 0.2538557946682 0.68659734725952 0
vt 0.1952115893364 0.68766343593597 0
vt 0.25465530157089 0.62477433681488 0
vt 0.19681069254875 0.62504088878632 0
vt 0.31340265274048 0.74614423513412 0
vt 0.31404232978821 0.68595767021179 0
vt 0.37522566318512 0.74534469842911 0
vt 0.37538558244705 0.68563789129257 0
vt 0.31436213850975 0.62461441755295 0
vt 0.37546554207802 0.6245344877243 0
vt 0.86126518249512 0.68795955181122 0
vt 0.85938465595245 0.62511491775513 0
vt 0.96812093257904 0.6835081577301 0
vt 0.91532051563263 0.68623566627502 0
vt 0.96840524673462 0.62400203943253 0
vt 0.91423642635345 0.62468391656876 0
vt 0.3165123462677 0.96826237440109 0
vt 0.31378483772278 0.91546189785004 0
vt 0.37600308656693 0.96844059228897 0
vt 0.37532120943069 0.91427171230316 0
vt 0.31205898523331 0.86139333248138 0
vt 0.37488973140717 0.85941672325134 0
vt 0.37495914101601 0.80318927764893 0
vt 0.31233659386635 0.8047884106636 0
vt 0.62396156787872 0.96844571828842 0
vt 0.62464344501495 0.91427683830261 0
vt 0.62507826089859 0.85942131280899 0
vt 0.68607378005981 0.91548240184784 0
vt 0.68334627151489 0.96828281879425 0
vt 0.68781286478043 0.86141186952591 0
vt -0.02631332911551 0.22063899040222 0
vt -0.02161158435047 0.23819434642792 0
vt -0.02201874367893 0.19729554653168 0
vt -0.02888882905245 0.19139087200165 0
vt -0.01629952713847 0.24698007106781 0
vt -0.01537506468594 0.20173859596252 0
vt -0.02192744612694 0.15640294551849 0
vt -0.02940429002047 0.15630888938904 0
vt -0.01444903574884 0.156498670578 0
vt -0.00990822631866 0.24993550777435 0
vt -0.00220778537914 0.20381605625153 0
vt -0.00918419938534 0.20325839519501 0
vt -0.01189309544861 0.24991941452026 0
vt 0.00076861109119 0.15682256221771 0
vt -0.00696749007329 0.15659737586975 0
vt 0.00306447222829 0.06345975399017 0
vt -0.00499500986189 0.06327521800995 0
vt -0.00573515659198 0.10993635654449 0
vt 0.0022822348401 0.11007869243622 0
vt -0.01258914172649 0.06602644920349 0
vt -0.01351987197995 0.11126184463501 0
vt -0.02451995015144 0.09207916259766 0
vt -0.02792592719197 0.12125205993652 0
vt -0.02083923667669 0.11552298069 0
vt -0.01925257220864 0.07464921474457 0
vt 0.09207912534475 -0.02451992034912 0
vt 0.07464917749166 -0.01925253868103 0
vt 0.11552293598652 -0.02083921432495 0
vt 0.12125202268362 -0.02792572975159 0
vt 0.06602644920349 -0.01258897781372 0
vt 0.11126172542572 -0.01351976394653 0
vt 0.15640297532082 -0.02192735671997 0
vt 0.15630894899368 -0.0294041633606 0
vt 0.15649858117104 -0.01444888114929 0
vt 0.06345967203379 0.00306451320648 0
vt 0.11007863283157 0.00228226184845 0
vt 0.10993624478579 -0.00573492050171 0
vt 0.06327518820763 -0.00499486923218 0
vt 0.15682247281075 0.00076866149902 0
vt 0.15659730136394 -0.00696730613708 0
vt 0.24993552267551 -0.00990796089172 0
vt 0.24991941452026 -0.01189303398132 0
vt 0.20325836539268 -0.00918412208557 0
vt 0.20381598174572 -0.00220775604248 0
vt 0.24698010087013 -0.01629948616028 0
vt 0.2017385661602 -0.01537489891052 0
vt 0.22063905000687 -0.02631330490112 0
vt 0.19139093160629 -0.02888870239258 0
vt 0.19729554653168 -0.02201867103577 0
vt 0.23819437623024 -0.02161145210266 0
vt 1.02214419841766 0.0924232006073 0
vt 1.01668286323547 0.07502138614655 0
vt 1.01880598068237 0.11581742763519 0
vt 1.02591967582703 0.12154257297516 0
vt 1.00995683670044 0.06640768051147 0
vt 1.0114814043045 0.11155700683594 0
vt 1.02043390274048 0.15661931037903 0
vt 1.02786159515381 0.15653228759766 0
vt 1.01300525665283 0.15670764446259 0
vt 0.9943972826004 0.06382727622986 0
vt 0.99577856063843 0.11035943031311 0
vt 1.00373530387878 0.11022591590881 0
vt 1.0023877620697 0.06365275382996 0
vt 0.99788695573807 0.15701723098755 0
vt 1.00557506084442 0.15679895877838 0
vt 1.00976622104645 0.24995613098145 0
vt 1.01171553134918 0.24994516372681 0
vt 1.00839924812317 0.20337200164795 0
vt 1.00144958496094 0.2039258480072 0
vt 1.01604914665222 0.24701631069183 0
vt 1.0145275592804 0.20186126232147 0
vt 1.02565598487854 0.22073423862457 0
vt 1.0278228521347 0.19154524803162 0
vt 1.02107131481171 0.19743275642395 0
vt 1.02121365070343 0.23825192451477 0
vt 0.77870374917984 -0.02621817588806 0
vt 0.76140785217285 -0.0215539932251 0
vt 0.80175715684891 -0.02188158035278 0
vt 0.80754327774048 -0.0287344455719 0
vt 0.75276958942413 -0.01626324653625 0
vt 0.7974140048027 -0.01525235176086 0
vt 0.84210348129272 -0.02171111106873 0
vt 0.84214854240417 -0.02918076515198 0
vt 0.84205764532089 -0.014240026474 0
vt 0.74992245435715 -0.00988745689392 0
vt 0.79542589187622 -0.00209784507751 0
vt 0.79595673084259 -0.00907039642334 0
vt 0.7499030828476 -0.01186728477478 0
vt 0.84183323383331 0.00096333026886 0
vt 0.84201037883759 -0.00676584243774 0
vt 0.93400210142136 0.00343203544617 0
vt 0.93411761522293 -0.00461745262146 0
vt 0.88806402683258 -0.00544548034668 0
vt 0.88798224925995 0.00256299972534 0
vt 0.93134123086929 -0.01220798492432 0
vt 0.88669985532761 -0.01322460174561 0
vt 0.90554517507553 -0.02417588233948 0
vt 0.87674176692963 -0.02763533592224 0
vt 0.88244378566742 -0.02054476737976 0
vt 0.92278105020523 -0.01888036727905 0
vt -0.02328347414732 0.90715771913528 0
vt -0.01791508123279 0.92452532052994 0
vt -0.01978095807135 0.88382387161255 0
vt -0.02688174135983 0.87810349464416 0
vt -0.0112190945074 0.93312793970108 0
vt -0.01245890930295 0.88808345794678 0
vt -0.02136463671923 0.84066367149353 0
vt -0.02909376472235 0.83928894996643 0
vt -0.01358014531434 0.84167325496674 0
vt 0.00438553839922 0.93572497367859 0
vt 0.00329151656479 0.88929843902588 0
vt -0.0046943295747 0.88942134380341 0
vt -0.00363804399967 0.93588727712631 0
vt 0.0022656316869 0.84186685085297 0
vt -0.00568492943421 0.8419526219368 0
vt 0.00069081503898 0.73996818065643 0
vt -0.00720633007586 0.73999565839767 0
vt -0.00654415832832 0.79247832298279 0
vt 0.00137601862662 0.792425096035 0
vt -0.01510320045054 0.74002373218536 0
vt -0.01446422468871 0.79253178834915 0
vt -0.03089462779462 0.74008440971375 0
vt -0.03030343353748 0.79264050722122 0
vt -0.02238392084837 0.79258596897125 0
vt -0.02299914509058 0.7400535941124 0
vt 0.26004210114479 1.03102111816406 0
vt 0.26006257534027 1.02311527729034 0
vt 0.20761457085609 1.02258443832397 0
vt 0.20757004618645 1.03051400184631 0
vt 0.26008352637291 1.01521039009094 0
vt 0.20765927433968 1.0146552324295 0
vt 0.1596368253231 1.02166509628296 0
vt 0.16101787984371 1.02940058708191 0
vt 0.15861991047859 1.01387333869934 0
vt 0.2601275742054 0.99940490722656 0
vt 0.20774951577187 0.99879860877991 0
vt 0.20770433545113 1.00672686100006 0
vt 0.26010540127754 1.00730741024017 0
vt 0.15840691328049 0.99800807237625 0
vt 0.15833133459091 1.0059689283371 0
vt 0.06478072702885 0.99612015485764 0
vt 0.06463214755058 1.00415742397308 0
vt 0.11097706854343 1.0050927400589 0
vt 0.11108791083097 0.997094810009 0
vt 0.06739647686481 1.01174354553223 0
vt 0.11232267320156 1.01286506652832 0
vt 0.09331558644772 1.02375674247742 0
vt 0.12229619920254 1.02728140354156 0
vt 0.11658120155334 1.0201860666275 0
vt 0.07598665356636 1.01842701435089 0
vt 0.90554517507553 1.02486395835876 0
vt 0.92278105020523 1.01962471008301 0
vt 0.88244378566742 1.02113366127014 0
vt 0.87674176692963 1.02821636199951 0
vt 0.93134123086929 1.01297032833099 0
vt 0.88669979572296 1.01381504535675 0
vt 0.84210348129272 1.02214372158051 0
vt 0.84214848279953 1.0296276807785 0
vt 0.84205764532089 1.01465809345245 0
vt 0.93400210142136 0.99730306863785 0
vt 0.88798213005066 0.99799853563309 0
vt 0.88806390762329 1.00602471828461 0
vt 0.93411761522293 1.00537252426147 0
vt 0.84183305501938 0.99942606687546 0
vt 0.8420102596283 1.00716912746429 0
vt 0.7499223947525 1.0099288225174 0
vt 0.74990302324295 1.01191878318787 0
vt 0.79595667123795 1.0092978477478 0
vt 0.79542583227158 1.00231754779816 0
vt 0.75276952981949 1.0163357257843 0
vt 0.79741394519806 1.01549780368805 0
vt 0.7787036895752 1.02640843391418 0
vt 0.80754321813583 1.02904319763184 0
vt 0.80175709724426 1.02215588092804 0
vt 0.76140779256821 1.0216691493988 0
vt 1.02565622329712 0.77945613861084 0
vt 1.02121376991272 0.76186323165894 0
vt 1.021071434021 0.8028416633606 0
vt 1.02782297134399 0.80876338481903 0
vt 1.01604914665222 0.75305616855621 0
vt 1.0145275592804 0.79838418960571 0
vt 1.02043390274048 0.84381330013275 0
vt 1.0278617143631 0.84391438961029 0
vt 1.01300525665283 0.84371054172516 0
vt 1.00976622104645 0.75008505582809 0
vt 1.00144958496094 0.79629385471344 0
vt 1.00839924812317 0.79685533046722 0
vt 1.01171565055847 0.75010633468628 0
vt 0.99788695573807 0.84337222576141 0
vt 1.00557506084442 0.84360432624817 0
vt 0.9943972826004 0.9369078874588 0
vt 1.0023877620697 0.93710231781006 0
vt 1.00373530387878 0.89035332202911 0
vt 0.99577856063843 0.89020216464996 0
vt 1.00995683670044 0.93435472249985 0
vt 1.0114814043045 0.88903343677521 0
vt 1.02214419841766 0.90826487541199 0
vt 1.02591967582703 0.87903845310211 0
vt 1.01880598068237 0.88477146625519 0
vt 1.01668286323547 0.92572289705276 0
vt 0.08970336616039 -0.02417588233948 0
vt 0.07207933068275 -0.01888036727905 0
vt 0.11348956078291 -0.02054476737976 0
vt 0.1192457228899 -0.02763533592224 0
vt 0.06339404731989 -0.01220798492432 0
vt 0.10922318696976 -0.01322460174561 0
vt 0.15490932762623 -0.02171111106873 0
vt 0.15476632118225 -0.02918076515198 0
vt 0.155054718256 -0.0141167640686 0
vt 0.06092138588428 0.00343203544617 0
vt 0.10813940316439 0.00256311893463 0
vt 0.10793639719486 -0.00544548034668 0
vt 0.06066792458296 -0.00461745262146 0
vt 0.15535742044449 0.00169408321381 0
vt 0.15520487725735 -0.00627374649048 0
vt 0.24979346990585 -0.00004386901855 0
vt 0.24974183738232 -0.00792980194092 0
vt 0.20247335731983 -0.0071017742157 0
vt 0.20257544517517 0.00082504749298 0
vt 0.24672970175743 -0.01527881622314 0
vt 0.20089101791382 -0.01476001739502 0
vt 0.21998181939125 -0.02621817588806 0
vt 0.1903250515461 -0.0287344455719 0
vt 0.19634816050529 -0.02188158035278 0
vt 0.23779653012753 -0.0215539932251 0
vt 1.02489542961121 0.09177923202515 0
vt 1.01965880393982 0.07432472705841 0
vt 1.02116060256958 0.11526620388031 0
vt 1.02824306488037 0.12099874019623 0
vt 1.01300525665283 0.06569409370422 0
vt 1.01384210586548 0.11100435256958 0
vt 1.02216362953186 0.15621435642242 0
vt 1.02964806556702 0.1561142206192 0
vt 1.01467728614807 0.15631628036499 0
vt 0.99733674526215 0.06313920021057 0
vt 0.99802434444427 0.10983383655548 0
vt 1.00605130195618 0.10968375205994 0
vt 1.00540709495544 0.0629460811615 0
vt 0.99944388866425 0.1566526889801 0
vt 1.00718760490417 0.15642154216766 0
vt 1.00993072986603 0.24991762638092 0
vt 1.01192116737366 0.24989700317383 0
vt 1.00930833816528 0.2031592130661 0
vt 1.00232768058777 0.20372021198273 0
vt 1.01633906364441 0.24694848060608 0
vt 1.01550912857056 0.20163154602051 0
vt 1.02641725540161 0.22055613994598 0
vt 1.029057264328 0.19125640392303 0
vt 1.02216851711273 0.19717597961426 0
vt 1.02167451381683 0.23814415931702 0
vt 0.77946484088898 -0.02639627456665 0
vt 0.76186853647232 -0.02166175842285 0
vt 0.80285423994064 -0.02213835716248 0
vt 0.80877757072449 -0.02902340888977 0
vt 0.75305950641632 -0.0163311958313 0
vt 0.79839545488358 -0.01548218727112 0
vt 0.84383320808411 -0.02211594581604 0
vt 0.84393489360809 -0.0295991897583 0
vt 0.84372973442078 -0.0146312713623 0
vt 0.75008690357208 -0.00992608070374 0
vt 0.79630386829376 -0.0023033618927 0
vt 0.79686570167542 -0.00928330421448 0
vt 0.75010865926743 -0.01191544532776 0
vt 0.84338998794556 0.0005989074707 0
vt 0.84362280368805 -0.00714325904846 0
vt 0.9369415640831 0.00274395942688 0
vt 0.93713694810867 -0.00532412528992 0
vt 0.89037990570068 -0.00598764419556 0
vt 0.89022791385651 0.00203728675842 0
vt 0.93438971042633 -0.01292157173157 0
vt 0.88906055688858 -0.01377725601196 0
vt 0.90829634666443 -0.02481985092163 0
vt 0.87906509637833 -0.02817916870117 0
vt 0.88479852676392 -0.02109599113464 0
vt 0.92575705051422 -0.01957702636719 0
vt 0.21998181939125 1.02640843391418 0
vt 0.23779654502869 1.0216691493988 0
vt 0.19634817540646 1.02215588092804 0
vt 0.1903250515461 1.02904319763184 0
vt 0.24672971665859 1.01535141468048 0
vt 0.20089103281498 1.01500558853149 0
vt 0.15490934252739 1.02214372158051 0
vt 0.15476632118225 1.0296276807785 0
vt 0.155054718256 1.01453506946564 0
vt 0.24979348480701 1.00008499622345 0
vt 0.20257546007633 0.99938952922821 0
vt 0.20247337222099 1.00732910633087 0
vt 0.24974185228348 1.007981300354 0
vt 0.15535743534565 0.99869406223297 0
vt 0.15520489215851 1.00667691230774 0
vt 0.06092138588428 0.99730306863785 0
vt 0.06066792458296 1.00537252426147 0
vt 0.10793641209602 1.00602471828461 0
vt 0.10813941061497 0.99799853563309 0
vt 0.06339404731989 1.01297032833099 0
vt 0.10922319442034 1.01381504535675 0
vt 0.08970337361097 1.02486395835876 0
vt 0.11924573779106 1.02821636199951 0
vt 0.11348956823349 1.02113366127014 0
vt 0.07207933068275 1.01962471008301 0
vt 0.90829634666443 1.02421975135803 0
vt 0.92575705051422 1.01892781257629 0
vt 0.88479846715927 1.02058231830597 0
vt 0.87906509637833 1.02767241001129 0
vt 0.93438971042633 1.01225650310516 0
vt 0.88906055688858 1.0132622718811 0
vt 0.84383308887482 1.0217387676239 0
vt 0.84393489360809 1.02920937538147 0
vt 0.84372961521149 1.01426661014557 0
vt 0.9369415640831 0.99661481380463 0
vt 0.89022791385651 0.99747276306152 0
vt 0.89037990570068 1.00548243522644 0
vt 0.93713694810867 1.00466561317444 0
vt 0.84338998794556 0.99906152486801 0
vt 0.84362280368805 1.00679159164429 0
vt 0.75008690357208 1.00989031791687 0
vt 0.75010865926743 1.01187062263489 0
vt 0.79686570167542 1.00908505916595 0
vt 0.79630386829376 1.00211203098297 0
vt 0.75305950641632 1.01626789569855 0
vt 0.79839539527893 1.0152679681778 0
vt 0.77946484088898 1.0262303352356 0
vt 0.80877757072449 1.02875411510468 0
vt 0.802854180336 1.02189898490906 0
vt 0.76186853647232 1.02156126499176 0
vt 1.02641725540161 0.77927792072296 0
vt 1.02167451381683 0.76175534725189 0
vt 1.02216851711273 0.80258476734161 0
vt 1.029057264328 0.80847442150116 0
vt 1.01633906364441 0.75298827886581 0
vt 1.01550912857056 0.79815435409546 0
vt 1.02216362953186 0.84340834617615 0
vt 1.02964806556702 0.84349620342255 0
vt 1.01467728614807 0.84331899881363 0
vt 1.00993072986603 0.75004655122757 0
vt 1.00232768058777 0.79608821868896 0
vt 1.00930833816528 0.79664248228073 0
vt 1.01192116737366 0.7500581741333 0
vt 0.99944388866425 0.84300768375397 0
vt 1.00718760490417 0.84322679042816 0
vt 0.99733674526215 0.93621957302094 0
vt 1.00540709495544 0.93639540672302 0
vt 1.00605130195618 0.88981103897095 0
vt 0.99802434444427 0.88967633247375 0
vt 1.01300525665283 0.93364095687866 0
vt 1.01384210586548 0.88848066329956 0
vt 1.02489542961121 0.90762066841125 0
vt 1.02824306488037 0.87849450111389 0
vt 1.02116060256958 0.88422012329102 0
vt 1.01965880393982 0.92502611875534 0
vt 0.09245465695858 -0.02481985092163 0
vt 0.07505539059639 -0.01957702636719 0
vt 0.11584435403347 -0.02109599113464 0
vt 0.12156915664673 -0.02817916870117 0
vt 0.06644254922867 -0.01292157173157 0
vt 0.11158394813538 -0.01377725601196 0
vt 0.15663906931877 -0.02211594581604 0
vt 0.1565527766943 -0.0295991897583 0
vt 0.15672677755356 -0.0146312713623 0
vt 0.06386090070009 0.00274395942688 0
vt 0.11038516461849 0.00203740596771 0
vt 0.11025235801935 -0.00598764419556 0
vt 0.06368732452393 -0.00532412528992 0
vt 0.15703496336937 0.0005989074707 0
vt 0.15681739151478 -0.00714325904846 0
vt 0.24995797872543 -0.00992608070374 0
vt 0.24994747340679 -0.01191544532776 0
vt 0.20338243246078 -0.00928330421448 0
vt 0.2039358317852 -0.0023033618927 0
vt 0.2470196634531 -0.0163311958313 0
vt 0.20187249779701 -0.01548218727112 0
vt 0.22074294090271 -0.02639627456665 0
vt 0.19155940413475 -0.02902340888977 0
vt 0.19744528830051 -0.02213835716248 0
vt 0.23825725913048 -0.02166175842285 0
vt 1.0240375995636 0.09038162231445 0
vt 1.01873087882996 0.07281291484833 0
vt 1.02042651176453 0.11407005786896 0
vt 1.02751863002777 0.11981844902039 0
vt 1.01205468177795 0.06414556503296 0
vt 1.0131059885025 0.10980522632599 0
vt 1.02162432670593 0.15533578395844 0
vt 1.02909111976624 0.15520668029785 0
vt 1.01403284072876 0.15546691417694 0
vt 0.99642020463943 0.06164598464966 0
vt 0.99732410907745 0.10869300365448 0
vt 1.00532913208008 0.10850727558136 0
vt 1.00446569919586 0.06141221523285 0
vt 0.99822789430618 0.1557400226593 0
vt 1.00619256496429 0.15560245513916 0
vt 1.00003564357758 0.24983406066895 0
vt 1.00791954994202 0.24979257583618 0
vt 1.00705599784851 0.20269751548767 0
vt 0.9991317987442 0.20278704166412 0
vt 1.01526427268982 0.24680125713348 0
vt 1.01471078395844 0.20113301277161 0
vt 1.02617990970612 0.22016954421997 0
vt 1.02867245674133 0.19062936306 0
vt 1.02182650566101 0.19661867618561 0
vt 1.02153086662292 0.23791015148163 0
vt 0.77922749519348 -0.02678275108337 0
vt 0.76172482967377 -0.02189588546753 0
vt 0.80251210927963 -0.02269554138184 0
vt 0.80839264392853 -0.02965044975281 0
vt 0.7529690861702 -0.01549410820007 0
vt 0.79808938503265 -0.01548838615417 0
vt 0.84329378604889 -0.02299451828003 0
vt 0.84337782859802 -0.03050637245178 0
vt 0.84320831298828 -0.01535749435425 0
vt 0.75003564357758 -0.00016593933105 0
vt 0.79653298854828 0.0001882314682 0
vt 0.79658234119415 -0.00777626037598 0
vt 0.75004458427429 -0.00808238983154 0
vt 0.84303039312363 0.00054252147675 0
vt 0.84312009811401 -0.00747013092041 0
vt 0.93602496385574 0.00125086307526 0
vt 0.93619549274445 -0.00685787200928 0
vt 0.88965773582458 -0.00716400146484 0
vt 0.88952767848968 0.000896692276 0
vt 0.93343913555145 -0.01446986198425 0
vt 0.88832437992096 -0.01497650146484 0
vt 0.90743851661682 -0.02621746063232 0
vt 0.87834060192108 -0.02935934066772 0
vt 0.88406419754028 -0.022292137146 0
vt 0.92482906579971 -0.02108860015869 0
vt 0.25981199741364 1.03114485740662 0
vt 0.25985127687454 1.02322900295258 0
vt 0.20724980533123 1.02278065681458 0
vt 0.20718702673912 1.03071999549866 0
vt 0.25988847017288 1.01531529426575 0
vt 0.20731176435947 1.01484215259552 0
vt 0.15909019112587 1.02195906639099 0
vt 0.16045966744423 1.02970087528229 0
vt 0.15808659791946 1.01416015625 0
vt 0.25995346903801 0.99949848651886 0
vt 0.20743189752102 0.99896937608719 0
vt 0.20737206935883 1.00690543651581 0
vt 0.25992158055305 1.00740623474121 0
vt 0.15790897607803 0.99827587604523 0
vt 0.15781480073929 1.00624668598175 0
vt 0.06386089324951 0.99661481380463 0
vt 0.06368730962276 1.00466561317444 0
vt 0.11025235056877 1.00548243522644 0
vt 0.11038516461849 0.99747276306152 0
vt 0.06644254177809 1.01225650310516 0
vt 0.1115839406848 1.0132622718811 0
vt 0.09245465695858 1.02421975135803 0
vt 0.12156914919615 1.02767241001129 0
vt 0.11584434658289 1.02058231830597 0
vt 0.07505539059639 1.01892781257629 0
vt 0.91067218780518 1.02387571334839 0
vt 0.92832684516907 1.01855576038361 0
vt 0.88683187961578 1.02028787136078 0
vt 0.88107138872147 1.02738189697266 0
vt 0.93702203035355 1.01187539100647 0
vt 0.89109897613525 1.01296710968018 0
vt 0.84532678127289 1.02152240276337 0
vt 0.84547752141953 1.02898597717285 0
vt 0.84517347812653 1.01393449306488 0
vt 0.93947982788086 0.99624729156494 0
vt 0.89216709136963 0.99719196557999 0
vt 0.89237970113754 1.00519287586212 0
vt 0.93974417448044 1.00428807735443 0
vt 0.84485447406769 0.99813663959503 0
vt 0.84501522779465 1.0060977935791 0
vt 0.75022900104523 1.00002598762512 0
vt 0.75028622150421 1.00790739059448 0
vt 0.79765075445175 1.00700259208679 0
vt 0.79754173755646 0.99908131361008 0
vt 0.75330984592438 1.01524722576141 0
vt 0.79924297332764 1.01465308666229 0
vt 0.78012204170227 1.02613508701324 0
vt 0.80984342098236 1.028599858284 0
vt 0.80380153656006 1.02176189422607 0
vt 0.76226633787155 1.02150368690491 0
vt 1.0270744562149 0.7791827917099 0
vt 1.02207231521606 0.76169776916504 0
vt 1.02311587333679 0.80244761705399 0
vt 1.03012323379517 0.80832004547119 0
vt 1.01560497283936 0.75295203924179 0
vt 1.01586425304413 0.79803168773651 0
vt 1.02365720272064 0.84319204092026 0
vt 1.03119075298309 0.84327280521393 0
vt 1.015998005867 0.8431099653244 0
vt 1.00022888183594 0.75002598762512 0
vt 1.00014042854309 0.79648250341415 0
vt 1.00812435150146 0.79652881622314 0
vt 1.00816106796265 0.75003242492676 0
vt 1.00005197525024 0.84293901920319 0
vt 1.00808775424957 0.84302520751953 0
vt 0.99987506866455 0.93585205078125 0
vt 1.0080144405365 0.93601787090302 0
vt 1.00805115699768 0.88952147960663 0
vt 0.9999635219574 0.88939553499222 0
vt 1.01563763618469 0.93325978517532 0
vt 1.0158805847168 0.88818556070328 0
vt 1.02727127075195 0.90727669000626 0
vt 1.03024935722351 0.87820398807526 0
vt 1.02319407463074 0.88392573595047 0
vt 1.02222871780396 0.92465400695801 0
vt 0.09159681200981 -0.02621746063232 0
vt 0.07412746548653 -0.02108860015869 0
vt 0.11511014401913 -0.022292137146 0
vt 0.12084472179413 -0.02935934066772 0
vt 0.06549203395844 -0.01446986198425 0
vt 0.11084787547588 -0.01497650146484 0
vt 0.15609973669052 -0.02299451828003 0
vt 0.15599575638771 -0.03050637245178 0
vt 0.15620544552803 -0.01535773277283 0
vt 0.06294436752796 0.00125086307526 0
vt 0.10968495160341 0.000896692276 0
vt 0.10953025519848 -0.00716400146484 0
vt 0.06274588406086 -0.00685787200928 0
vt 0.1564255207777 0.00054252147675 0
vt 0.15631461143494 -0.00747013092041 0
vt 0.2499066889286 -0.00016593933105 0
vt 0.24988335371017 -0.00808238983154 0
vt 0.20309898257256 -0.00777626037598 0
vt 0.20316609740257 0.0001882314682 0
vt 0.24692924320698 -0.01549410820007 0
vt 0.20156648755074 -0.01548838615417 0
vt 0.22050561010838 -0.02678275108337 0
vt 0.19117453694344 -0.02965044975281 0
vt 0.19710320234299 -0.02269554138184 0
vt 0.23811358213425 -0.02189588546753 0
vt 0.77936100959778 -0.02631330490112 0
vt 0.76180565357208 -0.02161145210266 0
vt 0.80270451307297 -0.02201867103577 0
vt 0.80860912799835 -0.02888870239258 0
vt 0.75301992893219 -0.01629948616028 0
vt 0.79826146364212 -0.01537489891052 0
vt 0.84359705448151 -0.02192735671997 0
vt 0.84369111061096 -0.0294041633606 0
vt 0.843501329422 -0.01444888114929 0
vt 0.75006449222565 -0.00990796089172 0
vt 0.79618400335312 -0.00220775604248 0
vt 0.79674160480499 -0.00918412208557 0
vt 0.75008058547974 -0.01189303398132 0
vt 0.84317743778229 0.00076866149902 0
vt 0.84340262413025 -0.00696730613708 0
vt 0.93654030561447 0.00306451320648 0
vt 0.93672478199005 -0.00499486923218 0
vt 0.8900637626648 -0.00573515892029 0
vt 0.88992130756378 0.00228226184845 0
vt 0.93397355079651 -0.01258897781372 0
vt 0.88873827457428 -0.01351976394653 0
vt 0.90792089700699 -0.02451992034912 0
vt 0.87874799966812 -0.02792572975159 0
vt 0.88447707891464 -0.02083921432495 0
vt 0.92535084486008 -0.01925253868103 0
vt 0.22140015661716 1.02613508701324 0
vt 0.23865507543087 1.02150368690491 0
vt 0.19839262962341 1.02176189422607 0
vt 0.19262526929379 1.028599858284 0
vt 0.24727003276348 1.01524722576141 0
vt 0.20272001624107 1.01465308666229 0
vt 0.15813268721104 1.02152240276337 0
vt 0.15809538960457 1.02898597717285 0
vt 0.15817061066628 1.01393449306488 0
vt 0.25010001659393 1.00002598762512 0
vt 0.20417481660843 0.99908131361008 0
vt 0.20416741073132 1.00700259208679 0
vt 0.25012502074242 1.00790739059448 0
vt 0.1582495868206 0.99813663959503 0
vt 0.15820980072021 1.0060977935791 0
vt 0.06639917939901 0.99624729156494 0
vt 0.06629458069801 1.00428807735443 0
vt 0.11225219070911 1.00519287586212 0
vt 0.1123243868351 0.99719196557999 0
vt 0.06907494366169 1.01187539100647 0
vt 0.1136224642396 1.01296710968018 0
vt 0.09483040869236 1.02387571334839 0
vt 0.12357544898987 1.02738189697266 0
vt 0.11787771433592 1.02028787136078 0
vt 0.07762522995472 1.01855576038361 0
vt 0.90915739536285 1.02375674247742 0
vt 0.92668831348419 1.01842701435089 0
vt 0.88553535938263 1.0201860666275 0
vt 0.8797921538353 1.02728140354156 0
vt 0.93534362316132 1.01174354553223 0
vt 0.88979923725128 1.01286506652832 0
vt 0.84437441825867 1.02144765853882 0
vt 0.84449392557144 1.02890872955322 0
vt 0.84425294399261 1.01386213302612 0
vt 0.93786132335663 0.99612015485764 0
vt 0.89093059301376 0.997094810009 0
vt 0.89110457897186 1.0050927400589 0
vt 0.93808174133301 1.00415742397308 0
vt 0.8439998626709 0.99806952476501 0
vt 0.84412741661072 1.00602805614471 0
vt 0.75013840198517 1.00001883506775 0
vt 0.75017297267914 1.00789856910706 0
vt 0.79715019464493 1.00696325302124 0
vt 0.79706919193268 0.99904417991638 0
vt 0.75315022468567 1.01523470878601 0
vt 0.7987025976181 1.01461064815521 0
vt 0.7797030210495 1.02610218524933 0
vt 0.80916380882263 1.02854645252228 0
vt 0.80319756269455 1.02171444892883 0
vt 0.76201272010803 1.02148377895355 0
vt 0.28905242681503 -0.02658796310425 0
vt 0.26560485363007 -0.02167630195618 0
vt 0.32030242681503 -0.02265048027039 0
vt 0.32812094688416 -0.02953505516052 0
vt 0.25387299060822 -0.01627516746521 0
vt 0.31443548202515 -0.01601362228394 0
vt 0.37695062160492 -0.02338123321533 0
vt 0.37890523672104 -0.03100872039795 0
vt 0.37548249959946 -0.01581716537476 0
vt 0.31296515464783 -0.00295972824097 0
vt 0.31247180700302 -0.00987195968628 0
vt 0.24995163083076 -0.01186060905457 0
vt 0.37510788440704 -0.00074815750122 0
vt 0.37498736381531 -0.00837969779968 0
vt 0.49999165534973 -0.00000619888306 0
vt 0.49999445676804 -0.00787901878357 0
vt 0.4374937415123 -0.00788068771362 0
vt 0.43749061226845 -0.00000858306885 0
vt 0.49999862909317 -0.01575088500977 0
vt 0.43749845027924 -0.01575136184692 0
vt 0.49999997019768 -0.0314998626709 0
vt 0.43749997019768 -0.0314998626709 0
vt 0.4375 -0.02362489700317 0
vt 0.5 -0.02362489700317 0
vt 0.5625 -0.02362489700317 0
vt 0.5625 -0.0314998626709 0
vt 0.56249821186066 -0.01575088500977 0
vt 0.62304383516312 -0.02338051795959 0
vt 0.6210925579071 -0.03100824356079 0
vt 0.62450474500656 -0.0158154964447 0
vt 0.56248939037323 -0.00000667572021 0
vt 0.56249296665192 -0.00787925720215 0
vt 0.62485063076019 -0.00074243545532 0
vt 0.62498492002487 -0.00837564468384 0
vt 0.7499418258667 -0.0118453502655 0
vt 0.68746608495712 -0.00986289978027 0
vt 0.68694233894348 -0.00294637680054 0
vt 0.746053814888 -0.01626467704773 0
vt 0.68552565574646 -0.01600790023804 0
vt 0.71092540025711 -0.02658486366272 0
vt 0.67187011241913 -0.02953386306763 0
vt 0.67967540025711 -0.02264738082886 0
vt 0.73435080051422 -0.02166986465454 0
vt -0.03149704635143 0.50000590085983 0
vt -0.0236235242337 0.50000298023224 0
vt -0.02362440899014 0.4375011920929 0
vt -0.03149881958961 0.43750238418579 0
vt -0.01575016789138 0.50000029802322 0
vt -0.01575107499957 0.43749916553497 0
vt -0.02338127791882 0.37695097923279 0
vt -0.03100852482021 0.37890589237213 0
vt -0.01581720821559 0.37548267841339 0
vt -0.00000322410779 0.49999737739563 0
vt -0.0000073343399 0.43749284744263 0
vt -0.00787988957018 0.43749523162842 0
vt -0.00787714868784 0.49999821186066 0
vt -0.00074782804586 0.37510848045349 0
vt -0.00837949197739 0.37498772144318 0
vt -0.01186085771769 0.24995160102844 0
vt -0.00987195875496 0.31247186660767 0
vt -0.00295979902148 0.31296515464783 0
vt -0.01627543382347 0.25387299060822 0
vt -0.01601372472942 0.31443548202515 0
vt -0.02658820152283 0.28905248641968 0
vt -0.02953528054059 0.32812094688416 0
vt -0.02265070006251 0.32030248641968 0
vt -0.02167639881372 0.26560485363007 0
vt 1.02656602859497 0.2890557050705 0
vt 1.02163195610046 0.2656112909317 0
vt 1.02262854576111 0.3203057050705 0
vt 1.02952647209167 0.32812225818634 0
vt 1.01620221138 0.25388360023499 0
vt 1.01597487926483 0.31444120407104 0
vt 1.02337574958801 0.37695145606995 0
vt 1.03100657463074 0.37890553474426 0
vt 1.01580452919006 0.37548446655273 0
vt 1.00286722183228 0.31297862529755 0
vt 1.00980973243713 0.31248080730438 0
vt 1.01175427436829 0.24996709823608 0
vt 1.00070667266846 0.37511479854584 0
vt 1.00835192203522 0.3749920129776 0
vt 0.99999088048935 0.50000238418579 0
vt 1.00786888599396 0.50000160932541 0
vt 1.00786769390106 0.43749797344208 0
vt 0.99998909235001 0.43749690055847 0
vt 1.01574850082397 0.50000041723251 0
vt 1.01574814319611 0.43749952316284 0
vt 1.03149998188019 0.50000005960464 0
vt 1.03149998188019 0.4375 0
vt 1.02362489700317 0.4375 0
vt 1.02362489700317 0.5 0
vt -0.02337064221501 0.68352943658829 0
vt -0.03125123679638 0.68354696035385 0
vt -0.01548912376165 0.68351376056671 0
vt -0.02355830930173 0.62401354312897 0
vt -0.03143160790205 0.62402409315109 0
vt -0.01568387448788 0.62400531768799 0
vt 0.00027815744397 0.68349093198776 0
vt -0.00760575989261 0.68350178003311 0
vt 0.00007032459689 0.62399965524673 0
vt -0.00780716631562 0.6240017414093 0
vt -0.00787526927888 0.56250047683716 0
vt -0.00000040367013 0.56250071525574 0
vt -0.01574932783842 0.56250160932541 0
vt -0.03149409592152 0.56251180171967 0
vt -0.0236220471561 0.56250590085983 0
vt 1.02362489700317 0.56250005960464 0
vt 1.03149998188019 0.56250005960464 0
vt 1.01574814319611 0.56250149011612 0
vt 1.02337574958801 0.62305021286011 0
vt 1.03100657463074 0.62109512090683 0
vt 1.01580452919006 0.62451922893524 0
vt 0.99998909235001 0.56250894069672 0
vt 1.00786769390106 0.56250596046448 0
vt 1.00070667266846 0.62489730119705 0
vt 1.00835204124451 0.62501609325409 0
vt 1.01175427436829 0.75006377696991 0
vt 1.00980985164642 0.68753725290298 0
vt 1.00286722183228 0.68704825639725 0
vt 1.01620221138 0.74613761901855 0
vt 1.01597487926483 0.68557018041611 0
vt 1.02656602859497 0.71095085144043 0
vt 1.02952647209167 0.67188036441803 0
vt 1.02262842655182 0.67970085144043 0
vt 1.02163195610046 0.73440164327621 0
vt 0.50000292062759 1.03150594234467 0
vt 0.50000149011612 1.0236279964447 0
vt 0.43750292062759 1.02363085746765 0
vt 0.43750587105751 1.03151178359985 0
vt 0.49999970197678 1.01575171947479 0
vt 0.43750059604645 1.01575219631195 0
vt 0.37601035833359 1.02358222007751 0
vt 0.37601202726364 1.03146779537201 0
vt 0.37600976228714 1.0156991481781 0
vt 0.4999960064888 1.00000607967377 0
vt 0.43749928474426 1.00000417232513 0
vt 0.43749952316284 1.00787782669067 0
vt 0.49999731779099 1.00787901878357 0
vt 0.37601393461227 0.99994421005249 0
vt 0.37601146101952 1.00782096385956 0
vt 0.31654393672943 1.00765144824982 0
vt 0.31655287742615 0.99976563453674 0
vt 0.31653556227684 1.01553845405579 0
vt 0.31652343273163 1.03132164478302 0
vt 0.31652903556824 1.02342915534973 0
vt 0.71092534065247 1.02659142017365 0
vt 0.73435074090958 1.0216828584671 0
vt 0.67967534065247 1.02265393733978 0
vt 0.67187011241913 1.02953660488129 0
vt 0.74605369567871 1.01628601551056 0
vt 0.68552565574646 1.01601934432983 0
vt 0.62304401397705 1.02338254451752 0
vt 0.62109279632568 1.03100967407227 0
vt 0.6245049238205 1.01581919193268 0
vt 0.68694221973419 1.00297319889069 0
vt 0.68746602535248 1.009880900383 0
vt 0.7499418258667 1.0118762254715 0
vt 0.62485098838806 1.00075387954712 0
vt 0.62498515844345 1.00838351249695 0
vt 0.56249403953552 1.00788187980652 0
vt 0.56249105930328 1.00001037120819 0
vt 0.56249868869781 1.01575207710266 0
vt 0.5625011920929 1.03150236606598 0
vt 0.56250059604645 1.02362620830536 0
vt 0.2890625 -0.02657794952393 0
vt 0.265625 -0.02165603637695 0
vt 0.3203125 -0.02264046669006 0
vt 0.328125 -0.02953100204468 0
vt 0.25390625 -0.0152575969696 0
vt 0.314453125 -0.01550388336182 0
vt 0.376953125 -0.02337884902954 0
vt 0.37890625 -0.03100752830505 0
vt 0.37548837065697 -0.01568841934204 0
vt 0.25 0.00000011920929 0
vt 0.3125 0.00000011920929 0
vt 0.3125 -0.00787496566772 0
vt 0.25 -0.00787496566772 0
vt 0.37500050663948 -0.00000047683716 0
vt 0.37500035762787 -0.0078752040863 0
vt 0.50000506639481 -0.00000476837158 0
vt 0.50000339746475 -0.00787806510925 0
vt 0.43750137090683 -0.00787615776062 0
vt 0.43750202655792 -0.00000190734863 0
vt 0.50000083446503 -0.01575064659119 0
vt 0.43750035762787 -0.01575016975403 0
vt 0.56250166893005 -0.0157516002655 0
vt 0.62305027246475 -0.02338194847107 0
vt 0.62109512090683 -0.03100895881653 0
vt 0.62451946735382 -0.01581883430481 0
vt 0.56251019239426 -0.00000953674316 0
vt 0.5625067949295 -0.00788140296936 0
vt 0.62489807605743 -0.0007529258728 0
vt 0.62501662969589 -0.00838279724121 0
vt 0.75006520748138 -0.01187419891357 0
vt 0.68753802776337 -0.00987982749939 0
vt 0.68704944849014 -0.00297141075134 0
vt 0.74613857269287 -0.01628470420837 0
vt 0.68557065725327 -0.0160186290741 0
vt 0.71095103025436 -0.0265908241272 0
vt 0.67188042402267 -0.02953624725342 0
vt 0.67970108985901 -0.02265334129333 0
vt 0.73440217971802 -0.0216817855835 0
vt 1.02659177780151 0.28904962539673 0
vt 1.02168345451355 0.26559925079346 0
vt 1.02265429496765 0.32029962539673 0
vt 1.02953672409058 0.32811987400055 0
vt 1.01628708839417 0.25386381149292 0
vt 1.01601982116699 0.31443059444427 0
vt 1.02338218688965 0.37694990634918 0
vt 1.03100919723511 0.37890493869781 0
vt 1.01581931114197 0.37548100948334 0
vt 1.00297439098358 0.31295347213745 0
vt 1.00988173484802 0.31246399879456 0
vt 1.01187777519226 0.24993824958801 0
vt 1.00075483322144 0.37510347366333 0
vt 1.0083841085434 0.37498438358307 0
vt 1.00001013278961 0.49999785423279 0
vt 1.00788176059723 0.49999856948853 0
vt 1.00788307189941 0.4374942779541 0
vt 1.00001215934753 0.43749141693115 0
vt 1.0157516002655 0.49999964237213 0
vt 1.01575195789337 0.43749856948853 0
vt 1.01575195789337 0.56250059604645 0
vt 1.02338218688965 0.62304872274399 0
vt 1.03100919723511 0.62109452486038 0
vt 1.01581931114197 0.62451583147049 0
vt 1.00001215934753 0.56250351667404 0
vt 1.00788307189941 0.56250232458115 0
vt 1.00075483322144 0.62488597631454 0
vt 1.0083841085434 0.62500858306885 0
vt 1.01187777519226 0.75003492832184 0
vt 1.00988173484802 0.68752038478851 0
vt 1.00297439098358 0.6870231628418 0
vt 1.01628708839417 0.74611777067184 0
vt 1.01601982116699 0.68555963039398 0
vt 1.02659177780151 0.71094483137131 0
vt 1.02953672409058 0.67187798023224 0
vt 1.02265417575836 0.67969477176666 0
vt 1.02168345451355 0.73438954353333 0
vt 0.49999997019768 1.03149998188019 0
vt 0.5 1.02362501621246 0
vt 0.4375 1.02362501621246 0
vt 0.43749997019768 1.03149998188019 0
vt 0.50000083446503 1.01575040817261 0
vt 0.43750035762787 1.01575016975403 0
vt 0.376953125 1.02337884902954 0
vt 0.37890625 1.03100776672363 0
vt 0.37548837065697 1.01568853855133 0
vt 0.50000506639481 1.00000274181366 0
vt 0.43750202655792 1.00000107288361 0
vt 0.43750137090683 1.00787568092346 0
vt 0.50000339746475 1.00787687301636 0
vt 0.37500050663948 1.00000023841858 0
vt 0.37500035762787 1.0078752040863 0
vt 0.25 1 0
vt 0.25 1.00787496566772 0
vt 0.3125 1.00787496566772 0
vt 0.3125 1 0
vt 0.25390625 1.01525783538818 0
vt 0.314453125 1.01550388336182 0
vt 0.2890625 1.02657806873322 0
vt 0.328125 1.02953124046326 0
vt 0.3203125 1.02264058589935 0
vt 0.265625 1.02165627479553 0
vt 0.71095103025436 1.02658534049988 0
vt 0.73440217971802 1.02167081832886 0
vt 0.67970108985901 1.02264785766602 0
vt 0.67188042402267 1.02953410148621 0
vt 0.74613857269287 1.01626622676849 0
vt 0.68557065725327 1.01600885391235 0
vt 0.62305027246475 1.02338075637817 0
vt 0.62109512090683 1.03100848197937 0
vt 0.62451946735382 1.01581561565399 0
vt 0.68704944849014 1.00294804573059 0
vt 0.68753802776337 1.00986409187317 0
vt 0.75006520748138 1.01184737682343 0
vt 0.62489807605743 1.00074279308319 0
vt 0.62501662969589 1.008376121521 0
vt 0.5625067949295 1.0078786611557 0
vt 0.56251019239426 1.00000548362732 0
vt 0.56250166893005 1.01575088500977 0
vt 0.5625 1.03149998188019 0
vt 0.5625 1.02362501621246 0
vt 0.28905591368675 -0.0265908241272 0
vt 0.26561185717583 -0.0216817855835 0
vt 0.32030594348907 -0.02265334129333 0
vt 0.32812234759331 -0.02953624725342 0
vt 0.25388458371162 -0.01628470420837 0
vt 0.31444165110588 -0.0160186290741 0
vt 0.37695148587227 -0.02338194847107 0
vt 0.37890556454659 -0.03100895881653 0
vt 0.37548452615738 -0.01581883430481 0
vt 0.31297981739044 -0.00297141075134 0
vt 0.31248161196709 -0.00987982749939 0
vt 0.24996848404408 -0.01187419891357 0
vt 0.37511479854584 -0.0007529258728 0
vt 0.37499195337296 -0.00838279724121 0
vt 0.49999752640724 -0.00000476837158 0
vt 0.49999836087227 -0.00787806510925 0
vt 0.43749672174454 -0.00788140296936 0
vt 0.43749508261681 -0.00000953674316 0
vt 0.49999958276749 -0.01575064659119 0
vt 0.43749916553497 -0.0157516002655 0
vt 0.56249982118607 -0.01575016975403 0
vt 0.623046875 -0.02337884902954 0
vt 0.62109375 -0.03100752830505 0
vt 0.62451165914536 -0.01568865776062 0
vt 0.56249904632568 -0.00000190734863 0
vt 0.56249934434891 -0.00787615776062 0
vt 0.62499976158142 -0.00000047683716 0
vt 0.62499982118607 -0.0078752040863 0
vt 0.75 0 0
vt 0.75 -0.00787496566772 0
vt 0.6875 -0.00787496566772 0
vt 0.6875 0 0
vt 0.74609375 -0.0152575969696 0
vt 0.685546875 -0.01550388336182 0
vt 0.7109375 -0.02657794952393 0
vt 0.671875 -0.02953100204468 0
vt 0.6796875 -0.02264046669006 0
vt 0.734375 -0.02165603637695 0
vt 1.02657806873322 0.2890625 0
vt 1.02165627479553 0.265625 0
vt 1.02264058589935 0.3203125 0
vt 1.02953124046326 0.328125 0
vt 1.01525783538818 0.25390625 0
vt 1.01550388336182 0.314453125 0
vt 1.02337884902954 0.376953125 0
vt 1.03100776672363 0.37890625 0
vt 1.01568841934204 0.37548828125 0
vt 1 0.25 0
vt 1 0.3125 0
vt 1.00787496566772 0.3125 0
vt 1.00787496566772 0.25 0
vt 1 0.375 0
vt 1.00787496566772 0.375 0
vt 1 0.5 0
vt 1.00787496566772 0.5 0
vt 1.00787496566772 0.4375 0
vt 1 0.4375 0
vt 1.01574993133545 0.5 0
vt 1.01574993133545 0.4375 0
vt 1.01574993133545 0.5625 0
vt 1.02337884902954 0.62304693460464 0
vt 1.03100776672363 0.62109380960464 0
vt 1.01568841934204 0.62451171875 0
vt 1 0.5625 0
vt 1.00787496566772 0.5625 0
vt 1 0.625 0
vt 1.00787496566772 0.625 0
vt 1 0.75 0
vt 1.00787496566772 0.75 0
vt 1.00787496566772 0.6875 0
vt 1 0.6875 0
vt 1.01525783538818 0.74609375 0
vt 1.01550388336182 0.685546875 0
vt 1.02657806873322 0.71093755960464 0
vt 1.02953124046326 0.67187505960464 0
vt 1.02264058589935 0.67968755960464 0
vt 1.02165627479553 0.73437505960464 0
vt 0.4999868273735 1.03151452541351 0
vt 0.49999344348907 1.02363228797913 0
vt 0.43748685717583 1.02363955974579 0
vt 0.43747371435165 1.03152906894684 0
vt 0.49999797344208 1.01575231552124 0
vt 0.43749588727951 1.01575458049774 0
vt 0.3759668469429 1.02360558509827 0
vt 0.37594628334045 1.03150320053101 0
vt 0.37598216533661 1.01571393013 0
vt 0.49999752640724 1.00000274181366 0
vt 0.43749508261681 1.00000548362732 0
vt 0.43749672174454 1.0078786611557 0
vt 0.49999836087227 1.00787687301636 0
vt 0.37598815560341 0.9999577999115 0
vt 0.37598675489426 1.00783407688141 0
vt 0.31646075844765 1.00769627094269 0
vt 0.31647324562073 0.99980843067169 0
vt 0.31644582748413 1.01558673381805 0
vt 0.31639540195465 1.03139054775238 0
vt 0.31642264127731 1.02348637580872 0
vt 0.7109375 1.02657806873322 0
vt 0.734375 1.02165627479553 0
vt 0.6796875 1.02264058589935 0
vt 0.671875 1.02953124046326 0
vt 0.74609375 1.01525783538818 0
vt 0.685546875 1.01550388336182 0
vt 0.62304621934891 1.02337968349457 0
vt 0.62109243869781 1.0310093164444 0
vt 0.62451148033142 1.01568865776062 0
vt 0.75 1 0
vt 0.6875 1 0
vt 0.6875 1.00787496566772 0
vt 0.75 1.00787496566772 0
vt 0.62499976158142 1.00000023841858 0
vt 0.62499982118607 1.0078752040863 0
vt 0.56249934434891 1.00787568092346 0
vt 0.56249904632568 1.00000107288361 0
vt 0.56249916553497 1.01575088500977 0
vt 0.56249475479126 1.03150582313538 0
vt 0.56249737739563 1.02362787723541 0
vt 0.37548834085464 -0.01568841934204 0
vt 0.37500038743019 -0.00000023841858 0
vt 0.37500023841858 -0.0078752040863 0
vt 0.50000381469727 -0.00000381469727 0
vt 0.50000250339508 -0.00787734985352 0
vt 0.43750101327896 -0.00787591934204 0
vt 0.43750151991844 -0.00000143051147 0
vt 0.50000059604645 -0.01575040817261 0
vt 0.43750023841858 -0.01575016975403 0
vt 0.56250125169754 -0.01575112342834 0
vt 0.62304937839508 -0.02338123321533 0
vt 0.62109476327896 -0.03100872039795 0
vt 0.62451750040054 -0.01581716537476 0
vt 0.56250751018524 -0.00000739097595 0
vt 0.56250500679016 -0.00787997245789 0
vt 0.62489157915115 -0.00074791908264 0
vt 0.62501227855682 -0.0083794593811 0
vt 0.75004839897156 -0.01186060905457 0
vt 0.68752819299698 -0.00987195968628 0
vt 0.68703484535217 -0.00295972824097 0
vt 0.74612700939178 -0.01627516746521 0
vt 0.68556451797485 -0.01601362228394 0
vt 0.71094751358032 -0.02658796310425 0
vt 0.67187905311584 -0.02953505516052 0
vt 0.67969757318497 -0.02265048027039 0
vt 0.73439514636993 -0.02167630195618 0
vt 0.5 1.01575005054474 0
vt 0.4375 1.01575005054474 0
vt 0.37548828125 1.01568841934204 0
vt 0.5 1 0
vt 0.4375 1 0
vt 0.4375 1.00787496566772 0
vt 0.5 1.00787496566772 0
vt 0.375 1 0
vt 0.375 1.00787496566772 0
vt 0.623046875 1.02337884902954 0
vt 0.62109375 1.03100776672363 0
vt 0.62451171875 1.01568841934204 0
vt 0.625 1 0
vt 0.625 1.00787496566772 0
vt 0.5625 1.00787496566772 0
vt 0.5625 1 0
vt 0.5625 1.01575005054474 0
vt 0.03413666039705 0.20406901836395 0
vt 0.03471954166889 0.25827944278717 0
vt 0.03270005434752 0.15359926223755 0
vt 0.01863470673561 0.20607459545136 0
vt 0.01812708564103 0.25878143310547 0
vt 0.01918056234717 0.15667271614075 0
vt 0.02613102272153 0.06306409835815 0
vt 0.02978512085974 0.10729122161865 0
vt 0.01890546269715 0.06359148025513 0
vt 0.01917969435453 0.10955989360809 0
vt 0.01029962580651 0.11022102832794 0
vt 0.01112395431846 0.06364417076111 0
vt 0.00901068933308 0.15729737281799 0
vt 0.00525011308491 0.25693392753601 0
vt 0.00679253740236 0.2053724527359 0
vt 0.10729119926691 0.02978515625 0
vt 0.06306402385235 0.0261310338974 0
vt 0.15359921753407 0.0327000617981 0
vt 0.10955975949764 0.0191798210144 0
vt 0.06359136104584 0.01890552043915 0
vt 0.15667264163494 0.01918065547943 0
vt 0.25827944278717 0.03471958637238 0
vt 0.20406894385815 0.03413665294647 0
vt 0.25878137350082 0.01812708377838 0
vt 0.20607449114323 0.01863479614258 0
vt 0.20537242293358 0.00679266452789 0
vt 0.25693395733833 0.0052502155304 0
vt 0.15729731321335 0.00901079177856 0
vt 0.06364415585995 0.01112401485443 0
vt 0.11022102832794 0.01029968261719 0
vt 0.96844232082367 0.10754787921906 0
vt 0.97152042388916 0.06340420246124 0
vt 0.96606886386871 0.15377748012543 0
vt 0.97899848222733 0.10982358455658 0
vt 0.97868990898132 0.0639396905899 0
vt 0.97955042123795 0.15685653686523 0
vt 0.96488988399506 0.25833606719971 0
vt 0.96510446071625 0.20417881011963 0
vt 0.9814824461937 0.25883793830872 0
vt 0.98058915138245 0.20618689060211 0
vt 0.9924418926239 0.20548331737518 0
vt 0.99440431594849 0.25698399543762 0
vt 0.98968434333801 0.15748631954193 0
vt 0.9864068031311 0.06400179862976 0
vt 0.98782175779343 0.1104930639267 0
vt 0.79517221450806 0.03424656391144 0
vt 0.74133002758026 0.03477609157562 0
vt 0.84516966342926 0.03287827968597 0
vt 0.79314941167831 0.01874709129333 0
vt 0.7408282160759 0.01818358898163 0
vt 0.84205847978592 0.01936435699463 0
vt 0.93458735942841 0.02647113800049 0
vt 0.89093625545502 0.0300418138504 0
vt 0.93400406837463 0.01925373077393 0
vt 0.88861852884293 0.01944351196289 0
vt 0.88790047168732 0.01057171821594 0
vt 0.93388658761978 0.01148152351379 0
vt 0.84139776229858 0.0091997385025 0
vt 0.74272042512894 0.00530016422272 0
vt 0.79386204481125 0.00690340995789 0
vt 0.03070765174925 0.89213943481445 0
vt 0.02735336497426 0.93618154525757 0
vt 0.03334078937769 0.84600532054901 0
vt 0.02012785710394 0.88985502719879 0
vt 0.02015697211027 0.93563616275787 0
vt 0.01997256651521 0.84279406070709 0
vt 0.03492280840874 0.74159508943558 0
vt 0.03453163802624 0.79568731784821 0
vt 0.0191196911037 0.74033939838409 0
vt 0.01956492289901 0.79317367076874 0
vt 0.00929604843259 0.792371571064 0
vt 0.00858759135008 0.73993992805481 0
vt 0.01021615602076 0.84178096055984 0
vt 0.01240912079811 0.93556261062622 0
vt 0.01127736270428 0.88917553424835 0
vt 0.20446389913559 0.9656195640564 0
vt 0.25848269462585 0.96515500545502 0
vt 0.15423995256424 0.96690446138382 0
vt 0.20698435604572 0.980593085289 0
vt 0.25974345207214 0.98096317052841 0
vt 0.15745955705643 0.98028111457825 0
vt 0.06428636610508 0.97311455011368 0
vt 0.10821372270584 0.96964550018311 0
vt 0.06484287232161 0.98032206296921 0
vt 0.11050792038441 0.98023509979248 0
vt 0.11119875311852 0.98909687995911 0
vt 0.06492931395769 0.98808282613754 0
vt 0.15848243236542 0.99004721641541 0
vt 0.26014935970306 0.99150162935257 0
vt 0.20779454708099 0.99087005853653 0
vt 0.89093625545502 0.9704715013504 0
vt 0.93458735942841 0.97420901060104 0
vt 0.8451697230339 0.96747821569443 0
vt 0.88861846923828 0.98108410835266 0
vt 0.93400406837463 0.98144268989563 0
vt 0.84205847978592 0.98100316524506 0
vt 0.74133002758026 0.96533703804016 0
vt 0.79517221450806 0.96597319841385 0
vt 0.74082815647125 0.98192942142487 0
vt 0.79314935207367 0.98147767782211 0
vt 0.7938619852066 0.99331831932068 0
vt 0.74272036552429 0.99479991197586 0
vt 0.84139764308929 0.99117827415466 0
vt 0.93388658761978 0.98923355340958 0
vt 0.88790035247803 0.98997235298157 0
vt 0.96510446071625 0.79604095220566 0
vt 0.96488988399506 0.74177712202072 0
vt 0.96606886386871 0.84657907485962 0
vt 0.98058915138245 0.79403787851334 0
vt 0.98148250579834 0.74127513170242 0
vt 0.97955048084259 0.84351110458374 0
vt 0.97152042388916 0.93727600574493 0
vt 0.96844232082367 0.89296543598175 0
vt 0.97868990898132 0.93675684928894 0
vt 0.97899854183197 0.89070403575897 0
vt 0.98782181739807 0.89005100727081 0
vt 0.9864068031311 0.9367133975029 0
vt 0.98968434333801 0.84289169311523 0
vt 0.99440431594849 0.74311608076096 0
vt 0.9924418926239 0.79473841190338 0
vt 0.10595860332251 0.02848875522614 0
vt 0.06159533187747 0.02336513996124 0
vt 0.1516827493906 0.03058922290802 0
vt 0.10784795880318 0.01905524730682 0
vt 0.06140669435263 0.01847720146179 0
vt 0.15462945401669 0.01887762546539 0
vt 0.24993546307087 0.0196738243103 0
vt 0.20012865960598 0.02664315700531 0
vt 0.24989351630211 0.01474297046661 0
vt 0.20209136605263 0.01718819141388 0
vt 0.20267754793167 0.00875198841095 0
vt 0.24984510242939 0.00784206390381 0
vt 0.15550997853279 0.0096617937088 0
vt 0.06117484718561 0.01148152351379 0
vt 0.10834240913391 0.01057171821594 0
vt 0.97049510478973 0.10706746578217 0
vt 0.97424018383026 0.06276762485504 0
vt 0.96749460697174 0.15344381332397 0
vt 0.98110830783844 0.10932981967926 0
vt 0.98147463798523 0.06328785419464 0
vt 0.98102009296417 0.1565123796463 0
vt 0.96534216403961 0.2582300901413 0
vt 0.96598333120346 0.20397317409515 0
vt 0.98193454742432 0.25873208045959 0
vt 0.98148798942566 0.20597648620605 0
vt 0.99332857131958 0.20527577400208 0
vt 0.99480456113815 0.25689029693604 0
vt 0.99119561910629 0.15713262557983 0
vt 0.98926639556885 0.06333243846893 0
vt 0.98999738693237 0.10998392105103 0
vt 0.79605102539062 0.03404080867767 0
vt 0.74178230762482 0.0346702337265 0
vt 0.84659540653229 0.03254461288452 0
vt 0.79404819011688 0.01853668689728 0
vt 0.74128031730652 0.01807773113251 0
vt 0.84352791309357 0.01902031898499 0
vt 0.9373072385788 0.02583456039429 0
vt 0.89298897981644 0.02956128120422 0
vt 0.93678879737854 0.01860189437866 0
vt 0.89072817564011 0.01894962787628 0
vt 0.89007592201233 0.01006245613098 0
vt 0.93674618005753 0.01081216335297 0
vt 0.84290891885757 0.00884592533112 0
vt 0.7431206703186 0.00520646572113 0
vt 0.79474854469299 0.00669586658478 0
vt 0.20012867450714 0.97353655099869 0
vt 0.24993546307087 0.98033905029297 0
vt 0.15157276391983 0.96936905384064 0
vt 0.20209136605263 0.98300182819366 0
vt 0.24989351630211 0.98527824878693 0
vt 0.15460194647312 0.98138421773911 0
vt 0.06071542575955 0.97420901060104 0
vt 0.10551865398884 0.9704715013504 0
vt 0.06118672341108 0.98144268989563 0
vt 0.10773797333241 0.98108410835266 0
vt 0.10834240913391 0.98997235298157 0
vt 0.06117484718561 0.98923355340958 0
vt 0.15550997853279 0.99071115255356 0
vt 0.24984511733055 0.99218881130218 0
vt 0.20267754793167 0.99144995212555 0
vt 0.89298903942108 0.96999090909958 0
vt 0.9373072385788 0.97357225418091 0
vt 0.84659540653229 0.96714437007904 0
vt 0.89072823524475 0.98059010505676 0
vt 0.93678879737854 0.98079067468643 0
vt 0.84352791309357 0.98065912723541 0
vt 0.74178230762482 0.9652311205864 0
vt 0.79605102539062 0.96576744318008 0
vt 0.74128031730652 0.98182356357574 0
vt 0.79404819011688 0.98126721382141 0
vt 0.79474854469299 0.99311071634293 0
vt 0.7431206703186 0.99470621347427 0
vt 0.84290891885757 0.99082440137863 0
vt 0.93674618005753 0.98856401443481 0
vt 0.89007592201233 0.98946297168732 0
vt 0.96598327159882 0.79583513736725 0
vt 0.96534216403961 0.7416712641716 0
vt 0.9674945473671 0.84624522924423 0
vt 0.98148798942566 0.79382741451263 0
vt 0.98193454742432 0.7411692738533 0
vt 0.98101997375488 0.84316700696945 0
vt 0.97424018383026 0.93663918972015 0
vt 0.97049510478973 0.89248484373093 0
vt 0.98147463798523 0.9361047744751 0
vt 0.9811082482338 0.89021003246307 0
vt 0.98999732732773 0.88954162597656 0
vt 0.98926639556885 0.93604385852814 0
vt 0.99119561910629 0.84253776073456 0
vt 0.99480450153351 0.74302238225937 0
vt 0.99332851171494 0.79453086853027 0
vt 0.10802469402552 0.02800524234772 0
vt 0.06434188783169 0.0227222442627 0
vt 0.15390715003014 0.03215563297272 0
vt 0.10996106266975 0.01856064796448 0
vt 0.06419812142849 0.01782381534576 0
vt 0.1569015532732 0.018923163414 0
vt 0.25834116339684 0.0346702337265 0
vt 0.20418891310692 0.03404080867767 0
vt 0.25884312391281 0.0180778503418 0
vt 0.20619720220566 0.01853668689728 0
vt 0.20549345016479 0.00669586658478 0
vt 0.25698858499527 0.00520646572113 0
vt 0.15750360488892 0.00884592533112 0
vt 0.06403447687626 0.01081216335297 0
vt 0.11051797866821 0.01006245613098 0
vt 0.96985507011414 0.10602462291718 0
vt 0.97339218854904 0.06138586997986 0
vt 0.96895289421082 0.15191435813904 0
vt 0.9804505109787 0.10825800895691 0
vt 0.98060637712479 0.06187319755554 0
vt 0.98095339536667 0.15495562553406 0
vt 0.98032367229462 0.24994814395905 0
vt 0.97332072257996 0.20030581951141 0
vt 0.98525273799896 0.2499144077301 0
vt 0.98277366161346 0.20227873325348 0
vt 0.9912074804306 0.20287656784058 0
vt 0.99215173721313 0.24987554550171 0
vt 0.99026322364807 0.15587770938873 0
vt 0.98837471008301 0.06187975406647 0
vt 0.98931902647018 0.1088787317276 0
vt 0.79912495613098 0.02611005306244 0
vt 0.75001114606857 0.01963567733765 0
vt 0.84698778390884 0.02994930744171 0
vt 0.79711937904358 0.0166243314743 0
vt 0.75001835823059 0.01468002796173 0
vt 0.84390753507614 0.01790988445282 0
vt 0.93645906448364 0.02445292472839 0
vt 0.89234888553619 0.02851867675781 0
vt 0.93592035770416 0.01718735694885 0
vt 0.89007031917572 0.01787805557251 0
vt 0.8893975019455 0.00895738601685 0
vt 0.93585443496704 0.00935959815979 0
vt 0.84294056892395 0.00855505466461 0
vt 0.75002670288086 0.00775051116943 0
vt 0.79648369550705 0.00815284252167 0
vt 0.20418891310692 0.96576744318008 0
vt 0.25834119319916 0.9652311205864 0
vt 0.15379382669926 0.96714437007904 0
vt 0.20669692754745 0.98074769973755 0
vt 0.25959274172783 0.98104429244995 0
vt 0.15699815750122 0.9805291891098 0
vt 0.06343526393175 0.97357225418091 0
vt 0.10757138580084 0.96999090909958 0
vt 0.06397145986557 0.98079067468643 0
vt 0.10984773933887 0.98059010505676 0
vt 0.11051797866821 0.98946303129196 0
vt 0.06403447687626 0.98856401443481 0
vt 0.15800333023071 0.99030488729477 0
vt 0.2599869966507 0.99158895015717 0
vt 0.2074923813343 0.99103254079819 0
vt 0.89476150274277 0.96973425149918 0
vt 0.93965578079224 0.97323215007782 0
vt 0.84861636161804 0.96887135505676 0
vt 0.89254999160767 0.98032635450363 0
vt 0.93919336795807 0.9804425239563 0
vt 0.84559386968613 0.98086887598038 0
vt 0.75007152557373 0.98032063245773 0
vt 0.79996943473816 0.97327846288681 0
vt 0.7501180768013 0.98524779081345 0
vt 0.79801231622696 0.98272895812988 0
vt 0.79743266105652 0.99115997552872 0
vt 0.75017178058624 0.99214446544647 0
vt 0.84469360113144 0.99017548561096 0
vt 0.93921542167664 0.98820650577545 0
vt 0.89195454120636 0.98919099569321 0
vt 0.97416520118713 0.79908263683319 0
vt 0.98038399219513 0.75000810623169 0
vt 0.97058141231537 0.84690630435944 0
vt 0.98366665840149 0.79707467556 0
vt 0.98535239696503 0.75001335144043 0
vt 0.98263961076736 0.84382319450378 0
vt 0.97658884525299 0.93629914522171 0
vt 0.97226762771606 0.89222818613052 0
vt 0.98387932777405 0.93575662374496 0
vt 0.98293006420136 0.88994628190994 0
vt 0.99187594652176 0.88926959037781 0
vt 0.9917356967926 0.93568629026413 0
vt 0.99201619625092 0.84285289049149 0
vt 0.99229669570923 0.7500194311142 0
vt 0.99215644598007 0.79643619060516 0
vt 0.10738048702478 0.02695572376251 0
vt 0.06348551809788 0.02132713794708 0
vt 0.15263864398003 0.02955865859985 0
vt 0.10930220037699 0.01748728752136 0
vt 0.06332775950432 0.01640582084656 0
vt 0.15561744570732 0.01781225204468 0
vt 0.24997083842754 0.01963567733765 0
vt 0.2006231546402 0.02610993385315 0
vt 0.24995189905167 0.01468002796173 0
vt 0.20261426270008 0.0166243314743 0
vt 0.20323322713375 0.00815284252167 0
vt 0.24993002414703 0.00775051116943 0
vt 0.15653643012047 0.00855505466461 0
vt 0.06314285099506 0.00935959815979 0
vt 0.10983964800835 0.00895738601685 0
vt 0.79593104124069 0.03413677215576 0
vt 0.74172055721283 0.03471958637238 0
vt 0.84640073776245 0.0327000617981 0
vt 0.79392546415329 0.01863479614258 0
vt 0.74121856689453 0.01812708377838 0
vt 0.8433273434639 0.01918065547943 0
vt 0.93693590164185 0.0261310338974 0
vt 0.89270877838135 0.02978515625 0
vt 0.93640857934952 0.01890552043915 0
vt 0.89044016599655 0.01917970180511 0
vt 0.88977897167206 0.01029968261719 0
vt 0.93635582923889 0.01112401485443 0
vt 0.84270262718201 0.00901067256927 0
vt 0.74306607246399 0.0052502155304 0
vt 0.7946275472641 0.00679266452789 0
vt 0.20146761834621 0.97327846288681 0
vt 0.25003126263618 0.98032063245773 0
vt 0.15415486693382 0.96887135505676 0
vt 0.20350725948811 0.98272895812988 0
vt 0.25005155801773 0.98524779081345 0
vt 0.15727566182613 0.98086887598038 0
vt 0.06578385829926 0.97323215007782 0
vt 0.10934391617775 0.96973425149918 0
vt 0.0663761049509 0.9804425239563 0
vt 0.11166951060295 0.98032635450363 0
vt 0.11239658296108 0.98919099569321 0
vt 0.06650377810001 0.98820650577545 0
vt 0.15828940272331 0.99017548561096 0
vt 0.25007501244545 0.99214446544647 0
vt 0.20418220758438 0.99115997552872 0
vt 0.89318579435349 0.97119647264481 0
vt 0.9372673034668 0.97621649503708 0
vt 0.84774202108383 0.96919918060303 0
vt 0.89127695560455 0.98062282800674 0
vt 0.9374372959137 0.98109757900238 0
vt 0.84477591514587 0.98090374469757 0
vt 0.75004327297211 0.98031836748123 0
vt 0.79957377910614 0.97324740886688 0
vt 0.75007140636444 0.98524409532547 0
vt 0.79759395122528 0.98269611597061 0
vt 0.79698812961578 0.99112504720688 0
vt 0.7501038312912 0.99213916063309 0
vt 0.84387236833572 0.99011099338532 0
vt 0.93764090538025 0.98808282613754 0
vt 0.89075660705566 0.98909687995911 0
vt 0.31580975651741 0.03507339954376 0
vt 0.37582743167877 0.03525269031525 0
vt 0.31580939888954 0.01824271678925 0
vt 0.37582594156265 0.01856315135956 0
vt 0.5 0.0353125333786 0
vt 0.4375 0.0353125333786 0
vt 0.49999862909317 0.01867079734802 0
vt 0.43749845027924 0.01867043972015 0
vt 0.4374937415123 0.00786936283112 0
vt 0.49999445676804 0.00787079334259 0
vt 0.37548676133156 0.00739789009094 0
vt 0.31446945667267 0.00598835945129 0
vt 0.5625 0.0353125333786 0
vt 0.62413239479065 0.03525853157043 0
vt 0.56249821186066 0.01867079734802 0
vt 0.62413132190704 0.01856935024261 0
vt 0.6840295791626 0.03509652614594 0
vt 0.68403172492981 0.01826572418213 0
vt 0.68540006875992 0.00600731372833 0
vt 0.62446844577789 0.00740420818329 0
vt 0.56249296665192 0.0078706741333 0
vt 0.0353124961257 0.4375 0
vt 0.0353124961257 0.5 0
vt 0.03525269776583 0.37582743167877 0
vt 0.0186706520617 0.4374988079071 0
vt 0.01867133565247 0.49999952316284 0
vt 0.01856326125562 0.3758260011673 0
vt 0.03507330268621 0.31580972671509 0
vt 0.01824267208576 0.31580936908722 0
vt 0.00598835898563 0.31446945667267 0
vt 0.00739808753133 0.37548720836639 0
vt 0.00787285156548 0.49999821186066 0
vt 0.00787011068314 0.43749523162842 0
vt 0.96476602554321 0.31583309173584 0
vt 0.96470713615417 0.37583327293396 0
vt 0.98159843683243 0.3158323764801 0
vt 0.98139405250549 0.37583231925964 0
vt 0.9646874666214 0.5 0
vt 0.9646874666214 0.4375 0
vt 0.9813266992569 0.50000041723251 0
vt 0.98132634162903 0.43749952316284 0
vt 0.99211770296097 0.43749797344208 0
vt 0.99211895465851 0.50000160932541 0
vt 0.99255740642548 0.37549388408661 0
vt 0.99388116598129 0.31448841094971 0
vt 0.03515692055225 0.68413865566254 0
vt 0.03527360409498 0.62415969371796 0
vt 0.01885163784027 0.68363702297211 0
vt 0.01871694624424 0.62403464317322 0
vt 0.03531249985099 0.5625 0
vt 0.01867180690169 0.56250011920929 0
vt 0.00787473097444 0.56250047683716 0
vt 0.007947107777 0.62399595975876 0
vt 0.00816133711487 0.68347859382629 0
vt 0.9646874666214 0.5625 0
vt 0.96470713615417 0.62417840957642 0
vt 0.98132634162903 0.56250149011612 0
vt 0.98139405250549 0.62418007850647 0
vt 0.96476602554321 0.68421351909637 0
vt 0.98159849643707 0.68421357870102 0
vt 0.99388116598129 0.68554943799973 0
vt 0.99255740642548 0.6245191693306 0
vt 0.99211776256561 0.56250596046448 0
vt 0.4375 0.96468752622604 0
vt 0.5 0.96468752622604 0
vt 0.37584835290909 0.96473443508148 0
vt 0.43749988079071 0.98132884502411 0
vt 0.49999934434891 0.98132914304733 0
vt 0.37597462534904 0.98129242658615 0
vt 0.31589338183403 0.96487510204315 0
vt 0.31639802455902 0.98118340969086 0
vt 0.31656104326248 0.99187827110291 0
vt 0.37601572275162 0.99206519126892 0
vt 0.49999731779099 0.99212908744812 0
vt 0.43749952316284 0.99212777614594 0
vt 0.6840295791626 0.96494996547699 0
vt 0.62413239479065 0.96475315093994 0
vt 0.68403172492981 0.98178035020828 0
vt 0.62413138151169 0.98144292831421 0
vt 0.5625 0.96468752622604 0
vt 0.56249850988388 0.98132985830307 0
vt 0.56249403953552 0.99213194847107 0
vt 0.62446868419647 0.9926084280014 0
vt 0.68540000915527 0.9940305352211 0
vt 0.31249356269836 0.02749872207642 0
vt 0.24998709559441 0.01968479156494 0
vt 0.37499839067459 0.03335905075073 0
vt 0.31249839067459 0.01671850681305 0
vt 0.24999678134918 0.01476502418518 0
vt 0.37499964237213 0.01818346977234 0
vt 0.50000083446503 0.01867115497589 0
vt 0.43750035762787 0.01867163181305 0
vt 0.43750137090683 0.00787377357483 0
vt 0.50000339746475 0.0078718662262 0
vt 0.37500035762787 0.00787472724915 0
vt 0.25 0.00787508487701 0
vt 0.3125 0.00787508487701 0
vt 0.62417888641357 0.03524768352509 0
vt 0.56250166893005 0.01867032051086 0
vt 0.62418067455292 0.01855802536011 0
vt 0.68421560525894 0.03505301475525 0
vt 0.68421566486359 0.0182226896286 0
vt 0.68555116653442 0.00597190856934 0
vt 0.62451994419098 0.00739252567291 0
vt 0.5625067949295 0.00786864757538 0
vt 0.9649521112442 0.31578946113586 0
vt 0.9647536277771 0.37582242488861 0
vt 0.98178243637085 0.31578934192657 0
vt 0.9814435839653 0.37582075595856 0
vt 0.98132979869843 0.49999964237213 0
vt 0.98133015632629 0.43749856948853 0
vt 0.99213314056396 0.4374942779541 0
vt 0.99213176965714 0.49999856948853 0
vt 0.99260926246643 0.37548172473907 0
vt 0.9940322637558 0.31445300579071 0
vt 0.9647536277771 0.62416750192642 0
vt 0.98133015632629 0.56250059604645 0
vt 0.9814435839653 0.62416851520538 0
vt 0.9649521112442 0.68416994810104 0
vt 0.98178243637085 0.68417054414749 0
vt 0.9940322637558 0.68551403284073 0
vt 0.99260926246643 0.62450700998306 0
vt 0.99213314056396 0.56250232458115 0
vt 0.37499839067459 0.96664130687714 0
vt 0.43750035762787 0.98132830858231 0
vt 0.50000083446503 0.98132860660553 0
vt 0.37499970197678 0.98181664943695 0
vt 0.24998709559441 0.98031783103943 0
vt 0.31249356269836 0.97250264883041 0
vt 0.24999678134918 0.98523569107056 0
vt 0.31249839067459 0.98328191041946 0
vt 0.3125 0.99212497472763 0
vt 0.25 0.99212497472763 0
vt 0.37500035762787 0.99212515354156 0
vt 0.50000339746475 0.99212682247162 0
vt 0.43750137090683 0.99212574958801 0
vt 0.68421566486359 0.96490639448166 0
vt 0.62417888641357 0.96474224328995 0
vt 0.68421566486359 0.98173725605011 0
vt 0.62418067455292 0.98143136501312 0
vt 0.56250166893005 0.98132902383804 0
vt 0.5625067949295 0.99212861061096 0
vt 0.62451994419098 0.99259632825851 0
vt 0.68555116653442 0.9939951300621 0
vt 0.31583514809608 0.03505301475525 0
vt 0.37583377957344 0.03524768352509 0
vt 0.31583452224731 0.0182226896286 0
vt 0.37583276629448 0.01855790615082 0
vt 0.49999958276749 0.01867115497589 0
vt 0.43749916553497 0.01867032051086 0
vt 0.43749672174454 0.00786864757538 0
vt 0.49999836087227 0.0078718662262 0
vt 0.37549406290054 0.00739252567291 0
vt 0.31449007987976 0.00597190856934 0
vt 0.62500029802322 0.03335809707642 0
vt 0.56249982118607 0.01867163181305 0
vt 0.625 0.01818323135376 0
vt 0.7500022649765 0.01967716217041 0
vt 0.68750113248825 0.02749490737915 0
vt 0.75000059604645 0.01476299762726 0
vt 0.68750029802322 0.01671743392944 0
vt 0.6875 0.00787496566772 0
vt 0.75 0.00787496566772 0
vt 0.62499982118607 0.00787472724915 0
vt 0.56249934434891 0.00787377357483 0
vt 0.97250109910965 0.31249487400055 0
vt 0.9803147315979 0.24998962879181 0
vt 0.96664094924927 0.37499868869781 0
vt 0.98328149318695 0.31249868869781 0
vt 0.98523497581482 0.24999737739563 0
vt 0.98181653022766 0.37499964237213 0
vt 0.98132818937302 0.5 0
vt 0.98132812976837 0.4375 0
vt 0.99212503433228 0.4375 0
vt 0.99212503433228 0.5 0
vt 0.99212503433228 0.375 0
vt 0.99212503433228 0.25 0
vt 0.99212503433228 0.3125 0
vt 0.96664237976074 0.62500023841858 0
vt 0.98132812976837 0.5625 0
vt 0.98181682825088 0.62500005960464 0
vt 0.98032677173614 0.75000166893005 0
vt 0.97250711917877 0.68750083446503 0
vt 0.98523795604706 0.75000041723251 0
vt 0.98328304290771 0.68750023841858 0
vt 0.99212503433228 0.6875 0
vt 0.99212503433228 0.75 0
vt 0.99212503433228 0.625 0
vt 0.99212503433228 0.5625 0
vt 0.37583380937576 0.96474224328995 0
vt 0.43749916553497 0.98132902383804 0
vt 0.49999958276749 0.98132860660553 0
vt 0.37595772743225 0.98130148649216 0
vt 0.31583517789841 0.96490639448166 0
vt 0.31633427739143 0.9812176823616 0
vt 0.31648904085159 0.99191695451736 0
vt 0.37599381804466 0.99207681417465 0
vt 0.49999836087227 0.99212682247162 0
vt 0.43749672174454 0.99212861061096 0
vt 0.68750715255737 0.97250080108643 0
vt 0.75001430511475 0.98031413555145 0
vt 0.62500178813934 0.96664083003998 0
vt 0.68750178813934 0.98328143358231 0
vt 0.75000357627869 0.98523479700088 0
vt 0.62500041723251 0.98181653022766 0
vt 0.56249982118607 0.98132830858231 0
vt 0.56249934434891 0.99212574958801 0
vt 0.62499982118607 0.99212515354156 0
vt 0.75 0.99212497472763 0
vt 0.6875 0.99212497472763 0
vt 0.31249707937241 0.02749490737915 0
vt 0.24999415874481 0.01967716217041 0
vt 0.37499928474426 0.03335809707642 0
vt 0.31249928474426 0.01671755313873 0
vt 0.2499985396862 0.01476311683655 0
vt 0.37499988079071 0.01818323135376 0
vt 0.50000059604645 0.01867127418518 0
vt 0.43750023841858 0.01867163181305 0
vt 0.43750101327896 0.00787401199341 0
vt 0.50000250339508 0.00787246227264 0
vt 0.37500023841858 0.00787484645844 0
vt 0.62417256832123 0.03525269031525 0
vt 0.56250125169754 0.01867067813873 0
vt 0.6241739988327 0.01856327056885 0
vt 0.68419027328491 0.03507328033447 0
vt 0.68419063091278 0.01824271678925 0
vt 0.68553054332733 0.00598847866058 0
vt 0.6245129108429 0.00739812850952 0
vt 0.56250500679016 0.00787007808685 0
vt 0.37500077486038 0.96664083003998 0
vt 0.4375 0.98132812976837 0
vt 0.5 0.98132812976837 0
vt 0.37500017881393 0.98181647062302 0
vt 0.2500062584877 0.98031413555145 0
vt 0.31250312924385 0.97250080108643 0
vt 0.25000154972076 0.98523479700088 0
vt 0.31250077486038 0.98328143358231 0
vt 0.375 0.99212497472763 0
vt 0.5 0.99212497472763 0
vt 0.4375 0.99212497472763 0
vt 0.68750429153442 0.97250056266785 0
vt 0.75000864267349 0.98031365871429 0
vt 0.62500107288361 0.96664077043533 0
vt 0.68750107288361 0.98328137397766 0
vt 0.75000214576721 0.9852346777916 0
vt 0.62500023841858 0.98181647062302 0
vt 0.5625 0.98132812976837 0
vt 0.5625 0.99212497472763 0
vt 0.625 0.99212497472763 0
# 3801 texture coordinates

o Cube
usemtl default
f 7/1/1 966/2/2 1923/3/3 963/4/4
f 966/2/2 269/5/5 1924/6/6 1923/3/3
f 963/4/4 1923/3/3 1934/7/7 268/8/8
f 1923/3/3 1924/6/6 267/9/9 1934/7/7
f 153/10/10 968/11/11 1925/12/12 965/13/13
f 968/11/11 270/14/14 1926/15/15 1925/12/12
f 965/13/13 1925/12/12 1924/6/6 269/5/5
f 1925/12/12 1926/15/15 267/9/9 1924/6/6
f 221/16/16 970/17/17 1927/18/18 967/19/19
f 970/17/17 271/20/20 1928/21/21 1927/18/18
f 967/19/19 1927/18/18 1926/15/15 270/14/14
f 1927/18/18 1928/21/21 267/9/9 1926/15/15
f 123/22/22 972/23/23 1929/24/24 969/25/25
f 972/23/23 272/26/26 1930/27/27 1929/24/24
f 969/25/25 1929/24/24 1928/21/21 271/20/20
f 1929/24/24 1930/27/27 267/9/9 1928/21/21
f 224/28/28 974/29/29 1931/30/30 971/31/31
f 974/29/29 273/32/32 1932/33/33 1931/30/30
f 971/31/31 1931/30/30 1930/27/27 272/26/26
f 1931/30/30 1932/33/33 267/9/9 1930/27/27
f 147/34/34 964/35/35 1933/36/36 973/37/37
f 964/35/35 268/8/8 1934/7/7 1933/36/36
f 973/37/37 1933/36/36 1932/33/33 273/32/32
f 1933/36/36 1934/7/7 267/9/9 1932/33/33
f 17/38/1 978/39/38 1935/40/39 975/41/40
f 978/39/38 276/42/41 1936/43/42 1935/40/39
f 975/41/40 1935/40/39 1946/44/43 275/45/44
f 1935/40/39 1936/43/42 274/46/45 1946/44/43
f 165/47/46 980/48/47 1937/49/48 977/50/49
f 980/48/47 277/51/50 1938/52/51 1937/49/48
f 977/50/49 1937/49/48 1936/43/42 276/42/41
f 1937/49/48 1938/52/51 274/46/45 1936/43/42
f 233/53/52 982/54/53 1939/55/54 979/56/55
f 982/54/53 278/57/56 1940/58/57 1939/55/54
f 979/56/55 1939/55/54 1938/52/51 277/51/50
f 1939/55/54 1940/58/57 274/46/45 1938/52/51
f 129/59/58 984/60/59 1941/61/60 981/62/61
f 984/60/59 279/63/62 1942/64/63 1941/61/60
f 981/62/61 1941/61/60 1940/58/57 278/57/56
f 1941/61/60 1942/64/63 274/46/45 1940/58/57
f 236/65/64 986/66/65 1943/67/66 983/68/67
f 986/66/65 280/69/68 1944/70/69 1943/67/66
f 983/68/67 1943/67/66 1942/64/63 279/63/62
f 1943/67/66 1944/70/69 274/46/45 1942/64/63
f 161/71/70 976/72/71 1945/73/72 985/74/73
f 976/72/71 275/45/44 1946/44/43 1945/73/72
f 985/74/73 1945/73/72 1944/70/69 280/69/68
f 1945/73/72 1946/44/43 274/46/45 1944/70/69
f 227/75/74 990/76/75 1947/77/76 987/78/77
f 990/76/75 283/79/78 1948/80/79 1947/77/76
f 987/78/77 1947/77/76 1958/81/80 282/82/81
f 1947/77/76 1948/80/79 281/83/82 1958/81/80
f 126/84/83 992/85/84 1949/86/85 989/87/86
f 992/85/84 284/88/87 1950/89/88 1949/86/85
f 989/87/86 1949/86/85 1948/80/79 283/79/78
f 1949/86/85 1950/89/88 281/83/82 1948/80/79
f 230/90/89 994/91/90 1951/92/91 991/93/92
f 994/91/90 285/94/93 1952/95/94 1951/92/91
f 991/93/92 1951/92/91 1950/89/88 284/88/87
f 1951/92/91 1952/95/94 281/83/82 1950/89/88
f 155/96/95 996/97/96 1953/98/97 993/99/98
f 996/97/96 286/100/99 1954/101/100 1953/98/97
f 993/99/98 1953/98/97 1952/95/94 285/94/93
f 1953/98/97 1954/101/100 281/83/82 1952/95/94
f 9/102/1 998/103/101 1955/104/102 995/105/103
f 998/103/101 287/106/104 1956/107/105 1955/104/102
f 995/105/103 1955/104/102 1954/101/100 286/100/99
f 1955/104/102 1956/107/105 281/83/82 1954/101/100
f 151/108/106 988/109/107 1957/110/108 997/111/109
f 988/109/107 282/82/81 1958/81/80 1957/110/108
f 997/111/109 1957/110/108 1956/107/105 287/106/104
f 1957/110/108 1958/81/80 281/83/82 1956/107/105
f 163/112/110 1002/113/111 1959/114/112 999/115/113
f 1002/113/111 290/116/114 1960/117/115 1959/114/112
f 999/115/113 1959/114/112 1970/118/116 289/119/117
f 1959/114/112 1960/117/115 288/120/118 1970/118/116
f 239/121/119 1004/122/120 1961/123/121 1001/124/122
f 1004/122/120 291/125/123 1962/126/124 1961/123/121
f 1001/124/122 1961/123/121 1960/117/115 290/116/114
f 1961/123/121 1962/126/124 288/120/118 1960/117/115
f 132/127/125 1006/128/126 1963/129/127 1003/130/128
f 1006/128/126 292/131/129 1964/132/130 1963/129/127
f 1003/130/128 1963/129/127 1962/126/124 291/125/123
f 1963/129/127 1964/132/130 288/120/118 1962/126/124
f 242/133/131 1008/134/132 1965/135/133 1005/136/134
f 1008/134/132 293/137/135 1966/138/136 1965/135/133
f 1005/136/134 1965/135/133 1964/132/130 292/131/129
f 1965/135/133 1966/138/136 288/120/118 1964/132/130
f 169/139/137 1010/140/138 1967/141/139 1007/142/140
f 1010/140/138 294/143/141 1968/144/142 1967/141/139
f 1007/142/140 1967/141/139 1966/138/136 293/137/135
f 1967/141/139 1968/144/142 288/120/118 1966/138/136
f 19/145/1 1000/146/143 1969/147/144 1009/148/145
f 1000/146/143 289/119/117 1970/118/116 1969/147/144
f 1009/148/145 1969/147/144 1968/144/142 294/143/141
f 1969/147/144 1970/118/116 288/120/118 1968/144/142
f 27/149/146 1014/150/147 1971/151/148 1011/152/149
f 1014/150/147 297/153/150 1972/154/151 1971/151/148
f 1011/152/149 1971/151/148 1982/155/152 296/156/153
f 1971/151/148 1972/154/151 295/157/154 1982/155/152
f 171/158/155 1016/159/156 1973/160/157 1013/161/158
f 1016/159/156 298/162/159 1974/163/160 1973/160/157
f 1013/161/158 1973/160/157 1972/154/151 297/153/150
f 1973/160/157 1974/163/160 295/157/154 1972/154/151
f 231/164/161 1018/165/162 1975/166/163 1015/167/164
f 1018/165/162 299/168/165 1976/169/166 1975/166/163
f 1015/167/164 1975/166/163 1974/163/160 298/162/159
f 1975/166/163 1976/169/166 295/157/154 1974/163/160
f 130/170/167 1020/171/168 1977/172/169 1017/173/170
f 1020/171/168 300/174/171 1978/175/172 1977/172/169
f 1017/173/170 1977/172/169 1976/169/166 299/168/165
f 1977/172/169 1978/175/172 295/157/154 1976/169/166
f 234/176/173 1022/177/174 1979/178/175 1019/179/176
f 1022/177/174 301/180/177 1980/181/178 1979/178/175
f 1019/179/176 1979/178/175 1978/175/172 300/174/171
f 1979/178/175 1980/181/178 295/157/154 1978/175/172
f 166/182/179 1012/183/180 1981/184/181 1021/185/182
f 1012/183/180 296/156/153 1982/155/152 1981/184/181
f 1021/185/182 1981/184/181 1980/181/178 301/180/177
f 1981/184/181 1982/155/152 295/157/154 1980/181/178
f 37/186/146 1026/187/183 1983/188/184 1023/189/185
f 1026/187/183 304/190/186 1984/191/187 1983/188/184
f 1023/189/185 1983/188/184 1994/192/188 303/193/189
f 1983/188/184 1984/191/187 302/194/190 1994/192/188
f 183/195/191 1028/196/192 1985/197/193 1025/198/194
f 1028/196/192 305/199/195 1986/200/196 1985/197/193
f 1025/198/194 1985/197/193 1984/191/187 304/190/186
f 1985/197/193 1986/200/196 302/194/190 1984/191/187
f 245/201/197 1030/202/198 1987/203/199 1027/204/200
f 1030/202/198 306/205/201 1988/206/202 1987/203/199
f 1027/204/200 1987/203/199 1986/200/196 305/199/195
f 1987/203/199 1988/206/202 302/194/190 1986/200/196
f 135/207/203 1032/208/204 1989/209/205 1029/210/206
f 1032/208/204 307/211/207 1990/212/208 1989/209/205
f 1029/210/206 1989/209/205 1988/206/202 306/205/201
f 1989/209/205 1990/212/208 302/194/190 1988/206/202
f 248/213/209 1034/214/210 1991/215/211 1031/216/212
f 1034/214/210 308/217/213 1992/218/214 1991/215/211
f 1031/216/212 1991/215/211 1990/212/208 307/211/207
f 1991/215/211 1992/218/214 302/194/190 1990/212/208
f 179/219/215 1024/220/216 1993/221/217 1033/222/218
f 1024/220/216 303/193/189 1994/192/188 1993/221/217
f 1033/222/218 1993/221/217 1992/218/214 308/217/213
f 1993/221/217 1994/192/188 302/194/190 1992/218/214
f 241/223/219 1038/224/220 1995/225/221 1035/226/222
f 1038/224/220 311/227/223 1996/228/224 1995/225/221
f 1035/226/222 1995/225/221 2006/229/225 310/230/226
f 1995/225/221 1996/228/224 309/231/227 2006/229/225
f 134/232/228 1040/233/229 1997/234/230 1037/235/231
f 1040/233/229 312/236/232 1998/237/233 1997/234/230
f 1037/235/231 1997/234/230 1996/228/224 311/227/223
f 1997/234/230 1998/237/233 309/231/227 1996/228/224
f 238/238/234 1042/239/235 1999/240/236 1039/241/237
f 1042/239/235 313/242/238 2000/243/239 1999/240/236
f 1039/241/237 1999/240/236 1998/237/233 312/236/232
f 1999/240/236 2000/243/239 309/231/227 1998/237/233
f 173/244/240 1044/245/241 2001/246/242 1041/247/243
f 1044/245/241 314/248/244 2002/249/245 2001/246/242
f 1041/247/243 2001/246/242 2000/243/239 313/242/238
f 2001/246/242 2002/249/245 309/231/227 2000/243/239
f 29/250/146 1046/251/246 2003/252/247 1043/253/248
f 1046/251/246 315/254/249 2004/255/250 2003/252/247
f 1043/253/248 2003/252/247 2002/249/245 314/248/244
f 2003/252/247 2004/255/250 309/231/227 2002/249/245
f 170/256/251 1036/257/252 2005/258/253 1045/259/254
f 1036/257/252 310/230/226 2006/229/225 2005/258/253
f 1045/259/254 2005/258/253 2004/255/250 315/254/249
f 2005/258/253 2006/229/225 309/231/227 2004/255/250
f 181/260/255 1050/261/256 2007/262/257 1047/263/258
f 1050/261/256 318/264/259 2008/265/260 2007/262/257
f 1047/263/258 2007/262/257 2018/266/261 317/267/262
f 2007/262/257 2008/265/260 316/268/263 2018/266/261
f 251/269/264 1052/270/265 2009/271/266 1049/272/267
f 1052/270/265 319/273/268 2010/274/269 2009/271/266
f 1049/272/267 2009/271/266 2008/265/260 318/264/259
f 2009/271/266 2010/274/269 316/268/263 2008/265/260
f 138/275/270 1054/276/271 2011/277/272 1051/278/273
f 1054/276/271 320/279/274 2012/280/275 2011/277/272
f 1051/278/273 2011/277/272 2010/274/269 319/273/268
f 2011/277/272 2012/280/275 316/268/263 2010/274/269
f 254/281/276 1056/282/277 2013/283/278 1053/284/279
f 1056/282/277 321/285/280 2014/286/281 2013/283/278
f 1053/284/279 2013/283/278 2012/280/275 320/279/274
f 2013/283/278 2014/286/281 316/268/263 2012/280/275
f 187/287/282 1058/288/283 2015/289/284 1055/290/285
f 1058/288/283 322/291/286 2016/292/287 2015/289/284
f 1055/290/285 2015/289/284 2014/286/281 321/285/280
f 2015/289/284 2016/292/287 316/268/263 2014/286/281
f 39/293/146 1048/294/288 2017/295/289 1057/296/290
f 1048/294/288 317/267/262 2018/266/261 2017/295/289
f 1057/296/290 2017/295/289 2016/292/287 322/291/286
f 2017/295/289 2018/266/261 316/268/263 2016/292/287
f 47/297/291 1062/298/292 2019/299/293 1059/300/294
f 1062/298/292 325/301/295 2020/302/296 2019/299/293
f 1059/300/294 2019/299/293 2030/303/297 324/304/298
f 2019/299/293 2020/302/296 323/305/299 2030/303/297
f 189/306/300 1064/307/301 2021/308/302 1061/309/303
f 1064/307/301 326/310/304 2022/311/305 2021/308/302
f 1061/309/303 2021/308/302 2020/302/296 325/301/295
f 2021/308/302 2022/311/305 323/305/299 2020/302/296
f 243/312/306 1066/313/307 2023/314/308 1063/315/309
f 1066/313/307 327/316/310 2024/317/311 2023/314/308
f 1063/315/309 2023/314/308 2022/311/305 326/310/304
f 2023/314/308 2024/317/311 323/305/299 2022/311/305
f 136/318/312 1068/319/313 2025/320/314 1065/321/315
f 1068/319/313 328/322/316 2026/323/317 2025/320/314
f 1065/321/315 2025/320/314 2024/317/311 327/316/310
f 2025/320/314 2026/323/317 323/305/299 2024/317/311
f 246/324/318 1070/325/319 2027/326/320 1067/327/321
f 1070/325/319 329/328/322 2028/329/323 2027/326/320
f 1067/327/321 2027/326/320 2026/323/317 328/322/316
f 2027/326/320 2028/329/323 323/305/299 2026/323/317
f 184/330/324 1060/331/325 2029/332/326 1069/333/327
f 1060/331/325 324/304/298 2030/303/297 2029/332/326
f 1069/333/327 2029/332/326 2028/329/323 329/328/322
f 2029/332/326 2030/303/297 323/305/299 2028/329/323
f 57/334/291 1074/335/328 2031/336/329 1071/337/330
f 1074/335/328 332/338/331 2032/339/332 2031/336/329
f 1071/337/330 2031/336/329 2042/340/333 331/341/334
f 2031/336/329 2032/339/332 330/342/335 2042/340/333
f 201/343/336 1076/344/337 2033/345/338 1073/346/339
f 1076/344/337 333/347/340 2034/348/341 2033/345/338
f 1073/346/339 2033/345/338 2032/339/332 332/338/331
f 2033/345/338 2034/348/341 330/342/335 2032/339/332
f 257/349/342 1078/350/343 2035/351/344 1075/352/345
f 1078/350/343 334/353/346 2036/354/347 2035/351/344
f 1075/352/345 2035/351/344 2034/348/341 333/347/340
f 2035/351/344 2036/354/347 330/342/335 2034/348/341
f 141/355/348 1080/356/349 2037/357/350 1077/358/351
f 1080/356/349 335/359/352 2038/360/353 2037/357/350
f 1077/358/351 2037/357/350 2036/354/347 334/353/346
f 2037/357/350 2038/360/353 330/342/335 2036/354/347
f 260/361/354 1082/362/355 2039/363/356 1079/364/357
f 1082/362/355 336/365/358 2040/366/359 2039/363/356
f 1079/364/357 2039/363/356 2038/360/353 335/359/352
f 2039/363/356 2040/366/359 330/342/335 2038/360/353
f 197/367/360 1072/368/361 2041/369/362 1081/370/363
f 1072/368/361 331/341/334 2042/340/333 2041/369/362
f 1081/370/363 2041/369/362 2040/366/359 336/365/358
f 2041/369/362 2042/340/333 330/342/335 2040/366/359
f 253/371/364 1086/372/365 2043/373/366 1083/374/367
f 1086/372/365 339/375/368 2044/376/369 2043/373/366
f 1083/374/367 2043/373/366 2054/377/370 338/378/371
f 2043/373/366 2044/376/369 337/379/372 2054/377/370
f 140/380/373 1088/381/374 2045/382/375 1085/383/376
f 1088/381/374 340/384/377 2046/385/378 2045/382/375
f 1085/383/376 2045/382/375 2044/376/369 339/375/368
f 2045/382/375 2046/385/378 337/379/372 2044/376/369
f 250/386/379 1090/387/380 2047/388/381 1087/389/382
f 1090/387/380 341/390/383 2048/391/384 2047/388/381
f 1087/389/382 2047/388/381 2046/385/378 340/384/377
f 2047/388/381 2048/391/384 337/379/372 2046/385/378
f 191/392/385 1092/393/386 2049/394/387 1089/395/388
f 1092/393/386 342/396/389 2050/397/390 2049/394/387
f 1089/395/388 2049/394/387 2048/391/384 341/390/383
f 2049/394/387 2050/397/390 337/379/372 2048/391/384
f 49/398/291 1094/399/391 2051/400/392 1091/401/393
f 1094/399/391 343/402/394 2052/403/395 2051/400/392
f 1091/401/393 2051/400/392 2050/397/390 342/396/389
f 2051/400/392 2052/403/395 337/379/372 2050/397/390
f 188/404/396 1084/405/397 2053/406/398 1093/407/399
f 1084/405/397 338/378/371 2054/377/370 2053/406/398
f 1093/407/399 2053/406/398 2052/403/395 343/402/394
f 2053/406/398 2054/377/370 337/379/372 2052/403/395
f 199/408/400 1098/409/401 2055/410/402 1095/411/403
f 1098/409/401 346/412/404 2056/413/405 2055/410/402
f 1095/411/403 2055/410/402 2066/414/406 345/415/407
f 2055/410/402 2056/413/405 344/416/408 2066/414/406
f 263/417/409 1100/418/410 2057/419/411 1097/420/412
f 1100/418/410 347/421/413 2058/422/414 2057/419/411
f 1097/420/412 2057/419/411 2056/413/405 346/412/404
f 2057/419/411 2058/422/414 344/416/408 2056/413/405
f 144/423/415 1102/424/416 2059/425/417 1099/426/418
f 1102/424/416 348/427/419 2060/428/420 2059/425/417
f 1099/426/418 2059/425/417 2058/422/414 347/421/413
f 2059/425/417 2060/428/420 344/416/408 2058/422/414
f 266/429/421 1104/430/422 2061/431/423 1101/432/424
f 1104/430/422 349/433/425 2062/434/426 2061/431/423
f 1101/432/424 2061/431/423 2060/428/420 348/427/419
f 2061/431/423 2062/434/426 344/416/408 2060/428/420
f 205/435/427 1106/436/428 2063/437/429 1103/438/430
f 1106/436/428 350/439/431 2064/440/432 2063/437/429
f 1103/438/430 2063/437/429 2062/434/426 349/433/425
f 2063/437/429 2064/440/432 344/416/408 2062/434/426
f 59/441/291 1096/442/433 2065/443/434 1105/444/435
f 1096/442/433 345/415/407 2066/414/406 2065/443/434
f 1105/444/435 2065/443/434 2064/440/432 350/439/431
f 2065/443/434 2066/414/406 344/416/408 2064/440/432
f 67/445/436 1110/446/437 2067/447/438 1107/448/439
f 1110/446/437 353/449/440 2068/450/441 2067/447/438
f 1107/448/439 2067/447/438 2078/451/442 352/452/443
f 2067/447/438 2068/450/441 351/453/444 2078/451/442
f 207/454/445 1112/455/446 2069/456/447 1109/457/448
f 1112/455/446 354/458/449 2070/459/450 2069/456/447
f 1109/457/448 2069/456/447 2068/450/441 353/449/440
f 2069/456/447 2070/459/450 351/453/444 2068/450/441
f 255/460/451 1114/461/452 2071/462/453 1111/463/454
f 1114/461/452 355/464/455 2072/465/456 2071/462/453
f 1111/463/454 2071/462/453 2070/459/450 354/458/449
f 2071/462/453 2072/465/456 351/453/444 2070/459/450
f 142/466/457 1116/467/458 2073/468/459 1113/469/460
f 1116/467/458 356/470/461 2074/471/462 2073/468/459
f 1113/469/460 2073/468/459 2072/465/456 355/464/455
f 2073/468/459 2074/471/462 351/453/444 2072/465/456
f 258/472/463 1118/473/464 2075/474/465 1115/475/466
f 1118/473/464 357/476/467 2076/477/468 2075/474/465
f 1115/475/466 2075/474/465 2074/471/462 356/470/461
f 2075/474/465 2076/477/468 351/453/444 2074/471/462
f 202/478/469 1108/479/470 2077/480/471 1117/481/472
f 1108/479/470 352/452/443 2078/451/442 2077/480/471
f 1117/481/472 2077/480/471 2076/477/468 357/476/467
f 2077/480/471 2078/451/442 351/453/444 2076/477/468
f 77/482/436 1122/483/473 2079/484/474 1119/485/475
f 1122/483/473 360/486/476 2080/487/477 2079/484/474
f 1119/485/475 2079/484/474 2090/488/478 359/489/479
f 2079/484/474 2080/487/477 358/490/480 2090/488/478
f 148/491/481 1124/492/482 2081/493/483 1121/494/484
f 1124/492/482 361/495/485 2082/496/486 2081/493/483
f 1121/494/484 2081/493/483 2080/487/477 360/486/476
f 2081/493/483 2082/496/486 358/490/480 2080/487/477
f 223/497/487 1126/498/488 2083/499/489 1123/500/490
f 1126/498/488 362/501/491 2084/502/492 2083/499/489
f 1123/500/490 2083/499/489 2082/496/486 361/495/485
f 2083/499/489 2084/502/492 358/490/480 2082/496/486
f 125/503/493 1128/504/494 2085/505/495 1125/506/496
f 1128/504/494 363/507/497 2086/508/498 2085/505/495
f 1125/506/496 2085/505/495 2084/502/492 362/501/491
f 2085/505/495 2086/508/498 358/490/480 2084/502/492
f 220/509/499 1130/510/500 2087/511/501 1127/512/502
f 1130/510/500 364/513/503 2088/514/504 2087/511/501
f 1127/512/502 2087/511/501 2086/508/498 363/507/497
f 2087/511/501 2088/514/504 358/490/480 2086/508/498
f 215/515/505 1120/516/506 2089/517/507 1129/518/508
f 1120/516/506 359/489/479 2090/488/478 2089/517/507
f 1129/518/508 2089/517/507 2088/514/504 364/513/503
f 2089/517/507 2090/488/478 358/490/480 2088/514/504
f 265/519/509 1134/520/510 2091/521/511 1131/522/512
f 1134/520/510 367/523/513 2092/524/514 2091/521/511
f 1131/522/512 2091/521/511 2102/525/515 366/526/516
f 2091/521/511 2092/524/514 365/527/517 2102/525/515
f 146/528/518 1136/529/519 2093/530/520 1133/531/521
f 1136/529/519 368/532/522 2094/533/523 2093/530/520
f 1133/531/521 2093/530/520 2092/524/514 367/523/513
f 2093/530/520 2094/533/523 365/527/517 2092/524/514
f 262/534/524 1138/535/525 2095/536/526 1135/537/527
f 1138/535/525 369/538/528 2096/539/529 2095/536/526
f 1135/537/527 2095/536/526 2094/533/523 368/532/522
f 2095/536/526 2096/539/529 365/527/517 2094/533/523
f 209/540/530 1140/541/531 2097/542/532 1137/543/533
f 1140/541/531 370/544/534 2098/545/535 2097/542/532
f 1137/543/533 2097/542/532 2096/539/529 369/538/528
f 2097/542/532 2098/545/535 365/527/517 2096/539/529
f 69/546/436 1142/547/536 2099/548/537 1139/549/538
f 1142/547/536 371/550/539 2100/551/540 2099/548/537
f 1139/549/538 2099/548/537 2098/545/535 370/544/534
f 2099/548/537 2100/551/540 365/527/517 2098/545/535
f 206/552/541 1132/553/542 2101/554/543 1141/555/544
f 1132/553/542 366/526/516 2102/525/515 2101/554/543
f 1141/555/544 2101/554/543 2100/551/540 371/550/539
f 2101/554/543 2102/525/515 365/527/517 2100/551/540
f 217/556/545 1146/557/546 2103/558/547 1143/559/548
f 1146/557/546 374/560/549 2104/561/550 2103/558/547
f 1143/559/548 2103/558/547 2114/562/551 373/563/552
f 2103/558/547 2104/561/550 372/564/553 2114/562/551
f 225/565/554 1148/566/555 2105/567/556 1145/568/557
f 1148/566/555 375/569/558 2106/570/559 2105/567/556
f 1145/568/557 2105/567/556 2104/561/550 374/560/549
f 2105/567/556 2106/570/559 372/564/553 2104/561/550
f 127/571/560 1150/572/561 2107/573/562 1147/574/563
f 1150/572/561 376/575/564 2108/576/565 2107/573/562
f 1147/574/563 2107/573/562 2106/570/559 375/569/558
f 2107/573/562 2108/576/565 372/564/553 2106/570/559
f 228/577/566 1152/578/567 2109/579/568 1149/580/569
f 1152/578/567 377/581/570 2110/582/571 2109/579/568
f 1149/580/569 2109/579/568 2108/576/565 376/575/564
f 2109/579/568 2110/582/571 372/564/553 2108/576/565
f 152/583/572 1154/584/573 2111/585/574 1151/586/575
f 1154/584/573 378/587/576 2112/588/577 2111/585/574
f 1151/586/575 2111/585/574 2110/582/571 377/581/570
f 2111/585/574 2112/588/577 372/564/553 2110/582/571
f 79/589/436 1144/590/578 2113/591/579 1153/592/580
f 1144/590/578 373/563/552 2114/562/551 2113/591/579
f 1153/592/580 2113/591/579 2112/588/577 378/587/576
f 2113/591/579 2114/562/551 372/564/553 2112/588/577
f 81/593/581 1158/594/582 2115/595/583 1155/596/584
f 1158/594/582 381/597/585 2116/598/586 2115/595/583
f 1155/596/584 2115/595/583 2126/599/587 380/600/588
f 2115/595/583 2116/598/586 379/601/589 2126/599/587
f 156/602/590 1160/603/591 2117/604/592 1157/605/593
f 1160/603/591 382/606/594 2118/607/595 2117/604/592
f 1157/605/593 2117/604/592 2116/598/586 381/597/585
f 2117/604/592 2118/607/595 379/601/589 2116/598/586
f 229/608/596 1162/609/597 2119/610/598 1159/611/599
f 1162/609/597 383/612/600 2120/613/601 2119/610/598
f 1159/611/599 2119/610/598 2118/607/595 382/606/594
f 2119/610/598 2120/613/601 379/601/589 2118/607/595
f 128/614/602 1164/615/603 2121/616/604 1161/617/605
f 1164/615/603 384/618/606 2122/619/607 2121/616/604
f 1161/617/605 2121/616/604 2120/613/601 383/612/600
f 2121/616/604 2122/619/607 379/601/589 2120/613/601
f 226/620/608 1166/621/609 2123/622/610 1163/623/611
f 1166/621/609 385/624/612 2124/625/613 2123/622/610
f 1163/623/611 2123/622/610 2122/619/607 384/618/606
f 2123/622/610 2124/625/613 379/601/589 2122/619/607
f 218/626/614 1156/627/615 2125/628/616 1165/629/617
f 1156/627/615 380/600/588 2126/599/587 2125/628/616
f 1165/629/617 2125/628/616 2124/625/613 385/624/612
f 2125/628/616 2126/599/587 379/601/589 2124/625/613
f 87/38/581 1170/39/618 2127/40/619 1167/41/620
f 1170/39/618 388/630/621 2128/631/622 2127/40/619
f 1167/41/620 2127/40/619 2138/632/623 387/633/624
f 2127/40/619 2128/631/622 386/634/625 2138/632/623
f 174/635/626 1172/636/627 2129/637/628 1169/638/629
f 1172/636/627 389/639/630 2130/640/631 2129/637/628
f 1169/638/629 2129/637/628 2128/631/622 388/630/621
f 2129/637/628 2130/640/631 386/634/625 2128/631/622
f 237/641/632 1174/642/633 2131/643/634 1171/644/635
f 1174/642/633 390/645/636 2132/646/637 2131/643/634
f 1171/644/635 2131/643/634 2130/640/631 389/639/630
f 2131/643/634 2132/646/637 386/634/625 2130/640/631
f 133/647/638 1176/648/639 2133/649/640 1173/650/641
f 1176/648/639 391/651/642 2134/652/643 2133/649/640
f 1173/650/641 2133/649/640 2132/646/637 390/645/636
f 2133/649/640 2134/652/643 386/634/625 2132/646/637
f 240/653/644 1178/654/645 2135/655/646 1175/656/647
f 1178/654/645 392/657/648 2136/658/649 2135/655/646
f 1175/656/647 2135/655/646 2134/652/643 391/651/642
f 2135/655/646 2136/658/649 386/634/625 2134/652/643
f 164/659/650 1168/660/651 2137/661/652 1177/662/653
f 1168/660/651 387/633/624 2138/632/623 2137/661/652
f 1177/662/653 2137/661/652 2136/658/649 392/657/648
f 2137/661/652 2138/632/623 386/634/625 2136/658/649
f 261/663/654 1182/664/655 2139/665/656 1179/666/657
f 1182/664/655 395/667/658 2140/668/659 2139/665/656
f 1179/666/657 2139/665/656 2150/669/660 394/670/661
f 2139/665/656 2140/668/659 393/671/662 2150/669/660
f 145/672/663 1184/673/664 2141/674/665 1181/675/666
f 1184/673/664 396/676/667 2142/677/668 2141/674/665
f 1181/675/666 2141/674/665 2140/668/659 395/667/658
f 2141/674/665 2142/677/668 393/671/662 2140/668/659
f 264/678/669 1186/679/670 2143/680/671 1183/681/672
f 1186/679/670 397/682/673 2144/683/674 2143/680/671
f 1183/681/672 2143/680/671 2142/677/668 396/676/667
f 2143/680/671 2144/683/674 393/671/662 2142/677/668
f 200/684/675 1188/685/676 2145/686/677 1185/687/678
f 1188/685/676 398/688/679 2146/689/680 2145/686/677
f 1185/687/678 2145/686/677 2144/683/674 397/682/673
f 2145/686/677 2146/689/680 393/671/662 2144/683/674
f 83/546/581 1190/547/681 2147/548/682 1187/549/683
f 1190/547/681 399/550/684 2148/551/685 2147/548/682
f 1187/549/683 2147/548/682 2146/689/680 398/688/679
f 2147/548/682 2148/551/685 393/671/662 2146/689/680
f 210/552/686 1180/553/687 2149/554/688 1189/555/689
f 1180/553/687 394/670/661 2150/669/660 2149/554/688
f 1189/555/689 2149/554/688 2148/551/685 399/550/684
f 2149/554/688 2150/669/660 393/671/662 2148/551/685
f 192/690/690 1194/691/691 2151/692/692 1191/693/693
f 1194/691/691 402/694/694 2152/695/695 2151/692/692
f 1191/693/693 2151/692/692 2162/696/696 401/697/697
f 2151/692/692 2152/695/695 400/698/698 2162/696/696
f 249/699/699 1196/700/700 2153/701/701 1193/702/702
f 1196/700/700 403/703/703 2154/704/704 2153/701/701
f 1193/702/702 2153/701/701 2152/695/695 402/694/694
f 2153/701/701 2154/704/704 400/698/698 2152/695/695
f 139/705/705 1198/706/706 2155/707/707 1195/708/708
f 1198/706/706 404/709/709 2156/710/710 2155/707/707
f 1195/708/708 2155/707/707 2154/704/704 403/703/703
f 2155/707/707 2156/710/710 400/698/698 2154/704/704
f 252/711/711 1200/712/712 2157/713/713 1197/714/714
f 1200/712/712 405/715/715 2158/716/716 2157/713/713
f 1197/714/714 2157/713/713 2156/710/710 404/709/709
f 2157/713/713 2158/716/716 400/698/698 2156/710/710
f 182/717/717 1202/718/718 2159/719/719 1199/720/720
f 1202/718/718 406/721/721 2160/722/722 2159/719/719
f 1199/720/720 2159/719/719 2158/716/716 405/715/715
f 2159/719/719 2160/722/722 400/698/698 2158/716/716
f 89/293/581 1192/294/723 2161/295/724 1201/296/725
f 1192/294/723 401/697/697 2162/696/696 2161/295/724
f 1201/296/725 2161/295/724 2160/722/722 406/721/721
f 2161/295/724 2162/696/696 400/698/698 2160/722/722
f 90/445/726 1206/446/727 2163/447/728 1203/448/729
f 1206/446/727 409/723/730 2164/724/731 2163/447/728
f 1203/448/729 2163/447/728 2174/451/732 408/452/733
f 2163/447/728 2164/724/731 407/725/734 2174/451/732
f 198/726/735 1208/727/736 2165/728/737 1205/729/738
f 1208/727/736 410/730/739 2166/731/740 2165/728/737
f 1205/729/738 2165/728/737 2164/724/731 409/723/730
f 2165/728/737 2166/731/740 407/725/734 2164/724/731
f 259/732/741 1210/733/742 2167/734/743 1207/735/744
f 1210/733/742 411/736/745 2168/737/746 2167/734/743
f 1207/735/744 2167/734/743 2166/731/740 410/730/739
f 2167/734/743 2168/737/746 407/725/734 2166/731/740
f 143/738/747 1212/739/748 2169/740/749 1209/741/750
f 1212/739/748 412/742/751 2170/743/752 2169/740/749
f 1209/741/750 2169/740/749 2168/737/746 411/736/745
f 2169/740/749 2170/743/752 407/725/734 2168/737/746
f 256/744/753 1214/745/754 2171/746/755 1211/747/756
f 1214/745/754 413/748/757 2172/749/758 2171/746/755
f 1211/747/756 2171/746/755 2170/743/752 412/742/751
f 2171/746/755 2172/749/758 407/725/734 2170/743/752
f 208/478/759 1204/479/760 2173/480/761 1213/750/762
f 1204/479/760 408/452/733 2174/451/732 2173/480/761
f 1213/750/762 2173/480/761 2172/749/758 413/748/757
f 2173/480/761 2174/451/732 407/725/734 2172/749/758
f 96/186/726 1218/187/763 2175/188/764 1215/189/765
f 1218/187/763 416/751/766 2176/752/767 2175/188/764
f 1215/189/765 2175/188/764 2186/753/768 415/754/769
f 2175/188/764 2176/752/767 414/755/770 2186/753/768
f 180/756/771 1220/757/772 2177/758/773 1217/759/774
f 1220/757/772 417/760/775 2178/761/776 2177/758/773
f 1217/759/774 2177/758/773 2176/752/767 416/751/766
f 2177/758/773 2178/761/776 414/755/770 2176/752/767
f 247/762/777 1222/763/778 2179/764/779 1219/765/780
f 1222/763/778 418/766/781 2180/767/782 2179/764/779
f 1219/765/780 2179/764/779 2178/761/776 417/760/775
f 2179/764/779 2180/767/782 414/755/770 2178/761/776
f 137/207/783 1224/208/784 2181/209/785 1221/210/786
f 1224/208/784 419/768/787 2182/769/788 2181/209/785
f 1221/210/786 2181/209/785 2180/767/782 418/766/781
f 2181/209/785 2182/769/788 414/755/770 2180/767/782
f 244/770/789 1226/771/790 2183/772/791 1223/773/792
f 1226/771/790 420/774/793 2184/775/794 2183/772/791
f 1223/773/792 2183/772/791 2182/769/788 419/768/787
f 2183/772/791 2184/775/794 414/755/770 2182/769/788
f 190/776/795 1216/777/796 2185/778/797 1225/779/798
f 1216/777/796 415/754/769 2186/753/768 2185/778/797
f 1225/779/798 2185/778/797 2184/775/794 420/774/793
f 2185/778/797 2186/753/768 414/755/770 2184/775/794
f 219/780/799 1230/781/800 2187/782/801 1227/783/802
f 1230/781/800 423/784/803 2188/785/804 2187/782/801
f 1227/783/802 2187/782/801 2198/786/805 422/787/806
f 2187/782/801 2188/785/804 421/788/807 2198/786/805
f 124/789/808 1232/790/809 2189/791/810 1229/792/811
f 1232/790/809 424/793/812 2190/794/813 2189/791/810
f 1229/792/811 2189/791/810 2188/785/804 423/784/803
f 2189/791/810 2190/794/813 421/788/807 2188/785/804
f 222/795/814 1234/796/815 2191/797/816 1231/798/817
f 1234/796/815 425/799/818 2192/800/819 2191/797/816
f 1231/798/817 2191/797/816 2190/794/813 424/793/812
f 2191/797/816 2192/800/819 421/788/807 2190/794/813
f 154/801/820 1236/802/821 2193/803/822 1233/804/823
f 1236/802/821 426/805/824 2194/806/825 2193/803/822
f 1233/804/823 2193/803/822 2192/800/819 425/799/818
f 2193/803/822 2194/806/825 421/788/807 2192/800/819
f 92/807/726 1238/808/826 2195/809/827 1235/810/828
f 1238/808/826 427/811/829 2196/812/830 2195/809/827
f 1235/810/828 2195/809/827 2194/806/825 426/805/824
f 2195/809/827 2196/812/830 421/788/807 2194/806/825
f 216/813/831 1228/814/832 2197/815/833 1237/816/834
f 1228/814/832 422/787/806 2198/786/805 2197/815/833
f 1237/816/834 2197/815/833 2196/812/830 427/811/829
f 2197/815/833 2198/786/805 421/788/807 2196/812/830
f 162/817/835 1242/818/836 2199/819/837 1239/820/838
f 1242/818/836 430/821/839 2200/822/840 2199/819/837
f 1239/820/838 2199/819/837 2210/823/841 429/824/842
f 2199/819/837 2200/822/840 428/825/843 2210/823/841
f 235/826/844 1244/827/845 2201/828/846 1241/829/847
f 1244/827/845 431/830/848 2202/831/849 2201/828/846
f 1241/829/847 2201/828/846 2200/822/840 430/821/839
f 2201/828/846 2202/831/849 428/825/843 2200/822/840
f 131/127/850 1246/128/851 2203/129/852 1243/130/853
f 1246/128/851 432/832/854 2204/833/855 2203/129/852
f 1243/130/853 2203/129/852 2202/831/849 431/830/848
f 2203/129/852 2204/833/855 428/825/843 2202/831/849
f 232/834/856 1248/835/857 2205/836/858 1245/837/859
f 1248/835/857 433/838/860 2206/839/861 2205/836/858
f 1245/837/859 2205/836/858 2204/833/855 432/832/854
f 2205/836/858 2206/839/861 428/825/843 2204/833/855
f 172/840/862 1250/841/863 2207/842/864 1247/843/865
f 1250/841/863 434/844/866 2208/845/867 2207/842/864
f 1247/843/865 2207/842/864 2206/839/861 433/838/860
f 2207/842/864 2208/845/867 428/825/843 2206/839/861
f 98/145/726 1240/146/868 2209/147/869 1249/148/870
f 1240/146/868 429/824/842 2210/823/841 2209/147/869
f 1249/148/870 2209/147/869 2208/845/867 434/844/866
f 2209/147/869 2210/823/841 428/825/843 2208/845/867
f 125/846/493 1125/847/496 2211/848/871 1251/849/872
f 1125/847/496 362/850/491 2212/851/873 2211/848/871
f 1251/849/872 2211/848/871 2222/852/874 436/853/875
f 2211/848/871 2212/851/873 435/854/876 2222/852/874
f 223/855/487 1254/856/877 2213/857/878 1126/858/488
f 1254/856/877 437/859/879 2214/860/880 2213/857/878
f 1126/858/488 2213/857/878 2212/851/873 362/850/491
f 2213/857/878 2214/860/880 435/854/876 2212/851/873
f 122/861/881 1256/862/882 2215/863/883 1253/864/884
f 1256/862/882 438/865/885 2216/866/886 2215/863/883
f 1253/864/884 2215/863/883 2214/860/880 437/859/879
f 2215/863/883 2216/866/886 435/854/876 2214/860/880
f 224/867/28 971/868/31 2217/869/887 1255/870/888
f 971/868/31 272/871/26 2218/872/889 2217/869/887
f 1255/870/888 2217/869/887 2216/866/886 438/865/885
f 2217/869/887 2218/872/889 435/854/876 2216/866/886
f 123/873/22 1258/874/890 2219/875/891 972/876/23
f 1258/874/890 439/877/892 2220/878/893 2219/875/891
f 972/876/23 2219/875/891 2218/872/889 272/871/26
f 2219/875/891 2220/878/893 435/854/876 2218/872/889
f 65/879/894 1252/880/895 2221/881/896 1257/882/897
f 1252/880/895 436/853/875 2222/852/874 2221/881/896
f 1257/882/897 2221/881/896 2220/878/893 439/877/892
f 2221/881/896 2222/852/874 435/854/876 2220/878/893
f 128/883/602 1161/884/605 2223/885/898 1259/886/899
f 1161/884/605 383/887/600 2224/888/900 2223/885/898
f 1259/886/899 2223/885/898 2234/889/901 441/890/902
f 2223/885/898 2224/888/900 440/891/903 2234/889/901
f 229/892/596 1262/893/904 2225/894/905 1162/895/597
f 1262/893/904 442/896/906 2226/897/907 2225/894/905
f 1162/895/597 2225/894/905 2224/888/900 383/887/600
f 2225/894/905 2226/897/907 440/891/903 2224/888/900
f 112/898/908 1264/899/909 2227/900/910 1261/901/911
f 1264/899/909 443/902/912 2228/903/913 2227/900/910
f 1261/901/911 2227/900/910 2226/897/907 442/896/906
f 2227/900/910 2228/903/913 440/891/903 2226/897/907
f 230/904/89 991/905/92 2229/906/914 1263/907/915
f 991/905/92 284/908/87 2230/909/916 2229/906/914
f 1263/907/915 2229/906/914 2228/903/913 443/902/912
f 2229/906/914 2230/909/916 440/891/903 2228/903/913
f 126/910/83 1266/911/917 2231/912/918 992/913/84
f 1266/911/917 444/914/919 2232/915/920 2231/912/918
f 992/913/84 2231/912/918 2230/909/916 284/908/87
f 2231/912/918 2232/915/920 440/891/903 2230/909/916
f 45/916/921 1260/917/922 2233/918/923 1265/919/924
f 1260/917/922 441/890/902 2234/889/901 2233/918/923
f 1265/919/924 2233/918/923 2232/915/920 444/914/919
f 2233/918/923 2234/889/901 440/891/903 2232/915/920
f 131/920/850 1243/921/853 2235/922/925 1267/923/926
f 1243/921/853 431/924/848 2236/925/927 2235/922/925
f 1267/923/926 2235/922/925 2246/926/928 446/927/929
f 2235/922/925 2236/925/927 445/928/930 2246/926/928
f 235/929/844 1270/930/931 2237/931/932 1244/932/845
f 1270/930/931 447/933/933 2238/934/934 2237/931/932
f 1244/932/845 2237/931/932 2236/925/927 431/924/848
f 2237/931/932 2238/934/934 445/928/930 2236/925/927
f 116/935/935 1272/936/936 2239/937/937 1269/938/938
f 1272/936/936 448/939/939 2240/940/940 2239/937/937
f 1269/938/938 2239/937/937 2238/934/934 447/933/933
f 2239/937/937 2240/940/940 445/928/930 2238/934/934
f 236/941/64 983/942/67 2241/943/941 1271/944/942
f 983/942/67 279/945/62 2242/946/943 2241/943/941
f 1271/944/942 2241/943/941 2240/940/940 448/939/939
f 2241/943/941 2242/946/943 445/928/930 2240/940/940
f 129/947/58 1274/948/944 2243/949/945 984/950/59
f 1274/948/944 449/951/946 2244/952/947 2243/949/945
f 984/950/59 2243/949/945 2242/946/943 279/945/62
f 2243/949/945 2244/952/947 445/928/930 2242/946/943
f 41/953/948 1268/954/949 2245/955/950 1273/956/951
f 1268/954/949 446/927/929 2246/926/928 2245/955/950
f 1273/956/951 2245/955/950 2244/952/947 449/951/946
f 2245/955/950 2246/926/928 445/928/930 2244/952/947
f 134/957/228 1037/958/231 2247/959/952 1275/960/953
f 1037/958/231 311/961/223 2248/962/954 2247/959/952
f 1275/960/953 2247/959/952 2258/963/955 451/964/956
f 2247/959/952 2248/962/954 450/965/957 2258/963/955
f 241/966/219 1278/967/958 2249/968/959 1038/969/220
f 1278/967/958 452/970/960 2250/971/961 2249/968/959
f 1038/969/220 2249/968/959 2248/962/954 311/961/223
f 2249/968/959 2250/971/961 450/965/957 2248/962/954
f 108/972/962 1280/973/963 2251/974/964 1277/975/965
f 1280/973/963 453/976/966 2252/977/967 2251/974/964
f 1277/975/965 2251/974/964 2250/971/961 452/970/960
f 2251/974/964 2252/977/967 450/965/957 2250/971/961
f 242/978/131 1005/979/134 2253/980/968 1279/981/969
f 1005/979/134 292/982/129 2254/983/970 2253/980/968
f 1279/981/969 2253/980/968 2252/977/967 453/976/966
f 2253/980/968 2254/983/970 450/965/957 2252/977/967
f 132/984/125 1282/985/971 2255/986/972 1006/987/126
f 1282/985/971 454/988/973 2256/989/974 2255/986/972
f 1006/987/126 2255/986/972 2254/983/970 292/982/129
f 2255/986/972 2256/989/974 450/965/957 2254/983/970
f 25/990/975 1276/991/976 2257/992/977 1281/993/978
f 1276/991/976 451/964/956 2258/963/955 2257/992/977
f 1281/993/978 2257/992/977 2256/989/974 454/988/973
f 2257/992/977 2258/963/955 450/965/957 2256/989/974
f 137/994/783 1221/995/786 2259/996/979 1283/997/980
f 1221/995/786 418/998/781 2260/999/981 2259/996/979
f 1283/997/980 2259/996/979 2270/1000/982 456/1001/983
f 2259/996/979 2260/999/981 455/1002/984 2270/1000/982
f 247/1003/777 1286/1004/985 2261/1005/986 1222/1006/778
f 1286/1004/985 457/1007/987 2262/1008/988 2261/1005/986
f 1222/1006/778 2261/1005/986 2260/999/981 418/998/781
f 2261/1005/986 2262/1008/988 455/1002/984 2260/999/981
f 102/1009/989 1288/1010/990 2263/1011/991 1285/1012/992
f 1288/1010/990 458/1013/993 2264/1014/994 2263/1011/991
f 1285/1012/992 2263/1011/991 2262/1008/988 457/1007/987
f 2263/1011/991 2264/1014/994 455/1002/984 2262/1008/988
f 248/1015/209 1031/1016/212 2265/1017/995 1287/1018/996
f 1031/1016/212 307/1019/207 2266/1020/997 2265/1017/995
f 1287/1018/996 2265/1017/995 2264/1014/994 458/1013/993
f 2265/1017/995 2266/1020/997 455/1002/984 2264/1014/994
f 135/1021/203 1290/1022/998 2267/1023/999 1032/1024/204
f 1290/1022/998 459/1025/1000 2268/1026/1001 2267/1023/999
f 1032/1024/204 2267/1023/999 2266/1020/997 307/1019/207
f 2267/1023/999 2268/1026/1001 455/1002/984 2266/1020/997
f 21/1027/1002 1284/1028/1003 2269/1029/1004 1289/1030/1005
f 1284/1028/1003 456/1001/983 2270/1000/982 2269/1029/1004
f 1289/1030/1005 2269/1029/1004 2268/1026/1001 459/1025/1000
f 2269/1029/1004 2270/1000/982 455/1002/984 2268/1026/1001
f 140/275/373 1085/276/376 2271/1031/1006 1291/1032/1007
f 1085/276/376 339/1033/368 2272/1034/1008 2271/1031/1006
f 1291/1032/1007 2271/1031/1006 2282/1035/1009 461/1036/1010
f 2271/1031/1006 2272/1034/1008 460/1037/1011 2282/1035/1009
f 253/1038/364 1294/1039/1012 2273/1040/1013 1086/1041/365
f 1294/1039/1012 462/1042/1014 2274/1043/1015 2273/1040/1013
f 1086/1041/365 2273/1040/1013 2272/1034/1008 339/1033/368
f 2273/1040/1013 2274/1043/1015 460/1037/1011 2272/1034/1008
f 75/1044/1016 1296/1045/1017 2275/1046/1018 1293/1047/1019
f 1296/1045/1017 463/1048/1020 2276/1049/1021 2275/1046/1018
f 1293/1047/1019 2275/1046/1018 2274/1043/1015 462/1042/1014
f 2275/1046/1018 2276/1049/1021 460/1037/1011 2274/1043/1015
f 254/1050/276 1053/1051/279 2277/1052/1022 1295/1053/1023
f 1053/1051/279 320/1054/274 2278/1055/1024 2277/1052/1022
f 1295/1053/1023 2277/1052/1022 2276/1049/1021 463/1048/1020
f 2277/1052/1022 2278/1055/1024 460/1037/1011 2276/1049/1021
f 138/1056/270 1298/1057/1025 2279/1058/1026 1054/1056/271
f 1298/1057/1025 464/1059/1027 2280/1060/1028 2279/1058/1026
f 1054/1056/271 2279/1058/1026 2278/1055/1024 320/1054/274
f 2279/1058/1026 2280/1060/1028 460/1037/1011 2278/1055/1024
f 5/1061/1029 1292/1062/1030 2281/1063/1031 1297/1064/1032
f 1292/1062/1030 461/1036/1010 2282/1035/1009 2281/1063/1031
f 1297/1064/1032 2281/1063/1031 2280/1060/1028 464/1059/1027
f 2281/1063/1031 2282/1035/1009 460/1037/1011 2280/1060/1028
f 143/1065/747 1209/1066/750 2283/1067/1033 1299/1068/1034
f 1209/1066/750 411/1069/745 2284/1070/1035 2283/1067/1033
f 1299/1068/1034 2283/1067/1033 2294/1071/1036 466/1072/1037
f 2283/1067/1033 2284/1070/1035 465/1073/1038 2294/1071/1036
f 259/1074/741 1302/1075/1039 2285/1076/1040 1210/1077/742
f 1302/1075/1039 467/1078/1041 2286/1079/1042 2285/1076/1040
f 1210/1077/742 2285/1076/1040 2284/1070/1035 411/1069/745
f 2285/1076/1040 2286/1079/1042 465/1073/1038 2284/1070/1035
f 62/1080/1043 1304/1081/1044 2287/1082/1045 1301/1083/1046
f 1304/1081/1044 468/1084/1047 2288/1085/1048 2287/1082/1045
f 1301/1083/1046 2287/1082/1045 2286/1079/1042 467/1078/1041
f 2287/1082/1045 2288/1085/1048 465/1073/1038 2286/1079/1042
f 260/1086/354 1079/1087/357 2289/1088/1049 1303/1089/1050
f 1079/1087/357 335/1090/352 2290/1091/1051 2289/1088/1049
f 1303/1089/1050 2289/1088/1049 2288/1085/1048 468/1084/1047
f 2289/1088/1049 2290/1091/1051 465/1073/1038 2288/1085/1048
f 141/1092/348 1306/1093/1052 2291/1094/1053 1080/1095/349
f 1306/1093/1052 469/1096/1054 2292/1097/1055 2291/1094/1053
f 1080/1095/349 2291/1094/1053 2290/1091/1051 335/1090/352
f 2291/1094/1053 2292/1097/1055 465/1073/1038 2290/1091/1051
f 1/1098/1056 1300/1099/1057 2293/1100/1058 1305/1101/1059
f 1300/1099/1057 466/1072/1037 2294/1071/1036 2293/1100/1058
f 1305/1101/1059 2293/1100/1058 2292/1097/1055 469/1096/1054
f 2293/1100/1058 2294/1071/1036 465/1073/1038 2292/1097/1055
f 146/1102/518 1133/1103/521 2295/1104/1060 1307/1105/1061
f 1133/1103/521 367/1106/513 2296/1107/1062 2295/1104/1060
f 1307/1105/1061 2295/1104/1060 2306/1108/1063 471/1109/1064
f 2295/1104/1060 2296/1107/1062 470/1110/1065 2306/1108/1063
f 265/1111/509 1310/1112/1066 2297/1113/1067 1134/1114/510
f 1310/1112/1066 472/1115/1068 2298/1116/1069 2297/1113/1067
f 1134/1114/510 2297/1113/1067 2296/1107/1062 367/1106/513
f 2297/1113/1067 2298/1116/1069 470/1110/1065 2296/1107/1062
f 46/1117/1070 1312/1118/1071 2299/1119/1072 1309/1120/1073
f 1312/1118/1071 473/1121/1074 2300/1122/1075 2299/1119/1072
f 1309/1120/1073 2299/1119/1072 2298/1116/1069 472/1115/1068
f 2299/1119/1072 2300/1122/1075 470/1110/1065 2298/1116/1069
f 266/1123/421 1101/1124/424 2301/1125/1076 1311/1126/1077
f 1101/1124/424 348/1127/419 2302/1128/1078 2301/1125/1076
f 1311/1126/1077 2301/1125/1076 2300/1122/1075 473/1121/1074
f 2301/1125/1076 2302/1128/1078 470/1110/1065 2300/1122/1075
f 144/1129/415 1314/1130/1079 2303/1131/1080 1102/1132/416
f 1314/1130/1079 474/1133/1081 2304/1134/1082 2303/1131/1080
f 1102/1132/416 2303/1131/1080 2302/1128/1078 348/1127/419
f 2303/1131/1080 2304/1134/1082 470/1110/1065 2302/1128/1078
f 61/1135/1083 1308/1136/1084 2305/1137/1085 1313/1138/1086
f 1308/1136/1084 471/1109/1064 2306/1108/1063 2305/1137/1085
f 1313/1138/1086 2305/1137/1085 2304/1134/1082 474/1133/1081
f 2305/1137/1085 2306/1108/1063 470/1110/1065 2304/1134/1082
f 123/873/22 969/1139/25 2307/1140/1087 1258/874/890
f 969/1139/25 271/1141/20 2308/1142/1088 2307/1140/1087
f 1258/874/890 2307/1140/1087 2318/1143/1089 439/877/892
f 2307/1140/1087 2308/1142/1088 475/1144/1090 2318/1143/1089
f 221/1145/16 1316/1146/1091 2309/1147/1092 970/1148/17
f 1316/1146/1091 476/1149/1093 2310/1150/1094 2309/1147/1092
f 970/1148/17 2309/1147/1092 2308/1142/1088 271/1141/20
f 2309/1147/1092 2310/1150/1094 475/1144/1090 2308/1142/1088
f 119/1151/1095 1318/1152/1096 2311/1153/1097 1315/1154/1098
f 1318/1152/1096 477/1155/1099 2312/1156/1100 2311/1153/1097
f 1315/1154/1098 2311/1153/1097 2310/1150/1094 476/1149/1093
f 2311/1153/1097 2312/1156/1100 475/1144/1090 2310/1150/1094
f 222/795/814 1231/798/817 2313/1157/1101 1317/1158/1102
f 1231/798/817 424/793/812 2314/1159/1103 2313/1157/1101
f 1317/1158/1102 2313/1157/1101 2312/1156/1100 477/1155/1099
f 2313/1157/1101 2314/1159/1103 475/1144/1090 2312/1156/1100
f 124/789/808 1320/1160/1104 2315/1161/1105 1232/790/809
f 1320/1160/1104 478/1162/1106 2316/1163/1107 2315/1161/1105
f 1232/790/809 2315/1161/1105 2314/1159/1103 424/793/812
f 2315/1161/1105 2316/1163/1107 475/1144/1090 2314/1159/1103
f 65/879/894 1257/882/897 2317/1164/1108 1319/1165/1109
f 1257/882/897 439/877/892 2318/1143/1089 2317/1164/1108
f 1319/1165/1109 2317/1164/1108 2316/1163/1107 478/1162/1106
f 2317/1164/1108 2318/1143/1089 475/1144/1090 2316/1163/1107
f 124/789/808 1229/792/811 2319/1166/1110 1320/1160/1104
f 1229/792/811 423/784/803 2320/1167/1111 2319/1166/1110
f 1320/1160/1104 2319/1166/1110 2330/1168/1112 478/1162/1106
f 2319/1166/1110 2320/1167/1111 479/1169/1113 2330/1168/1112
f 219/780/799 1322/1170/1114 2321/1171/1115 1230/781/800
f 1322/1170/1114 480/1172/1116 2322/1173/1117 2321/1171/1115
f 1230/781/800 2321/1171/1115 2320/1167/1111 423/784/803
f 2321/1171/1115 2322/1173/1117 479/1169/1113 2320/1167/1111
f 40/1174/1118 1324/1175/1119 2323/1176/1120 1321/1177/1121
f 1324/1175/1119 481/1178/1122 2324/1179/1123 2323/1176/1120
f 1321/1177/1121 2323/1176/1120 2322/1173/1117 480/1172/1116
f 2323/1176/1120 2324/1179/1123 479/1169/1113 2322/1173/1117
f 220/1180/499 1127/1181/502 2325/1182/1124 1323/1183/1125
f 1127/1181/502 363/1184/497 2326/1185/1126 2325/1182/1124
f 1323/1183/1125 2325/1182/1124 2324/1179/1123 481/1178/1122
f 2325/1182/1124 2326/1185/1126 479/1169/1113 2324/1179/1123
f 125/846/493 1251/849/872 2327/1186/1127 1128/1187/494
f 1251/849/872 436/853/875 2328/1188/1128 2327/1186/1127
f 1128/1187/494 2327/1186/1127 2326/1185/1126 363/1184/497
f 2327/1186/1127 2328/1188/1128 479/1169/1113 2326/1185/1126
f 65/879/894 1319/1165/1109 2329/1189/1129 1252/880/895
f 1319/1165/1109 478/1162/1106 2330/1168/1112 2329/1189/1129
f 1252/880/895 2329/1189/1129 2328/1188/1128 436/853/875
f 2329/1189/1129 2330/1168/1112 479/1169/1113 2328/1188/1128
f 144/1129/415 1099/1190/418 2331/1191/1130 1314/1130/1079
f 1099/1190/418 347/1192/413 2332/1193/1131 2331/1191/1130
f 1314/1130/1079 2331/1191/1130 2342/1194/1132 474/1133/1081
f 2331/1191/1130 2332/1193/1131 482/1195/1133 2342/1194/1132
f 263/1196/409 1326/1197/1134 2333/1198/1135 1100/1199/410
f 1326/1197/1134 483/1200/1136 2334/1201/1137 2333/1198/1135
f 1100/1199/410 2333/1198/1135 2332/1193/1131 347/1192/413
f 2333/1198/1135 2334/1201/1137 482/1195/1133 2332/1193/1131
f 50/1202/1138 1328/1203/1139 2335/1204/1140 1325/1205/1141
f 1328/1203/1139 484/1206/1142 2336/1207/1143 2335/1204/1140
f 1325/1205/1141 2335/1204/1140 2334/1201/1137 483/1200/1136
f 2335/1204/1140 2336/1207/1143 482/1195/1133 2334/1201/1137
f 264/678/669 1183/681/672 2337/1208/1144 1327/1209/1145
f 1183/681/672 396/676/667 2338/1210/1146 2337/1208/1144
f 1327/1209/1145 2337/1208/1144 2336/1207/1143 484/1206/1142
f 2337/1208/1144 2338/1210/1146 482/1195/1133 2336/1207/1143
f 145/672/663 1330/1211/1147 2339/1212/1148 1184/673/664
f 1330/1211/1147 485/1213/1149 2340/1214/1150 2339/1212/1148
f 1184/673/664 2339/1212/1148 2338/1210/1146 396/676/667
f 2339/1212/1148 2340/1214/1150 482/1195/1133 2338/1210/1146
f 61/1135/1083 1313/1138/1086 2341/1215/1151 1329/1216/1152
f 1313/1138/1086 474/1133/1081 2342/1194/1132 2341/1215/1151
f 1329/1216/1152 2341/1215/1151 2340/1214/1150 485/1213/1149
f 2341/1215/1151 2342/1194/1132 482/1195/1133 2340/1214/1150
f 145/672/663 1181/675/666 2343/1217/1153 1330/1211/1147
f 1181/675/666 395/667/658 2344/1218/1154 2343/1217/1153
f 1330/1211/1147 2343/1217/1153 2354/1219/1155 485/1213/1149
f 2343/1217/1153 2344/1218/1154 486/1220/1156 2354/1219/1155
f 261/663/654 1332/1221/1157 2345/1222/1158 1182/664/655
f 1332/1221/1157 487/1223/1159 2346/1224/1160 2345/1222/1158
f 1182/664/655 2345/1222/1158 2344/1218/1154 395/667/658
f 2345/1222/1158 2346/1224/1160 486/1220/1156 2344/1218/1154
f 35/1225/1161 1334/1226/1162 2347/1227/1163 1331/1228/1164
f 1334/1226/1162 488/1229/1165 2348/1230/1166 2347/1227/1163
f 1331/1228/1164 2347/1227/1163 2346/1224/1160 487/1223/1159
f 2347/1227/1163 2348/1230/1166 486/1220/1156 2346/1224/1160
f 262/1231/524 1135/1232/527 2349/1233/1167 1333/1234/1168
f 1135/1232/527 368/1235/522 2350/1236/1169 2349/1233/1167
f 1333/1234/1168 2349/1233/1167 2348/1230/1166 488/1229/1165
f 2349/1233/1167 2350/1236/1169 486/1220/1156 2348/1230/1166
f 146/1102/518 1307/1105/1061 2351/1237/1170 1136/1238/519
f 1307/1105/1061 471/1109/1064 2352/1239/1171 2351/1237/1170
f 1136/1238/519 2351/1237/1170 2350/1236/1169 368/1235/522
f 2351/1237/1170 2352/1239/1171 486/1220/1156 2350/1236/1169
f 61/1135/1083 1329/1216/1152 2353/1240/1172 1308/1136/1084
f 1329/1216/1152 485/1213/1149 2354/1219/1155 2353/1240/1172
f 1308/1136/1084 2353/1240/1172 2352/1239/1171 471/1109/1064
f 2353/1240/1172 2354/1219/1155 486/1220/1156 2352/1239/1171
f 126/910/83 989/1241/86 2355/1242/1173 1266/911/917
f 989/1241/86 283/1243/78 2356/1244/1174 2355/1242/1173
f 1266/911/917 2355/1242/1173 2366/1245/1175 444/914/919
f 2355/1242/1173 2356/1244/1174 489/1246/1176 2366/1245/1175
f 227/1247/74 1336/1248/1177 2357/1249/1178 990/1250/75
f 1336/1248/1177 490/1251/1179 2358/1252/1180 2357/1249/1178
f 990/1250/75 2357/1249/1178 2356/1244/1174 283/1243/78
f 2357/1249/1178 2358/1252/1180 489/1246/1176 2356/1244/1174
f 113/1253/1181 1338/1254/1182 2359/1255/1183 1335/1256/1184
f 1338/1254/1182 491/1257/1185 2360/1258/1186 2359/1255/1183
f 1335/1256/1184 2359/1255/1183 2358/1252/1180 490/1251/1179
f 2359/1255/1183 2360/1258/1186 489/1246/1176 2358/1252/1180
f 228/577/566 1149/580/569 2361/1259/1187 1337/1260/1188
f 1149/580/569 376/575/564 2362/1261/1189 2361/1259/1187
f 1337/1260/1188 2361/1259/1187 2360/1258/1186 491/1257/1185
f 2361/1259/1187 2362/1261/1189 489/1246/1176 2360/1258/1186
f 127/571/560 1340/1262/1190 2363/1263/1191 1150/572/561
f 1340/1262/1190 492/1264/1192 2364/1265/1193 2363/1263/1191
f 1150/572/561 2363/1263/1191 2362/1261/1189 376/575/564
f 2363/1263/1191 2364/1265/1193 489/1246/1176 2362/1261/1189
f 45/916/921 1265/919/924 2365/1266/1194 1339/1267/1195
f 1265/919/924 444/914/919 2366/1245/1175 2365/1266/1194
f 1339/1267/1195 2365/1266/1194 2364/1265/1193 492/1264/1192
f 2365/1266/1194 2366/1245/1175 489/1246/1176 2364/1265/1193
f 127/571/560 1147/574/563 2367/1268/1196 1340/1262/1190
f 1147/574/563 375/569/558 2368/1269/1197 2367/1268/1196
f 1340/1262/1190 2367/1268/1196 2378/1270/1198 492/1264/1192
f 2367/1268/1196 2368/1269/1197 493/1271/1199 2378/1270/1198
f 225/565/554 1342/1272/1200 2369/1273/1201 1148/566/555
f 1342/1272/1200 494/1274/1202 2370/1275/1203 2369/1273/1201
f 1148/566/555 2369/1273/1201 2368/1269/1197 375/569/558
f 2369/1273/1201 2370/1275/1203 493/1271/1199 2368/1269/1197
f 26/1276/1204 1344/1277/1205 2371/1278/1206 1341/1279/1207
f 1344/1277/1205 495/1280/1208 2372/1281/1209 2371/1278/1206
f 1341/1279/1207 2371/1278/1206 2370/1275/1203 494/1274/1202
f 2371/1278/1206 2372/1281/1209 493/1271/1199 2370/1275/1203
f 226/1282/608 1163/1283/611 2373/1284/1210 1343/1285/1211
f 1163/1283/611 384/1286/606 2374/1287/1212 2373/1284/1210
f 1343/1285/1211 2373/1284/1210 2372/1281/1209 495/1280/1208
f 2373/1284/1210 2374/1287/1212 493/1271/1199 2372/1281/1209
f 128/883/602 1259/886/899 2375/1288/1213 1164/1289/603
f 1259/886/899 441/890/902 2376/1290/1214 2375/1288/1213
f 1164/1289/603 2375/1288/1213 2374/1287/1212 384/1286/606
f 2375/1288/1213 2376/1290/1214 493/1271/1199 2374/1287/1212
f 45/916/921 1339/1267/1195 2377/1291/1215 1260/917/922
f 1339/1267/1195 492/1264/1192 2378/1270/1198 2377/1291/1215
f 1260/917/922 2377/1291/1215 2376/1290/1214 441/890/902
f 2377/1291/1215 2378/1270/1198 493/1271/1199 2376/1290/1214
f 129/947/58 981/1292/61 2379/1293/1216 1274/948/944
f 981/1292/61 278/1294/56 2380/1295/1217 2379/1293/1216
f 1274/948/944 2379/1293/1216 2390/1296/1218 449/951/946
f 2379/1293/1216 2380/1295/1217 496/1297/1219 2390/1296/1218
f 233/1298/52 1346/1299/1220 2381/1300/1221 982/1301/53
f 1346/1299/1220 497/1302/1222 2382/1303/1223 2381/1300/1221
f 982/1301/53 2381/1300/1221 2380/1295/1217 278/1294/56
f 2381/1300/1221 2382/1303/1223 496/1297/1219 2380/1295/1217
f 117/1304/1224 1348/1305/1225 2383/1306/1226 1345/1307/1227
f 1348/1305/1225 498/1308/1228 2384/1309/1229 2383/1306/1226
f 1345/1307/1227 2383/1306/1226 2382/1303/1223 497/1302/1222
f 2383/1306/1226 2384/1309/1229 496/1297/1219 2382/1303/1223
f 234/176/173 1019/179/176 2385/1310/1230 1347/1311/1231
f 1019/179/176 300/174/171 2386/1312/1232 2385/1310/1230
f 1347/1311/1231 2385/1310/1230 2384/1309/1229 498/1308/1228
f 2385/1310/1230 2386/1312/1232 496/1297/1219 2384/1309/1229
f 130/170/167 1350/1313/1233 2387/1314/1234 1020/171/168
f 1350/1313/1233 499/1315/1235 2388/1316/1236 2387/1314/1234
f 1020/171/168 2387/1314/1234 2386/1312/1232 300/174/171
f 2387/1314/1234 2388/1316/1236 496/1297/1219 2386/1312/1232
f 41/953/948 1273/956/951 2389/1317/1237 1349/1318/1238
f 1273/956/951 449/951/946 2390/1296/1218 2389/1317/1237
f 1349/1318/1238 2389/1317/1237 2388/1316/1236 499/1315/1235
f 2389/1317/1237 2390/1296/1218 496/1297/1219 2388/1316/1236
f 130/170/167 1017/173/170 2391/1319/1239 1350/1313/1233
f 1017/173/170 299/168/165 2392/1320/1240 2391/1319/1239
f 1350/1313/1233 2391/1319/1239 2402/1321/1241 499/1315/1235
f 2391/1319/1239 2392/1320/1240 500/1322/1242 2402/1321/1241
f 231/164/161 1352/1323/1243 2393/1324/1244 1018/165/162
f 1352/1323/1243 501/1325/1245 2394/1326/1246 2393/1324/1244
f 1018/165/162 2393/1324/1244 2392/1320/1240 299/168/165
f 2393/1324/1244 2394/1326/1246 500/1322/1242 2392/1320/1240
f 105/1327/1247 1354/1328/1248 2395/1329/1249 1351/1330/1250
f 1354/1328/1248 502/1331/1251 2396/1332/1252 2395/1329/1249
f 1351/1330/1250 2395/1329/1249 2394/1326/1246 501/1325/1245
f 2395/1329/1249 2396/1332/1252 500/1322/1242 2394/1326/1246
f 232/1333/856 1245/1334/859 2397/1335/1253 1353/1336/1254
f 1245/1334/859 432/1337/854 2398/1338/1255 2397/1335/1253
f 1353/1336/1254 2397/1335/1253 2396/1332/1252 502/1331/1251
f 2397/1335/1253 2398/1338/1255 500/1322/1242 2396/1332/1252
f 131/920/850 1267/923/926 2399/1339/1256 1246/1340/851
f 1267/923/926 446/927/929 2400/1341/1257 2399/1339/1256
f 1246/1340/851 2399/1339/1256 2398/1338/1255 432/1337/854
f 2399/1339/1256 2400/1341/1257 500/1322/1242 2398/1338/1255
f 41/953/948 1349/1318/1238 2401/1342/1258 1268/954/949
f 1349/1318/1238 499/1315/1235 2402/1321/1241 2401/1342/1258
f 1268/954/949 2401/1342/1258 2400/1341/1257 446/927/929
f 2401/1342/1258 2402/1321/1241 500/1322/1242 2400/1341/1257
f 132/984/125 1003/1343/128 2403/1344/1259 1282/985/971
f 1003/1343/128 291/1345/123 2404/1346/1260 2403/1344/1259
f 1282/985/971 2403/1344/1259 2414/1347/1261 454/988/973
f 2403/1344/1259 2404/1346/1260 503/1348/1262 2414/1347/1261
f 239/1349/119 1356/1350/1263 2405/1351/1264 1004/1352/120
f 1356/1350/1263 504/1353/1265 2406/1354/1266 2405/1351/1264
f 1004/1352/120 2405/1351/1264 2404/1346/1260 291/1345/123
f 2405/1351/1264 2406/1354/1266 503/1348/1262 2404/1346/1260
f 109/1355/1267 1358/1356/1268 2407/1357/1269 1355/1358/1270
f 1358/1356/1268 505/1359/1271 2408/1360/1272 2407/1357/1269
f 1355/1358/1270 2407/1357/1269 2406/1354/1266 504/1353/1265
f 2407/1357/1269 2408/1360/1272 503/1348/1262 2406/1354/1266
f 240/653/644 1175/656/647 2409/1361/1273 1357/1362/1274
f 1175/656/647 391/651/642 2410/1363/1275 2409/1361/1273
f 1357/1362/1274 2409/1361/1273 2408/1360/1272 505/1359/1271
f 2409/1361/1273 2410/1363/1275 503/1348/1262 2408/1360/1272
f 133/647/638 1360/1364/1276 2411/1365/1277 1176/648/639
f 1360/1364/1276 506/1366/1278 2412/1367/1279 2411/1365/1277
f 1176/648/639 2411/1365/1277 2410/1363/1275 391/651/642
f 2411/1365/1277 2412/1367/1279 503/1348/1262 2410/1363/1275
f 25/990/975 1281/993/978 2413/1368/1280 1359/1369/1281
f 1281/993/978 454/988/973 2414/1347/1261 2413/1368/1280
f 1359/1369/1281 2413/1368/1280 2412/1367/1279 506/1366/1278
f 2413/1368/1280 2414/1347/1261 503/1348/1262 2412/1367/1279
f 133/647/638 1173/650/641 2415/1370/1282 1360/1364/1276
f 1173/650/641 390/645/636 2416/1371/1283 2415/1370/1282
f 1360/1364/1276 2415/1370/1282 2426/1372/1284 506/1366/1278
f 2415/1370/1282 2416/1371/1283 507/1373/1285 2426/1372/1284
f 237/641/632 1362/1374/1286 2417/1375/1287 1174/642/633
f 1362/1374/1286 508/1376/1288 2418/1377/1289 2417/1375/1287
f 1174/642/633 2417/1375/1287 2416/1371/1283 390/645/636
f 2417/1375/1287 2418/1377/1289 507/1373/1285 2416/1371/1283
f 100/1378/1290 1364/1379/1291 2419/1380/1292 1361/1381/1293
f 1364/1379/1291 509/1382/1294 2420/1383/1295 2419/1380/1292
f 1361/1381/1293 2419/1380/1292 2418/1377/1289 508/1376/1288
f 2419/1380/1292 2420/1383/1295 507/1373/1285 2418/1377/1289
f 238/1384/234 1039/1385/237 2421/1386/1296 1363/1387/1297
f 1039/1385/237 312/1388/232 2422/1389/1298 2421/1386/1296
f 1363/1387/1297 2421/1386/1296 2420/1383/1295 509/1382/1294
f 2421/1386/1296 2422/1389/1298 507/1373/1285 2420/1383/1295
f 134/957/228 1275/960/953 2423/1390/1299 1040/1391/229
f 1275/960/953 451/964/956 2424/1392/1300 2423/1390/1299
f 1040/1391/229 2423/1390/1299 2422/1389/1298 312/1388/232
f 2423/1390/1299 2424/1392/1300 507/1373/1285 2422/1389/1298
f 25/990/975 1359/1369/1281 2425/1393/1301 1276/991/976
f 1359/1369/1281 506/1366/1278 2426/1372/1284 2425/1393/1301
f 1276/991/976 2425/1393/1301 2424/1392/1300 451/964/956
f 2425/1393/1301 2426/1372/1284 507/1373/1285 2424/1392/1300
f 135/1021/203 1029/1394/206 2427/1395/1302 1290/1022/998
f 1029/1394/206 306/1396/201 2428/1397/1303 2427/1395/1302
f 1290/1022/998 2427/1395/1302 2438/1398/1304 459/1025/1000
f 2427/1395/1302 2428/1397/1303 510/1399/1305 2438/1398/1304
f 245/1400/197 1366/1401/1306 2429/1402/1307 1030/1403/198
f 1366/1401/1306 511/1404/1308 2430/1405/1309 2429/1402/1307
f 1030/1403/198 2429/1402/1307 2428/1397/1303 306/1396/201
f 2429/1402/1307 2430/1405/1309 510/1399/1305 2428/1397/1303
f 103/1406/1310 1368/1407/1311 2431/1408/1312 1365/1409/1313
f 1368/1407/1311 512/1410/1314 2432/1411/1315 2431/1408/1312
f 1365/1409/1313 2431/1408/1312 2430/1405/1309 511/1404/1308
f 2431/1408/1312 2432/1411/1315 510/1399/1305 2430/1405/1309
f 246/324/318 1067/327/321 2433/1412/1316 1367/1413/1317
f 1067/327/321 328/322/316 2434/1414/1318 2433/1412/1316
f 1367/1413/1317 2433/1412/1316 2432/1411/1315 512/1410/1314
f 2433/1412/1316 2434/1414/1318 510/1399/1305 2432/1411/1315
f 136/318/312 1370/1415/1319 2435/1416/1320 1068/319/313
f 1370/1415/1319 513/1417/1321 2436/1418/1322 2435/1416/1320
f 1068/319/313 2435/1416/1320 2434/1414/1318 328/322/316
f 2435/1416/1320 2436/1418/1322 510/1399/1305 2434/1414/1318
f 21/1027/1002 1289/1030/1005 2437/1419/1323 1369/1420/1324
f 1289/1030/1005 459/1025/1000 2438/1398/1304 2437/1419/1323
f 1369/1420/1324 2437/1419/1323 2436/1418/1322 513/1417/1321
f 2437/1419/1323 2438/1398/1304 510/1399/1305 2436/1418/1322
f 136/318/312 1065/321/315 2439/1421/1325 1370/1415/1319
f 1065/321/315 327/316/310 2440/1422/1326 2439/1421/1325
f 1370/1415/1319 2439/1421/1325 2450/1423/1327 513/1417/1321
f 2439/1421/1325 2440/1422/1326 514/1424/1328 2450/1423/1327
f 243/312/306 1372/1425/1329 2441/1426/1330 1066/313/307
f 1372/1425/1329 515/1427/1331 2442/1428/1332 2441/1426/1330
f 1066/313/307 2441/1426/1330 2440/1422/1326 327/316/310
f 2441/1426/1330 2442/1428/1332 514/1424/1328 2440/1422/1326
f 66/1429/1333 1374/1430/1334 2443/1431/1335 1371/1432/1336
f 1374/1430/1334 516/1433/1337 2444/1434/1338 2443/1431/1335
f 1371/1432/1336 2443/1431/1335 2442/1428/1332 515/1427/1331
f 2443/1431/1335 2444/1434/1338 514/1424/1328 2442/1428/1332
f 244/1435/789 1223/1436/792 2445/1437/1339 1373/1438/1340
f 1223/1436/792 419/1439/787 2446/1440/1341 2445/1437/1339
f 1373/1438/1340 2445/1437/1339 2444/1434/1338 516/1433/1337
f 2445/1437/1339 2446/1440/1341 514/1424/1328 2444/1434/1338
f 137/994/783 1283/997/980 2447/1441/1342 1224/1442/784
f 1283/997/980 456/1001/983 2448/1443/1343 2447/1441/1342
f 1224/1442/784 2447/1441/1342 2446/1440/1341 419/1439/787
f 2447/1441/1342 2448/1443/1343 514/1424/1328 2446/1440/1341
f 21/1027/1002 1369/1420/1324 2449/1444/1344 1284/1028/1003
f 1369/1420/1324 513/1417/1321 2450/1423/1327 2449/1444/1344
f 1284/1028/1003 2449/1444/1344 2448/1443/1343 456/1001/983
f 2449/1444/1344 2450/1423/1327 514/1424/1328 2448/1443/1343
f 138/1056/270 1051/1056/273 2451/1058/1345 1298/1057/1025
f 1051/1056/273 319/1054/268 2452/1055/1346 2451/1058/1345
f 1298/1057/1025 2451/1058/1345 2462/1060/1347 464/1059/1027
f 2451/1058/1345 2452/1055/1346 517/1445/1348 2462/1060/1347
f 251/1050/264 1376/1053/1349 2453/1446/1350 1052/1051/265
f 1376/1053/1349 518/1048/1351 2454/1049/1352 2453/1446/1350
f 1052/1051/265 2453/1446/1350 2452/1055/1346 319/1054/268
f 2453/1446/1350 2454/1049/1352 517/1445/1348 2452/1055/1346
f 76/1044/1353 1378/1047/1354 2455/1447/1355 1375/1045/1356
f 1378/1047/1354 519/1448/1357 2456/1449/1358 2455/1447/1355
f 1375/1045/1356 2455/1447/1355 2454/1049/1352 518/1048/1351
f 2455/1447/1355 2456/1449/1358 517/1445/1348 2454/1049/1352
f 252/711/711 1197/714/714 2457/1450/1359 1377/1451/1360
f 1197/714/714 404/709/709 2458/1452/1361 2457/1450/1359
f 1377/1451/1360 2457/1450/1359 2456/1449/1358 519/1448/1357
f 2457/1450/1359 2458/1452/1361 517/1445/1348 2456/1449/1358
f 139/705/705 1380/1453/1362 2459/1454/1363 1198/706/706
f 1380/1453/1362 520/1455/1364 2460/1456/1365 2459/1454/1363
f 1198/706/706 2459/1454/1363 2458/1452/1361 404/709/709
f 2459/1454/1363 2460/1456/1365 517/1445/1348 2458/1452/1361
f 5/1061/1029 1297/1064/1032 2461/1063/1366 1379/1062/1367
f 1297/1064/1032 464/1059/1027 2462/1060/1347 2461/1063/1366
f 1379/1062/1367 2461/1063/1366 2460/1456/1365 520/1455/1364
f 2461/1063/1366 2462/1060/1347 517/1445/1348 2460/1456/1365
f 139/705/705 1195/708/708 2463/1457/1368 1380/1453/1362
f 1195/708/708 403/703/703 2464/1458/1369 2463/1457/1368
f 1380/1453/1362 2463/1457/1368 2474/1459/1370 520/1455/1364
f 2463/1457/1368 2464/1458/1369 521/1460/1371 2474/1459/1370
f 249/699/699 1382/1461/1372 2465/1462/1373 1196/700/700
f 1382/1461/1372 522/1463/1374 2466/1464/1375 2465/1462/1373
f 1196/700/700 2465/1462/1373 2464/1458/1369 403/703/703
f 2465/1462/1373 2466/1464/1375 521/1460/1371 2464/1458/1369
f 56/1465/1376 1384/1465/1377 2467/1466/1378 1381/1465/1379
f 1384/1465/1377 523/1467/1380 2468/1468/1381 2467/1466/1378
f 1381/1465/1379 2467/1466/1378 2466/1464/1375 522/1463/1374
f 2467/1466/1378 2468/1468/1381 521/1460/1371 2466/1464/1375
f 250/1469/379 1087/1470/382 2469/1471/1382 1383/1472/1383
f 1087/1470/382 340/1473/377 2470/1474/1384 2469/1471/1382
f 1383/1472/1383 2469/1471/1382 2468/1468/1381 523/1467/1380
f 2469/1471/1382 2470/1474/1384 521/1460/1371 2468/1468/1381
f 140/275/373 1291/1032/1007 2471/1475/1385 1088/278/374
f 1291/1032/1007 461/1036/1010 2472/1476/1386 2471/1475/1385
f 1088/278/374 2471/1475/1385 2470/1474/1384 340/1473/377
f 2471/1475/1385 2472/1476/1386 521/1460/1371 2470/1474/1384
f 5/1061/1029 1379/1062/1367 2473/1477/1387 1292/1062/1030
f 1379/1062/1367 520/1455/1364 2474/1459/1370 2473/1477/1387
f 1292/1062/1030 2473/1477/1387 2472/1476/1386 461/1036/1010
f 2473/1477/1387 2474/1459/1370 521/1460/1371 2472/1476/1386
f 141/1092/348 1077/1478/351 2475/1479/1388 1306/1093/1052
f 1077/1478/351 334/1480/346 2476/1481/1389 2475/1479/1388
f 1306/1093/1052 2475/1479/1388 2486/1482/1390 469/1096/1054
f 2475/1479/1388 2476/1481/1389 524/1483/1391 2486/1482/1390
f 257/1484/342 1386/1485/1392 2477/1486/1393 1078/1487/343
f 1386/1485/1392 525/1488/1394 2478/1489/1395 2477/1486/1393
f 1078/1487/343 2477/1486/1393 2476/1481/1389 334/1480/346
f 2477/1486/1393 2478/1489/1395 524/1483/1391 2476/1481/1389
f 63/1490/1396 1388/1491/1397 2479/1492/1398 1385/1493/1399
f 1388/1491/1397 526/1494/1400 2480/1495/1401 2479/1492/1398
f 1385/1493/1399 2479/1492/1398 2478/1489/1395 525/1488/1394
f 2479/1492/1398 2480/1495/1401 524/1483/1391 2478/1489/1395
f 258/472/463 1115/475/466 2481/1496/1402 1387/1497/1403
f 1115/475/466 356/470/461 2482/1498/1404 2481/1496/1402
f 1387/1497/1403 2481/1496/1402 2480/1495/1401 526/1494/1400
f 2481/1496/1402 2482/1498/1404 524/1483/1391 2480/1495/1401
f 142/466/457 1390/1499/1405 2483/1500/1406 1116/467/458
f 1390/1499/1405 527/1501/1407 2484/1502/1408 2483/1500/1406
f 1116/467/458 2483/1500/1406 2482/1498/1404 356/470/461
f 2483/1500/1406 2484/1502/1408 524/1483/1391 2482/1498/1404
f 1/1098/1056 1305/1101/1059 2485/1503/1409 1389/1504/1410
f 1305/1101/1059 469/1096/1054 2486/1482/1390 2485/1503/1409
f 1389/1504/1410 2485/1503/1409 2484/1502/1408 527/1501/1407
f 2485/1503/1409 2486/1482/1390 524/1483/1391 2484/1502/1408
f 142/466/457 1113/469/460 2487/1505/1411 1390/1499/1405
f 1113/469/460 355/464/455 2488/1506/1412 2487/1505/1411
f 1390/1499/1405 2487/1505/1411 2498/1507/1413 527/1501/1407
f 2487/1505/1411 2488/1506/1412 528/1508/1414 2498/1507/1413
f 255/460/451 1392/1509/1415 2489/1510/1416 1114/461/452
f 1392/1509/1415 529/1511/1417 2490/1512/1418 2489/1510/1416
f 1114/461/452 2489/1510/1416 2488/1506/1412 355/464/455
f 2489/1510/1416 2490/1512/1418 528/1508/1414 2488/1506/1412
f 42/1513/1419 1394/1514/1420 2491/1515/1421 1391/1516/1422
f 1394/1514/1420 530/1517/1423 2492/1518/1424 2491/1515/1421
f 1391/1516/1422 2491/1515/1421 2490/1512/1418 529/1511/1417
f 2491/1515/1421 2492/1518/1424 528/1508/1414 2490/1512/1418
f 256/1519/753 1211/1520/756 2493/1521/1425 1393/1522/1426
f 1211/1520/756 412/1523/751 2494/1524/1427 2493/1521/1425
f 1393/1522/1426 2493/1521/1425 2492/1518/1424 530/1517/1423
f 2493/1521/1425 2494/1524/1427 528/1508/1414 2492/1518/1424
f 143/1065/747 1299/1068/1034 2495/1525/1428 1212/1526/748
f 1299/1068/1034 466/1072/1037 2496/1527/1429 2495/1525/1428
f 1212/1526/748 2495/1525/1428 2494/1524/1427 412/1523/751
f 2495/1525/1428 2496/1527/1429 528/1508/1414 2494/1524/1427
f 1/1098/1056 1389/1504/1410 2497/1528/1430 1300/1099/1057
f 1389/1504/1410 527/1501/1407 2498/1507/1413 2497/1528/1430
f 1300/1099/1057 2497/1528/1430 2496/1527/1429 466/1072/1037
f 2497/1528/1430 2498/1507/1413 528/1508/1414 2496/1527/1429
f 7/1/1 1396/1529/1 2499/1530/1431 966/2/2
f 1396/1529/1 532/1531/1 2500/1532/1432 2499/1530/1431
f 966/2/2 2499/1530/1431 2506/1533/1433 269/5/5
f 2499/1530/1431 2500/1532/1432 531/1534/1434 2506/1533/1433
f 12/1535/1 1398/1536/1435 2501/1537/1436 1395/1538/1
f 1398/1536/1435 533/1539/1437 2502/1540/1438 2501/1537/1436
f 1395/1538/1 2501/1537/1436 2500/1532/1432 532/1531/1
f 2501/1537/1436 2502/1540/1438 531/1534/1434 2500/1532/1432
f 157/1541/1439 1400/1542/1440 2503/1543/1441 1397/1544/1442
f 1400/1542/1440 534/1545/1443 2504/1546/1444 2503/1543/1441
f 1397/1544/1442 2503/1543/1441 2502/1540/1438 533/1539/1437
f 2503/1543/1441 2504/1546/1444 531/1534/1434 2502/1540/1438
f 153/10/10 965/13/13 2505/1547/1445 1399/1548/1446
f 965/13/13 269/5/5 2506/1533/1433 2505/1547/1445
f 1399/1548/1446 2505/1547/1445 2504/1546/1444 534/1545/1443
f 2505/1547/1445 2506/1533/1433 531/1534/1434 2504/1546/1444
f 12/1535/1 1402/1549/1 2507/1550/1447 1398/1536/1435
f 1402/1549/1 536/1551/1 2508/1552/1448 2507/1550/1447
f 1398/1536/1435 2507/1550/1447 2514/1553/1449 533/1539/1437
f 2507/1550/1447 2508/1552/1448 535/1554/1450 2514/1553/1449
f 17/38/1 975/41/40 2509/1555/1451 1401/1556/1
f 975/41/40 275/45/44 2510/1557/1452 2509/1555/1451
f 1401/1556/1 2509/1555/1451 2508/1552/1448 536/1551/1
f 2509/1555/1451 2510/1557/1452 535/1554/1450 2508/1552/1448
f 161/71/70 1404/1558/1453 2511/1559/1454 976/72/71
f 1404/1558/1453 537/1560/1455 2512/1561/1456 2511/1559/1454
f 976/72/71 2511/1559/1454 2510/1557/1452 275/45/44
f 2511/1559/1454 2512/1561/1456 535/1554/1450 2510/1557/1452
f 157/1541/1439 1397/1544/1442 2513/1562/1457 1403/1563/1458
f 1397/1544/1442 533/1539/1437 2514/1553/1449 2513/1562/1457
f 1403/1563/1458 2513/1562/1457 2512/1561/1456 537/1560/1455
f 2513/1562/1457 2514/1553/1449 535/1554/1450 2512/1561/1456
f 149/1564/1459 1408/1565/1460 2515/1566/1461 1405/1567/1462
f 1408/1565/1460 540/1568/1463 2516/1569/1464 2515/1566/1461
f 1405/1567/1462 2515/1566/1461 2522/1570/1465 539/1571/1466
f 2515/1566/1461 2516/1569/1464 538/1572/1467 2522/1570/1465
f 8/1573/1 1410/1574/1 2517/1575/1468 1407/1576/1469
f 1410/1574/1 541/1577/1 2518/1578/1470 2517/1575/1468
f 1407/1576/1469 2517/1575/1468 2516/1569/1464 540/1568/1463
f 2517/1575/1468 2518/1578/1470 538/1572/1467 2516/1569/1464
f 7/1/1 963/4/4 2519/1579/1471 1409/1580/1
f 963/4/4 268/8/8 2520/1581/1472 2519/1579/1471
f 1409/1580/1 2519/1579/1471 2518/1578/1470 541/1577/1
f 2519/1579/1471 2520/1581/1472 538/1572/1467 2518/1578/1470
f 147/34/34 1406/1582/1473 2521/1583/1474 964/35/35
f 1406/1582/1473 539/1571/1466 2522/1570/1465 2521/1583/1474
f 964/35/35 2521/1583/1474 2520/1581/1472 268/8/8
f 2521/1583/1474 2522/1570/1465 538/1572/1467 2520/1581/1472
f 8/1573/1 1412/1584/1 2523/1585/1 1410/1574/1
f 1412/1584/1 543/1586/1 2524/1587/1 2523/1585/1
f 1410/1574/1 2523/1585/1 2530/1588/1 541/1577/1
f 2523/1585/1 2524/1587/1 542/1589/1 2530/1588/1
f 13/1590/1 1414/1591/1 2525/1592/1 1411/1593/1
f 1414/1591/1 544/1594/1 2526/1595/1 2525/1592/1
f 1411/1593/1 2525/1592/1 2524/1587/1 543/1586/1
f 2525/1592/1 2526/1595/1 542/1589/1 2524/1587/1
f 12/1535/1 1395/1538/1 2527/1596/1 1413/1597/1
f 1395/1538/1 532/1531/1 2528/1598/1 2527/1596/1
f 1413/1597/1 2527/1596/1 2526/1595/1 544/1594/1
f 2527/1596/1 2528/1598/1 542/1589/1 2526/1595/1
f 7/1/1 1409/1580/1 2529/1599/1 1396/1529/1
f 1409/1580/1 541/1577/1 2530/1588/1 2529/1599/1
f 1396/1529/1 2529/1599/1 2528/1598/1 532/1531/1
f 2529/1599/1 2530/1588/1 542/1589/1 2528/1598/1
f 13/1590/1 1416/1600/1 2531/1601/1 1414/1591/1
f 1416/1600/1 546/1602/1 2532/1603/1 2531/1601/1
f 1414/1591/1 2531/1601/1 2538/1604/1 544/1594/1
f 2531/1601/1 2532/1603/1 545/1605/1 2538/1604/1
f 18/1606/1 1418/1607/1 2533/1608/1 1415/1609/1
f 1418/1607/1 547/1610/1 2534/1611/1 2533/1608/1
f 1415/1609/1 2533/1608/1 2532/1603/1 546/1602/1
f 2533/1608/1 2534/1611/1 545/1605/1 2532/1603/1
f 17/38/1 1401/1556/1 2535/1612/1 1417/1613/1
f 1401/1556/1 536/1551/1 2536/1614/1 2535/1612/1
f 1417/1613/1 2535/1612/1 2534/1611/1 547/1610/1
f 2535/1612/1 2536/1614/1 545/1605/1 2534/1611/1
f 12/1535/1 1413/1597/1 2537/1615/1 1402/1549/1
f 1413/1597/1 544/1594/1 2538/1604/1 2537/1615/1
f 1402/1549/1 2537/1615/1 2536/1614/1 536/1551/1
f 2537/1615/1 2538/1604/1 545/1605/1 2536/1614/1
f 18/1606/1 1420/1616/1475 2539/1617/1476 1418/1607/1
f 1420/1616/1475 549/1618/1477 2540/1619/1478 2539/1617/1476
f 1418/1607/1 2539/1617/1476 2546/1620/1479 547/1610/1
f 2539/1617/1476 2540/1619/1478 548/1621/1480 2546/1620/1479
f 167/1622/1481 1422/1623/1482 2541/1624/1483 1419/1625/1484
f 1422/1623/1482 550/1626/1485 2542/1627/1486 2541/1624/1483
f 1419/1625/1484 2541/1624/1483 2540/1619/1478 549/1618/1477
f 2541/1624/1483 2542/1627/1486 548/1621/1480 2540/1619/1478
f 165/47/46 977/50/49 2543/1628/1487 1421/1629/1488
f 977/50/49 276/42/41 2544/1630/1489 2543/1628/1487
f 1421/1629/1488 2543/1628/1487 2542/1627/1486 550/1626/1485
f 2543/1628/1487 2544/1630/1489 548/1621/1480 2542/1627/1486
f 17/38/1 1417/1613/1 2545/1631/1490 978/39/38
f 1417/1613/1 547/1610/1 2546/1620/1479 2545/1631/1490
f 978/39/38 2545/1631/1490 2544/1630/1489 276/42/41
f 2545/1631/1490 2546/1620/1479 548/1621/1480 2544/1630/1489
f 151/108/106 997/111/109 2547/1632/1491 1423/1633/1492
f 997/111/109 287/106/104 2548/1634/1493 2547/1632/1491
f 1423/1633/1492 2547/1632/1491 2554/1635/1494 552/1636/1495
f 2547/1632/1491 2548/1634/1493 551/1637/1496 2554/1635/1494
f 9/102/1 1426/1638/1 2549/1639/1497 998/103/101
f 1426/1638/1 553/1640/1 2550/1641/1498 2549/1639/1497
f 998/103/101 2549/1639/1497 2548/1634/1493 287/106/104
f 2549/1639/1497 2550/1641/1498 551/1637/1496 2548/1634/1493
f 8/1573/1 1407/1576/1469 2551/1642/1499 1425/1643/1
f 1407/1576/1469 540/1568/1463 2552/1644/1500 2551/1642/1499
f 1425/1643/1 2551/1642/1499 2550/1641/1498 553/1640/1
f 2551/1642/1499 2552/1644/1500 551/1637/1496 2550/1641/1498
f 149/1564/1459 1424/1645/1501 2553/1646/1502 1408/1565/1460
f 1424/1645/1501 552/1636/1495 2554/1635/1494 2553/1646/1502
f 1408/1565/1460 2553/1646/1502 2552/1644/1500 540/1568/1463
f 2553/1646/1502 2554/1635/1494 551/1637/1496 2552/1644/1500
f 9/102/1 1428/1647/1 2555/1648/1 1426/1638/1
f 1428/1647/1 555/1649/1 2556/1650/1 2555/1648/1
f 1426/1638/1 2555/1648/1 2562/1651/1 553/1640/1
f 2555/1648/1 2556/1650/1 554/1652/1 2562/1651/1
f 14/1653/1 1430/1654/1 2557/1655/1 1427/1656/1
f 1430/1654/1 556/1657/1 2558/1658/1 2557/1655/1
f 1427/1656/1 2557/1655/1 2556/1650/1 555/1649/1
f 2557/1655/1 2558/1658/1 554/1652/1 2556/1650/1
f 13/1590/1 1411/1593/1 2559/1659/1 1429/1660/1
f 1411/1593/1 543/1586/1 2560/1661/1 2559/1659/1
f 1429/1660/1 2559/1659/1 2558/1658/1 556/1657/1
f 2559/1659/1 2560/1661/1 554/1652/1 2558/1658/1
f 8/1573/1 1425/1643/1 2561/1662/1 1412/1584/1
f 1425/1643/1 553/1640/1 2562/1651/1 2561/1662/1
f 1412/1584/1 2561/1662/1 2560/1661/1 543/1586/1
f 2561/1662/1 2562/1651/1 554/1652/1 2560/1661/1
f 14/1653/1 1432/1663/1 2563/1664/1 1430/1654/1
f 1432/1663/1 558/1665/1 2564/1666/1 2563/1664/1
f 1430/1654/1 2563/1664/1 2570/1667/1 556/1657/1
f 2563/1664/1 2564/1666/1 557/1668/1 2570/1667/1
f 19/145/1 1434/1669/1 2565/1670/1 1431/1671/1
f 1434/1669/1 559/1672/1 2566/1673/1 2565/1670/1
f 1431/1671/1 2565/1670/1 2564/1666/1 558/1665/1
f 2565/1670/1 2566/1673/1 557/1668/1 2564/1666/1
f 18/1606/1 1415/1609/1 2567/1674/1 1433/1675/1
f 1415/1609/1 546/1602/1 2568/1676/1 2567/1674/1
f 1433/1675/1 2567/1674/1 2566/1673/1 559/1672/1
f 2567/1674/1 2568/1676/1 557/1668/1 2566/1673/1
f 13/1590/1 1429/1660/1 2569/1677/1 1416/1600/1
f 1429/1660/1 556/1657/1 2570/1667/1 2569/1677/1
f 1416/1600/1 2569/1677/1 2568/1676/1 546/1602/1
f 2569/1677/1 2570/1667/1 557/1668/1 2568/1676/1
f 19/145/1 1009/148/145 2571/1678/1503 1434/1669/1
f 1009/148/145 294/143/141 2572/1679/1504 2571/1678/1503
f 1434/1669/1 2571/1678/1503 2578/1680/1505 559/1672/1
f 2571/1678/1503 2572/1679/1504 560/1681/1506 2578/1680/1505
f 169/139/137 1436/1682/1507 2573/1683/1508 1010/140/138
f 1436/1682/1507 561/1684/1509 2574/1685/1510 2573/1683/1508
f 1010/140/138 2573/1683/1508 2572/1679/1504 294/143/141
f 2573/1683/1508 2574/1685/1510 560/1681/1506 2572/1679/1504
f 167/1622/1481 1419/1625/1484 2575/1686/1511 1435/1687/1512
f 1419/1625/1484 549/1618/1477 2576/1688/1513 2575/1686/1511
f 1435/1687/1512 2575/1686/1511 2574/1685/1510 561/1684/1509
f 2575/1686/1511 2576/1688/1513 560/1681/1506 2574/1685/1510
f 18/1606/1 1433/1675/1 2577/1689/1514 1420/1616/1475
f 1433/1675/1 559/1672/1 2578/1680/1505 2577/1689/1514
f 1420/1616/1475 2577/1689/1514 2576/1688/1513 549/1618/1477
f 2577/1689/1514 2578/1680/1505 560/1681/1506 2576/1688/1513
f 155/96/95 1438/1690/1515 2579/1691/1516 996/97/96
f 1438/1690/1515 563/1692/1517 2580/1693/1518 2579/1691/1516
f 996/97/96 2579/1691/1516 2586/1694/1519 286/100/99
f 2579/1691/1516 2580/1693/1518 562/1695/1520 2586/1694/1519
f 159/1696/1521 1440/1697/1522 2581/1698/1523 1437/1699/1524
f 1440/1697/1522 564/1700/1525 2582/1701/1526 2581/1698/1523
f 1437/1699/1524 2581/1698/1523 2580/1693/1518 563/1692/1517
f 2581/1698/1523 2582/1701/1526 562/1695/1520 2580/1693/1518
f 14/1653/1 1427/1656/1 2583/1702/1527 1439/1703/1528
f 1427/1656/1 555/1649/1 2584/1704/1529 2583/1702/1527
f 1439/1703/1528 2583/1702/1527 2582/1701/1526 564/1700/1525
f 2583/1702/1527 2584/1704/1529 562/1695/1520 2582/1701/1526
f 9/102/1 995/105/103 2585/1705/1530 1428/1647/1
f 995/105/103 286/100/99 2586/1694/1519 2585/1705/1530
f 1428/1647/1 2585/1705/1530 2584/1704/1529 555/1649/1
f 2585/1705/1530 2586/1694/1519 562/1695/1520 2584/1704/1529
f 159/1696/1521 1442/1706/1531 2587/1707/1532 1440/1697/1522
f 1442/1706/1531 566/1708/1533 2588/1709/1534 2587/1707/1532
f 1440/1697/1522 2587/1707/1532 2594/1710/1535 564/1700/1525
f 2587/1707/1532 2588/1709/1534 565/1711/1536 2594/1710/1535
f 163/112/110 999/115/113 2589/1712/1537 1441/1713/1538
f 999/115/113 289/119/117 2590/1714/1539 2589/1712/1537
f 1441/1713/1538 2589/1712/1537 2588/1709/1534 566/1708/1533
f 2589/1712/1537 2590/1714/1539 565/1711/1536 2588/1709/1534
f 19/145/1 1431/1671/1 2591/1715/1540 1000/146/143
f 1431/1671/1 558/1665/1 2592/1716/1541 2591/1715/1540
f 1000/146/143 2591/1715/1540 2590/1714/1539 289/119/117
f 2591/1715/1540 2592/1716/1541 565/1711/1536 2590/1714/1539
f 14/1653/1 1439/1703/1528 2593/1717/1542 1432/1663/1
f 1439/1703/1528 564/1700/1525 2594/1710/1535 2593/1717/1542
f 1432/1663/1 2593/1717/1542 2592/1716/1541 558/1665/1
f 2593/1717/1542 2594/1710/1535 565/1711/1536 2592/1716/1541
f 27/149/146 1444/1718/146 2595/1719/1543 1014/150/147
f 1444/1718/146 568/1720/146 2596/1721/1544 2595/1719/1543
f 1014/150/147 2595/1719/1543 2602/1722/1545 297/153/150
f 2595/1719/1543 2596/1721/1544 567/1723/1546 2602/1722/1545
f 32/1535/146 1446/1536/1547 2597/1537/1548 1443/1538/146
f 1446/1536/1547 569/1539/1549 2598/1540/1550 2597/1537/1548
f 1443/1538/146 2597/1537/1548 2596/1721/1544 568/1720/146
f 2597/1537/1548 2598/1540/1550 567/1723/1546 2596/1721/1544
f 175/1541/1551 1448/1542/1552 2599/1543/1553 1445/1544/1554
f 1448/1542/1552 570/1724/1555 2600/1725/1556 2599/1543/1553
f 1445/1544/1554 2599/1543/1553 2598/1540/1550 569/1539/1549
f 2599/1543/1553 2600/1725/1556 567/1723/1546 2598/1540/1550
f 171/158/155 1013/161/158 2601/1726/1557 1447/1727/1558
f 1013/161/158 297/153/150 2602/1722/1545 2601/1726/1557
f 1447/1727/1558 2601/1726/1557 2600/1725/1556 570/1724/1555
f 2601/1726/1557 2602/1722/1545 567/1723/1546 2600/1725/1556
f 32/1535/146 1450/1549/146 2603/1550/1559 1446/1536/1547
f 1450/1549/146 572/1728/146 2604/1729/1560 2603/1550/1559
f 1446/1536/1547 2603/1550/1559 2610/1553/1561 569/1539/1549
f 2603/1550/1559 2604/1729/1560 571/1730/1562 2610/1553/1561
f 37/186/146 1023/189/185 2605/1731/1563 1449/1732/146
f 1023/189/185 303/193/189 2606/1733/1564 2605/1731/1563
f 1449/1732/146 2605/1731/1563 2604/1729/1560 572/1728/146
f 2605/1731/1563 2606/1733/1564 571/1730/1562 2604/1729/1560
f 179/219/215 1452/1734/1565 2607/1735/1566 1024/220/216
f 1452/1734/1565 573/1736/1567 2608/1737/1568 2607/1735/1566
f 1024/220/216 2607/1735/1566 2606/1733/1564 303/193/189
f 2607/1735/1566 2608/1737/1568 571/1730/1562 2606/1733/1564
f 175/1541/1551 1445/1544/1554 2609/1562/1569 1451/1563/1570
f 1445/1544/1554 569/1539/1549 2610/1553/1561 2609/1562/1569
f 1451/1563/1570 2609/1562/1569 2608/1737/1568 573/1736/1567
f 2609/1562/1569 2610/1553/1561 571/1730/1562 2608/1737/1568
f 168/1738/1571 1456/1739/1572 2611/1740/1573 1453/1741/1574
f 1456/1739/1572 576/1742/1575 2612/1743/1576 2611/1740/1573
f 1453/1741/1574 2611/1740/1573 2618/1744/1577 575/1745/1578
f 2611/1740/1573 2612/1743/1576 574/1746/1579 2618/1744/1577
f 28/1573/146 1458/1574/146 2613/1575/1580 1455/1576/1581
f 1458/1574/146 577/1747/146 2614/1748/1582 2613/1575/1580
f 1455/1576/1581 2613/1575/1580 2612/1743/1576 576/1742/1575
f 2613/1575/1580 2614/1748/1582 574/1746/1579 2612/1743/1576
f 27/149/146 1011/152/149 2615/1749/1583 1457/1750/146
f 1011/152/149 296/156/153 2616/1751/1584 2615/1749/1583
f 1457/1750/146 2615/1749/1583 2614/1748/1582 577/1747/146
f 2615/1749/1583 2616/1751/1584 574/1746/1579 2614/1748/1582
f 166/182/179 1454/1752/1585 2617/1753/1586 1012/183/180
f 1454/1752/1585 575/1745/1578 2618/1744/1577 2617/1753/1586
f 1012/183/180 2617/1753/1586 2616/1751/1584 296/156/153
f 2617/1753/1586 2618/1744/1577 574/1746/1579 2616/1751/1584
f 28/1573/146 1460/1584/146 2619/1585/146 1458/1574/146
f 1460/1584/146 579/1586/146 2620/1587/146 2619/1585/146
f 1458/1574/146 2619/1585/146 2626/1754/146 577/1747/146
f 2619/1585/146 2620/1587/146 578/1755/146 2626/1754/146
f 33/1590/146 1462/1591/146 2621/1592/146 1459/1593/146
f 1462/1591/146 580/1594/146 2622/1595/146 2621/1592/146
f 1459/1593/146 2621/1592/146 2620/1587/146 579/1586/146
f 2621/1592/146 2622/1595/146 578/1755/146 2620/1587/146
f 32/1535/146 1443/1538/146 2623/1596/146 1461/1597/146
f 1443/1538/146 568/1720/146 2624/1756/146 2623/1596/146
f 1461/1597/146 2623/1596/146 2622/1595/146 580/1594/146
f 2623/1596/146 2624/1756/146 578/1755/146 2622/1595/146
f 27/149/146 1457/1750/146 2625/1757/146 1444/1718/146
f 1457/1750/146 577/1747/146 2626/1754/146 2625/1757/146
f 1444/1718/146 2625/1757/146 2624/1756/146 568/1720/146
f 2625/1757/146 2626/1754/146 578/1755/146 2624/1756/146
f 33/1590/146 1464/1600/146 2627/1601/146 1462/1591/146
f 1464/1600/146 582/1602/146 2628/1603/146 2627/1601/146
f 1462/1591/146 2627/1601/146 2634/1604/146 580/1594/146
f 2627/1601/146 2628/1603/146 581/1758/146 2634/1604/146
f 38/1606/146 1466/1607/146 2629/1608/146 1463/1609/146
f 1466/1607/146 583/1759/146 2630/1760/146 2629/1608/146
f 1463/1609/146 2629/1608/146 2628/1603/146 582/1602/146
f 2629/1608/146 2630/1760/146 581/1758/146 2628/1603/146
f 37/186/146 1449/1732/146 2631/1761/146 1465/1762/146
f 1449/1732/146 572/1728/146 2632/1763/146 2631/1761/146
f 1465/1762/146 2631/1761/146 2630/1760/146 583/1759/146
f 2631/1761/146 2632/1763/146 581/1758/146 2630/1760/146
f 32/1535/146 1461/1597/146 2633/1615/146 1450/1549/146
f 1461/1597/146 580/1594/146 2634/1604/146 2633/1615/146
f 1450/1549/146 2633/1615/146 2632/1763/146 572/1728/146
f 2633/1615/146 2634/1604/146 581/1758/146 2632/1763/146
f 38/1606/146 1468/1616/1587 2635/1617/1588 1466/1607/146
f 1468/1616/1587 585/1618/1589 2636/1619/1590 2635/1617/1588
f 1466/1607/146 2635/1617/1588 2642/1764/1591 583/1759/146
f 2635/1617/1588 2636/1619/1590 584/1765/1592 2642/1764/1591
f 185/1622/1593 1470/1623/1594 2637/1624/1595 1467/1625/1596
f 1470/1623/1594 586/1766/1597 2638/1767/1598 2637/1624/1595
f 1467/1625/1596 2637/1624/1595 2636/1619/1590 585/1618/1589
f 2637/1624/1595 2638/1767/1598 584/1765/1592 2636/1619/1590
f 183/195/191 1025/198/194 2639/1768/1599 1469/1769/1600
f 1025/198/194 304/190/186 2640/1770/1601 2639/1768/1599
f 1469/1769/1600 2639/1768/1599 2638/1767/1598 586/1766/1597
f 2639/1768/1599 2640/1770/1601 584/1765/1592 2638/1767/1598
f 37/186/146 1465/1762/146 2641/1771/1602 1026/187/183
f 1465/1762/146 583/1759/146 2642/1764/1591 2641/1771/1602
f 1026/187/183 2641/1771/1602 2640/1770/1601 304/190/186
f 2641/1771/1602 2642/1764/1591 584/1765/1592 2640/1770/1601
f 170/256/251 1045/259/254 2643/1772/1603 1471/1773/1604
f 1045/259/254 315/254/249 2644/1774/1605 2643/1772/1603
f 1471/1773/1604 2643/1772/1603 2650/1775/1606 588/1776/1607
f 2643/1772/1603 2644/1774/1605 587/1777/1608 2650/1775/1606
f 29/250/146 1474/1778/146 2645/1779/1609 1046/251/246
f 1474/1778/146 589/1780/146 2646/1781/1610 2645/1779/1609
f 1046/251/246 2645/1779/1609 2644/1774/1605 315/254/249
f 2645/1779/1609 2646/1781/1610 587/1777/1608 2644/1774/1605
f 28/1573/146 1455/1576/1581 2647/1642/1611 1473/1643/146
f 1455/1576/1581 576/1742/1575 2648/1782/1612 2647/1642/1611
f 1473/1643/146 2647/1642/1611 2646/1781/1610 589/1780/146
f 2647/1642/1611 2648/1782/1612 587/1777/1608 2646/1781/1610
f 168/1738/1571 1472/1783/1613 2649/1784/1614 1456/1739/1572
f 1472/1783/1613 588/1776/1607 2650/1775/1606 2649/1784/1614
f 1456/1739/1572 2649/1784/1614 2648/1782/1612 576/1742/1575
f 2649/1784/1614 2650/1775/1606 587/1777/1608 2648/1782/1612
f 29/250/146 1476/1785/146 2651/1786/146 1474/1778/146
f 1476/1785/146 591/1787/146 2652/1788/146 2651/1786/146
f 1474/1778/146 2651/1786/146 2658/1789/146 589/1780/146
f 2651/1786/146 2652/1788/146 590/1790/146 2658/1789/146
f 34/1653/146 1478/1654/146 2653/1655/146 1475/1656/146
f 1478/1654/146 592/1657/146 2654/1658/146 2653/1655/146
f 1475/1656/146 2653/1655/146 2652/1788/146 591/1787/146
f 2653/1655/146 2654/1658/146 590/1790/146 2652/1788/146
f 33/1590/146 1459/1593/146 2655/1659/146 1477/1660/146
f 1459/1593/146 579/1586/146 2656/1661/146 2655/1659/146
f 1477/1660/146 2655/1659/146 2654/1658/146 592/1657/146
f 2655/1659/146 2656/1661/146 590/1790/146 2654/1658/146
f 28/1573/146 1473/1643/146 2657/1662/146 1460/1584/146
f 1473/1643/146 589/1780/146 2658/1789/146 2657/1662/146
f 1460/1584/146 2657/1662/146 2656/1661/146 579/1586/146
f 2657/1662/146 2658/1789/146 590/1790/146 2656/1661/146
f 34/1653/146 1480/1663/146 2659/1664/146 1478/1654/146
f 1480/1663/146 594/1791/146 2660/1792/146 2659/1664/146
f 1478/1654/146 2659/1664/146 2666/1667/146 592/1657/146
f 2659/1664/146 2660/1792/146 593/1793/146 2666/1667/146
f 39/293/146 1482/1794/146 2661/1795/146 1479/1796/146
f 1482/1794/146 595/1797/146 2662/1798/146 2661/1795/146
f 1479/1796/146 2661/1795/146 2660/1792/146 594/1791/146
f 2661/1795/146 2662/1798/146 593/1793/146 2660/1792/146
f 38/1606/146 1463/1609/146 2663/1674/146 1481/1675/146
f 1463/1609/146 582/1602/146 2664/1676/146 2663/1674/146
f 1481/1675/146 2663/1674/146 2662/1798/146 595/1797/146
f 2663/1674/146 2664/1676/146 593/1793/146 2662/1798/146
f 33/1590/146 1477/1660/146 2665/1677/146 1464/1600/146
f 1477/1660/146 592/1657/146 2666/1667/146 2665/1677/146
f 1464/1600/146 2665/1677/146 2664/1676/146 582/1602/146
f 2665/1677/146 2666/1667/146 593/1793/146 2664/1676/146
f 39/293/146 1057/296/290 2667/1799/1615 1482/1794/146
f 1057/296/290 322/291/286 2668/1800/1616 2667/1799/1615
f 1482/1794/146 2667/1799/1615 2674/1801/1617 595/1797/146
f 2667/1799/1615 2668/1800/1616 596/1802/1618 2674/1801/1617
f 187/287/282 1484/1803/1619 2669/1804/1620 1058/288/283
f 1484/1803/1619 597/1805/1621 2670/1806/1622 2669/1804/1620
f 1058/288/283 2669/1804/1620 2668/1800/1616 322/291/286
f 2669/1804/1620 2670/1806/1622 596/1802/1618 2668/1800/1616
f 185/1622/1593 1467/1625/1596 2671/1686/1623 1483/1687/1624
f 1467/1625/1596 585/1618/1589 2672/1688/1625 2671/1686/1623
f 1483/1687/1624 2671/1686/1623 2670/1806/1622 597/1805/1621
f 2671/1686/1623 2672/1688/1625 596/1802/1618 2670/1806/1622
f 38/1606/146 1481/1675/146 2673/1689/1626 1468/1616/1587
f 1481/1675/146 595/1797/146 2674/1801/1617 2673/1689/1626
f 1468/1616/1587 2673/1689/1626 2672/1688/1625 585/1618/1589
f 2673/1689/1626 2674/1801/1617 596/1802/1618 2672/1688/1625
f 173/244/240 1486/1807/1627 2675/1808/1628 1044/245/241
f 1486/1807/1627 599/1809/1629 2676/1810/1630 2675/1808/1628
f 1044/245/241 2675/1808/1628 2682/1811/1631 314/248/244
f 2675/1808/1628 2676/1810/1630 598/1812/1632 2682/1811/1631
f 177/1696/1633 1488/1697/1634 2677/1698/1635 1485/1699/1636
f 1488/1697/1634 600/1700/1637 2678/1701/1638 2677/1698/1635
f 1485/1699/1636 2677/1698/1635 2676/1810/1630 599/1809/1629
f 2677/1698/1635 2678/1701/1638 598/1812/1632 2676/1810/1630
f 34/1653/146 1475/1656/146 2679/1702/1639 1487/1703/1640
f 1475/1656/146 591/1787/146 2680/1813/1641 2679/1702/1639
f 1487/1703/1640 2679/1702/1639 2678/1701/1638 600/1700/1637
f 2679/1702/1639 2680/1813/1641 598/1812/1632 2678/1701/1638
f 29/250/146 1043/253/248 2681/1814/1642 1476/1785/146
f 1043/253/248 314/248/244 2682/1811/1631 2681/1814/1642
f 1476/1785/146 2681/1814/1642 2680/1813/1641 591/1787/146
f 2681/1814/1642 2682/1811/1631 598/1812/1632 2680/1813/1641
f 177/1696/1633 1490/1706/1643 2683/1707/1644 1488/1697/1634
f 1490/1706/1643 602/1815/1645 2684/1816/1646 2683/1707/1644
f 1488/1697/1634 2683/1707/1644 2690/1710/1647 600/1700/1637
f 2683/1707/1644 2684/1816/1646 601/1817/1648 2690/1710/1647
f 181/260/255 1047/263/258 2685/1818/1649 1489/1819/1650
f 1047/263/258 317/267/262 2686/1820/1651 2685/1818/1649
f 1489/1819/1650 2685/1818/1649 2684/1816/1646 602/1815/1645
f 2685/1818/1649 2686/1820/1651 601/1817/1648 2684/1816/1646
f 39/293/146 1479/1796/146 2687/1821/1652 1048/294/288
f 1479/1796/146 594/1791/146 2688/1822/1653 2687/1821/1652
f 1048/294/288 2687/1821/1652 2686/1820/1651 317/267/262
f 2687/1821/1652 2688/1822/1653 601/1817/1648 2686/1820/1651
f 34/1653/146 1487/1703/1640 2689/1717/1654 1480/1663/146
f 1487/1703/1640 600/1700/1637 2690/1710/1647 2689/1717/1654
f 1480/1663/146 2689/1717/1654 2688/1822/1653 594/1791/146
f 2689/1717/1654 2690/1710/1647 601/1817/1648 2688/1822/1653
f 47/297/291 1492/1823/291 2691/1824/1655 1062/298/292
f 1492/1823/291 604/1825/291 2692/1826/1656 2691/1824/1655
f 1062/298/292 2691/1824/1655 2698/1827/1657 325/301/295
f 2691/1824/1655 2692/1826/1656 603/1828/1658 2698/1827/1657
f 52/1535/291 1494/1536/1659 2693/1537/1660 1491/1538/291
f 1494/1536/1659 605/1539/1661 2694/1540/1662 2693/1537/1660
f 1491/1538/291 2693/1537/1660 2692/1826/1656 604/1825/291
f 2693/1537/1660 2694/1540/1662 603/1828/1658 2692/1826/1656
f 193/1541/1663 1496/1542/1664 2695/1543/1665 1493/1544/1666
f 1496/1542/1664 606/1829/1667 2696/1830/1668 2695/1543/1665
f 1493/1544/1666 2695/1543/1665 2694/1540/1662 605/1539/1661
f 2695/1543/1665 2696/1830/1668 603/1828/1658 2694/1540/1662
f 189/306/300 1061/309/303 2697/1831/1669 1495/1832/1670
f 1061/309/303 325/301/295 2698/1827/1657 2697/1831/1669
f 1495/1832/1670 2697/1831/1669 2696/1830/1668 606/1829/1667
f 2697/1831/1669 2698/1827/1657 603/1828/1658 2696/1830/1668
f 52/1535/291 1498/1549/291 2699/1550/1671 1494/1536/1659
f 1498/1549/291 608/1833/291 2700/1834/1672 2699/1550/1671
f 1494/1536/1659 2699/1550/1671 2706/1553/1673 605/1539/1661
f 2699/1550/1671 2700/1834/1672 607/1835/1674 2706/1553/1673
f 57/334/291 1071/337/330 2701/1836/1675 1497/1837/291
f 1071/337/330 331/341/334 2702/1838/1676 2701/1836/1675
f 1497/1837/291 2701/1836/1675 2700/1834/1672 608/1833/291
f 2701/1836/1675 2702/1838/1676 607/1835/1674 2700/1834/1672
f 197/367/360 1500/1839/1677 2703/1840/1678 1072/368/361
f 1500/1839/1677 609/1841/1679 2704/1842/1680 2703/1840/1678
f 1072/368/361 2703/1840/1678 2702/1838/1676 331/341/334
f 2703/1840/1678 2704/1842/1680 607/1835/1674 2702/1838/1676
f 193/1541/1663 1493/1544/1666 2705/1562/1681 1499/1563/1682
f 1493/1544/1666 605/1539/1661 2706/1553/1673 2705/1562/1681
f 1499/1563/1682 2705/1562/1681 2704/1842/1680 609/1841/1679
f 2705/1562/1681 2706/1553/1673 607/1835/1674 2704/1842/1680
f 186/1738/1683 1504/1739/1684 2707/1740/1685 1501/1741/1686
f 1504/1739/1684 612/1742/1687 2708/1743/1688 2707/1740/1685
f 1501/1741/1686 2707/1740/1685 2714/1843/1689 611/1844/1690
f 2707/1740/1685 2708/1743/1688 610/1845/1691 2714/1843/1689
f 48/1573/291 1506/1574/291 2709/1575/1692 1503/1576/1693
f 1506/1574/291 613/1846/291 2710/1847/1694 2709/1575/1692
f 1503/1576/1693 2709/1575/1692 2708/1743/1688 612/1742/1687
f 2709/1575/1692 2710/1847/1694 610/1845/1691 2708/1743/1688
f 47/297/291 1059/300/294 2711/1848/1695 1505/1849/291
f 1059/300/294 324/304/298 2712/1850/1696 2711/1848/1695
f 1505/1849/291 2711/1848/1695 2710/1847/1694 613/1846/291
f 2711/1848/1695 2712/1850/1696 610/1845/1691 2710/1847/1694
f 184/330/324 1502/1851/1697 2713/1852/1698 1060/331/325
f 1502/1851/1697 611/1844/1690 2714/1843/1689 2713/1852/1698
f 1060/331/325 2713/1852/1698 2712/1850/1696 324/304/298
f 2713/1852/1698 2714/1843/1689 610/1845/1691 2712/1850/1696
f 48/1573/291 1508/1584/291 2715/1585/291 1506/1574/291
f 1508/1584/291 615/1586/291 2716/1587/291 2715/1585/291
f 1506/1574/291 2715/1585/291 2722/1853/291 613/1846/291
f 2715/1585/291 2716/1587/291 614/1854/291 2722/1853/291
f 53/1590/291 1510/1591/291 2717/1592/291 1507/1593/291
f 1510/1591/291 616/1594/291 2718/1595/291 2717/1592/291
f 1507/1593/291 2717/1592/291 2716/1587/291 615/1586/291
f 2717/1592/291 2718/1595/291 614/1854/291 2716/1587/291
f 52/1535/291 1491/1538/291 2719/1596/291 1509/1597/291
f 1491/1538/291 604/1825/291 2720/1855/291 2719/1596/291
f 1509/1597/291 2719/1596/291 2718/1595/291 616/1594/291
f 2719/1596/291 2720/1855/291 614/1854/291 2718/1595/291
f 47/297/291 1505/1849/291 2721/1856/291 1492/1823/291
f 1505/1849/291 613/1846/291 2722/1853/291 2721/1856/291
f 1492/1823/291 2721/1856/291 2720/1855/291 604/1825/291
f 2721/1856/291 2722/1853/291 614/1854/291 2720/1855/291
f 53/1590/291 1512/1600/291 2723/1601/291 1510/1591/291
f 1512/1600/291 618/1602/291 2724/1603/291 2723/1601/291
f 1510/1591/291 2723/1601/291 2730/1604/291 616/1594/291
f 2723/1601/291 2724/1603/291 617/1857/291 2730/1604/291
f 58/1606/291 1514/1607/291 2725/1608/291 1511/1609/291
f 1514/1607/291 619/1858/291 2726/1859/291 2725/1608/291
f 1511/1609/291 2725/1608/291 2724/1603/291 618/1602/291
f 2725/1608/291 2726/1859/291 617/1857/291 2724/1603/291
f 57/334/291 1497/1837/291 2727/1860/291 1513/1861/291
f 1497/1837/291 608/1833/291 2728/1862/291 2727/1860/291
f 1513/1861/291 2727/1860/291 2726/1859/291 619/1858/291
f 2727/1860/291 2728/1862/291 617/1857/291 2726/1859/291
f 52/1535/291 1509/1597/291 2729/1615/291 1498/1549/291
f 1509/1597/291 616/1594/291 2730/1604/291 2729/1615/291
f 1498/1549/291 2729/1615/291 2728/1862/291 608/1833/291
f 2729/1615/291 2730/1604/291 617/1857/291 2728/1862/291
f 58/1606/291 1516/1616/1699 2731/1617/1700 1514/1607/291
f 1516/1616/1699 621/1618/1701 2732/1619/1702 2731/1617/1700
f 1514/1607/291 2731/1617/1700 2738/1863/1703 619/1858/291
f 2731/1617/1700 2732/1619/1702 620/1864/1704 2738/1863/1703
f 203/1622/1705 1518/1623/1706 2733/1624/1707 1515/1625/1708
f 1518/1623/1706 622/1865/1709 2734/1866/1710 2733/1624/1707
f 1515/1625/1708 2733/1624/1707 2732/1619/1702 621/1618/1701
f 2733/1624/1707 2734/1866/1710 620/1864/1704 2732/1619/1702
f 201/343/336 1073/346/339 2735/1867/1711 1517/1868/1712
f 1073/346/339 332/338/331 2736/1869/1713 2735/1867/1711
f 1517/1868/1712 2735/1867/1711 2734/1866/1710 622/1865/1709
f 2735/1867/1711 2736/1869/1713 620/1864/1704 2734/1866/1710
f 57/334/291 1513/1861/291 2737/1870/1714 1074/335/328
f 1513/1861/291 619/1858/291 2738/1863/1703 2737/1870/1714
f 1074/335/328 2737/1870/1714 2736/1869/1713 332/338/331
f 2737/1870/1714 2738/1863/1703 620/1864/1704 2736/1869/1713
f 188/404/396 1093/407/399 2739/1871/1715 1519/1872/1716
f 1093/407/399 343/402/394 2740/1873/1717 2739/1871/1715
f 1519/1872/1716 2739/1871/1715 2746/1874/1718 624/1875/1719
f 2739/1871/1715 2740/1873/1717 623/1876/1720 2746/1874/1718
f 49/398/291 1522/1877/291 2741/1878/1721 1094/399/391
f 1522/1877/291 625/1879/291 2742/1880/1722 2741/1878/1721
f 1094/399/391 2741/1878/1721 2740/1873/1717 343/402/394
f 2741/1878/1721 2742/1880/1722 623/1876/1720 2740/1873/1717
f 48/1573/291 1503/1576/1693 2743/1642/1723 1521/1643/291
f 1503/1576/1693 612/1742/1687 2744/1782/1724 2743/1642/1723
f 1521/1643/291 2743/1642/1723 2742/1880/1722 625/1879/291
f 2743/1642/1723 2744/1782/1724 623/1876/1720 2742/1880/1722
f 186/1738/1683 1520/1783/1725 2745/1784/1726 1504/1739/1684
f 1520/1783/1725 624/1875/1719 2746/1874/1718 2745/1784/1726
f 1504/1739/1684 2745/1784/1726 2744/1782/1724 612/1742/1687
f 2745/1784/1726 2746/1874/1718 623/1876/1720 2744/1782/1724
f 49/398/291 1524/1881/291 2747/1882/291 1522/1877/291
f 1524/1881/291 627/1883/291 2748/1884/291 2747/1882/291
f 1522/1877/291 2747/1882/291 2754/1885/291 625/1879/291
f 2747/1882/291 2748/1884/291 626/1886/291 2754/1885/291
f 54/1653/291 1526/1654/291 2749/1655/291 1523/1656/291
f 1526/1654/291 628/1657/291 2750/1658/291 2749/1655/291
f 1523/1656/291 2749/1655/291 2748/1884/291 627/1883/291
f 2749/1655/291 2750/1658/291 626/1886/291 2748/1884/291
f 53/1590/291 1507/1593/291 2751/1659/291 1525/1660/291
f 1507/1593/291 615/1586/291 2752/1661/291 2751/1659/291
f 1525/1660/291 2751/1659/291 2750/1658/291 628/1657/291
f 2751/1659/291 2752/1661/291 626/1886/291 2750/1658/291
f 48/1573/291 1521/1643/291 2753/1662/291 1508/1584/291
f 1521/1643/291 625/1879/291 2754/1885/291 2753/1662/291
f 1508/1584/291 2753/1662/291 2752/1661/291 615/1586/291
f 2753/1662/291 2754/1885/291 626/1886/291 2752/1661/291
f 54/1653/291 1528/1663/291 2755/1664/291 1526/1654/291
f 1528/1663/291 630/1887/291 2756/1888/291 2755/1664/291
f 1526/1654/291 2755/1664/291 2762/1667/291 628/1657/291
f 2755/1664/291 2756/1888/291 629/1889/291 2762/1667/291
f 59/441/291 1530/1890/291 2757/1891/291 1527/1892/291
f 1530/1890/291 631/1893/291 2758/1894/291 2757/1891/291
f 1527/1892/291 2757/1891/291 2756/1888/291 630/1887/291
f 2757/1891/291 2758/1894/291 629/1889/291 2756/1888/291
f 58/1606/291 1511/1609/291 2759/1674/291 1529/1675/291
f 1511/1609/291 618/1602/291 2760/1676/291 2759/1674/291
f 1529/1675/291 2759/1674/291 2758/1894/291 631/1893/291
f 2759/1674/291 2760/1676/291 629/1889/291 2758/1894/291
f 53/1590/291 1525/1660/291 2761/1677/291 1512/1600/291
f 1525/1660/291 628/1657/291 2762/1667/291 2761/1677/291
f 1512/1600/291 2761/1677/291 2760/1676/291 618/1602/291
f 2761/1677/291 2762/1667/291 629/1889/291 2760/1676/291
f 59/441/291 1105/444/435 2763/1895/1727 1530/1890/291
f 1105/444/435 350/439/431 2764/1896/1728 2763/1895/1727
f 1530/1890/291 2763/1895/1727 2770/1897/1729 631/1893/291
f 2763/1895/1727 2764/1896/1728 632/1898/1730 2770/1897/1729
f 205/435/427 1532/1899/1731 2765/1900/1732 1106/436/428
f 1532/1899/1731 633/1901/1733 2766/1902/1734 2765/1900/1732
f 1106/436/428 2765/1900/1732 2764/1896/1728 350/439/431
f 2765/1900/1732 2766/1902/1734 632/1898/1730 2764/1896/1728
f 203/1622/1705 1515/1625/1708 2767/1686/1735 1531/1687/1736
f 1515/1625/1708 621/1618/1701 2768/1688/1737 2767/1686/1735
f 1531/1687/1736 2767/1686/1735 2766/1902/1734 633/1901/1733
f 2767/1686/1735 2768/1688/1737 632/1898/1730 2766/1902/1734
f 58/1606/291 1529/1675/291 2769/1689/1738 1516/1616/1699
f 1529/1675/291 631/1893/291 2770/1897/1729 2769/1689/1738
f 1516/1616/1699 2769/1689/1738 2768/1688/1737 621/1618/1701
f 2769/1689/1738 2770/1897/1729 632/1898/1730 2768/1688/1737
f 191/392/385 1534/1903/1739 2771/1904/1740 1092/393/386
f 1534/1903/1739 635/1905/1741 2772/1906/1742 2771/1904/1740
f 1092/393/386 2771/1904/1740 2778/1907/1743 342/396/389
f 2771/1904/1740 2772/1906/1742 634/1908/1744 2778/1907/1743
f 195/1696/1745 1536/1697/1746 2773/1698/1747 1533/1699/1748
f 1536/1697/1746 636/1700/1749 2774/1701/1750 2773/1698/1747
f 1533/1699/1748 2773/1698/1747 2772/1906/1742 635/1905/1741
f 2773/1698/1747 2774/1701/1750 634/1908/1744 2772/1906/1742
f 54/1653/291 1523/1656/291 2775/1702/1751 1535/1703/1752
f 1523/1656/291 627/1883/291 2776/1909/1753 2775/1702/1751
f 1535/1703/1752 2775/1702/1751 2774/1701/1750 636/1700/1749
f 2775/1702/1751 2776/1909/1753 634/1908/1744 2774/1701/1750
f 49/398/291 1091/401/393 2777/1910/1754 1524/1881/291
f 1091/401/393 342/396/389 2778/1907/1743 2777/1910/1754
f 1524/1881/291 2777/1910/1754 2776/1909/1753 627/1883/291
f 2777/1910/1754 2778/1907/1743 634/1908/1744 2776/1909/1753
f 195/1696/1745 1538/1706/1755 2779/1707/1756 1536/1697/1746
f 1538/1706/1755 638/1911/1757 2780/1912/1758 2779/1707/1756
f 1536/1697/1746 2779/1707/1756 2786/1710/1759 636/1700/1749
f 2779/1707/1756 2780/1912/1758 637/1913/1760 2786/1710/1759
f 199/408/400 1095/411/403 2781/1914/1761 1537/1915/1762
f 1095/411/403 345/415/407 2782/1916/1763 2781/1914/1761
f 1537/1915/1762 2781/1914/1761 2780/1912/1758 638/1911/1757
f 2781/1914/1761 2782/1916/1763 637/1913/1760 2780/1912/1758
f 59/441/291 1527/1892/291 2783/1917/1764 1096/442/433
f 1527/1892/291 630/1887/291 2784/1918/1765 2783/1917/1764
f 1096/442/433 2783/1917/1764 2782/1916/1763 345/415/407
f 2783/1917/1764 2784/1918/1765 637/1913/1760 2782/1916/1763
f 54/1653/291 1535/1703/1752 2785/1717/1766 1528/1663/291
f 1535/1703/1752 636/1700/1749 2786/1710/1759 2785/1717/1766
f 1528/1663/291 2785/1717/1766 2784/1918/1765 630/1887/291
f 2785/1717/1766 2786/1710/1759 637/1913/1760 2784/1918/1765
f 67/445/436 1540/1919/436 2787/1920/1767 1110/446/437
f 1540/1919/436 640/1921/436 2788/1922/1768 2787/1920/1767
f 1110/446/437 2787/1920/1767 2794/1923/1769 353/449/440
f 2787/1920/1767 2788/1922/1768 639/1924/1770 2794/1923/1769
f 72/1535/436 1542/1536/1771 2789/1537/1772 1539/1538/436
f 1542/1536/1771 641/1539/1773 2790/1540/1774 2789/1537/1772
f 1539/1538/436 2789/1537/1772 2788/1922/1768 640/1921/436
f 2789/1537/1772 2790/1540/1774 639/1924/1770 2788/1922/1768
f 211/1541/1775 1544/1542/1776 2791/1543/1777 1541/1544/1778
f 1544/1542/1776 642/1925/1779 2792/1926/1780 2791/1543/1777
f 1541/1544/1778 2791/1543/1777 2790/1540/1774 641/1539/1773
f 2791/1543/1777 2792/1926/1780 639/1924/1770 2790/1540/1774
f 207/454/445 1109/457/448 2793/1927/1781 1543/1928/1782
f 1109/457/448 353/449/440 2794/1923/1769 2793/1927/1781
f 1543/1928/1782 2793/1927/1781 2792/1926/1780 642/1925/1779
f 2793/1927/1781 2794/1923/1769 639/1924/1770 2792/1926/1780
f 72/1535/436 1546/1549/436 2795/1550/1783 1542/1536/1771
f 1546/1549/436 644/1929/436 2796/1930/1784 2795/1550/1783
f 1542/1536/1771 2795/1550/1783 2802/1553/1785 641/1539/1773
f 2795/1550/1783 2796/1930/1784 643/1931/1786 2802/1553/1785
f 77/482/436 1119/485/475 2797/1932/1787 1545/1933/436
f 1119/485/475 359/489/479 2798/1934/1788 2797/1932/1787
f 1545/1933/436 2797/1932/1787 2796/1930/1784 644/1929/436
f 2797/1932/1787 2798/1934/1788 643/1931/1786 2796/1930/1784
f 215/515/505 1548/1935/1789 2799/1936/1790 1120/516/506
f 1548/1935/1789 645/1937/1791 2800/1938/1792 2799/1936/1790
f 1120/516/506 2799/1936/1790 2798/1934/1788 359/489/479
f 2799/1936/1790 2800/1938/1792 643/1931/1786 2798/1934/1788
f 211/1541/1775 1541/1544/1778 2801/1562/1793 1547/1563/1794
f 1541/1544/1778 641/1539/1773 2802/1553/1785 2801/1562/1793
f 1547/1563/1794 2801/1562/1793 2800/1938/1792 645/1937/1791
f 2801/1562/1793 2802/1553/1785 643/1931/1786 2800/1938/1792
f 204/1738/1795 1552/1739/1796 2803/1740/1797 1549/1741/1798
f 1552/1739/1796 648/1742/1799 2804/1743/1800 2803/1740/1797
f 1549/1741/1798 2803/1740/1797 2810/1939/1801 647/1940/1802
f 2803/1740/1797 2804/1743/1800 646/1941/1803 2810/1939/1801
f 68/1573/436 1554/1574/436 2805/1575/1804 1551/1576/1805
f 1554/1574/436 649/1942/436 2806/1943/1806 2805/1575/1804
f 1551/1576/1805 2805/1575/1804 2804/1743/1800 648/1742/1799
f 2805/1575/1804 2806/1943/1806 646/1941/1803 2804/1743/1800
f 67/445/436 1107/448/439 2807/1944/1807 1553/1945/436
f 1107/448/439 352/452/443 2808/1946/1808 2807/1944/1807
f 1553/1945/436 2807/1944/1807 2806/1943/1806 649/1942/436
f 2807/1944/1807 2808/1946/1808 646/1941/1803 2806/1943/1806
f 202/478/469 1550/1947/1809 2809/1948/1810 1108/479/470
f 1550/1947/1809 647/1940/1802 2810/1939/1801 2809/1948/1810
f 1108/479/470 2809/1948/1810 2808/1946/1808 352/452/443
f 2809/1948/1810 2810/1939/1801 646/1941/1803 2808/1946/1808
f 68/1573/436 1556/1584/436 2811/1585/436 1554/1574/436
f 1556/1584/436 651/1586/436 2812/1587/436 2811/1585/436
f 1554/1574/436 2811/1585/436 2818/1949/436 649/1942/436
f 2811/1585/436 2812/1587/436 650/1950/436 2818/1949/436
f 73/1590/436 1558/1591/436 2813/1592/436 1555/1593/436
f 1558/1591/436 652/1594/436 2814/1595/436 2813/1592/436
f 1555/1593/436 2813/1592/436 2812/1587/436 651/1586/436
f 2813/1592/436 2814/1595/436 650/1950/436 2812/1587/436
f 72/1535/436 1539/1538/436 2815/1596/436 1557/1597/436
f 1539/1538/436 640/1921/436 2816/1951/436 2815/1596/436
f 1557/1597/436 2815/1596/436 2814/1595/436 652/1594/436
f 2815/1596/436 2816/1951/436 650/1950/436 2814/1595/436
f 67/445/436 1553/1945/436 2817/1952/436 1540/1919/436
f 1553/1945/436 649/1942/436 2818/1949/436 2817/1952/436
f 1540/1919/436 2817/1952/436 2816/1951/436 640/1921/436
f 2817/1952/436 2818/1949/436 650/1950/436 2816/1951/436
f 73/1590/436 1560/1600/436 2819/1601/436 1558/1591/436
f 1560/1600/436 654/1602/436 2820/1603/436 2819/1601/436
f 1558/1591/436 2819/1601/436 2826/1604/436 652/1594/436
f 2819/1601/436 2820/1603/436 653/1953/436 2826/1604/436
f 78/1606/436 1562/1607/436 2821/1608/436 1559/1609/436
f 1562/1607/436 655/1954/436 2822/1955/436 2821/1608/436
f 1559/1609/436 2821/1608/436 2820/1603/436 654/1602/436
f 2821/1608/436 2822/1955/436 653/1953/436 2820/1603/436
f 77/482/436 1545/1933/436 2823/1956/436 1561/1957/436
f 1545/1933/436 644/1929/436 2824/1958/436 2823/1956/436
f 1561/1957/436 2823/1956/436 2822/1955/436 655/1954/436
f 2823/1956/436 2824/1958/436 653/1953/436 2822/1955/436
f 72/1535/436 1557/1597/436 2825/1615/436 1546/1549/436
f 1557/1597/436 652/1594/436 2826/1604/436 2825/1615/436
f 1546/1549/436 2825/1615/436 2824/1958/436 644/1929/436
f 2825/1615/436 2826/1604/436 653/1953/436 2824/1958/436
f 78/1606/436 1564/1616/1811 2827/1617/1812 1562/1607/436
f 1564/1616/1811 657/1959/1813 2828/1960/1814 2827/1617/1812
f 1562/1607/436 2827/1617/1812 2834/1961/1815 655/1954/436
f 2827/1617/1812 2828/1960/1814 656/1962/1816 2834/1961/1815
f 150/1963/1817 1566/1964/1818 2829/1965/1819 1563/1966/1820
f 1566/1964/1818 658/1967/1821 2830/1968/1822 2829/1965/1819
f 1563/1966/1820 2829/1965/1819 2828/1960/1814 657/1959/1813
f 2829/1965/1819 2830/1968/1822 656/1962/1816 2828/1960/1814
f 148/491/481 1121/494/484 2831/1969/1823 1565/1970/1824
f 1121/494/484 360/486/476 2832/1971/1825 2831/1969/1823
f 1565/1970/1824 2831/1969/1823 2830/1968/1822 658/1967/1821
f 2831/1969/1823 2832/1971/1825 656/1962/1816 2830/1968/1822
f 77/482/436 1561/1957/436 2833/1972/1826 1122/483/473
f 1561/1957/436 655/1954/436 2834/1961/1815 2833/1972/1826
f 1122/483/473 2833/1972/1826 2832/1971/1825 360/486/476
f 2833/1972/1826 2834/1961/1815 656/1962/1816 2832/1971/1825
f 206/552/541 1141/555/544 2835/1973/1827 1567/1974/1828
f 1141/555/544 371/550/539 2836/1975/1829 2835/1973/1827
f 1567/1974/1828 2835/1973/1827 2842/1976/1830 660/1977/1831
f 2835/1973/1827 2836/1975/1829 659/1978/1832 2842/1976/1830
f 69/546/436 1570/1979/436 2837/1980/1833 1142/547/536
f 1570/1979/436 661/1981/436 2838/1982/1834 2837/1980/1833
f 1142/547/536 2837/1980/1833 2836/1975/1829 371/550/539
f 2837/1980/1833 2838/1982/1834 659/1978/1832 2836/1975/1829
f 68/1573/436 1551/1576/1805 2839/1642/1835 1569/1643/436
f 1551/1576/1805 648/1742/1799 2840/1782/1836 2839/1642/1835
f 1569/1643/436 2839/1642/1835 2838/1982/1834 661/1981/436
f 2839/1642/1835 2840/1782/1836 659/1978/1832 2838/1982/1834
f 204/1738/1795 1568/1783/1837 2841/1784/1838 1552/1739/1796
f 1568/1783/1837 660/1977/1831 2842/1976/1830 2841/1784/1838
f 1552/1739/1796 2841/1784/1838 2840/1782/1836 648/1742/1799
f 2841/1784/1838 2842/1976/1830 659/1978/1832 2840/1782/1836
f 69/546/436 1572/1983/436 2843/1984/436 1570/1979/436
f 1572/1983/436 663/1985/436 2844/1986/436 2843/1984/436
f 1570/1979/436 2843/1984/436 2850/1987/436 661/1981/436
f 2843/1984/436 2844/1986/436 662/1988/436 2850/1987/436
f 74/1653/436 1574/1654/436 2845/1655/436 1571/1656/436
f 1574/1654/436 664/1657/436 2846/1658/436 2845/1655/436
f 1571/1656/436 2845/1655/436 2844/1986/436 663/1985/436
f 2845/1655/436 2846/1658/436 662/1988/436 2844/1986/436
f 73/1590/436 1555/1593/436 2847/1659/436 1573/1660/436
f 1555/1593/436 651/1586/436 2848/1661/436 2847/1659/436
f 1573/1660/436 2847/1659/436 2846/1658/436 664/1657/436
f 2847/1659/436 2848/1661/436 662/1988/436 2846/1658/436
f 68/1573/436 1569/1643/436 2849/1662/436 1556/1584/436
f 1569/1643/436 661/1981/436 2850/1987/436 2849/1662/436
f 1556/1584/436 2849/1662/436 2848/1661/436 651/1586/436
f 2849/1662/436 2850/1987/436 662/1988/436 2848/1661/436
f 74/1653/436 1576/1663/436 2851/1664/436 1574/1654/436
f 1576/1663/436 666/1989/436 2852/1990/436 2851/1664/436
f 1574/1654/436 2851/1664/436 2858/1667/436 664/1657/436
f 2851/1664/436 2852/1990/436 665/1991/436 2858/1667/436
f 79/589/436 1578/1992/436 2853/1993/436 1575/1994/436
f 1578/1992/436 667/1995/436 2854/1996/436 2853/1993/436
f 1575/1994/436 2853/1993/436 2852/1990/436 666/1989/436
f 2853/1993/436 2854/1996/436 665/1991/436 2852/1990/436
f 78/1606/436 1559/1609/436 2855/1674/436 1577/1675/436
f 1559/1609/436 654/1602/436 2856/1676/436 2855/1674/436
f 1577/1675/436 2855/1674/436 2854/1996/436 667/1995/436
f 2855/1674/436 2856/1676/436 665/1991/436 2854/1996/436
f 73/1590/436 1573/1660/436 2857/1677/436 1560/1600/436
f 1573/1660/436 664/1657/436 2858/1667/436 2857/1677/436
f 1560/1600/436 2857/1677/436 2856/1676/436 654/1602/436
f 2857/1677/436 2858/1667/436 665/1991/436 2856/1676/436
f 79/589/436 1153/592/580 2859/1997/1839 1578/1992/436
f 1153/592/580 378/587/576 2860/1998/1840 2859/1997/1839
f 1578/1992/436 2859/1997/1839 2866/1999/1841 667/1995/436
f 2859/1997/1839 2860/1998/1840 668/2000/1842 2866/1999/1841
f 152/583/572 1580/2001/1843 2861/2002/1844 1154/584/573
f 1580/2001/1843 669/2003/1845 2862/2004/1846 2861/2002/1844
f 1154/584/573 2861/2002/1844 2860/1998/1840 378/587/576
f 2861/2002/1844 2862/2004/1846 668/2000/1842 2860/1998/1840
f 150/1963/1817 1563/1966/1820 2863/2005/1847 1579/2006/1848
f 1563/1966/1820 657/1959/1813 2864/2007/1849 2863/2005/1847
f 1579/2006/1848 2863/2005/1847 2862/2004/1846 669/2003/1845
f 2863/2005/1847 2864/2007/1849 668/2000/1842 2862/2004/1846
f 78/1606/436 1577/1675/436 2865/1689/1850 1564/1616/1811
f 1577/1675/436 667/1995/436 2866/1999/1841 2865/1689/1850
f 1564/1616/1811 2865/1689/1850 2864/2007/1849 657/1959/1813
f 2865/1689/1850 2866/1999/1841 668/2000/1842 2864/2007/1849
f 209/540/530 1582/2008/1851 2867/2009/1852 1140/541/531
f 1582/2008/1851 671/2010/1853 2868/2011/1854 2867/2009/1852
f 1140/541/531 2867/2009/1852 2874/2012/1855 370/544/534
f 2867/2009/1852 2868/2011/1854 670/2013/1856 2874/2012/1855
f 213/1696/1857 1584/1697/1858 2869/1698/1859 1581/1699/1860
f 1584/1697/1858 672/1700/1861 2870/1701/1862 2869/1698/1859
f 1581/1699/1860 2869/1698/1859 2868/2011/1854 671/2010/1853
f 2869/1698/1859 2870/1701/1862 670/2013/1856 2868/2011/1854
f 74/1653/436 1571/1656/436 2871/1702/1863 1583/1703/1864
f 1571/1656/436 663/1985/436 2872/2014/1865 2871/1702/1863
f 1583/1703/1864 2871/1702/1863 2870/1701/1862 672/1700/1861
f 2871/1702/1863 2872/2014/1865 670/2013/1856 2870/1701/1862
f 69/546/436 1139/549/538 2873/2015/1866 1572/1983/436
f 1139/549/538 370/544/534 2874/2012/1855 2873/2015/1866
f 1572/1983/436 2873/2015/1866 2872/2014/1865 663/1985/436
f 2873/2015/1866 2874/2012/1855 670/2013/1856 2872/2014/1865
f 213/1696/1857 1586/1706/1867 2875/1707/1868 1584/1697/1858
f 1586/1706/1867 674/2016/1869 2876/2017/1870 2875/1707/1868
f 1584/1697/1858 2875/1707/1868 2882/1710/1871 672/1700/1861
f 2875/1707/1868 2876/2017/1870 673/2018/1872 2882/1710/1871
f 217/556/545 1143/559/548 2877/2019/1873 1585/2020/1874
f 1143/559/548 373/563/552 2878/2021/1875 2877/2019/1873
f 1585/2020/1874 2877/2019/1873 2876/2017/1870 674/2016/1869
f 2877/2019/1873 2878/2021/1875 673/2018/1872 2876/2017/1870
f 79/589/436 1575/1994/436 2879/2022/1876 1144/590/578
f 1575/1994/436 666/1989/436 2880/2023/1877 2879/2022/1876
f 1144/590/578 2879/2022/1876 2878/2021/1875 373/563/552
f 2879/2022/1876 2880/2023/1877 673/2018/1872 2878/2021/1875
f 74/1653/436 1583/1703/1864 2881/1717/1878 1576/1663/436
f 1583/1703/1864 672/1700/1861 2882/1710/1871 2881/1717/1878
f 1576/1663/436 2881/1717/1878 2880/2023/1877 666/1989/436
f 2881/1717/1878 2882/1710/1871 673/2018/1872 2880/2023/1877
f 81/593/581 1588/2024/581 2883/2025/1879 1158/594/582
f 1588/2024/581 676/2026/581 2884/2027/1880 2883/2025/1879
f 1158/594/582 2883/2025/1879 2890/2028/1881 381/597/585
f 2883/2025/1879 2884/2027/1880 675/2029/1882 2890/2028/1881
f 84/1535/581 1590/1536/1883 2885/1537/1884 1587/1538/581
f 1590/1536/1883 677/2030/1885 2886/2031/1886 2885/1537/1884
f 1587/1538/581 2885/1537/1884 2884/2027/1880 676/2026/581
f 2885/1537/1884 2886/2031/1886 675/2029/1882 2884/2027/1880
f 160/2032/1887 1592/2033/1888 2887/2034/1889 1589/2035/1890
f 1592/2033/1888 678/2036/1891 2888/2037/1892 2887/2034/1889
f 1589/2035/1890 2887/2034/1889 2886/2031/1886 677/2030/1885
f 2887/2034/1889 2888/2037/1892 675/2029/1882 2886/2031/1886
f 156/602/590 1157/605/593 2889/2038/1893 1591/2039/1894
f 1157/605/593 381/597/585 2890/2028/1881 2889/2038/1893
f 1591/2039/1894 2889/2038/1893 2888/2037/1892 678/2036/1891
f 2889/2038/1893 2890/2028/1881 675/2029/1882 2888/2037/1892
f 84/1535/581 1594/1549/581 2891/1550/1895 1590/1536/1883
f 1594/1549/581 680/1551/581 2892/1552/1896 2891/1550/1895
f 1590/1536/1883 2891/1550/1895 2898/2040/1897 677/2030/1885
f 2891/1550/1895 2892/1552/1896 679/2041/1898 2898/2040/1897
f 87/38/581 1167/41/620 2893/1555/1899 1593/1556/581
f 1167/41/620 387/633/624 2894/2042/1900 2893/1555/1899
f 1593/1556/581 2893/1555/1899 2892/1552/1896 680/1551/581
f 2893/1555/1899 2894/2042/1900 679/2041/1898 2892/1552/1896
f 164/659/650 1596/2043/1901 2895/2044/1902 1168/660/651
f 1596/2043/1901 681/2045/1903 2896/2046/1904 2895/2044/1902
f 1168/660/651 2895/2044/1902 2894/2042/1900 387/633/624
f 2895/2044/1902 2896/2046/1904 679/2041/1898 2894/2042/1900
f 160/2032/1887 1589/2035/1890 2897/2047/1905 1595/2048/1906
f 1589/2035/1890 677/2030/1885 2898/2040/1897 2897/2047/1905
f 1595/2048/1906 2897/2047/1905 2896/2046/1904 681/2045/1903
f 2897/2047/1905 2898/2040/1897 679/2041/1898 2896/2046/1904
f 214/1738/1907 1600/1739/1908 2899/1740/1909 1597/1741/1910
f 1600/1739/1908 684/1742/1911 2900/1743/1912 2899/1740/1909
f 1597/1741/1910 2899/1740/1909 2906/2049/1913 683/2050/1914
f 2899/1740/1909 2900/1743/1912 682/2051/1915 2906/2049/1913
f 82/1573/581 1602/1574/581 2901/1575/1916 1599/1576/1917
f 1602/1574/581 685/2052/581 2902/2053/1918 2901/1575/1916
f 1599/1576/1917 2901/1575/1916 2900/1743/1912 684/1742/1911
f 2901/1575/1916 2902/2053/1918 682/2051/1915 2900/1743/1912
f 81/593/581 1155/596/584 2903/2054/1919 1601/2055/581
f 1155/596/584 380/600/588 2904/2056/1920 2903/2054/1919
f 1601/2055/581 2903/2054/1919 2902/2053/1918 685/2052/581
f 2903/2054/1919 2904/2056/1920 682/2051/1915 2902/2053/1918
f 218/626/614 1598/2057/1921 2905/2058/1922 1156/627/615
f 1598/2057/1921 683/2050/1914 2906/2049/1913 2905/2058/1922
f 1156/627/615 2905/2058/1922 2904/2056/1920 380/600/588
f 2905/2058/1922 2906/2049/1913 682/2051/1915 2904/2056/1920
f 82/1573/581 1604/1584/581 2907/1585/581 1602/1574/581
f 1604/1584/581 687/1586/581 2908/1587/581 2907/1585/581
f 1602/1574/581 2907/1585/581 2914/2059/581 685/2052/581
f 2907/1585/581 2908/1587/581 686/2060/581 2914/2059/581
f 85/1590/581 1606/1591/581 2909/1592/581 1603/1593/581
f 1606/1591/581 688/1594/581 2910/1595/581 2909/1592/581
f 1603/1593/581 2909/1592/581 2908/1587/581 687/1586/581
f 2909/1592/581 2910/1595/581 686/2060/581 2908/1587/581
f 84/1535/581 1587/1538/581 2911/1596/581 1605/1597/581
f 1587/1538/581 676/2026/581 2912/2061/581 2911/1596/581
f 1605/1597/581 2911/1596/581 2910/1595/581 688/1594/581
f 2911/1596/581 2912/2061/581 686/2060/581 2910/1595/581
f 81/593/581 1601/2055/581 2913/2062/581 1588/2024/581
f 1601/2055/581 685/2052/581 2914/2059/581 2913/2062/581
f 1588/2024/581 2913/2062/581 2912/2061/581 676/2026/581
f 2913/2062/581 2914/2059/581 686/2060/581 2912/2061/581
f 85/1590/581 1608/1600/581 2915/1601/581 1606/1591/581
f 1608/1600/581 690/1602/581 2916/1603/581 2915/1601/581
f 1606/1591/581 2915/1601/581 2922/1604/581 688/1594/581
f 2915/1601/581 2916/1603/581 689/1605/581 2922/1604/581
f 88/1606/581 1610/1607/581 2917/1608/581 1607/1609/581
f 1610/1607/581 691/1610/581 2918/1611/581 2917/1608/581
f 1607/1609/581 2917/1608/581 2916/1603/581 690/1602/581
f 2917/1608/581 2918/1611/581 689/1605/581 2916/1603/581
f 87/38/581 1593/1556/581 2919/1612/581 1609/1613/581
f 1593/1556/581 680/1551/581 2920/1614/581 2919/1612/581
f 1609/1613/581 2919/1612/581 2918/1611/581 691/1610/581
f 2919/1612/581 2920/1614/581 689/1605/581 2918/1611/581
f 84/1535/581 1605/1597/581 2921/1615/581 1594/1549/581
f 1605/1597/581 688/1594/581 2922/1604/581 2921/1615/581
f 1594/1549/581 2921/1615/581 2920/1614/581 680/1551/581
f 2921/1615/581 2922/1604/581 689/1605/581 2920/1614/581
f 88/1606/581 1612/1616/1923 2923/1617/1924 1610/1607/581
f 1612/1616/1923 693/1959/1925 2924/1960/1926 2923/1617/1924
f 1610/1607/581 2923/1617/1924 2930/1620/1927 691/1610/581
f 2923/1617/1924 2924/1960/1926 692/2063/1928 2930/1620/1927
f 178/1963/1929 1614/1964/1930 2925/1965/1931 1611/1966/1932
f 1614/1964/1930 694/2064/1933 2926/2065/1934 2925/1965/1931
f 1611/1966/1932 2925/1965/1931 2924/1960/1926 693/1959/1925
f 2925/1965/1931 2926/2065/1934 692/2063/1928 2924/1960/1926
f 174/635/626 1169/638/629 2927/2066/1935 1613/2067/1936
f 1169/638/629 388/630/621 2928/2068/1937 2927/2066/1935
f 1613/2067/1936 2927/2066/1935 2926/2065/1934 694/2064/1933
f 2927/2066/1935 2928/2068/1937 692/2063/1928 2926/2065/1934
f 87/38/581 1609/1613/581 2929/1631/1938 1170/39/618
f 1609/1613/581 691/1610/581 2930/1620/1927 2929/1631/1938
f 1170/39/618 2929/1631/1938 2928/2068/1937 388/630/621
f 2929/1631/1938 2930/1620/1927 692/2063/1928 2928/2068/1937
f 210/552/686 1189/555/689 2931/1973/1939 1615/1974/1940
f 1189/555/689 399/550/684 2932/1975/1941 2931/1973/1939
f 1615/1974/1940 2931/1973/1939 2938/1976/1942 696/1977/1943
f 2931/1973/1939 2932/1975/1941 695/1978/1944 2938/1976/1942
f 83/546/581 1618/1979/581 2933/1980/1945 1190/547/681
f 1618/1979/581 697/1981/581 2934/1982/1946 2933/1980/1945
f 1190/547/681 2933/1980/1945 2932/1975/1941 399/550/684
f 2933/1980/1945 2934/1982/1946 695/1978/1944 2932/1975/1941
f 82/1573/581 1599/1576/1917 2935/1642/1947 1617/1643/581
f 1599/1576/1917 684/1742/1911 2936/1782/1948 2935/1642/1947
f 1617/1643/581 2935/1642/1947 2934/1982/1946 697/1981/581
f 2935/1642/1947 2936/1782/1948 695/1978/1944 2934/1982/1946
f 214/1738/1907 1616/1783/1949 2937/1784/1950 1600/1739/1908
f 1616/1783/1949 696/1977/1943 2938/1976/1942 2937/1784/1950
f 1600/1739/1908 2937/1784/1950 2936/1782/1948 684/1742/1911
f 2937/1784/1950 2938/1976/1942 695/1978/1944 2936/1782/1948
f 83/546/581 1620/1983/581 2939/1984/581 1618/1979/581
f 1620/1983/581 699/1985/581 2940/1986/581 2939/1984/581
f 1618/1979/581 2939/1984/581 2946/1987/581 697/1981/581
f 2939/1984/581 2940/1986/581 698/1988/581 2946/1987/581
f 86/1653/581 1622/1654/581 2941/1655/581 1619/1656/581
f 1622/1654/581 700/1657/581 2942/1658/581 2941/1655/581
f 1619/1656/581 2941/1655/581 2940/1986/581 699/1985/581
f 2941/1655/581 2942/1658/581 698/1988/581 2940/1986/581
f 85/1590/581 1603/1593/581 2943/1659/581 1621/1660/581
f 1603/1593/581 687/1586/581 2944/1661/581 2943/1659/581
f 1621/1660/581 2943/1659/581 2942/1658/581 700/1657/581
f 2943/1659/581 2944/1661/581 698/1988/581 2942/1658/581
f 82/1573/581 1617/1643/581 2945/1662/581 1604/1584/581
f 1617/1643/581 697/1981/581 2946/1987/581 2945/1662/581
f 1604/1584/581 2945/1662/581 2944/1661/581 687/1586/581
f 2945/1662/581 2946/1987/581 698/1988/581 2944/1661/581
f 86/1653/581 1624/1663/581 2947/1664/581 1622/1654/581
f 1624/1663/581 702/1791/581 2948/1792/581 2947/1664/581
f 1622/1654/581 2947/1664/581 2954/1667/581 700/1657/581
f 2947/1664/581 2948/1792/581 701/1793/581 2954/1667/581
f 89/293/581 1626/1794/581 2949/1795/581 1623/1796/581
f 1626/1794/581 703/1797/581 2950/1798/581 2949/1795/581
f 1623/1796/581 2949/1795/581 2948/1792/581 702/1791/581
f 2949/1795/581 2950/1798/581 701/1793/581 2948/1792/581
f 88/1606/581 1607/1609/581 2951/1674/581 1625/1675/581
f 1607/1609/581 690/1602/581 2952/1676/581 2951/1674/581
f 1625/1675/581 2951/1674/581 2950/1798/581 703/1797/581
f 2951/1674/581 2952/1676/581 701/1793/581 2950/1798/581
f 85/1590/581 1621/1660/581 2953/1677/581 1608/1600/581
f 1621/1660/581 700/1657/581 2954/1667/581 2953/1677/581
f 1608/1600/581 2953/1677/581 2952/1676/581 690/1602/581
f 2953/1677/581 2954/1667/581 701/1793/581 2952/1676/581
f 89/293/581 1201/296/725 2955/1799/1951 1626/1794/581
f 1201/296/725 406/721/721 2956/2069/1952 2955/1799/1951
f 1626/1794/581 2955/1799/1951 2962/1801/1953 703/1797/581
f 2955/1799/1951 2956/2069/1952 704/2070/1954 2962/1801/1953
f 182/717/717 1628/2071/1955 2957/2072/1956 1202/718/718
f 1628/2071/1955 705/2073/1957 2958/2074/1958 2957/2072/1956
f 1202/718/718 2957/2072/1956 2956/2069/1952 406/721/721
f 2957/2072/1956 2958/2074/1958 704/2070/1954 2956/2069/1952
f 178/1963/1929 1611/1966/1932 2959/2005/1959 1627/2006/1960
f 1611/1966/1932 693/1959/1925 2960/2007/1961 2959/2005/1959
f 1627/2006/1960 2959/2005/1959 2958/2074/1958 705/2073/1957
f 2959/2005/1959 2960/2007/1961 704/2070/1954 2958/2074/1958
f 88/1606/581 1625/1675/581 2961/1689/1962 1612/1616/1923
f 1625/1675/581 703/1797/581 2962/1801/1953 2961/1689/1962
f 1612/1616/1923 2961/1689/1962 2960/2007/1961 693/1959/1925
f 2961/1689/1962 2962/1801/1953 704/2070/1954 2960/2007/1961
f 200/684/675 1630/2075/1963 2963/2076/1964 1188/685/676
f 1630/2075/1963 707/2077/1965 2964/2078/1966 2963/2076/1964
f 1188/685/676 2963/2076/1964 2970/2079/1967 398/688/679
f 2963/2076/1964 2964/2078/1966 706/2080/1968 2970/2079/1967
f 196/2081/1969 1632/2082/1970 2965/2083/1971 1629/2084/1972
f 1632/2082/1970 708/2085/1973 2966/2086/1974 2965/2083/1971
f 1629/2084/1972 2965/2083/1971 2964/2078/1966 707/2077/1965
f 2965/2083/1971 2966/2086/1974 706/2080/1968 2964/2078/1966
f 86/1653/581 1619/1656/581 2967/1702/1975 1631/1703/1976
f 1619/1656/581 699/1985/581 2968/2014/1977 2967/1702/1975
f 1631/1703/1976 2967/1702/1975 2966/2086/1974 708/2085/1973
f 2967/1702/1975 2968/2014/1977 706/2080/1968 2966/2086/1974
f 83/546/581 1187/549/683 2969/2015/1978 1620/1983/581
f 1187/549/683 398/688/679 2970/2079/1967 2969/2015/1978
f 1620/1983/581 2969/2015/1978 2968/2014/1977 699/1985/581
f 2969/2015/1978 2970/2079/1967 706/2080/1968 2968/2014/1977
f 196/2081/1969 1634/2087/1979 2971/2088/1980 1632/2082/1970
f 1634/2087/1979 710/2089/1981 2972/2090/1982 2971/2088/1980
f 1632/2082/1970 2971/2088/1980 2978/2091/1983 708/2085/1973
f 2971/2088/1980 2972/2090/1982 709/2092/1984 2978/2091/1983
f 192/690/690 1191/693/693 2973/2093/1985 1633/2094/1986
f 1191/693/693 401/697/697 2974/2095/1987 2973/2093/1985
f 1633/2094/1986 2973/2093/1985 2972/2090/1982 710/2089/1981
f 2973/2093/1985 2974/2095/1987 709/2092/1984 2972/2090/1982
f 89/293/581 1623/1796/581 2975/1821/1988 1192/294/723
f 1623/1796/581 702/1791/581 2976/1822/1989 2975/1821/1988
f 1192/294/723 2975/1821/1988 2974/2095/1987 401/697/697
f 2975/1821/1988 2976/1822/1989 709/2092/1984 2974/2095/1987
f 86/1653/581 1631/1703/1976 2977/1717/1990 1624/1663/581
f 1631/1703/1976 708/2085/1973 2978/2091/1983 2977/1717/1990
f 1624/1663/581 2977/1717/1990 2976/1822/1989 702/1791/581
f 2977/1717/1990 2978/2091/1983 709/2092/1984 2976/1822/1989
f 90/445/726 1636/1919/726 2979/1920/1991 1206/446/727
f 1636/1919/726 712/1921/726 2980/1922/1992 2979/1920/1991
f 1206/446/727 2979/1920/1991 2986/2096/1993 409/723/730
f 2979/1920/1991 2980/1922/1992 711/2097/1994 2986/2096/1993
f 93/1535/726 1638/1536/1995 2981/1537/1996 1635/1538/726
f 1638/1536/1995 713/2030/1997 2982/2031/1998 2981/1537/1996
f 1635/1538/726 2981/1537/1996 2980/1922/1992 712/1921/726
f 2981/1537/1996 2982/2031/1998 711/2097/1994 2980/1922/1992
f 194/2032/1999 1640/2033/2000 2983/2034/2001 1637/2035/2002
f 1640/2033/2000 714/2098/2003 2984/2099/2004 2983/2034/2001
f 1637/2035/2002 2983/2034/2001 2982/2031/1998 713/2030/1997
f 2983/2034/2001 2984/2099/2004 711/2097/1994 2982/2031/1998
f 198/726/735 1205/729/738 2985/2100/2005 1639/2101/2006
f 1205/729/738 409/723/730 2986/2096/1993 2985/2100/2005
f 1639/2101/2006 2985/2100/2005 2984/2099/2004 714/2098/2003
f 2985/2100/2005 2986/2096/1993 711/2097/1994 2984/2099/2004
f 93/1535/726 1642/1549/726 2987/1550/2007 1638/1536/1995
f 1642/1549/726 716/1728/726 2988/1729/2008 2987/1550/2007
f 1638/1536/1995 2987/1550/2007 2994/2040/2009 713/2030/1997
f 2987/1550/2007 2988/1729/2008 715/2102/2010 2994/2040/2009
f 96/186/726 1215/189/765 2989/1731/2011 1641/1732/726
f 1215/189/765 415/754/769 2990/2103/2012 2989/1731/2011
f 1641/1732/726 2989/1731/2011 2988/1729/2008 716/1728/726
f 2989/1731/2011 2990/2103/2012 715/2102/2010 2988/1729/2008
f 190/776/795 1644/2104/2013 2991/2105/2014 1216/777/796
f 1644/2104/2013 717/2106/2015 2992/2107/2016 2991/2105/2014
f 1216/777/796 2991/2105/2014 2990/2103/2012 415/754/769
f 2991/2105/2014 2992/2107/2016 715/2102/2010 2990/2103/2012
f 194/2032/1999 1637/2035/2002 2993/2047/2017 1643/2048/2018
f 1637/2035/2002 713/2030/1997 2994/2040/2009 2993/2047/2017
f 1643/2048/2018 2993/2047/2017 2992/2107/2016 717/2106/2015
f 2993/2047/2017 2994/2040/2009 715/2102/2010 2992/2107/2016
f 212/1738/2019 1648/1739/2020 2995/1740/2021 1645/1741/2022
f 1648/1739/2020 720/1742/2023 2996/1743/2024 2995/1740/2021
f 1645/1741/2022 2995/1740/2021 3002/1939/2025 719/1940/2026
f 2995/1740/2021 2996/1743/2024 718/1941/2027 3002/1939/2025
f 91/1573/726 1650/1574/726 2997/1575/2028 1647/1576/2029
f 1650/1574/726 721/1942/726 2998/1943/2030 2997/1575/2028
f 1647/1576/2029 2997/1575/2028 2996/1743/2024 720/1742/2023
f 2997/1575/2028 2998/1943/2030 718/1941/2027 2996/1743/2024
f 90/445/726 1203/448/729 2999/1944/2031 1649/1945/726
f 1203/448/729 408/452/733 3000/1946/2032 2999/1944/2031
f 1649/1945/726 2999/1944/2031 2998/1943/2030 721/1942/726
f 2999/1944/2031 3000/1946/2032 718/1941/2027 2998/1943/2030
f 208/478/759 1646/1947/2033 3001/1948/2034 1204/479/760
f 1646/1947/2033 719/1940/2026 3002/1939/2025 3001/1948/2034
f 1204/479/760 3001/1948/2034 3000/1946/2032 408/452/733
f 3001/1948/2034 3002/1939/2025 718/1941/2027 3000/1946/2032
f 91/1573/726 1652/1584/726 3003/1585/726 1650/1574/726
f 1652/1584/726 723/1586/726 3004/1587/726 3003/1585/726
f 1650/1574/726 3003/1585/726 3010/1949/726 721/1942/726
f 3003/1585/726 3004/1587/726 722/1950/726 3010/1949/726
f 94/1590/726 1654/1591/726 3005/1592/726 1651/1593/726
f 1654/1591/726 724/1594/726 3006/1595/726 3005/1592/726
f 1651/1593/726 3005/1592/726 3004/1587/726 723/1586/726
f 3005/1592/726 3006/1595/726 722/1950/726 3004/1587/726
f 93/1535/726 1635/1538/726 3007/1596/726 1653/1597/726
f 1635/1538/726 712/1921/726 3008/1951/726 3007/1596/726
f 1653/1597/726 3007/1596/726 3006/1595/726 724/1594/726
f 3007/1596/726 3008/1951/726 722/1950/726 3006/1595/726
f 90/445/726 1649/1945/726 3009/1952/726 1636/1919/726
f 1649/1945/726 721/1942/726 3010/1949/726 3009/1952/726
f 1636/1919/726 3009/1952/726 3008/1951/726 712/1921/726
f 3009/1952/726 3010/1949/726 722/1950/726 3008/1951/726
f 94/1590/726 1656/1600/726 3011/1601/726 1654/1591/726
f 1656/1600/726 726/1602/726 3012/1603/726 3011/1601/726
f 1654/1591/726 3011/1601/726 3018/1604/726 724/1594/726
f 3011/1601/726 3012/1603/726 725/1758/726 3018/1604/726
f 97/1606/726 1658/1607/726 3013/1608/726 1655/1609/726
f 1658/1607/726 727/1759/726 3014/1760/726 3013/1608/726
f 1655/1609/726 3013/1608/726 3012/1603/726 726/1602/726
f 3013/1608/726 3014/1760/726 725/1758/726 3012/1603/726
f 96/186/726 1641/1732/726 3015/1761/726 1657/1762/726
f 1641/1732/726 716/1728/726 3016/1763/726 3015/1761/726
f 1657/1762/726 3015/1761/726 3014/1760/726 727/1759/726
f 3015/1761/726 3016/1763/726 725/1758/726 3014/1760/726
f 93/1535/726 1653/1597/726 3017/1615/726 1642/1549/726
f 1653/1597/726 724/1594/726 3018/1604/726 3017/1615/726
f 1642/1549/726 3017/1615/726 3016/1763/726 716/1728/726
f 3017/1615/726 3018/1604/726 725/1758/726 3016/1763/726
f 97/1606/726 1660/1616/2035 3019/1617/2036 1658/1607/726
f 1660/1616/2035 729/1959/2037 3020/1960/2038 3019/1617/2036
f 1658/1607/726 3019/1617/2036 3026/1764/2039 727/1759/726
f 3019/1617/2036 3020/1960/2038 728/2108/2040 3026/1764/2039
f 176/1963/2041 1662/1964/2042 3021/1965/2043 1659/1966/2044
f 1662/1964/2042 730/2109/2045 3022/2110/2046 3021/1965/2043
f 1659/1966/2044 3021/1965/2043 3020/1960/2038 729/1959/2037
f 3021/1965/2043 3022/2110/2046 728/2108/2040 3020/1960/2038
f 180/756/771 1217/759/774 3023/2111/2047 1661/2112/2048
f 1217/759/774 416/751/766 3024/2113/2049 3023/2111/2047
f 1661/2112/2048 3023/2111/2047 3022/2110/2046 730/2109/2045
f 3023/2111/2047 3024/2113/2049 728/2108/2040 3022/2110/2046
f 96/186/726 1657/1762/726 3025/1771/2050 1218/187/763
f 1657/1762/726 727/1759/726 3026/1764/2039 3025/1771/2050
f 1218/187/763 3025/1771/2050 3024/2113/2049 416/751/766
f 3025/1771/2050 3026/1764/2039 728/2108/2040 3024/2113/2049
f 216/813/831 1237/816/834 3027/2114/2051 1663/2115/2052
f 1237/816/834 427/811/829 3028/2116/2053 3027/2114/2051
f 1663/2115/2052 3027/2114/2051 3034/2117/2054 732/2118/2055
f 3027/2114/2051 3028/2116/2053 731/2119/2056 3034/2117/2054
f 92/807/726 1666/2120/726 3029/2121/2057 1238/808/826
f 1666/2120/726 733/2122/726 3030/2123/2058 3029/2121/2057
f 1238/808/826 3029/2121/2057 3028/2116/2053 427/811/829
f 3029/2121/2057 3030/2123/2058 731/2119/2056 3028/2116/2053
f 91/1573/726 1647/1576/2029 3031/1642/2059 1665/1643/726
f 1647/1576/2029 720/1742/2023 3032/1782/2060 3031/1642/2059
f 1665/1643/726 3031/1642/2059 3030/2123/2058 733/2122/726
f 3031/1642/2059 3032/1782/2060 731/2119/2056 3030/2123/2058
f 212/1738/2019 1664/1783/2061 3033/1784/2062 1648/1739/2020
f 1664/1783/2061 732/2118/2055 3034/2117/2054 3033/1784/2062
f 1648/1739/2020 3033/1784/2062 3032/1782/2060 720/1742/2023
f 3033/1784/2062 3034/2117/2054 731/2119/2056 3032/1782/2060
f 92/807/726 1668/2124/726 3035/2125/726 1666/2120/726
f 1668/2124/726 735/2126/726 3036/2127/726 3035/2125/726
f 1666/2120/726 3035/2125/726 3042/2128/726 733/2122/726
f 3035/2125/726 3036/2127/726 734/2129/726 3042/2128/726
f 95/1653/726 1670/1654/726 3037/1655/726 1667/1656/726
f 1670/1654/726 736/1657/726 3038/1658/726 3037/1655/726
f 1667/1656/726 3037/1655/726 3036/2127/726 735/2126/726
f 3037/1655/726 3038/1658/726 734/2129/726 3036/2127/726
f 94/1590/726 1651/1593/726 3039/1659/726 1669/1660/726
f 1651/1593/726 723/1586/726 3040/1661/726 3039/1659/726
f 1669/1660/726 3039/1659/726 3038/1658/726 736/1657/726
f 3039/1659/726 3040/1661/726 734/2129/726 3038/1658/726
f 91/1573/726 1665/1643/726 3041/1662/726 1652/1584/726
f 1665/1643/726 733/2122/726 3042/2128/726 3041/1662/726
f 1652/1584/726 3041/1662/726 3040/1661/726 723/1586/726
f 3041/1662/726 3042/2128/726 734/2129/726 3040/1661/726
f 95/1653/726 1672/1663/726 3043/1664/726 1670/1654/726
f 1672/1663/726 738/1665/726 3044/1666/726 3043/1664/726
f 1670/1654/726 3043/1664/726 3050/1667/726 736/1657/726
f 3043/1664/726 3044/1666/726 737/1668/726 3050/1667/726
f 98/145/726 1674/1669/726 3045/1670/726 1671/1671/726
f 1674/1669/726 739/1672/726 3046/1673/726 3045/1670/726
f 1671/1671/726 3045/1670/726 3044/1666/726 738/1665/726
f 3045/1670/726 3046/1673/726 737/1668/726 3044/1666/726
f 97/1606/726 1655/1609/726 3047/1674/726 1673/1675/726
f 1655/1609/726 726/1602/726 3048/1676/726 3047/1674/726
f 1673/1675/726 3047/1674/726 3046/1673/726 739/1672/726
f 3047/1674/726 3048/1676/726 737/1668/726 3046/1673/726
f 94/1590/726 1669/1660/726 3049/1677/726 1656/1600/726
f 1669/1660/726 736/1657/726 3050/1667/726 3049/1677/726
f 1656/1600/726 3049/1677/726 3048/1676/726 726/1602/726
f 3049/1677/726 3050/1667/726 737/1668/726 3048/1676/726
f 98/145/726 1249/148/870 3051/1678/2063 1674/1669/726
f 1249/148/870 434/844/866 3052/2130/2064 3051/1678/2063
f 1674/1669/726 3051/1678/2063 3058/1680/2065 739/1672/726
f 3051/1678/2063 3052/2130/2064 740/2131/2066 3058/1680/2065
f 172/840/862 1676/2132/2067 3053/2133/2068 1250/841/863
f 1676/2132/2067 741/2134/2069 3054/2135/2070 3053/2133/2068
f 1250/841/863 3053/2133/2068 3052/2130/2064 434/844/866
f 3053/2133/2068 3054/2135/2070 740/2131/2066 3052/2130/2064
f 176/1963/2041 1659/1966/2044 3055/2005/2071 1675/2006/2072
f 1659/1966/2044 729/1959/2037 3056/2007/2073 3055/2005/2071
f 1675/2006/2072 3055/2005/2071 3054/2135/2070 741/2134/2069
f 3055/2005/2071 3056/2007/2073 740/2131/2066 3054/2135/2070
f 97/1606/726 1673/1675/726 3057/1689/2074 1660/1616/2035
f 1673/1675/726 739/1672/726 3058/1680/2065 3057/1689/2074
f 1660/1616/2035 3057/1689/2074 3056/2007/2073 729/1959/2037
f 3057/1689/2074 3058/1680/2065 740/2131/2066 3056/2007/2073
f 154/801/820 1678/2136/2075 3059/2137/2076 1236/802/821
f 1678/2136/2075 743/2138/2077 3060/2139/2078 3059/2137/2076
f 1236/802/821 3059/2137/2076 3066/2140/2079 426/805/824
f 3059/2137/2076 3060/2139/2078 742/2141/2080 3066/2140/2079
f 158/2081/2081 1680/2082/2082 3061/2083/2083 1677/2084/2084
f 1680/2082/2082 744/2085/2085 3062/2086/2086 3061/2083/2083
f 1677/2084/2084 3061/2083/2083 3060/2139/2078 743/2138/2077
f 3061/2083/2083 3062/2086/2086 742/2141/2080 3060/2139/2078
f 95/1653/726 1667/1656/726 3063/1702/2087 1679/1703/2088
f 1667/1656/726 735/2126/726 3064/2142/2089 3063/1702/2087
f 1679/1703/2088 3063/1702/2087 3062/2086/2086 744/2085/2085
f 3063/1702/2087 3064/2142/2089 742/2141/2080 3062/2086/2086
f 92/807/726 1235/810/828 3065/2143/2090 1668/2124/726
f 1235/810/828 426/805/824 3066/2140/2079 3065/2143/2090
f 1668/2124/726 3065/2143/2090 3064/2142/2089 735/2126/726
f 3065/2143/2090 3066/2140/2079 742/2141/2080 3064/2142/2089
f 158/2081/2081 1682/2087/2091 3067/2088/2092 1680/2082/2082
f 1682/2087/2091 746/2144/2093 3068/2145/2094 3067/2088/2092
f 1680/2082/2082 3067/2088/2092 3074/2091/2095 744/2085/2085
f 3067/2088/2092 3068/2145/2094 745/2146/2096 3074/2091/2095
f 162/817/835 1239/820/838 3069/2147/2097 1681/2148/2098
f 1239/820/838 429/824/842 3070/2149/2099 3069/2147/2097
f 1681/2148/2098 3069/2147/2097 3068/2145/2094 746/2144/2093
f 3069/2147/2097 3070/2149/2099 745/2146/2096 3068/2145/2094
f 98/145/726 1671/1671/726 3071/1715/2100 1240/146/868
f 1671/1671/726 738/1665/726 3072/1716/2101 3071/1715/2100
f 1240/146/868 3071/1715/2100 3070/2149/2099 429/824/842
f 3071/1715/2100 3072/1716/2101 745/2146/2096 3070/2149/2099
f 95/1653/726 1679/1703/2088 3073/1717/2102 1672/1663/726
f 1679/1703/2088 744/2085/2085 3074/2091/2095 3073/1717/2102
f 1672/1663/726 3073/1717/2102 3072/1716/2101 738/1665/726
f 3073/1717/2102 3074/2091/2095 745/2146/2096 3072/1716/2101
f 148/2150/481 1684/2151/2103 3075/2152/2104 1124/2153/482
f 1684/2151/2103 748/2154/2105 3076/2155/2106 3075/2152/2104
f 1124/2153/482 3075/2152/2104 3082/2156/2107 361/2157/485
f 3075/2152/2104 3076/2155/2106 747/2158/2108 3082/2156/2107
f 121/2159/2109 1686/2160/2110 3077/2161/2111 1683/2162/2112
f 1686/2160/2110 749/2163/2113 3078/2164/2114 3077/2161/2111
f 1683/2162/2112 3077/2161/2111 3076/2155/2106 748/2154/2105
f 3077/2161/2111 3078/2164/2114 747/2158/2108 3076/2155/2106
f 122/2165/881 1253/2166/884 3079/2167/2115 1685/2168/2116
f 1253/2166/884 437/2169/879 3080/2170/2117 3079/2167/2115
f 1685/2168/2116 3079/2167/2115 3078/2164/2114 749/2163/2113
f 3079/2167/2115 3080/2170/2117 747/2158/2108 3078/2164/2114
f 223/2171/487 1123/2172/490 3081/2173/2118 1254/2174/877
f 1123/2172/490 361/2157/485 3082/2156/2107 3081/2173/2118
f 1254/2174/877 3081/2173/2118 3080/2170/2117 437/2169/879
f 3081/2173/2118 3082/2156/2107 747/2158/2108 3080/2170/2117
f 222/2175/814 1317/2176/1102 3083/2177/2119 1234/2178/815
f 1317/2176/1102 477/2179/1099 3084/2180/2120 3083/2177/2119
f 1234/2178/815 3083/2177/2119 3090/2181/2121 425/2182/818
f 3083/2177/2119 3084/2180/2120 750/2183/2122 3090/2181/2121
f 119/2184/1095 1688/2185/2123 3085/2186/2124 1318/2187/1096
f 1688/2185/2123 751/2188/2125 3086/2189/2126 3085/2186/2124
f 1318/2187/1096 3085/2186/2124 3084/2180/2120 477/2179/1099
f 3085/2186/2124 3086/2189/2126 750/2183/2122 3084/2180/2120
f 120/2190/2127 1690/2191/2128 3087/2192/2129 1687/2193/2130
f 1690/2191/2128 752/2194/2131 3088/2195/2132 3087/2192/2129
f 1687/2193/2130 3087/2192/2129 3086/2189/2126 751/2188/2125
f 3087/2192/2129 3088/2195/2132 750/2183/2122 3086/2189/2126
f 154/2196/820 1233/2197/823 3089/2198/2133 1689/2199/2134
f 1233/2197/823 425/2182/818 3090/2181/2121 3089/2198/2133
f 1689/2199/2134 3089/2198/2133 3088/2195/2132 752/2194/2131
f 3089/2198/2133 3090/2181/2121 750/2183/2122 3088/2195/2132
f 234/2200/173 1347/2201/1231 3091/2202/2135 1022/2203/174
f 1347/2201/1231 498/2204/1228 3092/2205/2136 3091/2202/2135
f 1022/2203/174 3091/2202/2135 3098/2206/2137 301/2207/177
f 3091/2202/2135 3092/2205/2136 753/2208/2138 3098/2206/2137
f 117/2209/1224 1692/2210/2139 3093/2211/2140 1348/2212/1225
f 1692/2210/2139 754/2213/2141 3094/2214/2142 3093/2211/2140
f 1348/2212/1225 3093/2211/2140 3092/2205/2136 498/2204/1228
f 3093/2211/2140 3094/2214/2142 753/2208/2138 3092/2205/2136
f 118/2215/2143 1694/2216/2144 3095/2217/2145 1691/2218/2146
f 1694/2216/2144 755/2219/2147 3096/2220/2148 3095/2217/2145
f 1691/2218/2146 3095/2217/2145 3094/2214/2142 754/2213/2141
f 3095/2217/2145 3096/2220/2148 753/2208/2138 3094/2214/2142
f 166/2221/179 1021/2222/182 3097/2223/2149 1693/2224/2150
f 1021/2222/182 301/2207/177 3098/2206/2137 3097/2223/2149
f 1693/2224/2150 3097/2223/2149 3096/2220/2148 755/2219/2147
f 3097/2223/2149 3098/2206/2137 753/2208/2138 3096/2220/2148
f 162/2225/835 1696/2226/2151 3099/2227/2152 1242/2228/836
f 1696/2226/2151 757/2229/2153 3100/2230/2154 3099/2227/2152
f 1242/2228/836 3099/2227/2152 3106/2231/2155 430/2232/839
f 3099/2227/2152 3100/2230/2154 756/2233/2156 3106/2231/2155
f 115/2234/2157 1698/2235/2158 3101/2236/2159 1695/2237/2160
f 1698/2235/2158 758/2238/2161 3102/2239/2162 3101/2236/2159
f 1695/2237/2160 3101/2236/2159 3100/2230/2154 757/2229/2153
f 3101/2236/2159 3102/2239/2162 756/2233/2156 3100/2230/2154
f 116/2240/935 1269/2241/938 3103/2242/2163 1697/2243/2164
f 1269/2241/938 447/2244/933 3104/2245/2165 3103/2242/2163
f 1697/2243/2164 3103/2242/2163 3102/2239/2162 758/2238/2161
f 3103/2242/2163 3104/2245/2165 756/2233/2156 3102/2239/2162
f 235/2246/844 1241/2247/847 3105/2248/2166 1270/2249/931
f 1241/2247/847 430/2232/839 3106/2231/2155 3105/2248/2166
f 1270/2249/931 3105/2248/2166 3104/2245/2165 447/2244/933
f 3105/2248/2166 3106/2231/2155 756/2233/2156 3104/2245/2165
f 228/2250/566 1337/2251/1188 3107/2252/2167 1152/2253/567
f 1337/2251/1188 491/2254/1185 3108/2255/2168 3107/2252/2167
f 1152/2253/567 3107/2252/2167 3114/2256/2169 377/2257/570
f 3107/2252/2167 3108/2255/2168 759/2258/2170 3114/2256/2169
f 113/2259/1181 1700/2260/2171 3109/2261/2172 1338/2262/1182
f 1700/2260/2171 760/2263/2173 3110/2264/2174 3109/2261/2172
f 1338/2262/1182 3109/2261/2172 3108/2255/2168 491/2254/1185
f 3109/2261/2172 3110/2264/2174 759/2258/2170 3108/2255/2168
f 114/2265/2175 1702/2266/2176 3111/2267/2177 1699/2268/2178
f 1702/2266/2176 761/2269/2179 3112/2270/2180 3111/2267/2177
f 1699/2268/2178 3111/2267/2177 3110/2264/2174 760/2263/2173
f 3111/2267/2177 3112/2270/2180 759/2258/2170 3110/2264/2174
f 152/2271/572 1151/2272/575 3113/2273/2181 1701/2274/2182
f 1151/2272/575 377/2257/570 3114/2256/2169 3113/2273/2181
f 1701/2274/2182 3113/2273/2181 3112/2270/2180 761/2269/2179
f 3113/2273/2181 3114/2256/2169 759/2258/2170 3112/2270/2180
f 156/2275/590 1704/2276/2183 3115/2277/2184 1160/2278/591
f 1704/2276/2183 763/2279/2185 3116/2280/2186 3115/2277/2184
f 1160/2278/591 3115/2277/2184 3122/2281/2187 382/2282/594
f 3115/2277/2184 3116/2280/2186 762/2283/2188 3122/2281/2187
f 111/2284/2189 1706/2285/2190 3117/2286/2191 1703/2287/2192
f 1706/2285/2190 764/2288/2193 3118/2289/2194 3117/2286/2191
f 1703/2287/2192 3117/2286/2191 3116/2280/2186 763/2279/2185
f 3117/2286/2191 3118/2289/2194 762/2283/2188 3116/2280/2186
f 112/2290/908 1261/2291/911 3119/2292/2195 1705/2293/2196
f 1261/2291/911 442/2294/906 3120/2295/2197 3119/2292/2195
f 1705/2293/2196 3119/2292/2195 3118/2289/2194 764/2288/2193
f 3119/2292/2195 3120/2295/2197 762/2283/2188 3118/2289/2194
f 229/2296/596 1159/2297/599 3121/2298/2198 1262/2299/904
f 1159/2297/599 382/2282/594 3122/2281/2187 3121/2298/2198
f 1262/2299/904 3121/2298/2198 3120/2295/2197 442/2294/906
f 3121/2298/2198 3122/2281/2187 762/2283/2188 3120/2295/2197
f 240/2300/644 1357/2301/1274 3123/2302/2199 1178/2303/645
f 1357/2301/1274 505/2304/1271 3124/2305/2200 3123/2302/2199
f 1178/2303/645 3123/2302/2199 3130/2306/2201 392/2307/648
f 3123/2302/2199 3124/2305/2200 765/2308/2202 3130/2306/2201
f 109/2309/1267 1708/2310/2203 3125/2311/2204 1358/2312/1268
f 1708/2310/2203 766/2313/2205 3126/2314/2206 3125/2311/2204
f 1358/2312/1268 3125/2311/2204 3124/2305/2200 505/2304/1271
f 3125/2311/2204 3126/2314/2206 765/2308/2202 3124/2305/2200
f 110/2315/2207 1710/2316/2208 3127/2317/2209 1707/2318/2210
f 1710/2316/2208 767/2319/2211 3128/2320/2212 3127/2317/2209
f 1707/2318/2210 3127/2317/2209 3126/2314/2206 766/2313/2205
f 3127/2317/2209 3128/2320/2212 765/2308/2202 3126/2314/2206
f 164/2321/650 1177/2322/653 3129/2323/2213 1709/2324/2214
f 1177/2322/653 392/2307/648 3130/2306/2201 3129/2323/2213
f 1709/2324/2214 3129/2323/2213 3128/2320/2212 767/2319/2211
f 3129/2323/2213 3130/2306/2201 765/2308/2202 3128/2320/2212
f 170/2325/251 1712/2326/2215 3131/2327/2216 1036/2328/252
f 1712/2326/2215 769/2329/2217 3132/2330/2218 3131/2327/2216
f 1036/2328/252 3131/2327/2216 3138/2331/2219 310/2332/226
f 3131/2327/2216 3132/2330/2218 768/2333/2220 3138/2331/2219
f 107/2334/2221 1714/2335/2222 3133/2336/2223 1711/2337/2224
f 1714/2335/2222 770/2338/2225 3134/2339/2226 3133/2336/2223
f 1711/2337/2224 3133/2336/2223 3132/2330/2218 769/2329/2217
f 3133/2336/2223 3134/2339/2226 768/2333/2220 3132/2330/2218
f 108/2340/962 1277/2341/965 3135/2342/2227 1713/2343/2228
f 1277/2341/965 452/2344/960 3136/2345/2229 3135/2342/2227
f 1713/2343/2228 3135/2342/2227 3134/2339/2226 770/2338/2225
f 3135/2342/2227 3136/2345/2229 768/2333/2220 3134/2339/2226
f 241/2346/219 1035/2347/222 3137/2348/2230 1278/2349/958
f 1035/2347/222 310/2332/226 3138/2331/2219 3137/2348/2230
f 1278/2349/958 3137/2348/2230 3136/2345/2229 452/2344/960
f 3137/2348/2230 3138/2331/2219 768/2333/2220 3136/2345/2229
f 232/2350/856 1353/2351/1254 3139/2352/2231 1248/2353/857
f 1353/2351/1254 502/2354/1251 3140/2355/2232 3139/2352/2231
f 1248/2353/857 3139/2352/2231 3146/2356/2233 433/2357/860
f 3139/2352/2231 3140/2355/2232 771/2358/2234 3146/2356/2233
f 105/2359/1247 1716/2360/2235 3141/2361/2236 1354/2362/1248
f 1716/2360/2235 772/2363/2237 3142/2364/2238 3141/2361/2236
f 1354/2362/1248 3141/2361/2236 3140/2355/2232 502/2354/1251
f 3141/2361/2236 3142/2364/2238 771/2358/2234 3140/2355/2232
f 106/2365/2239 1718/2366/2240 3143/2367/2241 1715/2368/2242
f 1718/2366/2240 773/2369/2243 3144/2370/2244 3143/2367/2241
f 1715/2368/2242 3143/2367/2241 3142/2364/2238 772/2363/2237
f 3143/2367/2241 3144/2370/2244 771/2358/2234 3142/2364/2238
f 172/2371/862 1247/2372/865 3145/2373/2245 1717/2374/2246
f 1247/2372/865 433/2357/860 3146/2356/2233 3145/2373/2245
f 1717/2374/2246 3145/2373/2245 3144/2370/2244 773/2369/2243
f 3145/2373/2245 3146/2356/2233 771/2358/2234 3144/2370/2244
f 246/2375/318 1367/2376/1317 3147/2377/2247 1070/2378/319
f 1367/2376/1317 512/2379/1314 3148/2380/2248 3147/2377/2247
f 1070/2378/319 3147/2377/2247 3154/2381/2249 329/2382/322
f 3147/2377/2247 3148/2380/2248 774/2383/2250 3154/2381/2249
f 103/2384/1310 1720/2385/2251 3149/2386/2252 1368/2387/1311
f 1720/2385/2251 775/2388/2253 3150/2389/2254 3149/2386/2252
f 1368/2387/1311 3149/2386/2252 3148/2380/2248 512/2379/1314
f 3149/2386/2252 3150/2389/2254 774/2383/2250 3148/2380/2248
f 104/2390/2255 1722/2391/2256 3151/2392/2257 1719/2393/2258
f 1722/2391/2256 776/2394/2259 3152/2395/2260 3151/2392/2257
f 1719/2393/2258 3151/2392/2257 3150/2389/2254 775/2388/2253
f 3151/2392/2257 3152/2395/2260 774/2383/2250 3150/2389/2254
f 184/2396/324 1069/2397/327 3153/2398/2261 1721/2399/2262
f 1069/2397/327 329/2382/322 3154/2381/2249 3153/2398/2261
f 1721/2399/2262 3153/2398/2261 3152/2395/2260 776/2394/2259
f 3153/2398/2261 3154/2381/2249 774/2383/2250 3152/2395/2260
f 180/2400/771 1724/2401/2263 3155/2402/2264 1220/2403/772
f 1724/2401/2263 778/2404/2265 3156/2405/2266 3155/2402/2264
f 1220/2403/772 3155/2402/2264 3162/2406/2267 417/2407/775
f 3155/2402/2264 3156/2405/2266 777/2408/2268 3162/2406/2267
f 101/2409/2269 1726/2410/2270 3157/2411/2271 1723/2412/2272
f 1726/2410/2270 779/2413/2273 3158/2414/2274 3157/2411/2271
f 1723/2412/2272 3157/2411/2271 3156/2405/2266 778/2404/2265
f 3157/2411/2271 3158/2414/2274 777/2408/2268 3156/2405/2266
f 102/2415/989 1285/2416/992 3159/2417/2275 1725/2418/2276
f 1285/2416/992 457/2419/987 3160/2420/2277 3159/2417/2275
f 1725/2418/2276 3159/2417/2275 3158/2414/2274 779/2413/2273
f 3159/2417/2275 3160/2420/2277 777/2408/2268 3158/2414/2274
f 247/2421/777 1219/2422/780 3161/2423/2278 1286/2424/985
f 1219/2422/780 417/2407/775 3162/2406/2267 3161/2423/2278
f 1286/2424/985 3161/2423/2278 3160/2420/2277 457/2419/987
f 3161/2423/2278 3162/2406/2267 777/2408/2268 3160/2420/2277
f 174/2425/626 1728/2426/2279 3163/2427/2280 1172/2428/627
f 1728/2426/2279 781/2429/2281 3164/2430/2282 3163/2427/2280
f 1172/2428/627 3163/2427/2280 3170/2431/2283 389/2432/630
f 3163/2427/2280 3164/2430/2282 780/2433/2284 3170/2431/2283
f 99/2434/2285 1730/2435/2286 3165/2436/2287 1727/2437/2288
f 1730/2435/2286 782/2438/2289 3166/2439/2290 3165/2436/2287
f 1727/2437/2288 3165/2436/2287 3164/2430/2282 781/2429/2281
f 3165/2436/2287 3166/2439/2290 780/2433/2284 3164/2430/2282
f 100/2440/1290 1361/2441/1293 3167/2442/2291 1729/2443/2292
f 1361/2441/1293 508/2444/1288 3168/2445/2293 3167/2442/2291
f 1729/2443/2292 3167/2442/2291 3166/2439/2290 782/2438/2289
f 3167/2442/2291 3168/2445/2293 780/2433/2284 3166/2439/2290
f 237/2446/632 1171/2447/635 3169/2448/2294 1362/2449/1286
f 1171/2447/635 389/2432/630 3170/2431/2283 3169/2448/2294
f 1362/2449/1286 3169/2448/2294 3168/2445/2293 508/2444/1288
f 3169/2448/2294 3170/2431/2283 780/2433/2284 3168/2445/2293
f 252/2450/711 1377/2451/1360 3171/2452/2295 1200/2453/712
f 1377/2451/1360 519/2454/1357 3172/2455/2296 3171/2452/2295
f 1200/2453/712 3171/2452/2295 3178/2456/2297 405/2457/715
f 3171/2452/2295 3172/2455/2296 783/2458/2298 3178/2456/2297
f 76/2459/1353 1732/2460/2299 3173/2461/2300 1378/2462/1354
f 1732/2460/2299 784/2463/2301 3174/2464/2302 3173/2461/2300
f 1378/2462/1354 3173/2461/2300 3172/2455/2296 519/2454/1357
f 3173/2461/2300 3174/2464/2302 783/2458/2298 3172/2455/2296
f 80/2465/2303 1734/2466/2304 3175/2467/2305 1731/2468/2306
f 1734/2466/2304 785/2469/2307 3176/2470/2308 3175/2467/2305
f 1731/2468/2306 3175/2467/2305 3174/2464/2302 784/2463/2301
f 3175/2467/2305 3176/2470/2308 783/2458/2298 3174/2464/2302
f 182/2471/717 1199/2472/720 3177/2473/2309 1733/2474/2310
f 1199/2472/720 405/2457/715 3178/2456/2297 3177/2473/2309
f 1733/2474/2310 3177/2473/2309 3176/2470/2308 785/2469/2307
f 3177/2473/2309 3178/2456/2297 783/2458/2298 3176/2470/2308
f 188/2475/396 1736/2476/2311 3179/2477/2312 1084/2478/397
f 1736/2476/2311 787/2479/2313 3180/2480/2314 3179/2477/2312
f 1084/2478/397 3179/2477/2312 3186/2481/2315 338/2482/371
f 3179/2477/2312 3180/2480/2314 786/2483/2316 3186/2481/2315
f 71/2484/2317 1738/2485/2318 3181/2486/2319 1735/2487/2320
f 1738/2485/2318 788/2488/2321 3182/2489/2322 3181/2486/2319
f 1735/2487/2320 3181/2486/2319 3180/2480/2314 787/2479/2313
f 3181/2486/2319 3182/2489/2322 786/2483/2316 3180/2480/2314
f 75/2490/1016 1293/2491/1019 3183/2492/2323 1737/2493/2324
f 1293/2491/1019 462/2494/1014 3184/2495/2325 3183/2492/2323
f 1737/2493/2324 3183/2492/2323 3182/2489/2322 788/2488/2321
f 3183/2492/2323 3184/2495/2325 786/2483/2316 3182/2489/2322
f 253/2496/364 1083/2497/367 3185/2498/2326 1294/2499/1012
f 1083/2497/367 338/2482/371 3186/2481/2315 3185/2498/2326
f 1294/2499/1012 3185/2498/2326 3184/2495/2325 462/2494/1014
f 3185/2498/2326 3186/2481/2315 786/2483/2316 3184/2495/2325
f 244/2500/789 1373/2501/1340 3187/2502/2327 1226/2503/790
f 1373/2501/1340 516/2504/1337 3188/2505/2328 3187/2502/2327
f 1226/2503/790 3187/2502/2327 3194/2506/2329 420/2507/793
f 3187/2502/2327 3188/2505/2328 789/2508/2330 3194/2506/2329
f 66/2509/1333 1740/2510/2331 3189/2511/2332 1374/2512/1334
f 1740/2510/2331 790/2513/2333 3190/2514/2334 3189/2511/2332
f 1374/2512/1334 3189/2511/2332 3188/2505/2328 516/2504/1337
f 3189/2511/2332 3190/2514/2334 789/2508/2330 3188/2505/2328
f 70/2515/2335 1742/2516/2336 3191/2517/2337 1739/2518/2338
f 1742/2516/2336 791/2519/2339 3192/2520/2340 3191/2517/2337
f 1739/2518/2338 3191/2517/2337 3190/2514/2334 790/2513/2333
f 3191/2517/2337 3192/2520/2340 789/2508/2330 3190/2514/2334
f 190/2521/795 1225/2522/798 3193/2523/2341 1741/2524/2342
f 1225/2522/798 420/2507/793 3194/2506/2329 3193/2523/2341
f 1741/2524/2342 3193/2523/2341 3192/2520/2340 791/2519/2339
f 3193/2523/2341 3194/2506/2329 789/2508/2330 3192/2520/2340
f 258/2525/463 1387/2526/1403 3195/2527/2343 1118/2528/464
f 1387/2526/1403 526/2529/1400 3196/2530/2344 3195/2527/2343
f 1118/2528/464 3195/2527/2343 3202/2531/2345 357/2532/467
f 3195/2527/2343 3196/2530/2344 792/2533/2346 3202/2531/2345
f 63/2534/1396 1744/2535/2347 3197/2536/2348 1388/2537/1397
f 1744/2535/2347 793/2538/2349 3198/2539/2350 3197/2536/2348
f 1388/2537/1397 3197/2536/2348 3196/2530/2344 526/2529/1400
f 3197/2536/2348 3198/2539/2350 792/2533/2346 3196/2530/2344
f 64/2540/2351 1746/2541/2352 3199/2542/2353 1743/2543/2354
f 1746/2541/2352 794/2544/2355 3200/2545/2356 3199/2542/2353
f 1743/2543/2354 3199/2542/2353 3198/2539/2350 793/2538/2349
f 3199/2542/2353 3200/2545/2356 792/2533/2346 3198/2539/2350
f 202/2546/469 1117/2547/472 3201/2548/2357 1745/2549/2358
f 1117/2547/472 357/2532/467 3202/2531/2345 3201/2548/2357
f 1745/2549/2358 3201/2548/2357 3200/2545/2356 794/2544/2355
f 3201/2548/2357 3202/2531/2345 792/2533/2346 3200/2545/2356
f 198/2550/735 1748/2551/2359 3203/2552/2360 1208/2553/736
f 1748/2551/2359 796/2554/2361 3204/2555/2362 3203/2552/2360
f 1208/2553/736 3203/2552/2360 3210/2556/2363 410/2557/739
f 3203/2552/2360 3204/2555/2362 795/2558/2364 3210/2556/2363
f 60/2559/2365 1750/2560/2366 3205/2561/2367 1747/2562/2368
f 1750/2560/2366 797/2563/2369 3206/2564/2370 3205/2561/2367
f 1747/2562/2368 3205/2561/2367 3204/2555/2362 796/2554/2361
f 3205/2561/2367 3206/2564/2370 795/2558/2364 3204/2555/2362
f 62/2565/1043 1301/2566/1046 3207/2567/2371 1749/2568/2372
f 1301/2566/1046 467/2569/1041 3208/2570/2373 3207/2567/2371
f 1749/2568/2372 3207/2567/2371 3206/2564/2370 797/2563/2369
f 3207/2567/2371 3208/2570/2373 795/2558/2364 3206/2564/2370
f 259/2571/741 1207/2572/744 3209/2573/2374 1302/2574/1039
f 1207/2572/744 410/2557/739 3210/2556/2363 3209/2573/2374
f 1302/2574/1039 3209/2573/2374 3208/2570/2373 467/2569/1041
f 3209/2573/2374 3210/2556/2363 795/2558/2364 3208/2570/2373
f 192/2575/690 1752/2576/2375 3211/2577/2376 1194/2578/691
f 1752/2576/2375 799/2579/2377 3212/2580/2378 3211/2577/2376
f 1194/2578/691 3211/2577/2376 3218/2581/2379 402/2582/694
f 3211/2577/2376 3212/2580/2378 798/2583/2380 3218/2581/2379
f 55/2584/2381 1754/2585/2382 3213/2586/2383 1751/2587/2384
f 1754/2585/2382 800/2588/2385 3214/2589/2386 3213/2586/2383
f 1751/2587/2384 3213/2586/2383 3212/2580/2378 799/2579/2377
f 3213/2586/2383 3214/2589/2386 798/2583/2380 3212/2580/2378
f 56/2590/1376 1381/2591/1379 3215/2592/2387 1753/2593/2388
f 1381/2591/1379 522/2594/1374 3216/2595/2389 3215/2592/2387
f 1753/2593/2388 3215/2592/2387 3214/2589/2386 800/2588/2385
f 3215/2592/2387 3216/2595/2389 798/2583/2380 3214/2589/2386
f 249/2596/699 1193/2597/702 3217/2598/2390 1382/2599/1372
f 1193/2597/702 402/2582/694 3218/2581/2379 3217/2598/2390
f 1382/2599/1372 3217/2598/2390 3216/2595/2389 522/2594/1374
f 3217/2598/2390 3218/2581/2379 798/2583/2380 3216/2595/2389
f 264/2600/669 1327/2601/1145 3219/2602/2391 1186/2603/670
f 1327/2601/1145 484/2604/1142 3220/2605/2392 3219/2602/2391
f 1186/2603/670 3219/2602/2391 3226/2606/2393 397/2607/673
f 3219/2602/2391 3220/2605/2392 801/2608/2394 3226/2606/2393
f 50/2609/1138 1756/2610/2395 3221/2611/2396 1328/2612/1139
f 1756/2610/2395 802/2613/2397 3222/2614/2398 3221/2611/2396
f 1328/2612/1139 3221/2611/2396 3220/2605/2392 484/2604/1142
f 3221/2611/2396 3222/2614/2398 801/2608/2394 3220/2605/2392
f 51/2615/2399 1758/2616/2400 3223/2617/2401 1755/2618/2402
f 1758/2616/2400 803/2619/2403 3224/2620/2404 3223/2617/2401
f 1755/2618/2402 3223/2617/2401 3222/2614/2398 802/2613/2397
f 3223/2617/2401 3224/2620/2404 801/2608/2394 3222/2614/2398
f 200/2621/675 1185/2622/678 3225/2623/2405 1757/2624/2406
f 1185/2622/678 397/2607/673 3226/2606/2393 3225/2623/2405
f 1757/2624/2406 3225/2623/2405 3224/2620/2404 803/2619/2403
f 3225/2623/2405 3226/2606/2393 801/2608/2394 3224/2620/2404
f 206/2625/541 1760/2626/2407 3227/2627/2408 1132/2628/542
f 1760/2626/2407 805/2629/2409 3228/2630/2410 3227/2627/2408
f 1132/2628/542 3227/2627/2408 3234/2631/2411 366/2632/516
f 3227/2627/2408 3228/2630/2410 804/2633/2412 3234/2631/2411
f 44/2634/2413 1762/2635/2414 3229/2636/2415 1759/2637/2416
f 1762/2635/2414 806/2638/2417 3230/2639/2418 3229/2636/2415
f 1759/2637/2416 3229/2636/2415 3228/2630/2410 805/2629/2409
f 3229/2636/2415 3230/2639/2418 804/2633/2412 3228/2630/2410
f 46/2640/1070 1309/2641/1073 3231/2642/2419 1761/2643/2420
f 1309/2641/1073 472/2644/1068 3232/2645/2421 3231/2642/2419
f 1761/2643/2420 3231/2642/2419 3230/2639/2418 806/2638/2417
f 3231/2642/2419 3232/2645/2421 804/2633/2412 3230/2639/2418
f 265/2646/509 1131/2647/512 3233/2648/2422 1310/2649/1066
f 1131/2647/512 366/2632/516 3234/2631/2411 3233/2648/2422
f 1310/2649/1066 3233/2648/2422 3232/2645/2421 472/2644/1068
f 3233/2648/2422 3234/2631/2411 804/2633/2412 3232/2645/2421
f 256/2650/753 1393/2651/1426 3235/2652/2423 1214/2653/754
f 1393/2651/1426 530/2654/1423 3236/2655/2424 3235/2652/2423
f 1214/2653/754 3235/2652/2423 3242/2656/2425 413/2657/757
f 3235/2652/2423 3236/2655/2424 807/2658/2426 3242/2656/2425
f 42/2659/1419 1764/2660/2427 3237/2661/2428 1394/2662/1420
f 1764/2660/2427 808/2663/2429 3238/2664/2430 3237/2661/2428
f 1394/2662/1420 3237/2661/2428 3236/2655/2424 530/2654/1423
f 3237/2661/2428 3238/2664/2430 807/2658/2426 3236/2655/2424
f 43/2665/2431 1766/2666/2432 3239/2667/2433 1763/2668/2434
f 1766/2666/2432 809/2669/2435 3240/2670/2436 3239/2667/2433
f 1763/2668/2434 3239/2667/2433 3238/2664/2430 808/2663/2429
f 3239/2667/2433 3240/2670/2436 807/2658/2426 3238/2664/2430
f 208/2671/759 1213/2672/762 3241/2673/2437 1765/2674/2438
f 1213/2672/762 413/2657/757 3242/2656/2425 3241/2673/2437
f 1765/2674/2438 3241/2673/2437 3240/2670/2436 809/2669/2435
f 3241/2673/2437 3242/2656/2425 807/2658/2426 3240/2670/2436
f 216/2675/831 1768/2676/2439 3243/2677/2440 1228/2678/832
f 1768/2676/2439 811/2679/2441 3244/2680/2442 3243/2677/2440
f 1228/2678/832 3243/2677/2440 3250/2681/2443 422/2682/806
f 3243/2677/2440 3244/2680/2442 810/2683/2444 3250/2681/2443
f 36/2684/2445 1770/2685/2446 3245/2686/2447 1767/2687/2448
f 1770/2685/2446 812/2688/2449 3246/2689/2450 3245/2686/2447
f 1767/2687/2448 3245/2686/2447 3244/2680/2442 811/2679/2441
f 3245/2686/2447 3246/2689/2450 810/2683/2444 3244/2680/2442
f 40/2690/1118 1321/2691/1121 3247/2692/2451 1769/2693/2452
f 1321/2691/1121 480/2694/1116 3248/2695/2453 3247/2692/2451
f 1769/2693/2452 3247/2692/2451 3246/2689/2450 812/2688/2449
f 3247/2692/2451 3248/2695/2453 810/2683/2444 3246/2689/2450
f 219/2696/799 1227/2697/802 3249/2698/2454 1322/2699/1114
f 1227/2697/802 422/2682/806 3250/2681/2443 3249/2698/2454
f 1322/2699/1114 3249/2698/2454 3248/2695/2453 480/2694/1116
f 3249/2698/2454 3250/2681/2443 810/2683/2444 3248/2695/2453
f 210/2700/686 1772/2701/2455 3251/2702/2456 1180/2703/687
f 1772/2701/2455 814/2704/2457 3252/2705/2458 3251/2702/2456
f 1180/2703/687 3251/2702/2456 3258/2706/2459 394/2707/661
f 3251/2702/2456 3252/2705/2458 813/2708/2460 3258/2706/2459
f 31/2709/2461 1774/2710/2462 3253/2711/2463 1771/2712/2464
f 1774/2710/2462 815/2713/2465 3254/2714/2466 3253/2711/2463
f 1771/2712/2464 3253/2711/2463 3252/2705/2458 814/2704/2457
f 3253/2711/2463 3254/2714/2466 813/2708/2460 3252/2705/2458
f 35/2715/1161 1331/2716/1164 3255/2717/2467 1773/2718/2468
f 1331/2716/1164 487/2719/1159 3256/2720/2469 3255/2717/2467
f 1773/2718/2468 3255/2717/2467 3254/2714/2466 815/2713/2465
f 3255/2717/2467 3256/2720/2469 813/2708/2460 3254/2714/2466
f 261/2721/654 1179/2722/657 3257/2723/2470 1332/2724/1157
f 1179/2722/657 394/2707/661 3258/2706/2459 3257/2723/2470
f 1332/2724/1157 3257/2723/2470 3256/2720/2469 487/2719/1159
f 3257/2723/2470 3258/2706/2459 813/2708/2460 3256/2720/2469
f 226/2725/608 1343/2726/1211 3259/2727/2471 1166/2728/609
f 1343/2726/1211 495/2729/1208 3260/2730/2472 3259/2727/2471
f 1166/2728/609 3259/2727/2471 3266/2731/2473 385/2732/612
f 3259/2727/2471 3260/2730/2472 816/2733/2474 3266/2731/2473
f 26/2734/1204 1776/2735/2475 3261/2736/2476 1344/2737/1205
f 1776/2735/2475 817/2738/2477 3262/2739/2478 3261/2736/2476
f 1344/2737/1205 3261/2736/2476 3260/2730/2472 495/2729/1208
f 3261/2736/2476 3262/2739/2478 816/2733/2474 3260/2730/2472
f 30/2740/2479 1778/2741/2480 3263/2742/2481 1775/2743/2482
f 1778/2741/2480 818/2744/2483 3264/2745/2484 3263/2742/2481
f 1775/2743/2482 3263/2742/2481 3262/2739/2478 817/2738/2477
f 3263/2742/2481 3264/2745/2484 816/2733/2474 3262/2739/2478
f 218/2746/614 1165/2747/617 3265/2748/2485 1777/2749/2486
f 1165/2747/617 385/2732/612 3266/2731/2473 3265/2748/2485
f 1777/2749/2486 3265/2748/2485 3264/2745/2484 818/2744/2483
f 3265/2748/2485 3266/2731/2473 816/2733/2474 3264/2745/2484
f 154/2750/820 1689/2751/2134 3267/2752/2487 1678/2753/2075
f 1689/2751/2134 752/2754/2131 3268/2755/2488 3267/2752/2487
f 1678/2753/2075 3267/2752/2487 3274/2756/2489 743/2757/2077
f 3267/2752/2487 3268/2755/2488 819/2758/2490 3274/2756/2489
f 120/2190/2127 1780/2759/2491 3269/2760/2492 1690/2761/2128
f 1780/2759/2491 820/2762/2493 3270/2763/2494 3269/2760/2492
f 1690/2761/2128 3269/2760/2492 3268/2755/2488 752/2754/2131
f 3269/2760/2492 3270/2763/2494 819/2758/2490 3268/2755/2488
f 24/2764/2495 1782/2765/2496 3271/2766/2497 1779/2767/2498
f 1782/2765/2496 821/2768/2499 3272/2769/2500 3271/2766/2497
f 1779/2767/2498 3271/2766/2497 3270/2763/2494 820/2762/2493
f 3271/2766/2497 3272/2769/2500 819/2758/2490 3270/2763/2494
f 158/2770/2081 1677/2771/2084 3273/2772/2501 1781/2773/2502
f 1677/2771/2084 743/2757/2077 3274/2756/2489 3273/2772/2501
f 1781/2773/2502 3273/2772/2501 3272/2769/2500 821/2768/2499
f 3273/2772/2501 3274/2756/2489 819/2758/2490 3272/2769/2500
f 158/2770/2081 1781/2773/2502 3275/2774/2503 1682/2775/2091
f 1781/2773/2502 821/2768/2499 3276/2776/2504 3275/2774/2503
f 1682/2775/2091 3275/2774/2503 3282/2777/2505 746/2778/2093
f 3275/2774/2503 3276/2776/2504 822/2779/2506 3282/2777/2505
f 24/2764/2495 1784/2780/2507 3277/2781/2508 1782/2765/2496
f 1784/2780/2507 823/2782/2509 3278/2783/2510 3277/2781/2508
f 1782/2765/2496 3277/2781/2508 3276/2776/2504 821/2768/2499
f 3277/2781/2508 3278/2783/2510 822/2779/2506 3276/2776/2504
f 115/2234/2157 1695/2784/2160 3279/2785/2511 1783/2786/2512
f 1695/2784/2160 757/2787/2153 3280/2788/2513 3279/2785/2511
f 1783/2786/2512 3279/2785/2511 3278/2783/2510 823/2782/2509
f 3279/2785/2511 3280/2788/2513 822/2779/2506 3278/2783/2510
f 162/2789/835 1681/2790/2098 3281/2791/2514 1696/2792/2151
f 1681/2790/2098 746/2778/2093 3282/2777/2505 3281/2791/2514
f 1696/2792/2151 3281/2791/2514 3280/2788/2513 757/2787/2153
f 3281/2791/2514 3282/2777/2505 822/2779/2506 3280/2788/2513
f 150/2793/1817 1786/2794/2515 3283/2795/2516 1566/2796/1818
f 1786/2794/2515 825/2797/2517 3284/2798/2518 3283/2795/2516
f 1566/2796/1818 3283/2795/2516 3290/2799/2519 658/2800/1821
f 3283/2795/2516 3284/2798/2518 824/2801/2520 3290/2799/2519
f 23/2802/2521 1788/2803/2522 3285/2804/2523 1785/2805/2524
f 1788/2803/2522 826/2806/2525 3286/2807/2526 3285/2804/2523
f 1785/2805/2524 3285/2804/2523 3284/2798/2518 825/2797/2517
f 3285/2804/2523 3286/2807/2526 824/2801/2520 3284/2798/2518
f 121/2159/2109 1683/2808/2112 3287/2809/2527 1787/2810/2528
f 1683/2808/2112 748/2811/2105 3288/2812/2529 3287/2809/2527
f 1787/2810/2528 3287/2809/2527 3286/2807/2526 826/2806/2525
f 3287/2809/2527 3288/2812/2529 824/2801/2520 3286/2807/2526
f 148/2813/481 1565/2814/1824 3289/2815/2530 1684/2816/2103
f 1565/2814/1824 658/2800/1821 3290/2799/2519 3289/2815/2530
f 1684/2816/2103 3289/2815/2530 3288/2812/2529 748/2811/2105
f 3289/2815/2530 3290/2799/2519 824/2801/2520 3288/2812/2529
f 166/2817/179 1693/2818/2150 3291/2819/2531 1454/2820/1585
f 1693/2818/2150 755/2821/2147 3292/2822/2532 3291/2819/2531
f 1454/2820/1585 3291/2819/2531 3298/2823/2533 575/2824/1578
f 3291/2819/2531 3292/2822/2532 827/2825/2534 3298/2823/2533
f 118/2215/2143 1790/2826/2535 3293/2827/2536 1694/2828/2144
f 1790/2826/2535 828/2829/2537 3294/2830/2538 3293/2827/2536
f 1694/2828/2144 3293/2827/2536 3292/2822/2532 755/2821/2147
f 3293/2827/2536 3294/2830/2538 827/2825/2534 3292/2822/2532
f 22/2831/2539 1792/2832/2540 3295/2833/2541 1789/2834/2542
f 1792/2832/2540 829/2835/2543 3296/2836/2544 3295/2833/2541
f 1789/2834/2542 3295/2833/2541 3294/2830/2538 828/2829/2537
f 3295/2833/2541 3296/2836/2544 827/2825/2534 3294/2830/2538
f 168/2837/1571 1453/2838/1574 3297/2839/2545 1791/2840/2546
f 1453/2838/1574 575/2824/1578 3298/2823/2533 3297/2839/2545
f 1791/2840/2546 3297/2839/2545 3296/2836/2544 829/2835/2543
f 3297/2839/2545 3298/2823/2533 827/2825/2534 3296/2836/2544
f 152/2271/572 1701/2274/2182 3299/2841/2547 1580/2842/1843
f 1701/2274/2182 761/2269/2179 3300/2843/2548 3299/2841/2547
f 1580/2842/1843 3299/2841/2547 3306/2844/2549 669/2845/1845
f 3299/2841/2547 3300/2843/2548 830/2846/2550 3306/2844/2549
f 114/2265/2175 1794/2847/2551 3301/2848/2552 1702/2266/2176
f 1794/2847/2551 831/2849/2553 3302/2850/2554 3301/2848/2552
f 1702/2266/2176 3301/2848/2552 3300/2843/2548 761/2269/2179
f 3301/2848/2552 3302/2850/2554 830/2846/2550 3300/2843/2548
f 23/2802/2521 1785/2805/2524 3303/2851/2555 1793/2852/2556
f 1785/2805/2524 825/2797/2517 3304/2853/2557 3303/2851/2555
f 1793/2852/2556 3303/2851/2555 3302/2850/2554 831/2849/2553
f 3303/2851/2555 3304/2853/2557 830/2846/2550 3302/2850/2554
f 150/2793/1817 1579/2854/1848 3305/2855/2558 1786/2794/2515
f 1579/2854/1848 669/2845/1845 3306/2844/2549 3305/2855/2558
f 1786/2794/2515 3305/2855/2558 3304/2853/2557 825/2797/2517
f 3305/2855/2558 3306/2844/2549 830/2846/2550 3304/2853/2557
f 168/2837/1571 1791/2840/2546 3307/2856/2559 1472/2857/1613
f 1791/2840/2546 829/2835/2543 3308/2858/2560 3307/2856/2559
f 1472/2857/1613 3307/2856/2559 3314/2859/2561 588/2860/1607
f 3307/2856/2559 3308/2858/2560 832/2861/2562 3314/2859/2561
f 22/2831/2539 1796/2862/2563 3309/2863/2564 1792/2832/2540
f 1796/2862/2563 833/2864/2565 3310/2865/2566 3309/2863/2564
f 1792/2832/2540 3309/2863/2564 3308/2858/2560 829/2835/2543
f 3309/2863/2564 3310/2865/2566 832/2861/2562 3308/2858/2560
f 107/2334/2221 1711/2866/2224 3311/2867/2567 1795/2868/2568
f 1711/2866/2224 769/2869/2217 3312/2870/2569 3311/2867/2567
f 1795/2868/2568 3311/2867/2567 3310/2865/2566 833/2864/2565
f 3311/2867/2567 3312/2870/2569 832/2861/2562 3310/2865/2566
f 170/2871/251 1471/2872/1604 3313/2873/2570 1712/2874/2215
f 1471/2872/1604 588/2860/1607 3314/2859/2561 3313/2873/2570
f 1712/2874/2215 3313/2873/2570 3312/2870/2569 769/2869/2217
f 3313/2873/2570 3314/2859/2561 832/2861/2562 3312/2870/2569
f 160/2875/1887 1798/2876/2571 3315/2877/2572 1592/2878/1888
f 1798/2876/2571 835/2879/2573 3316/2880/2574 3315/2877/2572
f 1592/2878/1888 3315/2877/2572 3322/2881/2575 678/2882/1891
f 3315/2877/2572 3316/2880/2574 834/2883/2576 3322/2881/2575
f 20/2884/2577 1800/2885/2578 3317/2886/2579 1797/2887/2580
f 1800/2885/2578 836/2888/2581 3318/2889/2582 3317/2886/2579
f 1797/2887/2580 3317/2886/2579 3316/2880/2574 835/2879/2573
f 3317/2886/2579 3318/2889/2582 834/2883/2576 3316/2880/2574
f 111/2284/2189 1703/2287/2192 3319/2890/2583 1799/2891/2584
f 1703/2287/2192 763/2279/2185 3320/2892/2585 3319/2890/2583
f 1799/2891/2584 3319/2890/2583 3318/2889/2582 836/2888/2581
f 3319/2890/2583 3320/2892/2585 834/2883/2576 3318/2889/2582
f 156/2275/590 1591/2893/1894 3321/2894/2586 1704/2276/2183
f 1591/2893/1894 678/2882/1891 3322/2881/2575 3321/2894/2586
f 1704/2276/2183 3321/2894/2586 3320/2892/2585 763/2279/2185
f 3321/2894/2586 3322/2881/2575 834/2883/2576 3320/2892/2585
f 164/2895/650 1709/2896/2214 3323/2897/2587 1596/2898/1901
f 1709/2896/2214 767/2899/2211 3324/2900/2588 3323/2897/2587
f 1596/2898/1901 3323/2897/2587 3330/2901/2589 681/2902/1903
f 3323/2897/2587 3324/2900/2588 837/2903/2590 3330/2901/2589
f 110/2315/2207 1802/2904/2591 3325/2905/2592 1710/2906/2208
f 1802/2904/2591 838/2907/2593 3326/2908/2594 3325/2905/2592
f 1710/2906/2208 3325/2905/2592 3324/2900/2588 767/2899/2211
f 3325/2905/2592 3326/2908/2594 837/2903/2590 3324/2900/2588
f 20/2884/2577 1797/2887/2580 3327/2909/2595 1801/2910/2596
f 1797/2887/2580 835/2879/2573 3328/2911/2597 3327/2909/2595
f 1801/2910/2596 3327/2909/2595 3326/2908/2594 838/2907/2593
f 3327/2909/2595 3328/2911/2597 837/2903/2590 3326/2908/2594
f 160/2875/1887 1595/2912/1906 3329/2913/2598 1798/2876/2571
f 1595/2912/1906 681/2902/1903 3330/2901/2589 3329/2913/2598
f 1798/2876/2571 3329/2913/2598 3328/2911/2597 835/2879/2573
f 3329/2913/2598 3330/2901/2589 837/2903/2590 3328/2911/2597
f 172/2914/862 1717/2915/2246 3331/2916/2599 1676/2917/2067
f 1717/2915/2246 773/2918/2243 3332/2919/2600 3331/2916/2599
f 1676/2917/2067 3331/2916/2599 3338/2920/2601 741/2921/2069
f 3331/2916/2599 3332/2919/2600 839/2922/2602 3338/2920/2601
f 106/2923/2239 1804/2924/2603 3333/2925/2604 1718/2926/2240
f 1804/2924/2603 840/2927/2605 3334/2928/2606 3333/2925/2604
f 1718/2926/2240 3333/2925/2604 3332/2919/2600 773/2918/2243
f 3333/2925/2604 3334/2928/2606 839/2922/2602 3332/2919/2600
f 16/2929/2607 1806/2930/2608 3335/2931/2609 1803/2932/2610
f 1806/2930/2608 841/2933/2611 3336/2934/2612 3335/2931/2609
f 1803/2932/2610 3335/2931/2609 3334/2928/2606 840/2927/2605
f 3335/2931/2609 3336/2934/2612 839/2922/2602 3334/2928/2606
f 176/2770/2041 1675/2771/2072 3337/2772/2613 1805/2773/2614
f 1675/2771/2072 741/2921/2069 3338/2920/2601 3337/2772/2613
f 1805/2773/2614 3337/2772/2613 3336/2934/2612 841/2933/2611
f 3337/2772/2613 3338/2920/2601 839/2922/2602 3336/2934/2612
f 176/2770/2041 1805/2773/2614 3339/2774/2615 1662/2775/2042
f 1805/2773/2614 841/2933/2611 3340/2935/2616 3339/2774/2615
f 1662/2775/2042 3339/2774/2615 3346/2936/2617 730/2937/2045
f 3339/2774/2615 3340/2935/2616 842/2938/2618 3346/2936/2617
f 16/2929/2607 1808/2939/2619 3341/2940/2620 1806/2930/2608
f 1808/2939/2619 843/2941/2621 3342/2942/2622 3341/2940/2620
f 1806/2930/2608 3341/2940/2620 3340/2935/2616 841/2933/2611
f 3341/2940/2620 3342/2942/2622 842/2938/2618 3340/2935/2616
f 101/2409/2269 1723/2943/2272 3343/2944/2623 1807/2945/2624
f 1723/2943/2272 778/2946/2265 3344/2947/2625 3343/2944/2623
f 1807/2945/2624 3343/2944/2623 3342/2942/2622 843/2941/2621
f 3343/2944/2623 3344/2947/2625 842/2938/2618 3342/2942/2622
f 180/2948/771 1661/2949/2048 3345/2950/2626 1724/2951/2263
f 1661/2949/2048 730/2937/2045 3346/2936/2617 3345/2950/2626
f 1724/2951/2263 3345/2950/2626 3344/2947/2625 778/2946/2265
f 3345/2950/2626 3346/2936/2617 842/2938/2618 3344/2947/2625
f 184/2952/324 1721/2953/2262 3347/2954/2627 1502/2955/1697
f 1721/2953/2262 776/2956/2259 3348/2957/2628 3347/2954/2627
f 1502/2955/1697 3347/2954/2627 3354/2958/2629 611/2959/1690
f 3347/2954/2627 3348/2957/2628 844/2960/2630 3354/2958/2629
f 104/2390/2255 1810/2961/2631 3349/2962/2632 1722/2963/2256
f 1810/2961/2631 845/2964/2633 3350/2965/2634 3349/2962/2632
f 1722/2963/2256 3349/2962/2632 3348/2957/2628 776/2956/2259
f 3349/2962/2632 3350/2965/2634 844/2960/2630 3348/2957/2628
f 15/2966/2635 1812/2967/2636 3351/2968/2637 1809/2969/2638
f 1812/2967/2636 846/2970/2639 3352/2971/2640 3351/2968/2637
f 1809/2969/2638 3351/2968/2637 3350/2965/2634 845/2964/2633
f 3351/2968/2637 3352/2971/2640 844/2960/2630 3350/2965/2634
f 186/2837/1683 1501/2838/1686 3353/2839/2641 1811/2840/2642
f 1501/2838/1686 611/2959/1690 3354/2958/2629 3353/2839/2641
f 1811/2840/2642 3353/2839/2641 3352/2971/2640 846/2970/2639
f 3353/2839/2641 3354/2958/2629 844/2960/2630 3352/2971/2640
f 186/2837/1683 1811/2840/2642 3355/2856/2643 1520/2857/1725
f 1811/2840/2642 846/2970/2639 3356/2972/2644 3355/2856/2643
f 1520/2857/1725 3355/2856/2643 3362/2973/2645 624/2974/1719
f 3355/2856/2643 3356/2972/2644 847/2975/2646 3362/2973/2645
f 15/2966/2635 1814/2976/2647 3357/2977/2648 1812/2967/2636
f 1814/2976/2647 848/2978/2649 3358/2979/2650 3357/2977/2648
f 1812/2967/2636 3357/2977/2648 3356/2972/2644 846/2970/2639
f 3357/2977/2648 3358/2979/2650 847/2975/2646 3356/2972/2644
f 71/2484/2317 1735/2980/2320 3359/2981/2651 1813/2982/2652
f 1735/2980/2320 787/2983/2313 3360/2984/2653 3359/2981/2651
f 1813/2982/2652 3359/2981/2651 3358/2979/2650 848/2978/2649
f 3359/2981/2651 3360/2984/2653 847/2975/2646 3358/2979/2650
f 188/2985/396 1519/2986/1716 3361/2987/2654 1736/2988/2311
f 1519/2986/1716 624/2974/1719 3362/2973/2645 3361/2987/2654
f 1736/2988/2311 3361/2987/2654 3360/2984/2653 787/2983/2313
f 3361/2987/2654 3362/2973/2645 847/2975/2646 3360/2984/2653
f 178/2989/1929 1816/2990/2655 3363/2991/2656 1614/2992/1930
f 1816/2990/2655 850/2993/2657 3364/2994/2658 3363/2991/2656
f 1614/2992/1930 3363/2991/2656 3370/2995/2659 694/2996/1933
f 3363/2991/2656 3364/2994/2658 849/2997/2660 3370/2995/2659
f 11/2998/2661 1818/2999/2662 3365/3000/2663 1815/3001/2664
f 1818/2999/2662 851/3002/2665 3366/3003/2666 3365/3000/2663
f 1815/3001/2664 3365/3000/2663 3364/2994/2658 850/2993/2657
f 3365/3000/2663 3366/3003/2666 849/2997/2660 3364/2994/2658
f 99/3004/2285 1727/3005/2288 3367/3006/2667 1817/3007/2668
f 1727/3005/2288 781/3008/2281 3368/3009/2669 3367/3006/2667
f 1817/3007/2668 3367/3006/2667 3366/3003/2666 851/3002/2665
f 3367/3006/2667 3368/3009/2669 849/2997/2660 3366/3003/2666
f 174/3010/626 1613/3011/1936 3369/3012/2670 1728/3013/2279
f 1613/3011/1936 694/2996/1933 3370/2995/2659 3369/3012/2670
f 1728/3013/2279 3369/3012/2670 3368/3009/2669 781/3008/2281
f 3369/3012/2670 3370/2995/2659 849/2997/2660 3368/3009/2669
f 182/3014/717 1733/3015/2310 3371/3016/2671 1628/3017/1955
f 1733/3015/2310 785/3018/2307 3372/3019/2672 3371/3016/2671
f 1628/3017/1955 3371/3016/2671 3378/3020/2673 705/3021/1957
f 3371/3016/2671 3372/3019/2672 852/3022/2674 3378/3020/2673
f 80/2465/2303 1820/3023/2675 3373/3024/2676 1734/3025/2304
f 1820/3023/2675 853/3026/2677 3374/3027/2678 3373/3024/2676
f 1734/3025/2304 3373/3024/2676 3372/3019/2672 785/3018/2307
f 3373/3024/2676 3374/3027/2678 852/3022/2674 3372/3019/2672
f 11/2998/2661 1815/3001/2664 3375/3028/2679 1819/3029/2680
f 1815/3001/2664 850/2993/2657 3376/3030/2681 3375/3028/2679
f 1819/3029/2680 3375/3028/2679 3374/3027/2678 853/3026/2677
f 3375/3028/2679 3376/3030/2681 852/3022/2674 3374/3027/2678
f 178/2989/1929 1627/3031/1960 3377/3032/2682 1816/2990/2655
f 1627/3031/1960 705/3021/1957 3378/3020/2673 3377/3032/2682
f 1816/2990/2655 3377/3032/2682 3376/3030/2681 850/2993/2657
f 3377/3032/2682 3378/3020/2673 852/3022/2674 3376/3030/2681
f 190/3033/795 1741/3034/2342 3379/3035/2683 1644/3036/2013
f 1741/3034/2342 791/3037/2339 3380/3038/2684 3379/3035/2683
f 1644/3036/2013 3379/3035/2683 3386/3039/2685 717/3040/2015
f 3379/3035/2683 3380/3038/2684 854/3041/2686 3386/3039/2685
f 70/2515/2335 1822/3042/2687 3381/3043/2688 1742/3044/2336
f 1822/3042/2687 855/3045/2689 3382/3046/2690 3381/3043/2688
f 1742/3044/2336 3381/3043/2688 3380/3038/2684 791/3037/2339
f 3381/3043/2688 3382/3046/2690 854/3041/2686 3380/3038/2684
f 10/3047/2691 1824/3048/2692 3383/3049/2693 1821/3050/2694
f 1824/3048/2692 856/3051/2695 3384/3052/2696 3383/3049/2693
f 1821/3050/2694 3383/3049/2693 3382/3046/2690 855/3045/2689
f 3383/3049/2693 3384/3052/2696 854/3041/2686 3382/3046/2690
f 194/2770/1999 1643/2771/2018 3385/2772/2697 1823/2773/2698
f 1643/2771/2018 717/3040/2015 3386/3039/2685 3385/2772/2697
f 1823/2773/2698 3385/2772/2697 3384/3052/2696 856/3051/2695
f 3385/2772/2697 3386/3039/2685 854/3041/2686 3384/3052/2696
f 194/2770/1999 1823/2773/2698 3387/2774/2699 1640/2775/2000
f 1823/2773/2698 856/3051/2695 3388/3053/2700 3387/2774/2699
f 1640/2775/2000 3387/2774/2699 3394/3054/2701 714/3055/2003
f 3387/2774/2699 3388/3053/2700 857/3056/2702 3394/3054/2701
f 10/3047/2691 1826/3057/2703 3389/3058/2704 1824/3048/2692
f 1826/3057/2703 858/3059/2705 3390/3060/2706 3389/3058/2704
f 1824/3048/2692 3389/3058/2704 3388/3053/2700 856/3051/2695
f 3389/3058/2704 3390/3060/2706 857/3056/2702 3388/3053/2700
f 60/3061/2365 1747/3062/2368 3391/3063/2707 1825/3064/2708
f 1747/3062/2368 796/3065/2361 3392/3066/2709 3391/3063/2707
f 1825/3064/2708 3391/3063/2707 3390/3060/2706 858/3059/2705
f 3391/3063/2707 3392/3066/2709 857/3056/2702 3390/3060/2706
f 198/3067/735 1639/3068/2006 3393/3069/2710 1748/3070/2359
f 1639/3068/2006 714/3055/2003 3394/3054/2701 3393/3069/2710
f 1748/3070/2359 3393/3069/2710 3392/3066/2709 796/3065/2361
f 3393/3069/2710 3394/3054/2701 857/3056/2702 3392/3066/2709
f 202/3071/469 1745/3072/2358 3395/3073/2711 1550/3074/1809
f 1745/3072/2358 794/3075/2355 3396/3076/2712 3395/3073/2711
f 1550/3074/1809 3395/3073/2711 3402/3077/2713 647/3078/1802
f 3395/3073/2711 3396/3076/2712 859/3079/2714 3402/3077/2713
f 64/3080/2351 1828/3081/2715 3397/3082/2716 1746/3083/2352
f 1828/3081/2715 860/3084/2717 3398/3085/2718 3397/3082/2716
f 1746/3083/2352 3397/3082/2716 3396/3076/2712 794/3075/2355
f 3397/3082/2716 3398/3085/2718 859/3079/2714 3396/3076/2712
f 6/3086/2719 1830/3087/2720 3399/3088/2721 1827/3089/2722
f 1830/3087/2720 861/3090/2723 3400/3091/2724 3399/3088/2721
f 1827/3089/2722 3399/3088/2721 3398/3085/2718 860/3084/2717
f 3399/3088/2721 3400/3091/2724 859/3079/2714 3398/3085/2718
f 204/2837/1795 1549/2838/1798 3401/2839/2725 1829/2840/2726
f 1549/2838/1798 647/3078/1802 3402/3077/2713 3401/2839/2725
f 1829/2840/2726 3401/2839/2725 3400/3091/2724 861/3090/2723
f 3401/2839/2725 3402/3077/2713 859/3079/2714 3400/3091/2724
f 204/2837/1795 1829/2840/2726 3403/2856/2727 1568/2857/1837
f 1829/2840/2726 861/3090/2723 3404/3092/2728 3403/2856/2727
f 1568/2857/1837 3403/2856/2727 3410/3093/2729 660/3094/1831
f 3403/2856/2727 3404/3092/2728 862/3095/2730 3410/3093/2729
f 6/3086/2719 1832/3096/2731 3405/3097/2732 1830/3087/2720
f 1832/3096/2731 863/3098/2733 3406/3099/2734 3405/3097/2732
f 1830/3087/2720 3405/3097/2732 3404/3092/2728 861/3090/2723
f 3405/3097/2732 3406/3099/2734 862/3095/2730 3404/3092/2728
f 44/3100/2413 1759/3101/2416 3407/3102/2735 1831/3103/2736
f 1759/3101/2416 805/3104/2409 3408/3105/2737 3407/3102/2735
f 1831/3103/2736 3407/3102/2735 3406/3099/2734 863/3098/2733
f 3407/3102/2735 3408/3105/2737 862/3095/2730 3406/3099/2734
f 206/3106/541 1567/3107/1828 3409/3108/2738 1760/3109/2407
f 1567/3107/1828 660/3094/1831 3410/3093/2729 3409/3108/2738
f 1760/3109/2407 3409/3108/2738 3408/3105/2737 805/3104/2409
f 3409/3108/2738 3410/3093/2729 862/3095/2730 3408/3105/2737
f 196/3110/1969 1834/3111/2739 3411/3112/2740 1634/3113/1979
f 1834/3111/2739 865/3114/2741 3412/3115/2742 3411/3112/2740
f 1634/3113/1979 3411/3112/2740 3418/3116/2743 710/3117/1981
f 3411/3112/2740 3412/3115/2742 864/3118/2744 3418/3116/2743
f 4/3119/2745 1836/3120/2746 3413/3121/2747 1833/3122/2748
f 1836/3120/2746 866/3123/2749 3414/3124/2750 3413/3121/2747
f 1833/3122/2748 3413/3121/2747 3412/3115/2742 865/3114/2741
f 3413/3121/2747 3414/3124/2750 864/3118/2744 3412/3115/2742
f 55/2584/2381 1751/2587/2384 3415/3125/2751 1835/3126/2752
f 1751/2587/2384 799/2579/2377 3416/3127/2753 3415/3125/2751
f 1835/3126/2752 3415/3125/2751 3414/3124/2750 866/3123/2749
f 3415/3125/2751 3416/3127/2753 864/3118/2744 3414/3124/2750
f 192/2575/690 1633/3128/1986 3417/3129/2754 1752/2576/2375
f 1633/3128/1986 710/3117/1981 3418/3116/2743 3417/3129/2754
f 1752/2576/2375 3417/3129/2754 3416/3127/2753 799/2579/2377
f 3417/3129/2754 3418/3116/2743 864/3118/2744 3416/3127/2753
f 200/3130/675 1757/3131/2406 3419/3132/2755 1630/3133/1963
f 1757/3131/2406 803/3134/2403 3420/3135/2756 3419/3132/2755
f 1630/3133/1963 3419/3132/2755 3426/3136/2757 707/3137/1965
f 3419/3132/2755 3420/3135/2756 867/3138/2758 3426/3136/2757
f 51/3139/2399 1838/3140/2759 3421/3141/2760 1758/3142/2400
f 1838/3140/2759 868/3143/2761 3422/3144/2762 3421/3141/2760
f 1758/3142/2400 3421/3141/2760 3420/3135/2756 803/3134/2403
f 3421/3141/2760 3422/3144/2762 867/3138/2758 3420/3135/2756
f 4/3119/2745 1833/3122/2748 3423/3145/2763 1837/3146/2764
f 1833/3122/2748 865/3114/2741 3424/3147/2765 3423/3145/2763
f 1837/3146/2764 3423/3145/2763 3422/3144/2762 868/3143/2761
f 3423/3145/2763 3424/3147/2765 867/3138/2758 3422/3144/2762
f 196/3110/1969 1629/3148/1972 3425/3149/2766 1834/3111/2739
f 1629/3148/1972 707/3137/1965 3426/3136/2757 3425/3149/2766
f 1834/3111/2739 3425/3149/2766 3424/3147/2765 865/3114/2741
f 3425/3149/2766 3426/3136/2757 867/3138/2758 3424/3147/2765
f 208/2914/759 1765/2915/2438 3427/2916/2767 1646/2917/2033
f 1765/2915/2438 809/2918/2435 3428/2919/2768 3427/2916/2767
f 1646/2917/2033 3427/2916/2767 3434/2920/2769 719/2921/2026
f 3427/2916/2767 3428/2919/2768 869/3150/2770 3434/2920/2769
f 43/2923/2431 1840/2924/2771 3429/2925/2772 1766/2926/2432
f 1840/2924/2771 870/3151/2773 3430/3152/2774 3429/2925/2772
f 1766/2926/2432 3429/2925/2772 3428/2919/2768 809/2918/2435
f 3429/2925/2772 3430/3152/2774 869/3150/2770 3428/2919/2768
f 3/3153/2775 1842/3154/2776 3431/3155/2777 1839/3156/2778
f 1842/3154/2776 871/3157/2779 3432/3158/2780 3431/3155/2777
f 1839/3156/2778 3431/3155/2777 3430/3152/2774 870/3151/2773
f 3431/3155/2777 3432/3158/2780 869/3150/2770 3430/3152/2774
f 212/2770/2019 1645/2771/2022 3433/2772/2781 1841/2773/2782
f 1645/2771/2022 719/2921/2026 3434/2920/2769 3433/2772/2781
f 1841/2773/2782 3433/2772/2781 3432/3158/2780 871/3157/2779
f 3433/2772/2781 3434/2920/2769 869/3150/2770 3432/3158/2780
f 212/2770/2019 1841/2773/2782 3435/2774/2783 1664/2775/2061
f 1841/2773/2782 871/3157/2779 3436/3159/2784 3435/2774/2783
f 1664/2775/2061 3435/2774/2783 3442/3160/2785 732/3161/2055
f 3435/2774/2783 3436/3159/2784 872/3162/2786 3442/3160/2785
f 3/3153/2775 1844/3163/2787 3437/3164/2788 1842/3154/2776
f 1844/3163/2787 873/3165/2789 3438/3166/2790 3437/3164/2788
f 1842/3154/2776 3437/3164/2788 3436/3159/2784 871/3157/2779
f 3437/3164/2788 3438/3166/2790 872/3162/2786 3436/3159/2784
f 36/2684/2445 1767/3167/2448 3439/3168/2791 1843/3169/2792
f 1767/3167/2448 811/3170/2441 3440/3171/2793 3439/3168/2791
f 1843/3169/2792 3439/3168/2791 3438/3166/2790 873/3165/2789
f 3439/3168/2791 3440/3171/2793 872/3162/2786 3438/3166/2790
f 216/3172/831 1663/3173/2052 3441/3174/2794 1768/3175/2439
f 1663/3173/2052 732/3161/2055 3442/3160/2785 3441/3174/2794
f 1768/3175/2439 3441/3174/2794 3440/3171/2793 811/3170/2441
f 3441/3174/2794 3442/3160/2785 872/3162/2786 3440/3171/2793
f 214/2989/1907 1846/2990/2795 3443/2991/2796 1616/2992/1949
f 1846/2990/2795 875/3176/2797 3444/3177/2798 3443/2991/2796
f 1616/2992/1949 3443/2991/2796 3450/2995/2799 696/2996/1943
f 3443/2991/2796 3444/3177/2798 874/3178/2800 3450/2995/2799
f 2/3179/2801 1848/3180/2802 3445/3181/2803 1845/3182/2804
f 1848/3180/2802 876/3183/2805 3446/3184/2806 3445/3181/2803
f 1845/3182/2804 3445/3181/2803 3444/3177/2798 875/3176/2797
f 3445/3181/2803 3446/3184/2806 874/3178/2800 3444/3177/2798
f 31/3004/2461 1771/3005/2464 3447/3006/2807 1847/3007/2808
f 1771/3005/2464 814/3008/2457 3448/3009/2809 3447/3006/2807
f 1847/3007/2808 3447/3006/2807 3446/3184/2806 876/3183/2805
f 3447/3006/2807 3448/3009/2809 874/3178/2800 3446/3184/2806
f 210/3010/686 1615/3011/1940 3449/3012/2810 1772/3013/2455
f 1615/3011/1940 696/2996/1943 3450/2995/2799 3449/3012/2810
f 1772/3013/2455 3449/3012/2810 3448/3009/2809 814/3008/2457
f 3449/3012/2810 3450/2995/2799 874/3178/2800 3448/3009/2809
f 218/3130/614 1777/3131/2486 3451/3132/2811 1598/3133/1921
f 1777/3131/2486 818/3134/2483 3452/3135/2812 3451/3132/2811
f 1598/3133/1921 3451/3132/2811 3458/3185/2813 683/3186/1914
f 3451/3132/2811 3452/3135/2812 877/3187/2814 3458/3185/2813
f 30/3139/2479 1850/3140/2815 3453/3141/2816 1778/3142/2480
f 1850/3140/2815 878/3188/2817 3454/3189/2818 3453/3141/2816
f 1778/3142/2480 3453/3141/2816 3452/3135/2812 818/3134/2483
f 3453/3141/2816 3454/3189/2818 877/3187/2814 3452/3135/2812
f 2/3179/2801 1845/3182/2804 3455/3190/2819 1849/3191/2820
f 1845/3182/2804 875/3176/2797 3456/3192/2821 3455/3190/2819
f 1849/3191/2820 3455/3190/2819 3454/3189/2818 878/3188/2817
f 3455/3190/2819 3456/3192/2821 877/3187/2814 3454/3189/2818
f 214/2989/1907 1597/3031/1910 3457/3032/2822 1846/2990/2795
f 1597/3031/1910 683/3186/1914 3458/3185/2813 3457/3032/2822
f 1846/2990/2795 3457/3032/2822 3456/3192/2821 875/3176/2797
f 3457/3032/2822 3458/3185/2813 877/3187/2814 3456/3192/2821
f 147/34/34 973/37/37 3459/3193/2823 1851/3194/2824
f 973/37/37 273/32/32 3460/3195/2825 3459/3193/2823
f 1851/3194/2824 3459/3193/2823 3466/3196/2826 880/3197/2827
f 3459/3193/2823 3460/3195/2825 879/3198/2828 3466/3196/2826
f 224/28/28 1255/3199/888 3461/3200/2829 974/29/29
f 1255/3199/888 438/3201/885 3462/3202/2830 3461/3200/2829
f 974/29/29 3461/3200/2829 3460/3195/2825 273/32/32
f 3461/3200/2829 3462/3202/2830 879/3198/2828 3460/3195/2825
f 122/2165/881 1685/2168/2116 3463/3203/2831 1256/3204/882
f 1685/2168/2116 749/2163/2113 3464/3205/2832 3463/3203/2831
f 1256/3204/882 3463/3203/2831 3462/3202/2830 438/3201/885
f 3463/3203/2831 3464/3205/2832 879/3198/2828 3462/3202/2830
f 121/2159/2109 1852/3206/2833 3465/3207/2834 1686/2160/2110
f 1852/3206/2833 880/3197/2827 3466/3196/2826 3465/3207/2834
f 1686/2160/2110 3465/3207/2834 3464/3205/2832 749/2163/2113
f 3465/3207/2834 3466/3196/2826 879/3198/2828 3464/3205/2832
f 221/16/16 967/19/19 3467/3208/2835 1316/3209/1091
f 967/19/19 270/14/14 3468/3210/2836 3467/3208/2835
f 1316/3209/1091 3467/3208/2835 3474/3211/2837 476/3212/1093
f 3467/3208/2835 3468/3210/2836 881/3213/2838 3474/3211/2837
f 153/10/10 1854/3214/2839 3469/3215/2840 968/11/11
f 1854/3214/2839 882/3216/2841 3470/3217/2842 3469/3215/2840
f 968/11/11 3469/3215/2840 3468/3210/2836 270/14/14
f 3469/3215/2840 3470/3217/2842 881/3213/2838 3468/3210/2836
f 120/2190/2127 1687/2193/2130 3471/3218/2843 1853/3219/2844
f 1687/2193/2130 751/2188/2125 3472/3220/2845 3471/3218/2843
f 1853/3219/2844 3471/3218/2843 3470/3217/2842 882/3216/2841
f 3471/3218/2843 3472/3220/2845 881/3213/2838 3470/3217/2842
f 119/2184/1095 1315/3221/1098 3473/3222/2846 1688/2185/2123
f 1315/3221/1098 476/3212/1093 3474/3211/2837 3473/3222/2846
f 1688/2185/2123 3473/3222/2846 3472/3220/2845 751/2188/2125
f 3473/3222/2846 3474/3211/2837 881/3213/2838 3472/3220/2845
f 233/53/52 979/56/55 3475/3223/2847 1346/3224/1220
f 979/56/55 277/51/50 3476/3225/2848 3475/3223/2847
f 1346/3224/1220 3475/3223/2847 3482/3226/2849 497/3227/1222
f 3475/3223/2847 3476/3225/2848 883/3228/2850 3482/3226/2849
f 165/47/46 1856/3229/2851 3477/3230/2852 980/48/47
f 1856/3229/2851 884/3231/2853 3478/3232/2854 3477/3230/2852
f 980/48/47 3477/3230/2852 3476/3225/2848 277/51/50
f 3477/3230/2852 3478/3232/2854 883/3228/2850 3476/3225/2848
f 118/2215/2143 1691/2218/2146 3479/3233/2855 1855/3234/2856
f 1691/2218/2146 754/2213/2141 3480/3235/2857 3479/3233/2855
f 1855/3234/2856 3479/3233/2855 3478/3232/2854 884/3231/2853
f 3479/3233/2855 3480/3235/2857 883/3228/2850 3478/3232/2854
f 117/2209/1224 1345/3236/1227 3481/3237/2858 1692/2210/2139
f 1345/3236/1227 497/3227/1222 3482/3226/2849 3481/3237/2858
f 1692/2210/2139 3481/3237/2858 3480/3235/2857 754/2213/2141
f 3481/3237/2858 3482/3226/2849 883/3228/2850 3480/3235/2857
f 161/71/70 985/74/73 3483/3238/2859 1857/3239/2860
f 985/74/73 280/69/68 3484/3240/2861 3483/3238/2859
f 1857/3239/2860 3483/3238/2859 3490/3241/2862 886/3242/2863
f 3483/3238/2859 3484/3240/2861 885/3243/2864 3490/3241/2862
f 236/65/64 1271/3244/942 3485/3245/2865 986/66/65
f 1271/3244/942 448/3246/939 3486/3247/2866 3485/3245/2865
f 986/66/65 3485/3245/2865 3484/3240/2861 280/69/68
f 3485/3245/2865 3486/3247/2866 885/3243/2864 3484/3240/2861
f 116/2240/935 1697/2243/2164 3487/3248/2867 1272/3249/936
f 1697/2243/2164 758/2238/2161 3488/3250/2868 3487/3248/2867
f 1272/3249/936 3487/3248/2867 3486/3247/2866 448/3246/939
f 3487/3248/2867 3488/3250/2868 885/3243/2864 3486/3247/2866
f 115/2234/2157 1858/3251/2869 3489/3252/2870 1698/2235/2158
f 1858/3251/2869 886/3242/2863 3490/3241/2862 3489/3252/2870
f 1698/2235/2158 3489/3252/2870 3488/3250/2868 758/2238/2161
f 3489/3252/2870 3490/3241/2862 885/3243/2864 3488/3250/2868
f 227/75/74 987/78/77 3491/3253/2871 1336/3254/1177
f 987/78/77 282/82/81 3492/3255/2872 3491/3253/2871
f 1336/3254/1177 3491/3253/2871 3498/3256/2873 490/3257/1179
f 3491/3253/2871 3492/3255/2872 887/3258/2874 3498/3256/2873
f 151/108/106 1860/3259/2875 3493/3260/2876 988/109/107
f 1860/3259/2875 888/3261/2877 3494/3262/2878 3493/3260/2876
f 988/109/107 3493/3260/2876 3492/3255/2872 282/82/81
f 3493/3260/2876 3494/3262/2878 887/3258/2874 3492/3255/2872
f 114/2265/2175 1699/2268/2178 3495/3263/2879 1859/3264/2880
f 1699/2268/2178 760/2263/2173 3496/3265/2881 3495/3263/2879
f 1859/3264/2880 3495/3263/2879 3494/3262/2878 888/3261/2877
f 3495/3263/2879 3496/3265/2881 887/3258/2874 3494/3262/2878
f 113/2259/1181 1335/3266/1184 3497/3267/2882 1700/2260/2171
f 1335/3266/1184 490/3257/1179 3498/3256/2873 3497/3267/2882
f 1700/2260/2171 3497/3267/2882 3496/3265/2881 760/2263/2173
f 3497/3267/2882 3498/3256/2873 887/3258/2874 3496/3265/2881
f 155/96/95 993/99/98 3499/3268/2883 1861/3269/2884
f 993/99/98 285/94/93 3500/3270/2885 3499/3268/2883
f 1861/3269/2884 3499/3268/2883 3506/3271/2886 890/3272/2887
f 3499/3268/2883 3500/3270/2885 889/3273/2888 3506/3271/2886
f 230/90/89 1263/3274/915 3501/3275/2889 994/91/90
f 1263/3274/915 443/3276/912 3502/3277/2890 3501/3275/2889
f 994/91/90 3501/3275/2889 3500/3270/2885 285/94/93
f 3501/3275/2889 3502/3277/2890 889/3273/2888 3500/3270/2885
f 112/2290/908 1705/2293/2196 3503/3278/2891 1264/3279/909
f 1705/2293/2196 764/2288/2193 3504/3280/2892 3503/3278/2891
f 1264/3279/909 3503/3278/2891 3502/3277/2890 443/3276/912
f 3503/3278/2891 3504/3280/2892 889/3273/2888 3502/3277/2890
f 111/2284/2189 1862/3281/2893 3505/3282/2894 1706/2285/2190
f 1862/3281/2893 890/3272/2887 3506/3271/2886 3505/3282/2894
f 1706/2285/2190 3505/3282/2894 3504/3280/2892 764/2288/2193
f 3505/3282/2894 3506/3271/2886 889/3273/2888 3504/3280/2892
f 239/121/119 1001/124/122 3507/3283/2895 1356/3284/1263
f 1001/124/122 290/116/114 3508/3285/2896 3507/3283/2895
f 1356/3284/1263 3507/3283/2895 3514/3286/2897 504/3287/1265
f 3507/3283/2895 3508/3285/2896 891/3288/2898 3514/3286/2897
f 163/112/110 1864/3289/2899 3509/3290/2900 1002/113/111
f 1864/3289/2899 892/3291/2901 3510/3292/2902 3509/3290/2900
f 1002/113/111 3509/3290/2900 3508/3285/2896 290/116/114
f 3509/3290/2900 3510/3292/2902 891/3288/2898 3508/3285/2896
f 110/2315/2207 1707/2318/2210 3511/3293/2903 1863/3294/2904
f 1707/2318/2210 766/2313/2205 3512/3295/2905 3511/3293/2903
f 1863/3294/2904 3511/3293/2903 3510/3292/2902 892/3291/2901
f 3511/3293/2903 3512/3295/2905 891/3288/2898 3510/3292/2902
f 109/2309/1267 1355/3296/1270 3513/3297/2906 1708/2310/2203
f 1355/3296/1270 504/3287/1265 3514/3286/2897 3513/3297/2906
f 1708/2310/2203 3513/3297/2906 3512/3295/2905 766/2313/2205
f 3513/3297/2906 3514/3286/2897 891/3288/2898 3512/3295/2905
f 169/139/137 1007/142/140 3515/3298/2907 1865/3299/2908
f 1007/142/140 293/137/135 3516/3300/2909 3515/3298/2907
f 1865/3299/2908 3515/3298/2907 3522/3301/2910 894/3302/2911
f 3515/3298/2907 3516/3300/2909 893/3303/2912 3522/3301/2910
f 242/133/131 1279/3304/969 3517/3305/2913 1008/134/132
f 1279/3304/969 453/3306/966 3518/3307/2914 3517/3305/2913
f 1008/134/132 3517/3305/2913 3516/3300/2909 293/137/135
f 3517/3305/2913 3518/3307/2914 893/3303/2912 3516/3300/2909
f 108/2340/962 1713/2343/2228 3519/3308/2915 1280/3309/963
f 1713/2343/2228 770/2338/2225 3520/3310/2916 3519/3308/2915
f 1280/3309/963 3519/3308/2915 3518/3307/2914 453/3306/966
f 3519/3308/2915 3520/3310/2916 893/3303/2912 3518/3307/2914
f 107/2334/2221 1866/3311/2917 3521/3312/2918 1714/2335/2222
f 1866/3311/2917 894/3302/2911 3522/3301/2910 3521/3312/2918
f 1714/2335/2222 3521/3312/2918 3520/3310/2916 770/2338/2225
f 3521/3312/2918 3522/3301/2910 893/3303/2912 3520/3310/2916
f 231/164/161 1015/167/164 3523/3313/2919 1352/3314/1243
f 1015/167/164 298/162/159 3524/3315/2920 3523/3313/2919
f 1352/3314/1243 3523/3313/2919 3530/3316/2921 501/3317/1245
f 3523/3313/2919 3524/3315/2920 895/3318/2922 3530/3316/2921
f 171/158/155 1868/3319/2923 3525/3320/2924 1016/159/156
f 1868/3319/2923 896/3321/2925 3526/3322/2926 3525/3320/2924
f 1016/159/156 3525/3320/2924 3524/3315/2920 298/162/159
f 3525/3320/2924 3526/3322/2926 895/3318/2922 3524/3315/2920
f 106/2365/2239 1715/2368/2242 3527/3323/2927 1867/3324/2928
f 1715/2368/2242 772/2363/2237 3528/3325/2929 3527/3323/2927
f 1867/3324/2928 3527/3323/2927 3526/3322/2926 896/3321/2925
f 3527/3323/2927 3528/3325/2929 895/3318/2922 3526/3322/2926
f 105/2359/1247 1351/3326/1250 3529/3327/2930 1716/2360/2235
f 1351/3326/1250 501/3317/1245 3530/3316/2921 3529/3327/2930
f 1716/2360/2235 3529/3327/2930 3528/3325/2929 772/2363/2237
f 3529/3327/2930 3530/3316/2921 895/3318/2922 3528/3325/2929
f 245/201/197 1027/204/200 3531/3328/2931 1366/3329/1306
f 1027/204/200 305/199/195 3532/3330/2932 3531/3328/2931
f 1366/3329/1306 3531/3328/2931 3538/3331/2933 511/3332/1308
f 3531/3328/2931 3532/3330/2932 897/3333/2934 3538/3331/2933
f 183/195/191 1870/3334/2935 3533/3335/2936 1028/196/192
f 1870/3334/2935 898/3336/2937 3534/3337/2938 3533/3335/2936
f 1028/196/192 3533/3335/2936 3532/3330/2932 305/199/195
f 3533/3335/2936 3534/3337/2938 897/3333/2934 3532/3330/2932
f 104/2390/2255 1719/2393/2258 3535/3338/2939 1869/3339/2940
f 1719/2393/2258 775/2388/2253 3536/3340/2941 3535/3338/2939
f 1869/3339/2940 3535/3338/2939 3534/3337/2938 898/3336/2937
f 3535/3338/2939 3536/3340/2941 897/3333/2934 3534/3337/2938
f 103/2384/1310 1365/3341/1313 3537/3342/2942 1720/2385/2251
f 1365/3341/1313 511/3332/1308 3538/3331/2933 3537/3342/2942
f 1720/2385/2251 3537/3342/2942 3536/3340/2941 775/2388/2253
f 3537/3342/2942 3538/3331/2933 897/3333/2934 3536/3340/2941
f 179/219/215 1033/222/218 3539/3343/2943 1871/3344/2944
f 1033/222/218 308/217/213 3540/3345/2945 3539/3343/2943
f 1871/3344/2944 3539/3343/2943 3546/3346/2946 900/3347/2947
f 3539/3343/2943 3540/3345/2945 899/3348/2948 3546/3346/2946
f 248/213/209 1287/3349/996 3541/3350/2949 1034/214/210
f 1287/3349/996 458/3351/993 3542/3352/2950 3541/3350/2949
f 1034/214/210 3541/3350/2949 3540/3345/2945 308/217/213
f 3541/3350/2949 3542/3352/2950 899/3348/2948 3540/3345/2945
f 102/2415/989 1725/2418/2276 3543/3353/2951 1288/3354/990
f 1725/2418/2276 779/2413/2273 3544/3355/2952 3543/3353/2951
f 1288/3354/990 3543/3353/2951 3542/3352/2950 458/3351/993
f 3543/3353/2951 3544/3355/2952 899/3348/2948 3542/3352/2950
f 101/2409/2269 1872/3356/2953 3545/3357/2954 1726/2410/2270
f 1872/3356/2953 900/3347/2947 3546/3346/2946 3545/3357/2954
f 1726/2410/2270 3545/3357/2954 3544/3355/2952 779/2413/2273
f 3545/3357/2954 3546/3346/2946 899/3348/2948 3544/3355/2952
f 173/244/240 1041/247/243 3547/3358/2955 1873/3359/2956
f 1041/247/243 313/242/238 3548/3360/2957 3547/3358/2955
f 1873/3359/2956 3547/3358/2955 3554/3361/2958 902/3362/2959
f 3547/3358/2955 3548/3360/2957 901/3363/2960 3554/3361/2958
f 238/238/234 1363/3364/1297 3549/3365/2961 1042/239/235
f 1363/3364/1297 509/3366/1294 3550/3367/2962 3549/3365/2961
f 1042/239/235 3549/3365/2961 3548/3360/2957 313/242/238
f 3549/3365/2961 3550/3367/2962 901/3363/2960 3548/3360/2957
f 100/2440/1290 1729/2443/2292 3551/3368/2963 1364/3369/1291
f 1729/2443/2292 782/2438/2289 3552/3370/2964 3551/3368/2963
f 1364/3369/1291 3551/3368/2963 3550/3367/2962 509/3366/1294
f 3551/3368/2963 3552/3370/2964 901/3363/2960 3550/3367/2962
f 99/2434/2285 1874/3371/2965 3553/3372/2966 1730/2435/2286
f 1874/3371/2965 902/3362/2959 3554/3361/2958 3553/3372/2966
f 1730/2435/2286 3553/3372/2966 3552/3370/2964 782/2438/2289
f 3553/3372/2966 3554/3361/2958 901/3363/2960 3552/3370/2964
f 251/269/264 1049/272/267 3555/3373/2967 1376/3374/1349
f 1049/272/267 318/264/259 3556/3375/2968 3555/3373/2967
f 1376/3374/1349 3555/3373/2967 3562/3376/2969 518/3377/1351
f 3555/3373/2967 3556/3375/2968 903/3378/2970 3562/3376/2969
f 181/260/255 1876/3379/2971 3557/3380/2972 1050/261/256
f 1876/3379/2971 904/3381/2973 3558/3382/2974 3557/3380/2972
f 1050/261/256 3557/3380/2972 3556/3375/2968 318/264/259
f 3557/3380/2972 3558/3382/2974 903/3378/2970 3556/3375/2968
f 80/2465/2303 1731/2468/2306 3559/3383/2975 1875/3384/2976
f 1731/2468/2306 784/2463/2301 3560/3385/2977 3559/3383/2975
f 1875/3384/2976 3559/3383/2975 3558/3382/2974 904/3381/2973
f 3559/3383/2975 3560/3385/2977 903/3378/2970 3558/3382/2974
f 76/2459/1353 1375/3386/1356 3561/3387/2978 1732/2460/2299
f 1375/3386/1356 518/3377/1351 3562/3376/2969 3561/3387/2978
f 1732/2460/2299 3561/3387/2978 3560/3385/2977 784/2463/2301
f 3561/3387/2978 3562/3376/2969 903/3378/2970 3560/3385/2977
f 187/287/282 1055/290/285 3563/3388/2979 1877/3389/2980
f 1055/290/285 321/285/280 3564/3390/2981 3563/3388/2979
f 1877/3389/2980 3563/3388/2979 3570/3391/2982 906/3392/2983
f 3563/3388/2979 3564/3390/2981 905/3393/2984 3570/3391/2982
f 254/281/276 1295/3394/1023 3565/3395/2985 1056/282/277
f 1295/3394/1023 463/3396/1020 3566/3397/2986 3565/3395/2985
f 1056/282/277 3565/3395/2985 3564/3390/2981 321/285/280
f 3565/3395/2985 3566/3397/2986 905/3393/2984 3564/3390/2981
f 75/2490/1016 1737/2493/2324 3567/3398/2987 1296/3399/1017
f 1737/2493/2324 788/2488/2321 3568/3400/2988 3567/3398/2987
f 1296/3399/1017 3567/3398/2987 3566/3397/2986 463/3396/1020
f 3567/3398/2987 3568/3400/2988 905/3393/2984 3566/3397/2986
f 71/2484/2317 1878/3401/2989 3569/3402/2990 1738/2485/2318
f 1878/3401/2989 906/3392/2983 3570/3391/2982 3569/3402/2990
f 1738/2485/2318 3569/3402/2990 3568/3400/2988 788/2488/2321
f 3569/3402/2990 3570/3391/2982 905/3393/2984 3568/3400/2988
f 243/312/306 1063/315/309 3571/3403/2991 1372/3404/1329
f 1063/315/309 326/310/304 3572/3405/2992 3571/3403/2991
f 1372/3404/1329 3571/3403/2991 3578/3406/2993 515/3407/1331
f 3571/3403/2991 3572/3405/2992 907/3408/2994 3578/3406/2993
f 189/306/300 1880/3409/2995 3573/3410/2996 1064/307/301
f 1880/3409/2995 908/3411/2997 3574/3412/2998 3573/3410/2996
f 1064/307/301 3573/3410/2996 3572/3405/2992 326/310/304
f 3573/3410/2996 3574/3412/2998 907/3408/2994 3572/3405/2992
f 70/2515/2335 1739/2518/2338 3575/3413/2999 1879/3414/3000
f 1739/2518/2338 790/2513/2333 3576/3415/3001 3575/3413/2999
f 1879/3414/3000 3575/3413/2999 3574/3412/2998 908/3411/2997
f 3575/3413/2999 3576/3415/3001 907/3408/2994 3574/3412/2998
f 66/2509/1333 1371/3416/1336 3577/3417/3002 1740/2510/2331
f 1371/3416/1336 515/3407/1331 3578/3406/2993 3577/3417/3002
f 1740/2510/2331 3577/3417/3002 3576/3415/3001 790/2513/2333
f 3577/3417/3002 3578/3406/2993 907/3408/2994 3576/3415/3001
f 257/349/342 1075/352/345 3579/3418/3003 1386/3419/1392
f 1075/352/345 333/347/340 3580/3420/3004 3579/3418/3003
f 1386/3419/1392 3579/3418/3003 3586/3421/3005 525/3422/1394
f 3579/3418/3003 3580/3420/3004 909/3423/3006 3586/3421/3005
f 201/343/336 1882/3424/3007 3581/3425/3008 1076/344/337
f 1882/3424/3007 910/3426/3009 3582/3427/3010 3581/3425/3008
f 1076/344/337 3581/3425/3008 3580/3420/3004 333/347/340
f 3581/3425/3008 3582/3427/3010 909/3423/3006 3580/3420/3004
f 64/2540/2351 1743/2543/2354 3583/3428/3011 1881/3429/3012
f 1743/2543/2354 793/2538/2349 3584/3430/3013 3583/3428/3011
f 1881/3429/3012 3583/3428/3011 3582/3427/3010 910/3426/3009
f 3583/3428/3011 3584/3430/3013 909/3423/3006 3582/3427/3010
f 63/2534/1396 1385/3431/1399 3585/3432/3014 1744/2535/2347
f 1385/3431/1399 525/3422/1394 3586/3421/3005 3585/3432/3014
f 1744/2535/2347 3585/3432/3014 3584/3430/3013 793/2538/2349
f 3585/3432/3014 3586/3421/3005 909/3423/3006 3584/3430/3013
f 197/367/360 1081/370/363 3587/3433/3015 1883/3434/3016
f 1081/370/363 336/365/358 3588/3435/3017 3587/3433/3015
f 1883/3434/3016 3587/3433/3015 3594/3436/3018 912/3437/3019
f 3587/3433/3015 3588/3435/3017 911/3438/3020 3594/3436/3018
f 260/361/354 1303/3439/1050 3589/3440/3021 1082/362/355
f 1303/3439/1050 468/3441/1047 3590/3442/3022 3589/3440/3021
f 1082/362/355 3589/3440/3021 3588/3435/3017 336/365/358
f 3589/3440/3021 3590/3442/3022 911/3438/3020 3588/3435/3017
f 62/2565/1043 1749/2568/2372 3591/3443/3023 1304/3444/1044
f 1749/2568/2372 797/2563/2369 3592/3445/3024 3591/3443/3023
f 1304/3444/1044 3591/3443/3023 3590/3442/3022 468/3441/1047
f 3591/3443/3023 3592/3445/3024 911/3438/3020 3590/3442/3022
f 60/2559/2365 1884/3446/3025 3593/3447/3026 1750/2560/2366
f 1884/3446/3025 912/3437/3019 3594/3436/3018 3593/3447/3026
f 1750/2560/2366 3593/3447/3026 3592/3445/3024 797/2563/2369
f 3593/3447/3026 3594/3436/3018 911/3438/3020 3592/3445/3024
f 191/392/385 1089/395/388 3595/3448/3027 1885/3449/3028
f 1089/395/388 341/390/383 3596/3450/3029 3595/3448/3027
f 1885/3449/3028 3595/3448/3027 3602/3451/3030 914/3452/3031
f 3595/3448/3027 3596/3450/3029 913/3453/3032 3602/3451/3030
f 250/386/379 1383/3454/1383 3597/3455/3033 1090/387/380
f 1383/3454/1383 523/3456/1380 3598/3457/3034 3597/3455/3033
f 1090/387/380 3597/3455/3033 3596/3450/3029 341/390/383
f 3597/3455/3033 3598/3457/3034 913/3453/3032 3596/3450/3029
f 56/2590/1376 1753/2593/2388 3599/3458/3035 1384/3459/1377
f 1753/2593/2388 800/2588/2385 3600/3460/3036 3599/3458/3035
f 1384/3459/1377 3599/3458/3035 3598/3457/3034 523/3456/1380
f 3599/3458/3035 3600/3460/3036 913/3453/3032 3598/3457/3034
f 55/2584/2381 1886/3461/3037 3601/3462/3038 1754/2585/2382
f 1886/3461/3037 914/3452/3031 3602/3451/3030 3601/3462/3038
f 1754/2585/2382 3601/3462/3038 3600/3460/3036 800/2588/2385
f 3601/3462/3038 3602/3451/3030 913/3453/3032 3600/3460/3036
f 263/417/409 1097/420/412 3603/3463/3039 1326/3464/1134
f 1097/420/412 346/412/404 3604/3465/3040 3603/3463/3039
f 1326/3464/1134 3603/3463/3039 3610/3466/3041 483/3467/1136
f 3603/3463/3039 3604/3465/3040 915/3468/3042 3610/3466/3041
f 199/408/400 1888/3469/3043 3605/3470/3044 1098/409/401
f 1888/3469/3043 916/3471/3045 3606/3472/3046 3605/3470/3044
f 1098/409/401 3605/3470/3044 3604/3465/3040 346/412/404
f 3605/3470/3044 3606/3472/3046 915/3468/3042 3604/3465/3040
f 51/2615/2399 1755/2618/2402 3607/3473/3047 1887/3474/3048
f 1755/2618/2402 802/2613/2397 3608/3475/3049 3607/3473/3047
f 1887/3474/3048 3607/3473/3047 3606/3472/3046 916/3471/3045
f 3607/3473/3047 3608/3475/3049 915/3468/3042 3606/3472/3046
f 50/2609/1138 1325/3476/1141 3609/3477/3050 1756/2610/2395
f 1325/3476/1141 483/3467/1136 3610/3466/3041 3609/3477/3050
f 1756/2610/2395 3609/3477/3050 3608/3475/3049 802/2613/2397
f 3609/3477/3050 3610/3466/3041 915/3468/3042 3608/3475/3049
f 205/435/427 1103/438/430 3611/3478/3051 1889/3479/3052
f 1103/438/430 349/433/425 3612/3480/3053 3611/3478/3051
f 1889/3479/3052 3611/3478/3051 3618/3481/3054 918/3482/3055
f 3611/3478/3051 3612/3480/3053 917/3483/3056 3618/3481/3054
f 266/429/421 1311/3484/1077 3613/3485/3057 1104/430/422
f 1311/3484/1077 473/3486/1074 3614/3487/3058 3613/3485/3057
f 1104/430/422 3613/3485/3057 3612/3480/3053 349/433/425
f 3613/3485/3057 3614/3487/3058 917/3483/3056 3612/3480/3053
f 46/2640/1070 1761/2643/2420 3615/3488/3059 1312/3489/1071
f 1761/2643/2420 806/2638/2417 3616/3490/3060 3615/3488/3059
f 1312/3489/1071 3615/3488/3059 3614/3487/3058 473/3486/1074
f 3615/3488/3059 3616/3490/3060 917/3483/3056 3614/3487/3058
f 44/2634/2413 1890/3491/3061 3617/3492/3062 1762/2635/2414
f 1890/3491/3061 918/3482/3055 3618/3481/3054 3617/3492/3062
f 1762/2635/2414 3617/3492/3062 3616/3490/3060 806/2638/2417
f 3617/3492/3062 3618/3481/3054 917/3483/3056 3616/3490/3060
f 255/460/451 1111/463/454 3619/3493/3063 1392/3494/1415
f 1111/463/454 354/458/449 3620/3495/3064 3619/3493/3063
f 1392/3494/1415 3619/3493/3063 3626/3496/3065 529/3497/1417
f 3619/3493/3063 3620/3495/3064 919/3498/3066 3626/3496/3065
f 207/454/445 1892/3499/3067 3621/3500/3068 1112/455/446
f 1892/3499/3067 920/3501/3069 3622/3502/3070 3621/3500/3068
f 1112/455/446 3621/3500/3068 3620/3495/3064 354/458/449
f 3621/3500/3068 3622/3502/3070 919/3498/3066 3620/3495/3064
f 43/2665/2431 1763/2668/2434 3623/3503/3071 1891/3504/3072
f 1763/2668/2434 808/2663/2429 3624/3505/3073 3623/3503/3071
f 1891/3504/3072 3623/3503/3071 3622/3502/3070 920/3501/3069
f 3623/3503/3071 3624/3505/3073 919/3498/3066 3622/3502/3070
f 42/2659/1419 1391/3506/1422 3625/3507/3074 1764/2660/2427
f 1391/3506/1422 529/3497/1417 3626/3496/3065 3625/3507/3074
f 1764/2660/2427 3625/3507/3074 3624/3505/3073 808/2663/2429
f 3625/3507/3074 3626/3496/3065 919/3498/3066 3624/3505/3073
f 215/515/505 1129/518/508 3627/3508/3075 1893/3509/3076
f 1129/518/508 364/513/503 3628/3510/3077 3627/3508/3075
f 1893/3509/3076 3627/3508/3075 3634/3511/3078 922/3512/3079
f 3627/3508/3075 3628/3510/3077 921/3513/3080 3634/3511/3078
f 220/509/499 1323/3514/1125 3629/3515/3081 1130/510/500
f 1323/3514/1125 481/3516/1122 3630/3517/3082 3629/3515/3081
f 1130/510/500 3629/3515/3081 3628/3510/3077 364/513/503
f 3629/3515/3081 3630/3517/3082 921/3513/3080 3628/3510/3077
f 40/2690/1118 1769/2693/2452 3631/3518/3083 1324/3519/1119
f 1769/2693/2452 812/2688/2449 3632/3520/3084 3631/3518/3083
f 1324/3519/1119 3631/3518/3083 3630/3517/3082 481/3516/1122
f 3631/3518/3083 3632/3520/3084 921/3513/3080 3630/3517/3082
f 36/2684/2445 1894/3521/3085 3633/3522/3086 1770/2685/2446
f 1894/3521/3085 922/3512/3079 3634/3511/3078 3633/3522/3086
f 1770/2685/2446 3633/3522/3086 3632/3520/3084 812/2688/2449
f 3633/3522/3086 3634/3511/3078 921/3513/3080 3632/3520/3084
f 209/540/530 1137/543/533 3635/3523/3087 1895/3524/3088
f 1137/543/533 369/538/528 3636/3525/3089 3635/3523/3087
f 1895/3524/3088 3635/3523/3087 3642/3526/3090 924/3527/3091
f 3635/3523/3087 3636/3525/3089 923/3528/3092 3642/3526/3090
f 262/534/524 1333/3529/1168 3637/3530/3093 1138/535/525
f 1333/3529/1168 488/3531/1165 3638/3532/3094 3637/3530/3093
f 1138/535/525 3637/3530/3093 3636/3525/3089 369/538/528
f 3637/3530/3093 3638/3532/3094 923/3528/3092 3636/3525/3089
f 35/2715/1161 1773/2718/2468 3639/3533/3095 1334/3534/1162
f 1773/2718/2468 815/2713/2465 3640/3535/3096 3639/3533/3095
f 1334/3534/1162 3639/3533/3095 3638/3532/3094 488/3531/1165
f 3639/3533/3095 3640/3535/3096 923/3528/3092 3638/3532/3094
f 31/2709/2461 1896/3536/3097 3641/3537/3098 1774/2710/2462
f 1896/3536/3097 924/3527/3091 3642/3526/3090 3641/3537/3098
f 1774/2710/2462 3641/3537/3098 3640/3535/3096 815/2713/2465
f 3641/3537/3098 3642/3526/3090 923/3528/3092 3640/3535/3096
f 225/565/554 1145/568/557 3643/3538/3099 1342/3539/1200
f 1145/568/557 374/560/549 3644/3540/3100 3643/3538/3099
f 1342/3539/1200 3643/3538/3099 3650/3541/3101 494/3542/1202
f 3643/3538/3099 3644/3540/3100 925/3543/3102 3650/3541/3101
f 217/556/545 1898/3544/3103 3645/3545/3104 1146/557/546
f 1898/3544/3103 926/3546/3105 3646/3547/3106 3645/3545/3104
f 1146/557/546 3645/3545/3104 3644/3540/3100 374/560/549
f 3645/3545/3104 3646/3547/3106 925/3543/3102 3644/3540/3100
f 30/2740/2479 1775/2743/2482 3647/3548/3107 1897/3549/3108
f 1775/2743/2482 817/2738/2477 3648/3550/3109 3647/3548/3107
f 1897/3549/3108 3647/3548/3107 3646/3547/3106 926/3546/3105
f 3647/3548/3107 3648/3550/3109 925/3543/3102 3646/3547/3106
f 26/2734/1204 1341/3551/1207 3649/3552/3110 1776/2735/2475
f 1341/3551/1207 494/3542/1202 3650/3541/3101 3649/3552/3110
f 1776/2735/2475 3649/3552/3110 3648/3550/3109 817/2738/2477
f 3649/3552/3110 3650/3541/3101 925/3543/3102 3648/3550/3109
f 153/10/10 1399/1548/1446 3651/3553/3111 1854/3214/2839
f 1399/1548/1446 534/1545/1443 3652/3554/3112 3651/3553/3111
f 1854/3214/2839 3651/3553/3111 3658/3555/3113 882/3216/2841
f 3651/3553/3111 3652/3554/3112 927/3556/3114 3658/3555/3113
f 157/1541/1439 1900/3557/3115 3653/3558/3116 1400/1542/1440
f 1900/3557/3115 928/3559/3117 3654/3560/3118 3653/3558/3116
f 1400/1542/1440 3653/3558/3116 3652/3554/3112 534/1545/1443
f 3653/3558/3116 3654/3560/3118 927/3556/3114 3652/3554/3112
f 24/2764/2495 1779/2767/2498 3655/3561/3119 1899/3562/3120
f 1779/2767/2498 820/2762/2493 3656/3563/3121 3655/3561/3119
f 1899/3562/3120 3655/3561/3119 3654/3560/3118 928/3559/3117
f 3655/3561/3119 3656/3563/3121 927/3556/3114 3654/3560/3118
f 120/2190/2127 1853/3219/2844 3657/3564/3122 1780/2759/2491
f 1853/3219/2844 882/3216/2841 3658/3555/3113 3657/3564/3122
f 1780/2759/2491 3657/3564/3122 3656/3563/3121 820/2762/2493
f 3657/3564/3122 3658/3555/3113 927/3556/3114 3656/3563/3121
f 157/1541/1439 1403/1563/1458 3659/3565/3123 1900/3557/3115
f 1403/1563/1458 537/1560/1455 3660/3566/3124 3659/3565/3123
f 1900/3557/3115 3659/3565/3123 3666/3567/3125 928/3559/3117
f 3659/3565/3123 3660/3566/3124 929/3568/3126 3666/3567/3125
f 161/71/70 1857/3239/2860 3661/3569/3127 1404/1558/1453
f 1857/3239/2860 886/3242/2863 3662/3570/3128 3661/3569/3127
f 1404/1558/1453 3661/3569/3127 3660/3566/3124 537/1560/1455
f 3661/3569/3127 3662/3570/3128 929/3568/3126 3660/3566/3124
f 115/2234/2157 1783/2786/2512 3663/3571/3129 1858/3251/2869
f 1783/2786/2512 823/2782/2509 3664/3572/3130 3663/3571/3129
f 1858/3251/2869 3663/3571/3129 3662/3570/3128 886/3242/2863
f 3663/3571/3129 3664/3572/3130 929/3568/3126 3662/3570/3128
f 24/2764/2495 1899/3562/3120 3665/3573/3131 1784/2780/2507
f 1899/3562/3120 928/3559/3117 3666/3567/3125 3665/3573/3131
f 1784/2780/2507 3665/3573/3131 3664/3572/3130 823/2782/2509
f 3665/3573/3131 3666/3567/3125 929/3568/3126 3664/3572/3130
f 149/1564/1459 1405/1567/1462 3667/3574/3132 1901/3575/3133
f 1405/1567/1462 539/1571/1466 3668/3576/3134 3667/3574/3132
f 1901/3575/3133 3667/3574/3132 3674/3577/3135 931/3578/3136
f 3667/3574/3132 3668/3576/3134 930/3579/3137 3674/3577/3135
f 147/34/34 1851/3194/2824 3669/3580/3138 1406/1582/1473
f 1851/3194/2824 880/3197/2827 3670/3581/3139 3669/3580/3138
f 1406/1582/1473 3669/3580/3138 3668/3576/3134 539/1571/1466
f 3669/3580/3138 3670/3581/3139 930/3579/3137 3668/3576/3134
f 121/2159/2109 1787/2810/2528 3671/3582/3140 1852/3206/2833
f 1787/2810/2528 826/2806/2525 3672/3583/3141 3671/3582/3140
f 1852/3206/2833 3671/3582/3140 3670/3581/3139 880/3197/2827
f 3671/3582/3140 3672/3583/3141 930/3579/3137 3670/3581/3139
f 23/2802/2521 1902/3584/3142 3673/3585/3143 1788/2803/2522
f 1902/3584/3142 931/3578/3136 3674/3577/3135 3673/3585/3143
f 1788/2803/2522 3673/3585/3143 3672/3583/3141 826/2806/2525
f 3673/3585/3143 3674/3577/3135 930/3579/3137 3672/3583/3141
f 165/47/46 1421/1629/1488 3675/3586/3144 1856/3229/2851
f 1421/1629/1488 550/1626/1485 3676/3587/3145 3675/3586/3144
f 1856/3229/2851 3675/3586/3144 3682/3588/3146 884/3231/2853
f 3675/3586/3144 3676/3587/3145 932/3589/3147 3682/3588/3146
f 167/1622/1481 1904/3590/3148 3677/3591/3149 1422/1623/1482
f 1904/3590/3148 933/3592/3150 3678/3593/3151 3677/3591/3149
f 1422/1623/1482 3677/3591/3149 3676/3587/3145 550/1626/1485
f 3677/3591/3149 3678/3593/3151 932/3589/3147 3676/3587/3145
f 22/2831/2539 1789/2834/2542 3679/3594/3152 1903/3595/3153
f 1789/2834/2542 828/2829/2537 3680/3596/3154 3679/3594/3152
f 1903/3595/3153 3679/3594/3152 3678/3593/3151 933/3592/3150
f 3679/3594/3152 3680/3596/3154 932/3589/3147 3678/3593/3151
f 118/2215/2143 1855/3234/2856 3681/3597/3155 1790/2826/2535
f 1855/3234/2856 884/3231/2853 3682/3588/3146 3681/3597/3155
f 1790/2826/2535 3681/3597/3155 3680/3596/3154 828/2829/2537
f 3681/3597/3155 3682/3588/3146 932/3589/3147 3680/3596/3154
f 151/108/106 1423/1633/1492 3683/3598/3156 1860/3259/2875
f 1423/1633/1492 552/1636/1495 3684/3599/3157 3683/3598/3156
f 1860/3259/2875 3683/3598/3156 3690/3600/3158 888/3261/2877
f 3683/3598/3156 3684/3599/3157 934/3601/3159 3690/3600/3158
f 149/1564/1459 1901/3575/3133 3685/3602/3160 1424/1645/1501
f 1901/3575/3133 931/3578/3136 3686/3603/3161 3685/3602/3160
f 1424/1645/1501 3685/3602/3160 3684/3599/3157 552/1636/1495
f 3685/3602/3160 3686/3603/3161 934/3601/3159 3684/3599/3157
f 23/2802/2521 1793/2852/2556 3687/3604/3162 1902/3584/3142
f 1793/2852/2556 831/2849/2553 3688/3605/3163 3687/3604/3162
f 1902/3584/3142 3687/3604/3162 3686/3603/3161 931/3578/3136
f 3687/3604/3162 3688/3605/3163 934/3601/3159 3686/3603/3161
f 114/2265/2175 1859/3264/2880 3689/3606/3164 1794/2847/2551
f 1859/3264/2880 888/3261/2877 3690/3600/3158 3689/3606/3164
f 1794/2847/2551 3689/3606/3164 3688/3605/3163 831/2849/2553
f 3689/3606/3164 3690/3600/3158 934/3601/3159 3688/3605/3163
f 167/1622/1481 1435/1687/1512 3691/3607/3165 1904/3590/3148
f 1435/1687/1512 561/1684/1509 3692/3608/3166 3691/3607/3165
f 1904/3590/3148 3691/3607/3165 3698/3609/3167 933/3592/3150
f 3691/3607/3165 3692/3608/3166 935/3610/3168 3698/3609/3167
f 169/139/137 1865/3299/2908 3693/3611/3169 1436/1682/1507
f 1865/3299/2908 894/3302/2911 3694/3612/3170 3693/3611/3169
f 1436/1682/1507 3693/3611/3169 3692/3608/3166 561/1684/1509
f 3693/3611/3169 3694/3612/3170 935/3610/3168 3692/3608/3166
f 107/2334/2221 1795/2868/2568 3695/3613/3171 1866/3311/2917
f 1795/2868/2568 833/2864/2565 3696/3614/3172 3695/3613/3171
f 1866/3311/2917 3695/3613/3171 3694/3612/3170 894/3302/2911
f 3695/3613/3171 3696/3614/3172 935/3610/3168 3694/3612/3170
f 22/2831/2539 1903/3595/3153 3697/3615/3173 1796/2862/2563
f 1903/3595/3153 933/3592/3150 3698/3609/3167 3697/3615/3173
f 1796/2862/2563 3697/3615/3173 3696/3614/3172 833/2864/2565
f 3697/3615/3173 3698/3609/3167 935/3610/3168 3696/3614/3172
f 159/1696/1521 1437/1699/1524 3699/3616/3174 1905/3617/3175
f 1437/1699/1524 563/1692/1517 3700/3618/3176 3699/3616/3174
f 1905/3617/3175 3699/3616/3174 3706/3619/3177 937/3620/3178
f 3699/3616/3174 3700/3618/3176 936/3621/3179 3706/3619/3177
f 155/96/95 1861/3269/2884 3701/3622/3180 1438/1690/1515
f 1861/3269/2884 890/3272/2887 3702/3623/3181 3701/3622/3180
f 1438/1690/1515 3701/3622/3180 3700/3618/3176 563/1692/1517
f 3701/3622/3180 3702/3623/3181 936/3621/3179 3700/3618/3176
f 111/2284/2189 1799/2891/2584 3703/3624/3182 1862/3281/2893
f 1799/2891/2584 836/2888/2581 3704/3625/3183 3703/3624/3182
f 1862/3281/2893 3703/3624/3182 3702/3623/3181 890/3272/2887
f 3703/3624/3182 3704/3625/3183 936/3621/3179 3702/3623/3181
f 20/2884/2577 1906/3626/3184 3705/3627/3185 1800/2885/2578
f 1906/3626/3184 937/3620/3178 3706/3619/3177 3705/3627/3185
f 1800/2885/2578 3705/3627/3185 3704/3625/3183 836/2888/2581
f 3705/3627/3185 3706/3619/3177 936/3621/3179 3704/3625/3183
f 163/112/110 1441/1713/1538 3707/3628/3186 1864/3289/2899
f 1441/1713/1538 566/1708/1533 3708/3629/3187 3707/3628/3186
f 1864/3289/2899 3707/3628/3186 3714/3630/3188 892/3291/2901
f 3707/3628/3186 3708/3629/3187 938/3631/3189 3714/3630/3188
f 159/1696/1521 1905/3617/3175 3709/3632/3190 1442/1706/1531
f 1905/3617/3175 937/3620/3178 3710/3633/3191 3709/3632/3190
f 1442/1706/1531 3709/3632/3190 3708/3629/3187 566/1708/1533
f 3709/3632/3190 3710/3633/3191 938/3631/3189 3708/3629/3187
f 20/2884/2577 1801/2910/2596 3711/3634/3192 1906/3626/3184
f 1801/2910/2596 838/2907/2593 3712/3635/3193 3711/3634/3192
f 1906/3626/3184 3711/3634/3192 3710/3633/3191 937/3620/3178
f 3711/3634/3192 3712/3635/3193 938/3631/3189 3710/3633/3191
f 110/2315/2207 1863/3294/2904 3713/3636/3194 1802/2904/2591
f 1863/3294/2904 892/3291/2901 3714/3630/3188 3713/3636/3194
f 1802/2904/2591 3713/3636/3194 3712/3635/3193 838/2907/2593
f 3713/3636/3194 3714/3630/3188 938/3631/3189 3712/3635/3193
f 171/158/155 1447/1727/1558 3715/3637/3195 1868/3638/2923
f 1447/1727/1558 570/1724/1555 3716/3639/3196 3715/3637/3195
f 1868/3638/2923 3715/3637/3195 3722/3640/3197 896/3641/2925
f 3715/3637/3195 3716/3639/3196 939/3642/3198 3722/3640/3197
f 175/1541/1551 1908/3557/3199 3717/3558/3200 1448/1542/1552
f 1908/3557/3199 940/3643/3201 3718/3644/3202 3717/3558/3200
f 1448/1542/1552 3717/3558/3200 3716/3639/3196 570/1724/1555
f 3717/3558/3200 3718/3644/3202 939/3642/3198 3716/3639/3196
f 16/2929/2607 1803/2932/2610 3719/3645/3203 1907/3646/3204
f 1803/2932/2610 840/2927/2605 3720/3647/3205 3719/3645/3203
f 1907/3646/3204 3719/3645/3203 3718/3644/3202 940/3643/3201
f 3719/3645/3203 3720/3647/3205 939/3642/3198 3718/3644/3202
f 106/2923/2239 1867/3648/2928 3721/3649/3206 1804/2924/2603
f 1867/3648/2928 896/3641/2925 3722/3640/3197 3721/3649/3206
f 1804/2924/2603 3721/3649/3206 3720/3647/3205 840/2927/2605
f 3721/3649/3206 3722/3640/3197 939/3642/3198 3720/3647/3205
f 175/1541/1551 1451/1563/1570 3723/3565/3207 1908/3557/3199
f 1451/1563/1570 573/1736/1567 3724/3650/3208 3723/3565/3207
f 1908/3557/3199 3723/3565/3207 3730/3651/3209 940/3643/3201
f 3723/3565/3207 3724/3650/3208 941/3652/3210 3730/3651/3209
f 179/219/215 1871/3344/2944 3725/3653/3211 1452/1734/1565
f 1871/3344/2944 900/3347/2947 3726/3654/3212 3725/3653/3211
f 1452/1734/1565 3725/3653/3211 3724/3650/3208 573/1736/1567
f 3725/3653/3211 3726/3654/3212 941/3652/3210 3724/3650/3208
f 101/2409/2269 1807/2945/2624 3727/3655/3213 1872/3356/2953
f 1807/2945/2624 843/2941/2621 3728/3656/3214 3727/3655/3213
f 1872/3356/2953 3727/3655/3213 3726/3654/3212 900/3347/2947
f 3727/3655/3213 3728/3656/3214 941/3652/3210 3726/3654/3212
f 16/2929/2607 1907/3646/3204 3729/3657/3215 1808/2939/2619
f 1907/3646/3204 940/3643/3201 3730/3651/3209 3729/3657/3215
f 1808/2939/2619 3729/3657/3215 3728/3656/3214 843/2941/2621
f 3729/3657/3215 3730/3651/3209 941/3652/3210 3728/3656/3214
f 183/195/191 1469/1769/1600 3731/3658/3216 1870/3334/2935
f 1469/1769/1600 586/1766/1597 3732/3659/3217 3731/3658/3216
f 1870/3334/2935 3731/3658/3216 3738/3660/3218 898/3336/2937
f 3731/3658/3216 3732/3659/3217 942/3661/3219 3738/3660/3218
f 185/1622/1593 1910/3590/3220 3733/3591/3221 1470/1623/1594
f 1910/3590/3220 943/3662/3222 3734/3663/3223 3733/3591/3221
f 1470/1623/1594 3733/3591/3221 3732/3659/3217 586/1766/1597
f 3733/3591/3221 3734/3663/3223 942/3661/3219 3732/3659/3217
f 15/2966/2635 1809/2969/2638 3735/3664/3224 1909/3665/3225
f 1809/2969/2638 845/2964/2633 3736/3666/3226 3735/3664/3224
f 1909/3665/3225 3735/3664/3224 3734/3663/3223 943/3662/3222
f 3735/3664/3224 3736/3666/3226 942/3661/3219 3734/3663/3223
f 104/2390/2255 1869/3339/2940 3737/3667/3227 1810/2961/2631
f 1869/3339/2940 898/3336/2937 3738/3660/3218 3737/3667/3227
f 1810/2961/2631 3737/3667/3227 3736/3666/3226 845/2964/2633
f 3737/3667/3227 3738/3660/3218 942/3661/3219 3736/3666/3226
f 185/1622/1593 1483/1687/1624 3739/3607/3228 1910/3590/3220
f 1483/1687/1624 597/1805/1621 3740/3668/3229 3739/3607/3228
f 1910/3590/3220 3739/3607/3228 3746/3669/3230 943/3662/3222
f 3739/3607/3228 3740/3668/3229 944/3670/3231 3746/3669/3230
f 187/287/282 1877/3389/2980 3741/3671/3232 1484/1803/1619
f 1877/3389/2980 906/3392/2983 3742/3672/3233 3741/3671/3232
f 1484/1803/1619 3741/3671/3232 3740/3668/3229 597/1805/1621
f 3741/3671/3232 3742/3672/3233 944/3670/3231 3740/3668/3229
f 71/2484/2317 1813/2982/2652 3743/3673/3234 1878/3401/2989
f 1813/2982/2652 848/2978/2649 3744/3674/3235 3743/3673/3234
f 1878/3401/2989 3743/3673/3234 3742/3672/3233 906/3392/2983
f 3743/3673/3234 3744/3674/3235 944/3670/3231 3742/3672/3233
f 15/2966/2635 1909/3665/3225 3745/3675/3236 1814/2976/2647
f 1909/3665/3225 943/3662/3222 3746/3669/3230 3745/3675/3236
f 1814/2976/2647 3745/3675/3236 3744/3674/3235 848/2978/2649
f 3745/3675/3236 3746/3669/3230 944/3670/3231 3744/3674/3235
f 177/1696/1633 1485/1699/1636 3747/3616/3237 1911/3617/3238
f 1485/1699/1636 599/1809/1629 3748/3676/3239 3747/3616/3237
f 1911/3617/3238 3747/3616/3237 3754/3677/3240 946/3678/3241
f 3747/3616/3237 3748/3676/3239 945/3679/3242 3754/3677/3240
f 173/244/240 1873/3680/2956 3749/3681/3243 1486/1807/1627
f 1873/3680/2956 902/3682/2959 3750/3683/3244 3749/3681/3243
f 1486/1807/1627 3749/3681/3243 3748/3676/3239 599/1809/1629
f 3749/3681/3243 3750/3683/3244 945/3679/3242 3748/3676/3239
f 99/3004/2285 1817/3007/2668 3751/3684/3245 1874/3685/2965
f 1817/3007/2668 851/3002/2665 3752/3686/3246 3751/3684/3245
f 1874/3685/2965 3751/3684/3245 3750/3683/3244 902/3682/2959
f 3751/3684/3245 3752/3686/3246 945/3679/3242 3750/3683/3244
f 11/2998/2661 1912/3687/3247 3753/3688/3248 1818/2999/2662
f 1912/3687/3247 946/3678/3241 3754/3677/3240 3753/3688/3248
f 1818/2999/2662 3753/3688/3248 3752/3686/3246 851/3002/2665
f 3753/3688/3248 3754/3677/3240 945/3679/3242 3752/3686/3246
f 181/260/255 1489/1819/1650 3755/3689/3249 1876/3379/2971
f 1489/1819/1650 602/1815/1645 3756/3690/3250 3755/3689/3249
f 1876/3379/2971 3755/3689/3249 3762/3691/3251 904/3381/2973
f 3755/3689/3249 3756/3690/3250 947/3692/3252 3762/3691/3251
f 177/1696/1633 1911/3617/3238 3757/3632/3253 1490/1706/1643
f 1911/3617/3238 946/3678/3241 3758/3693/3254 3757/3632/3253
f 1490/1706/1643 3757/3632/3253 3756/3690/3250 602/1815/1645
f 3757/3632/3253 3758/3693/3254 947/3692/3252 3756/3690/3250
f 11/2998/2661 1819/3029/2680 3759/3694/3255 1912/3687/3247
f 1819/3029/2680 853/3026/2677 3760/3695/3256 3759/3694/3255
f 1912/3687/3247 3759/3694/3255 3758/3693/3254 946/3678/3241
f 3759/3694/3255 3760/3695/3256 947/3692/3252 3758/3693/3254
f 80/2465/2303 1875/3384/2976 3761/3696/3257 1820/3023/2675
f 1875/3384/2976 904/3381/2973 3762/3691/3251 3761/3696/3257
f 1820/3023/2675 3761/3696/3257 3760/3695/3256 853/3026/2677
f 3761/3696/3257 3762/3691/3251 947/3692/3252 3760/3695/3256
f 189/306/300 1495/1832/1670 3763/3697/3258 1880/3409/2995
f 1495/1832/1670 606/1829/1667 3764/3698/3259 3763/3697/3258
f 1880/3409/2995 3763/3697/3258 3770/3699/3260 908/3411/2997
f 3763/3697/3258 3764/3698/3259 948/3700/3261 3770/3699/3260
f 193/1541/1663 1914/3557/3262 3765/3558/3263 1496/1542/1664
f 1914/3557/3262 949/3701/3264 3766/3702/3265 3765/3558/3263
f 1496/1542/1664 3765/3558/3263 3764/3698/3259 606/1829/1667
f 3765/3558/3263 3766/3702/3265 948/3700/3261 3764/3698/3259
f 10/3047/2691 1821/3050/2694 3767/3703/3266 1913/3704/3267
f 1821/3050/2694 855/3045/2689 3768/3705/3268 3767/3703/3266
f 1913/3704/3267 3767/3703/3266 3766/3702/3265 949/3701/3264
f 3767/3703/3266 3768/3705/3268 948/3700/3261 3766/3702/3265
f 70/2515/2335 1879/3414/3000 3769/3706/3269 1822/3042/2687
f 1879/3414/3000 908/3411/2997 3770/3699/3260 3769/3706/3269
f 1822/3042/2687 3769/3706/3269 3768/3705/3268 855/3045/2689
f 3769/3706/3269 3770/3699/3260 948/3700/3261 3768/3705/3268
f 193/1541/1663 1499/1563/1682 3771/3565/3270 1914/3557/3262
f 1499/1563/1682 609/1841/1679 3772/3707/3271 3771/3565/3270
f 1914/3557/3262 3771/3565/3270 3778/3708/3272 949/3701/3264
f 3771/3565/3270 3772/3707/3271 950/3709/3273 3778/3708/3272
f 197/367/360 1883/3710/3016 3773/3711/3274 1500/1839/1677
f 1883/3710/3016 912/3712/3019 3774/3713/3275 3773/3711/3274
f 1500/1839/1677 3773/3711/3274 3772/3707/3271 609/1841/1679
f 3773/3711/3274 3774/3713/3275 950/3709/3273 3772/3707/3271
f 60/3061/2365 1825/3064/2708 3775/3714/3276 1884/3715/3025
f 1825/3064/2708 858/3059/2705 3776/3716/3277 3775/3714/3276
f 1884/3715/3025 3775/3714/3276 3774/3713/3275 912/3712/3019
f 3775/3714/3276 3776/3716/3277 950/3709/3273 3774/3713/3275
f 10/3047/2691 1913/3704/3267 3777/3717/3278 1826/3057/2703
f 1913/3704/3267 949/3701/3264 3778/3708/3272 3777/3717/3278
f 1826/3057/2703 3777/3717/3278 3776/3716/3277 858/3059/2705
f 3777/3717/3278 3778/3708/3272 950/3709/3273 3776/3716/3277
f 201/343/336 1517/1868/1712 3779/3718/3279 1882/3719/3007
f 1517/1868/1712 622/1865/1709 3780/3720/3280 3779/3718/3279
f 1882/3719/3007 3779/3718/3279 3786/3721/3281 910/3722/3009
f 3779/3718/3279 3780/3720/3280 951/3723/3282 3786/3721/3281
f 203/1622/1705 1916/3590/3283 3781/3591/3284 1518/1623/1706
f 1916/3590/3283 952/3724/3285 3782/3725/3286 3781/3591/3284
f 1518/1623/1706 3781/3591/3284 3780/3720/3280 622/1865/1709
f 3781/3591/3284 3782/3725/3286 951/3723/3282 3780/3720/3280
f 6/3086/2719 1827/3089/2722 3783/3726/3287 1915/3727/3288
f 1827/3089/2722 860/3084/2717 3784/3728/3289 3783/3726/3287
f 1915/3727/3288 3783/3726/3287 3782/3725/3286 952/3724/3285
f 3783/3726/3287 3784/3728/3289 951/3723/3282 3782/3725/3286
f 64/3080/2351 1881/3729/3012 3785/3730/3290 1828/3081/2715
f 1881/3729/3012 910/3722/3009 3786/3721/3281 3785/3730/3290
f 1828/3081/2715 3785/3730/3290 3784/3728/3289 860/3084/2717
f 3785/3730/3290 3786/3721/3281 951/3723/3282 3784/3728/3289
f 203/1622/1705 1531/1687/1736 3787/3607/3291 1916/3590/3283
f 1531/1687/1736 633/1901/1733 3788/3731/3292 3787/3607/3291
f 1916/3590/3283 3787/3607/3291 3794/3732/3293 952/3724/3285
f 3787/3607/3291 3788/3731/3292 953/3733/3294 3794/3732/3293
f 205/435/427 1889/3734/3052 3789/3735/3295 1532/1899/1731
f 1889/3734/3052 918/3736/3055 3790/3737/3296 3789/3735/3295
f 1532/1899/1731 3789/3735/3295 3788/3731/3292 633/1901/1733
f 3789/3735/3295 3790/3737/3296 953/3733/3294 3788/3731/3292
f 44/3100/2413 1831/3103/2736 3791/3738/3297 1890/3739/3061
f 1831/3103/2736 863/3098/2733 3792/3740/3298 3791/3738/3297
f 1890/3739/3061 3791/3738/3297 3790/3737/3296 918/3736/3055
f 3791/3738/3297 3792/3740/3298 953/3733/3294 3790/3737/3296
f 6/3086/2719 1915/3727/3288 3793/3741/3299 1832/3096/2731
f 1915/3727/3288 952/3724/3285 3794/3732/3293 3793/3741/3299
f 1832/3096/2731 3793/3741/3299 3792/3740/3298 863/3098/2733
f 3793/3741/3299 3794/3732/3293 953/3733/3294 3792/3740/3298
f 195/1696/1745 1533/1699/1748 3795/3616/3300 1917/3617/3301
f 1533/1699/1748 635/1905/1741 3796/3742/3302 3795/3616/3300
f 1917/3617/3301 3795/3616/3300 3802/3743/3303 955/3744/3304
f 3795/3616/3300 3796/3742/3302 954/3745/3305 3802/3743/3303
f 191/392/385 1885/3449/3028 3797/3746/3306 1534/1903/1739
f 1885/3449/3028 914/3452/3031 3798/3747/3307 3797/3746/3306
f 1534/1903/1739 3797/3746/3306 3796/3742/3302 635/1905/1741
f 3797/3746/3306 3798/3747/3307 954/3745/3305 3796/3742/3302
f 55/2584/2381 1835/3126/2752 3799/3748/3308 1886/3461/3037
f 1835/3126/2752 866/3123/2749 3800/3749/3309 3799/3748/3308
f 1886/3461/3037 3799/3748/3308 3798/3747/3307 914/3452/3031
f 3799/3748/3308 3800/3749/3309 954/3745/3305 3798/3747/3307
f 4/3119/2745 1918/3750/3310 3801/3751/3311 1836/3120/2746
f 1918/3750/3310 955/3744/3304 3802/3743/3303 3801/3751/3311
f 1836/3120/2746 3801/3751/3311 3800/3749/3309 866/3123/2749
f 3801/3751/3311 3802/3743/3303 954/3745/3305 3800/3749/3309
f 199/408/400 1537/1915/1762 3803/3752/3312 1888/3753/3043
f 1537/1915/1762 638/1911/1757 3804/3754/3313 3803/3752/3312
f 1888/3753/3043 3803/3752/3312 3810/3755/3314 916/3756/3045
f 3803/3752/3312 3804/3754/3313 956/3757/3315 3810/3755/3314
f 195/1696/1745 1917/3617/3301 3805/3632/3316 1538/1706/1755
f 1917/3617/3301 955/3744/3304 3806/3758/3317 3805/3632/3316
f 1538/1706/1755 3805/3632/3316 3804/3754/3313 638/1911/1757
f 3805/3632/3316 3806/3758/3317 956/3757/3315 3804/3754/3313
f 4/3119/2745 1837/3146/2764 3807/3759/3318 1918/3750/3310
f 1837/3146/2764 868/3143/2761 3808/3760/3319 3807/3759/3318
f 1918/3750/3310 3807/3759/3318 3806/3758/3317 955/3744/3304
f 3807/3759/3318 3808/3760/3319 956/3757/3315 3806/3758/3317
f 51/3139/2399 1887/3761/3048 3809/3762/3320 1838/3140/2759
f 1887/3761/3048 916/3756/3045 3810/3755/3314 3809/3762/3320
f 1838/3140/2759 3809/3762/3320 3808/3760/3319 868/3143/2761
f 3809/3762/3320 3810/3755/3314 956/3757/3315 3808/3760/3319
f 207/454/445 1543/1928/1782 3811/3763/3321 1892/3764/3067
f 1543/1928/1782 642/1925/1779 3812/3765/3322 3811/3763/3321
f 1892/3764/3067 3811/3763/3321 3818/3766/3323 920/3767/3069
f 3811/3763/3321 3812/3765/3322 957/3768/3324 3818/3766/3323
f 211/1541/1775 1920/3557/3325 3813/3558/3326 1544/1542/1776
f 1920/3557/3325 958/3769/3327 3814/3770/3328 3813/3558/3326
f 1544/1542/1776 3813/3558/3326 3812/3765/3322 642/1925/1779
f 3813/3558/3326 3814/3770/3328 957/3768/3324 3812/3765/3322
f 3/3153/2775 1839/3156/2778 3815/3771/3329 1919/3772/3330
f 1839/3156/2778 870/3151/2773 3816/3773/3331 3815/3771/3329
f 1919/3772/3330 3815/3771/3329 3814/3770/3328 958/3769/3327
f 3815/3771/3329 3816/3773/3331 957/3768/3324 3814/3770/3328
f 43/2923/2431 1891/3648/3072 3817/3649/3332 1840/2924/2771
f 1891/3648/3072 920/3767/3069 3818/3766/3323 3817/3649/3332
f 1840/2924/2771 3817/3649/3332 3816/3773/3331 870/3151/2773
f 3817/3649/3332 3818/3766/3323 957/3768/3324 3816/3773/3331
f 211/1541/1775 1547/1563/1794 3819/3565/3333 1920/3557/3325
f 1547/1563/1794 645/1937/1791 3820/3774/3334 3819/3565/3333
f 1920/3557/3325 3819/3565/3333 3826/3775/3335 958/3769/3327
f 3819/3565/3333 3820/3774/3334 959/3776/3336 3826/3775/3335
f 215/515/505 1893/3509/3076 3821/3777/3337 1548/1935/1789
f 1893/3509/3076 922/3512/3079 3822/3778/3338 3821/3777/3337
f 1548/1935/1789 3821/3777/3337 3820/3774/3334 645/1937/1791
f 3821/3777/3337 3822/3778/3338 959/3776/3336 3820/3774/3334
f 36/2684/2445 1843/3169/2792 3823/3779/3339 1894/3521/3085
f 1843/3169/2792 873/3165/2789 3824/3780/3340 3823/3779/3339
f 1894/3521/3085 3823/3779/3339 3822/3778/3338 922/3512/3079
f 3823/3779/3339 3824/3780/3340 959/3776/3336 3822/3778/3338
f 3/3153/2775 1919/3772/3330 3825/3781/3341 1844/3163/2787
f 1919/3772/3330 958/3769/3327 3826/3775/3335 3825/3781/3341
f 1844/3163/2787 3825/3781/3341 3824/3780/3340 873/3165/2789
f 3825/3781/3341 3826/3775/3335 959/3776/3336 3824/3780/3340
f 213/1696/1857 1581/1699/1860 3827/3616/3342 1921/3617/3343
f 1581/1699/1860 671/2010/1853 3828/3782/3344 3827/3616/3342
f 1921/3617/3343 3827/3616/3342 3834/3783/3345 961/3784/3346
f 3827/3616/3342 3828/3782/3344 960/3785/3347 3834/3783/3345
f 209/540/530 1895/3786/3088 3829/3787/3348 1582/2008/1851
f 1895/3786/3088 924/3788/3091 3830/3789/3349 3829/3787/3348
f 1582/2008/1851 3829/3787/3348 3828/3782/3344 671/2010/1853
f 3829/3787/3348 3830/3789/3349 960/3785/3347 3828/3782/3344
f 31/3004/2461 1847/3007/2808 3831/3684/3350 1896/3685/3097
f 1847/3007/2808 876/3183/2805 3832/3790/3351 3831/3684/3350
f 1896/3685/3097 3831/3684/3350 3830/3789/3349 924/3788/3091
f 3831/3684/3350 3832/3790/3351 960/3785/3347 3830/3789/3349
f 2/3179/2801 1922/3791/3352 3833/3792/3353 1848/3180/2802
f 1922/3791/3352 961/3784/3346 3834/3783/3345 3833/3792/3353
f 1848/3180/2802 3833/3792/3353 3832/3790/3351 876/3183/2805
f 3833/3792/3353 3834/3783/3345 960/3785/3347 3832/3790/3351
f 217/556/545 1585/2020/1874 3835/3793/3354 1898/3794/3103
f 1585/2020/1874 674/2016/1869 3836/3795/3355 3835/3793/3354
f 1898/3794/3103 3835/3793/3354 3842/3796/3356 926/3797/3105
f 3835/3793/3354 3836/3795/3355 962/3798/3357 3842/3796/3356
f 213/1696/1857 1921/3617/3343 3837/3632/3358 1586/1706/1867
f 1921/3617/3343 961/3784/3346 3838/3799/3359 3837/3632/3358
f 1586/1706/1867 3837/3632/3358 3836/3795/3355 674/2016/1869
f 3837/3632/3358 3838/3799/3359 962/3798/3357 3836/3795/3355
f 2/3179/2801 1849/3191/2820 3839/3800/3360 1922/3791/3352
f 1849/3191/2820 878/3188/2817 3840/3801/3361 3839/3800/3360
f 1922/3791/3352 3839/3800/3360 3838/3799/3359 961/3784/3346
f 3839/3800/3360 3840/3801/3361 962/3798/3357 3838/3799/3359
f 30/3139/2479 1897/3761/3108 3841/3762/3362 1850/3140/2815
f 1897/3761/3108 926/3797/3105 3842/3796/3356 3841/3762/3362
f 1850/3140/2815 3841/3762/3362 3840/3801/3361 878/3188/2817
f 3841/3762/3362 3842/3796/3356 962/3798/3357 3840/3801/3361

